id_x,company_id,year,operating_activity,investing_activity,financing_activity,net_cash_flow,id_y,sales,expenses,operating_profit,opm_percentage,other_income,interest,depreciation,profit_before_tax,tax_percentage,net_profit,eps,dividend_payout,free_cash_flow,cfo_quality,capex_pct,capex_label,fcf_conversion,cfo_sign,cfi_sign,cff_sign,pattern_label
61,ABB,Dec 2012,101.0,-59.0,-42.0,1.0,61,1653,1451,202.0,12.0,33,0,19,215,33.0,145,68.0,25.0,42.0,Moderate,3.569267997580157,Moderate,20.792079207920793,+,-,-,Reinvestor
62,ABB,Mar 2014,155.0,-144.0,-42.0,-31.0,62,2276,2009,267.0,12.0,49,0,22,295,33.0,198,93.0,25.0,11.0,Moderate,6.32688927943761,Moderate,4.119850187265917,+,-,-,Reinvestor
63,ABB,Mar 2015,215.0,-187.0,-58.0,-30.0,63,2289,1977,312.0,14.0,48,0,15,344,34.0,229,108.0,29.0,28.0,Moderate,8.169506334643948,Capital Intensive,8.974358974358974,+,-,-,Reinvestor
64,ABB,Mar 2016,249.0,-77.0,-80.0,91.0,64,2614,2250,365.0,14.0,50,3,14,398,36.0,255,120.0,29.0,172.0,Moderate,2.9456771231828616,Asset Light,47.12328767123288,+,-,-,Reinvestor
65,ABB,Mar 2017,307.0,-155.0,-90.0,62.0,65,2903,2505,398.0,14.0,57,2,16,436,37.0,277,130.0,31.0,152.0,High Quality,5.339304168101963,Moderate,38.19095477386934,+,-,-,Reinvestor
66,ABB,Mar 2018,153.0,-215.0,-102.0,-165.0,66,3298,2774,525.0,16.0,117,4,16,621,35.0,401,189.0,29.0,-62.0,Accrual Risk,6.519102486355368,Moderate,-11.80952380952381,+,-,-,Reinvestor
67,ABB,Mar 2019,499.0,-257.0,-143.0,99.0,67,3679,3074,605.0,16.0,113,2,17,699,36.0,450,212.0,31.0,242.0,High Quality,6.985593911388964,Moderate,40.0,+,-,-,Reinvestor
68,ABB,Mar 2020,626.0,-401.0,-217.0,8.0,68,4093,3336,757.0,18.0,114,9,60,803,26.0,593,279.0,90.0,225.0,High Quality,9.79721475690203,Capital Intensive,29.722589167767506,+,-,-,Reinvestor
69,ABB,Mar 2021,727.0,-72.0,-582.0,73.0,69,4310,3388,922.0,21.0,81,18,58,926,25.0,691,325.0,85.0,655.0,High Quality,1.6705336426914155,Asset Light,71.04121475054231,+,-,-,Reinvestor
70,ABB,Mar 2022,948.0,-396.0,-637.0,-86.0,70,4913,3832,1082.0,22.0,83,19,66,1080,26.0,799,376.0,73.0,552.0,High Quality,8.0602483207816,Capital Intensive,51.01663585951941,+,-,-,Reinvestor
71,ABB,Mar 2023,893.0,-148.0,-639.0,107.0,71,5349,4143,1206.0,23.0,154,16,70,1274,25.0,949,447.0,73.0,745.0,Moderate,2.766872312581791,Asset Light,61.77446102819238,+,-,-,Reinvestor
72,ABB,Mar 2024,1213.0,-416.0,-745.0,52.0,72,5849,4396,1453.0,25.0,248,12,71,1618,26.0,1201,565.0,73.0,797.0,High Quality,7.112326893486067,Moderate,54.852030282174816,+,-,-,Reinvestor
73,ABB,Mar 2014,0.0,0.0,0.0,0.0,62,2276,2009,267.0,12.0,49,0,22,295,33.0,198,93.0,25.0,0.0,Accrual Risk,0.0,Asset Light,0.0,+,+,+,Cash Accumulator
74,ABB,Mar 2015,-35.0,-1864.0,1902.0,3.0,63,2289,1977,312.0,14.0,48,0,15,344,34.0,229,108.0,29.0,-1899.0,Accrual Risk,81.43294014853649,Capital Intensive,-608.6538461538462,-,-,+,Growth Funded by Debt
75,ABB,Mar 2016,1544.0,-816.0,-722.0,6.0,64,2614,2250,365.0,14.0,50,3,14,398,36.0,255,120.0,29.0,728.0,High Quality,31.216526396327467,Capital Intensive,199.45205479452056,+,-,-,Reinvestor
76,ABB,Mar 2017,2189.0,-1730.0,-455.0,4.0,65,2903,2505,398.0,14.0,57,2,16,436,37.0,277,130.0,31.0,459.0,High Quality,59.59352394075095,Capital Intensive,115.32663316582914,+,-,-,Reinvestor
77,ABB,Mar 2018,2198.0,-3192.0,1589.0,596.0,66,3298,2774,525.0,16.0,117,4,16,621,35.0,401,189.0,29.0,-994.0,High Quality,96.78593086719223,Capital Intensive,-189.33333333333334,+,-,+,Mixed
78,ABB,Mar 2019,2591.0,-3050.0,38.0,-421.0,67,3679,3074,605.0,16.0,113,2,17,699,36.0,450,212.0,31.0,-459.0,High Quality,82.90296276162,Capital Intensive,-75.86776859504131,+,-,+,Mixed
79,ABB,Mar 2020,5437.0,-5643.0,1250.0,1045.0,68,4093,3336,757.0,18.0,114,9,60,803,26.0,593,279.0,90.0,-206.0,High Quality,137.86953334962132,Capital Intensive,-27.212681638044916,+,-,+,Mixed
80,ABB,Mar 2021,3784.0,-4009.0,-745.0,-969.0,69,4310,3388,922.0,21.0,81,18,58,926,25.0,691,325.0,85.0,-225.0,High Quality,93.01624129930394,Capital Intensive,-24.40347071583514,+,-,-,Reinvestor
81,ABB,Mar 2022,4097.0,-3936.0,-235.0,-75.0,70,4913,3832,1082.0,22.0,83,19,66,1080,26.0,799,376.0,73.0,161.0,High Quality,80.11398330958681,Capital Intensive,14.87985212569316,+,-,-,Reinvestor
82,ABB,Mar 2023,3777.0,-4699.0,923.0,2.0,71,5349,4143,1206.0,23.0,154,16,70,1274,25.0,949,447.0,73.0,-922.0,High Quality,87.84819592447187,Capital Intensive,-76.45107794361525,+,-,+,Mixed
83,ABB,Mar 2024,6038.0,-4943.0,-543.0,551.0,72,5849,4396,1453.0,25.0,248,12,71,1618,26.0,1201,565.0,73.0,1095.0,High Quality,84.51017267909045,Capital Intensive,75.36132140399174,+,-,-,Reinvestor
84,ADANIENSOL,Mar 2014,0.0,0.0,0.0,0.0,86,0,0,0.0,,0,0,0,0,0.0,0,0.0,,0.0,,,,,+,+,+,Cash Accumulator
85,ADANIENSOL,Mar 2015,-35.0,-1864.0,1902.0,3.0,87,131,29,101.0,78.0,3,73,37,-5,34.0,-7,0.0,0.0,-1899.0,High Quality,1422.9007633587787,Capital Intensive,-1880.19801980198,-,-,+,Growth Funded by Debt
86,ADANIENSOL,Mar 2016,1544.0,-816.0,-722.0,6.0,88,2194,267,1927.0,88.0,70,957,560,480,23.0,368,3.0,0.0,728.0,High Quality,37.192342752962624,Capital Intensive,37.77893098079917,+,-,-,Reinvestor
87,ADANIENSOL,Mar 2017,2189.0,-1730.0,-455.0,4.0,89,2876,893,1983.0,69.0,22,904,569,532,22.0,416,4.0,0.0,459.0,High Quality,60.15299026425591,Capital Intensive,23.14674735249622,+,-,-,Reinvestor
88,ADANIENSOL,Mar 2018,2198.0,-3192.0,1589.0,596.0,90,3944,1118,2826.0,72.0,111,886,579,1472,22.0,1143,10.0,0.0,-994.0,High Quality,80.93306288032454,Capital Intensive,-35.17338995046001,+,-,+,Mixed
89,ADANIENSOL,Mar 2019,2591.0,-3050.0,38.0,-421.0,91,7305,4528,2778.0,38.0,336,1391,882,840,33.0,559,5.0,0.0,-459.0,High Quality,41.752224503764545,Capital Intensive,-16.52267818574514,+,-,+,Mixed
90,ADANIENSOL,Mar 2020,5437.0,-5643.0,1250.0,1045.0,92,11416,7158,4258.0,37.0,261,2238,1174,1107,36.0,706,7.0,0.0,-206.0,High Quality,49.43062368605466,Capital Intensive,-4.837952090183185,+,-,+,Mixed
91,ADANIENSOL,Mar 2021,3784.0,-4009.0,-745.0,-969.0,93,9926,5976,3950.0,40.0,1115,2117,1329,1620,20.0,1290,11.0,0.0,-225.0,High Quality,40.38887769494258,Capital Intensive,-5.69620253164557,+,-,-,Reinvestor
92,ADANIENSOL,Mar 2022,4097.0,-3936.0,-235.0,-75.0,94,11258,7051,4206.0,37.0,1286,2365,1427,1700,27.0,1236,11.0,0.0,161.0,High Quality,34.96180493871025,Capital Intensive,3.8278649548264383,+,-,-,Reinvestor
93,ADANIENSOL,Mar 2023,3777.0,-4699.0,923.0,2.0,95,13293,8775,4518.0,34.0,1583,2781,1608,1712,25.0,1281,11.0,0.0,-922.0,High Quality,35.34943203189649,Capital Intensive,-20.407259849490924,+,-,+,Mixed
94,ADANIENSOL,Mar 2024,6038.0,-4943.0,-543.0,551.0,96,16607,10896,5711.0,30.0,611,2767,1776,1780,33.0,1196,10.0,0.0,1095.0,High Quality,29.764557114469802,Capital Intensive,19.17352477674663,+,-,-,Reinvestor
95,ADANIENT,Mar 2013,7666.0,-14790.0,7199.0,75.0,98,46375,40354,6021.0,13.0,1775,3492,2298,2005,39.0,1218,15.0,10.0,-7124.0,High Quality,31.892183288409704,Capital Intensive,-118.31921607706361,+,-,+,Mixed
96,ADANIENT,Mar 2014,8228.0,-8007.0,-1109.0,-888.0,99,54947,45564,9383.0,17.0,1157,5703,3223,1614,-64.0,2646,20.0,7.0,221.0,High Quality,14.572224143265327,Capital Intensive,2.3553234573164232,+,-,-,Reinvestor
97,ADANIENT,Mar 2015,8532.0,-11465.0,3445.0,512.0,100,64465,52015,12450.0,19.0,792,7056,3522,2663,14.0,2298,18.0,8.0,-2933.0,High Quality,17.784844489257736,Capital Intensive,-23.55823293172691,+,-,+,Mixed
98,ADANIENT,Mar 2016,5112.0,-1825.0,-3448.0,-161.0,101,34008,32325,1684.0,5.0,1044,1357,314,1056,7.0,1000,9.0,4.0,3287.0,High Quality,5.366384380145848,Moderate,195.19002375296913,+,-,-,Reinvestor
99,ADANIENT,Mar 2017,774.0,-1460.0,716.0,30.0,102,36533,34631,1902.0,5.0,749,1257,315,1079,25.0,925,9.0,4.0,-686.0,Moderate,3.996386828346974,Moderate,-36.067297581493165,+,-,+,Mixed
100,ADANIENT,Mar 2018,2942.0,-7649.0,5120.0,413.0,103,35924,33886,2038.0,6.0,363,1250,664,487,23.0,594,7.0,6.0,-4707.0,High Quality,21.2921723638793,Capital Intensive,-230.96172718351323,+,-,+,Mixed
101,ADANIENT,Mar 2019,3236.0,2487.0,-6158.0,-436.0,104,40379,38409,1969.0,5.0,504,1625,390,459,32.0,506,7.0,6.0,5723.0,High Quality,6.159142128334035,Moderate,290.655154900965,+,+,-,Liquidating Assets
102,ADANIENT,Mar 2020,2454.0,-1082.0,-221.0,1151.0,105,43403,41108,2294.0,5.0,872,1572,472,1122,29.0,1040,10.0,10.0,1372.0,High Quality,2.4929152362739906,Asset Light,59.80819529206626,+,-,-,Reinvestor
103,ADANIENT,Mar 2021,4043.0,-8611.0,3109.0,-1459.0,106,39537,37031,2506.0,6.0,494,1377,537,1086,31.0,1046,8.0,12.0,-4568.0,High Quality,21.77959885676708,Capital Intensive,-182.28252194732642,+,-,+,Mixed
104,ADANIENT,Mar 2022,1385.0,-17041.0,15901.0,246.0,107,69420,65707,3714.0,5.0,1012,2526,1248,952,50.0,788,7.0,14.0,-15656.0,High Quality,24.54768078363584,Capital Intensive,-421.5401184706516,+,-,+,Mixed
105,ADANIENT,Mar 2023,17626.0,-15459.0,-1198.0,970.0,108,127540,118722,8818.0,7.0,834,3969,2436,3247,32.0,2422,22.0,6.0,2167.0,High Quality,12.120903246040458,Capital Intensive,24.574733499659786,+,-,-,Reinvestor
106,ADANIENT,Mar 2024,10312.0,-18767.0,8879.0,424.0,109,96421,85044,11377.0,12.0,1146,4555,3042,4926,33.0,3335,28.0,5.0,-8455.0,High Quality,19.463602327293845,Capital Intensive,-74.31660367407929,+,-,+,Mixed
107,ADANIGREEN,Mar 2017,28.0,-1511.0,1559.0,76.0,111,502,98,403.0,80.0,80,334,333,-184,-75.0,-47,0.0,0.0,-1483.0,Accrual Risk,300.996015936255,Capital Intensive,-367.99007444168734,+,-,+,Mixed
108,ADANIGREEN,Mar 2018,649.0,-4428.0,3942.0,162.0,112,1480,637,843.0,57.0,42,552,543,-210,-35.0,-138,-1.0,0.0,-3779.0,Accrual Risk,299.18918918918916,Capital Intensive,-448.2799525504152,+,-,+,Mixed
109,ADANIGREEN,Mar 2019,1625.0,-2666.0,1045.0,3.0,113,2058,532,1526.0,74.0,73,1121,1062,-585,-19.0,-475,-3.0,0.0,-1041.0,Accrual Risk,129.54324586977648,Capital Intensive,-68.2175622542595,+,-,+,Mixed
110,ADANIGREEN,Mar 2020,1965.0,-3743.0,2161.0,383.0,114,2549,1098,1450.0,57.0,-111,995,394,-50,23.0,-68,0.0,0.0,-1778.0,Accrual Risk,146.8418987838368,Capital Intensive,-122.62068965517241,+,-,+,Mixed
111,ADANIGREEN,Mar 2021,1601.0,-9137.0,7083.0,-453.0,115,3124,883,2241.0,72.0,391,1953,486,193,6.0,182,1.0,0.0,-7536.0,High Quality,292.4775928297055,Capital Intensive,-336.27844712182065,+,-,+,Mixed
112,ADANIGREEN,Mar 2022,3127.0,-18730.0,15986.0,383.0,116,5133,1621,3512.0,68.0,507,2617,849,553,12.0,489,3.0,0.0,-15603.0,High Quality,364.89382427430354,Capital Intensive,-444.2767653758542,+,-,+,Mixed
113,ADANIGREEN,Mar 2023,7265.0,-3857.0,-2973.0,435.0,117,7776,2806,4970.0,64.0,667,2911,1300,1426,32.0,973,6.0,0.0,3408.0,High Quality,49.60133744855967,Capital Intensive,68.57142857142857,+,-,-,Reinvestor
114,ADANIGREEN,Mar 2024,7713.0,-21060.0,13953.0,606.0,118,9220,1902,7318.0,79.0,1262,5006,1903,1671,25.0,1260,7.0,0.0,-13347.0,High Quality,228.4164859002169,Capital Intensive,-182.3858977862804,+,-,+,Mixed
115,ADANIPORTS,Mar 2013,1379.0,-5136.0,4138.0,381.0,120,3577,1195,2382.0,67.0,344,542,422,1762,7.0,1639,8.0,12.0,-3757.0,Moderate,143.58400894604418,Capital Intensive,-157.7246011754828,+,-,+,Mixed
115,ADANIPORTS,Mar 2013,1379.0,-5136.0,4138.0,381.0,133,3577,1195,2382.0,67.0,344,542,422,1762,7.0,1639,8.0,12.0,-3757.0,Moderate,143.58400894604418,Capital Intensive,-157.7246011754828,+,-,+,Mixed
116,ADANIPORTS,Mar 2014,1132.0,-2510.0,772.0,-606.0,121,4830,1910,2919.0,60.0,685,977,649,1978,12.0,1741,8.0,12.0,-1378.0,Moderate,51.96687370600414,Capital Intensive,-47.20794792737239,+,-,+,Mixed
116,ADANIPORTS,Mar 2014,1132.0,-2510.0,772.0,-606.0,134,4830,1910,2919.0,60.0,685,977,649,1978,12.0,1741,8.0,12.0,-1378.0,Moderate,51.96687370600414,Capital Intensive,-47.20794792737239,+,-,+,Mixed
117,ADANIPORTS,Mar 2015,3057.0,-2485.0,-237.0,335.0,122,6152,2250,3902.0,63.0,686,1175,912,2501,7.0,2324,11.0,10.0,572.0,High Quality,40.39336801040312,Capital Intensive,14.659149154279858,+,-,-,Reinvestor
117,ADANIPORTS,Mar 2015,3057.0,-2485.0,-237.0,335.0,135,6152,2250,3902.0,63.0,686,1175,912,2501,7.0,2324,11.0,10.0,572.0,High Quality,40.39336801040312,Capital Intensive,14.659149154279858,+,-,-,Reinvestor
118,ADANIPORTS,Mar 2016,2381.0,-4153.0,2170.0,398.0,123,7109,2532,4577.0,64.0,730,1124,1063,3119,9.0,2856,14.0,8.0,-1772.0,Moderate,58.418905612603744,Capital Intensive,-38.71531570897968,+,-,+,Mixed
118,ADANIPORTS,Mar 2016,2381.0,-4153.0,2170.0,398.0,136,7109,2532,4577.0,64.0,730,1124,1063,3119,9.0,2856,14.0,8.0,-1772.0,Moderate,58.418905612603744,Capital Intensive,-38.71531570897968,+,-,+,Mixed
119,ADANIPORTS,Mar 2017,4063.0,-2629.0,-1325.0,109.0,124,8439,3021,5418.0,64.0,1037,1116,1160,4179,7.0,3902,19.0,7.0,1434.0,High Quality,31.152980210925463,Capital Intensive,26.46733111849391,+,-,-,Reinvestor
119,ADANIPORTS,Mar 2017,4063.0,-2629.0,-1325.0,109.0,137,8439,3021,5418.0,64.0,1037,1116,1160,4179,7.0,3902,19.0,7.0,1434.0,High Quality,31.152980210925463,Capital Intensive,26.46733111849391,+,-,-,Reinvestor
120,ADANIPORTS,Mar 2018,5608.0,-3846.0,-1889.0,-127.0,125,11323,4166,7157.0,63.0,844,1579,1188,5234,30.0,3690,18.0,11.0,1762.0,High Quality,33.966263357767374,Capital Intensive,24.6192538773229,+,-,-,Reinvestor
120,ADANIPORTS,Mar 2018,5608.0,-3846.0,-1889.0,-127.0,138,11323,4166,7157.0,63.0,844,1579,1188,5234,30.0,3690,18.0,11.0,1762.0,High Quality,33.966263357767374,Capital Intensive,24.6192538773229,+,-,-,Reinvestor
121,ADANIPORTS,Mar 2019,6029.0,-4368.0,2313.0,3975.0,126,10925,4330,6596.0,60.0,1289,1385,1373,5126,21.0,4045,19.0,1.0,1661.0,High Quality,39.98169336384439,Capital Intensive,25.181928441479684,+,-,+,Mixed
121,ADANIPORTS,Mar 2019,6029.0,-4368.0,2313.0,3975.0,139,10925,4330,6596.0,60.0,1289,1385,1373,5126,21.0,4045,19.0,1.0,1661.0,High Quality,39.98169336384439,Capital Intensive,25.181928441479684,+,-,+,Mixed
122,ADANIPORTS,Mar 2020,7402.0,-749.0,-4256.0,2397.0,127,11873,5926,5947.0,50.0,1928,1951,1680,4244,11.0,3785,19.0,17.0,6653.0,High Quality,6.308430893624189,Moderate,111.87153186480579,+,-,-,Reinvestor
122,ADANIPORTS,Mar 2020,7402.0,-749.0,-4256.0,2397.0,140,11873,5926,5947.0,50.0,1928,1951,1680,4244,11.0,3785,19.0,17.0,6653.0,High Quality,6.308430893624189,Moderate,111.87153186480579,+,-,-,Reinvestor
123,ADANIPORTS,Mar 2021,7556.0,-14064.0,3514.0,-2994.0,128,12550,3862,8688.0,69.0,1967,2255,2107,6292,20.0,5049,25.0,20.0,-6508.0,High Quality,112.06374501992032,Capital Intensive,-74.90791896869244,+,-,+,Mixed
123,ADANIPORTS,Mar 2021,7556.0,-14064.0,3514.0,-2994.0,141,12550,3862,8688.0,69.0,1967,2255,2107,6292,20.0,5049,25.0,20.0,-6508.0,High Quality,112.06374501992032,Capital Intensive,-74.90791896869244,+,-,+,Mixed
124,ADANIPORTS,Mar 2022,10420.0,-5493.0,-586.0,4341.0,129,17119,7591,9528.0,56.0,1832,2544,3099,5717,13.0,4953,23.0,22.0,4927.0,High Quality,32.087154623517726,Capital Intensive,51.710747271200674,+,-,-,Reinvestor
124,ADANIPORTS,Mar 2022,10420.0,-5493.0,-586.0,4341.0,142,17119,7591,9528.0,56.0,1832,2544,3099,5717,13.0,4953,23.0,22.0,4927.0,High Quality,32.087154623517726,Capital Intensive,51.710747271200674,+,-,-,Reinvestor
125,ADANIPORTS,Mar 2023,11900.0,-16716.0,-2734.0,-7550.0,130,20852,9905,10947.0,52.0,327,2363,3425,5487,2.0,5391,25.0,20.0,-4816.0,High Quality,80.1649721849223,Capital Intensive,-43.99378825248927,+,-,-,Reinvestor
125,ADANIPORTS,Mar 2023,11900.0,-16716.0,-2734.0,-7550.0,143,20852,9905,10947.0,52.0,327,2363,3425,5487,2.0,5391,25.0,20.0,-4816.0,High Quality,80.1649721849223,Capital Intensive,-43.99378825248927,+,-,-,Reinvestor
126,ADANIPORTS,Mar 2024,15018.0,-6768.0,-7800.0,450.0,131,26711,11121,15589.0,58.0,671,2733,3888,9639,16.0,8104,38.0,16.0,8250.0,High Quality,25.337875781513237,Capital Intensive,52.92193213163128,+,-,-,Reinvestor
126,ADANIPORTS,Mar 2024,15018.0,-6768.0,-7800.0,450.0,144,26711,11121,15589.0,58.0,671,2733,3888,9639,16.0,8104,38.0,16.0,8250.0,High Quality,25.337875781513237,Capital Intensive,52.92193213163128,+,-,-,Reinvestor
127,ADANIPOWER,Mar 2013,3001.0,-4064.0,861.0,-203.0,146,6692,5732,960.0,14.0,215,1703,1290,-1818,26.0,-2295,-10.0,0.0,-1063.0,Accrual Risk,60.72922893006575,Capital Intensive,-110.72916666666666,+,-,+,Mixed
128,ADANIPOWER,Mar 2014,3238.0,-4700.0,1631.0,169.0,147,15328,10735,4593.0,30.0,137,4162,1937,-1370,-79.0,-291,-1.0,0.0,-1462.0,Accrual Risk,30.66283924843424,Capital Intensive,-31.83104724580884,+,-,+,Mixed
129,ADANIPOWER,Mar 2015,5824.0,-4737.0,-1144.0,-58.0,148,18683,14005,4678.0,25.0,1188,4864,1818,-816,0.0,-816,-3.0,0.0,1087.0,Accrual Risk,25.354600438901677,Capital Intensive,23.236425823001284,+,-,-,Reinvestor
130,ADANIPOWER,Mar 2016,5257.0,-2692.0,-2713.0,-148.0,149,25377,16575,8802.0,35.0,-201,5560,2666,375,-47.0,551,2.0,0.0,2565.0,High Quality,10.60803089411672,Capital Intensive,29.141104294478527,+,-,-,Reinvestor
131,ADANIPOWER,Mar 2017,4725.0,-1212.0,-3539.0,-26.0,150,22616,16635,5980.0,26.0,-3666,5902,2672,-6260,-1.0,-6174,-16.0,0.0,3513.0,Accrual Risk,5.359037849310223,Moderate,58.745819397993316,+,-,-,Reinvestor
132,ADANIPOWER,Mar 2018,5101.0,-520.0,-4600.0,-19.0,151,20304,14868,5436.0,27.0,754,5570,2699,-2079,0.0,-2103,-5.0,0.0,4581.0,Accrual Risk,2.56107171000788,Asset Light,84.27152317880795,+,-,-,Reinvestor
133,ADANIPOWER,Mar 2019,5610.0,-984.0,-4663.0,-37.0,152,23884,18901,4983.0,21.0,2448,5657,2751,-976,1.0,-984,-3.0,0.0,4626.0,Accrual Risk,4.119912912409982,Moderate,92.83564118001205,+,-,-,Reinvestor
134,ADANIPOWER,Mar 2020,5598.0,-2304.0,-2377.0,917.0,153,26468,20734,5734.0,22.0,323,5315,3006,-2265,0.0,-2275,-6.0,0.0,3294.0,Accrual Risk,8.704851141000454,Capital Intensive,57.446808510638306,+,-,-,Reinvestor
135,ADANIPOWER,Mar 2021,7014.0,-2188.0,-5655.0,-828.0,154,26221,17533,8688.0,33.0,1909,5106,3202,2289,45.0,1270,3.0,0.0,4826.0,High Quality,8.344456733152816,Capital Intensive,55.547882136279924,+,-,-,Reinvestor
136,ADANIPOWER,Mar 2022,10233.0,774.0,-10338.0,669.0,155,27711,17830,9881.0,36.0,3908,4095,3118,6577,25.0,4912,13.0,0.0,11007.0,High Quality,2.793114647612861,Asset Light,111.39560773201094,+,+,-,Liquidating Assets
137,ADANIPOWER,Mar 2023,8431.0,1545.0,-10408.0,-433.0,156,38773,28677,10096.0,26.0,4216,3334,3304,7675,-40.0,10727,28.0,0.0,9976.0,Moderate,3.984731643153741,Moderate,98.81141045958796,+,+,-,Liquidating Assets
138,ADANIPOWER,Mar 2024,14170.0,3481.0,-16864.0,787.0,157,50351,32124,18228.0,36.0,9883,3388,3931,20792,0.0,20829,54.0,0.0,17651.0,Moderate,6.9134674584417395,Moderate,96.83454026771999,+,+,-,Liquidating Assets
139,AMBUJACEM,Dec 2012,1860.0,-388.0,-509.0,962.0,159,9749,7276,2473.0,25.0,69,78,569,1896,32.0,1292,8.0,43.0,1472.0,High Quality,3.979895373884501,Moderate,59.522846744844315,+,-,-,Reinvestor
140,AMBUJACEM,Dec 2013,1267.0,-496.0,-672.0,99.0,160,9161,7492,1669.0,18.0,390,67,494,1498,15.0,1278,8.0,44.0,771.0,Moderate,5.414256085580177,Moderate,46.19532654284003,+,-,-,Reinvestor
141,AMBUJACEM,Dec 2014,1675.0,-456.0,-721.0,498.0,161,9955,8022,1934.0,19.0,419,66,513,1774,16.0,1487,10.0,46.0,1219.0,High Quality,4.580612757408337,Moderate,63.02998965873836,+,-,-,Reinvestor
142,AMBUJACEM,Dec 2015,1557.0,-83.0,-900.0,574.0,162,9437,7895,1542.0,16.0,353,92,630,1173,31.0,808,5.0,54.0,1474.0,High Quality,0.8795167955918195,Asset Light,95.59014267185474,+,-,-,Reinvestor
143,AMBUJACEM,Dec 2016,2810.0,-4165.0,-958.0,-2312.0,163,20094,16913,3181.0,16.0,441,153,1461,2008,29.0,1434,6.0,50.0,-1355.0,High Quality,20.727580372250422,Capital Intensive,-42.59666771455517,+,-,-,Reinvestor
144,AMBUJACEM,Dec 2017,3416.0,-738.0,-1015.0,1663.0,164,23609,19751,3858.0,16.0,335,206,1219,2768,30.0,1945,8.0,47.0,2678.0,High Quality,3.125926553433013,Moderate,69.4142042509072,+,-,-,Reinvestor
145,AMBUJACEM,Dec 2018,1703.0,-765.0,-719.0,220.0,165,26041,22030,4011.0,15.0,232,170,1154,2919,-2.0,2973,11.0,14.0,938.0,Moderate,2.9376752044852346,Asset Light,23.38568935427574,+,-,-,Reinvestor
146,AMBUJACEM,Dec 2019,4739.0,-1191.0,-629.0,2919.0,166,27104,22507,4597.0,17.0,601,170,1153,3875,28.0,2783,11.0,14.0,3548.0,High Quality,4.394185360094451,Moderate,77.18077006743529,+,-,-,Reinvestor
147,AMBUJACEM,Dec 2020,4832.0,-1317.0,-3956.0,-441.0,167,24516,19511,5006.0,20.0,288,140,1162,3992,22.0,3107,12.0,151.0,3515.0,High Quality,5.3720019579050415,Moderate,70.2157411106672,+,-,-,Reinvestor
148,AMBUJACEM,Dec 2021,5309.0,-2007.0,-516.0,2786.0,168,28965,22755,6210.0,21.0,252,146,1152,5164,28.0,3711,14.0,45.0,3302.0,High Quality,6.929052304505437,Moderate,53.17230273752013,+,-,-,Reinvestor
150,AMBUJACEM,Mar 2024,5646.0,-8941.0,5689.0,2394.0,170,33160,26760,6400.0,19.0,1401,276,1623,5901,20.0,4738,16.0,12.0,-3295.0,High Quality,26.963208685162847,Capital Intensive,-51.48437500000001,+,-,+,Mixed
151,APOLLOHOSP,Mar 2013,443.0,-733.0,373.0,83.0,172,3769,3157,612.0,16.0,33,103,142,399,26.0,303,22.0,25.0,-290.0,High Quality,19.44812947731494,Capital Intensive,-47.385620915032675,+,-,+,Mixed
152,APOLLOHOSP,Mar 2014,373.0,-356.0,-63.0,-46.0,173,4357,3681,676.0,16.0,18,119,168,407,25.0,315,23.0,25.0,17.0,High Quality,8.170759697039246,Capital Intensive,2.514792899408284,+,-,-,Reinvestor
153,APOLLOHOSP,Mar 2015,470.0,-759.0,392.0,103.0,174,5129,4392,737.0,14.0,47,118,212,455,29.0,335,24.0,24.0,-289.0,High Quality,14.798206278026907,Capital Intensive,-39.21302578018996,+,-,+,Mixed
154,APOLLOHOSP,Mar 2016,597.0,-888.0,330.0,39.0,175,6150,5465,684.0,11.0,92,180,264,332,29.0,235,17.0,35.0,-291.0,High Quality,14.439024390243901,Capital Intensive,-42.54385964912281,+,-,+,Mixed
155,APOLLOHOSP,Mar 2017,623.0,-1152.0,477.0,-52.0,176,7256,6522,734.0,10.0,60,257,314,222,41.0,131,16.0,38.0,-529.0,High Quality,15.87651598676957,Capital Intensive,-72.0708446866485,+,-,+,Mixed
156,APOLLOHOSP,Mar 2018,537.0,-405.0,-108.0,24.0,177,8243,7442,801.0,10.0,24,295,359,171,65.0,60,8.0,59.0,132.0,High Quality,4.91325973553318,Moderate,16.479400749063668,+,-,-,Reinvestor
157,APOLLOHOSP,Mar 2019,905.0,-711.0,-215.0,-20.0,178,9617,8548,1070.0,11.0,26,327,396,373,47.0,200,17.0,35.0,194.0,High Quality,7.393157949464491,Moderate,18.13084112149533,+,-,-,Reinvestor
158,APOLLOHOSP,Mar 2020,1293.0,-289.0,-910.0,94.0,179,11247,9656,1591.0,14.0,222,533,620,660,34.0,432,33.0,18.0,1004.0,High Quality,2.569574108651196,Asset Light,63.10496543054682,+,-,-,Reinvestor
159,APOLLOHOSP,Mar 2021,1265.0,-880.0,-340.0,44.0,180,10560,9420,1140.0,11.0,103,449,573,221,38.0,137,10.0,29.0,385.0,High Quality,8.333333333333332,Capital Intensive,33.771929824561404,+,-,-,Reinvestor
160,APOLLOHOSP,Mar 2022,1696.0,-747.0,-792.0,158.0,181,14663,12474,2189.0,15.0,368,379,601,1578,30.0,1108,73.0,16.0,949.0,High Quality,5.094455432039828,Moderate,43.35312928277752,+,-,-,Reinvestor
161,APOLLOHOSP,Mar 2023,1377.0,-857.0,-633.0,-113.0,182,16612,14548,2065.0,12.0,75,381,615,1144,22.0,844,57.0,26.0,520.0,High Quality,5.158921261738502,Moderate,25.181598062954,+,-,-,Reinvestor
162,APOLLOHOSP,Mar 2024,1920.0,-1537.0,-311.0,72.0,183,19059,16665,2394.0,13.0,105,449,687,1362,33.0,935,63.0,26.0,383.0,High Quality,8.064431502177449,Capital Intensive,15.998329156223893,+,-,-,Reinvestor
163,ASIANPAINT,Mar 2013,1187.0,-463.0,-601.0,123.0,185,10504,8767,1737.0,17.0,114,42,155,1655,30.0,1160,12.0,40.0,724.0,High Quality,4.407844630616908,Moderate,41.681059297639614,+,-,-,Reinvestor
164,ASIANPAINT,Mar 2014,1402.0,-586.0,-626.0,190.0,186,12220,10217,2004.0,16.0,124,48,246,1834,31.0,1263,13.0,42.0,816.0,High Quality,4.795417348608838,Moderate,40.7185628742515,+,-,-,Reinvestor
165,ASIANPAINT,Mar 2015,1188.0,-465.0,-576.0,147.0,187,13615,11372,2243.0,16.0,142,42,266,2077,31.0,1427,15.0,42.0,723.0,Moderate,3.4153507161219245,Moderate,32.23361569326795,+,-,-,Reinvestor
166,ASIANPAINT,Mar 2016,2243.0,-866.0,-849.0,528.0,188,14271,11546,2725.0,19.0,213,49,276,2614,32.0,1803,18.0,41.0,1377.0,High Quality,6.068250297806741,Moderate,50.53211009174312,+,-,-,Reinvestor
167,ASIANPAINT,Mar 2017,1527.0,-681.0,-756.0,90.0,189,15062,12068,2994.0,20.0,338,37,335,2960,32.0,2016,20.0,51.0,846.0,Moderate,4.521311910768822,Moderate,28.256513026052104,+,-,-,Reinvestor
168,ASIANPAINT,Mar 2018,2113.0,-1556.0,-1379.0,-822.0,190,16825,13621,3204.0,19.0,336,41,360,3138,33.0,2098,21.0,41.0,557.0,High Quality,9.248142644873699,Capital Intensive,17.384519350811487,+,-,-,Reinvestor
169,ASIANPAINT,Mar 2019,2470.0,-918.0,-1117.0,434.0,191,19240,15475,3765.0,20.0,274,110,622,3306,33.0,2208,22.0,47.0,1552.0,High Quality,4.771309771309771,Moderate,41.221779548472774,+,-,-,Reinvestor
170,ASIANPAINT,Mar 2020,3038.0,-518.0,-2871.0,-351.0,192,20211,16054,4157.0,21.0,355,102,780,3629,24.0,2774,28.0,43.0,2520.0,High Quality,2.5629607639404286,Asset Light,60.62063988453211,+,-,-,Reinvestor
171,ASIANPAINT,Mar 2021,3683.0,-541.0,-650.0,2492.0,193,21713,16857,4856.0,22.0,332,92,791,4304,26.0,3207,33.0,55.0,3142.0,High Quality,2.491594897066274,Asset Light,64.70345963756178,+,-,-,Reinvestor
172,ASIANPAINT,Mar 2022,986.0,-317.0,-1808.0,-1138.0,194,29101,24298,4804.0,17.0,296,95,816,4188,26.0,3085,32.0,61.0,669.0,Accrual Risk,1.089309645716642,Asset Light,13.925895087427145,+,-,-,Reinvestor
173,ASIANPAINT,Mar 2023,4193.0,-1282.0,-2140.0,771.0,195,34489,28229,6260.0,18.0,431,144,858,5689,26.0,4195,43.0,60.0,2911.0,Moderate,3.7171271999768045,Moderate,46.501597444089455,+,-,-,Reinvestor
174,ASIANPAINT,Mar 2024,6104.0,-2548.0,-2982.0,573.0,196,35495,27910,7585.0,21.0,821,205,853,7348,24.0,5558,57.0,58.0,3556.0,High Quality,7.17847584166784,Moderate,46.88200395517469,+,-,-,Reinvestor
196,AXISBANK,Mar 2013,2573.0,-10939.0,14931.0,6566.0,219,27183,17516,8313.0,1353.0,5,6551,352,7553,31.0,5179,22.0,16.0,-8366.0,Accrual Risk,40.2420630541147,Capital Intensive,-100.63755563575123,+,-,+,Mixed
197,AXISBANK,Mar 2014,14464.0,-14166.0,7785.0,8082.0,220,30641,18690,9644.0,2307.0,8,7405,364,9349,33.0,6218,26.0,15.0,298.0,High Quality,46.23217257922392,Capital Intensive,3.090004147656574,+,-,+,Mixed
198,AXISBANK,Mar 2015,-15162.0,-7972.0,31045.0,7910.0,221,35479,21254,11127.0,3097.0,9,8365,406,11057,33.0,7358,31.0,15.0,-23134.0,Accrual Risk,22.469629921925645,Capital Intensive,-207.90869057248136,-,-,+,Growth Funded by Debt
199,AXISBANK,Mar 2016,-34495.0,9211.0,22495.0,-2789.0,222,40988,24155,13367.0,3466.0,8,9371,444,12394,34.0,8224,35.0,14.0,-25284.0,Accrual Risk,22.47243095540158,Capital Intensive,-189.15239021470788,-,+,+,Distress Signal
200,AXISBANK,Mar 2017,32209.0,-12458.0,-2487.0,17263.0,223,44542,26449,23808.0,-5715.0,-13,11691,509,5468,33.0,3679,15.0,33.0,19751.0,High Quality,27.96910780836065,Capital Intensive,82.95950940860214,+,-,-,Reinvestor
201,AXISBANK,Mar 2018,-38390.0,-10007.0,41342.0,-7055.0,224,45780,27163,28895.0,-10277.0,-22,10967,568,122,-99.0,276,1.0,0.0,-48397.0,Accrual Risk,21.858890345128877,Capital Intensive,-167.49264578646824,-,-,+,Growth Funded by Debt
202,AXISBANK,Mar 2019,37125.0,-18674.0,5643.0,24094.0,225,54986,33278,27155.0,-5447.0,-10,13130,710,6974,33.0,4677,18.0,6.0,18451.0,High Quality,33.96137198559634,Capital Intensive,67.94697109187994,+,-,+,Mixed
203,AXISBANK,Mar 2020,30416.0,-9485.0,8865.0,29795.0,226,62635,37429,35066.0,-9859.0,-16,15537,773,4904,67.0,1627,6.0,0.0,20931.0,High Quality,15.14329049253612,Capital Intensive,59.690298294644386,+,-,+,Mixed
204,AXISBANK,Mar 2021,12633.0,-54288.0,7279.0,-34375.0,227,63346,34107,31749.0,-2510.0,-4,12264,948,8806,25.0,6588,22.0,0.0,-41655.0,High Quality,85.70075458592493,Capital Intensive,-131.2009827081168,+,-,+,Mixed
205,AXISBANK,Mar 2022,28137.0,-27112.0,47894.0,48919.0,228,67377,34245,29962.0,3170.0,5,15221,1008,17383,25.0,13025,42.0,2.0,1025.0,High Quality,40.239250782908115,Capital Intensive,3.420999933248782,+,-,+,Mixed
206,AXISBANK,Mar 2023,22075.0,-32351.0,6641.0,-3636.0,229,85164,42218,29089.0,13857.0,16,16143,13094,16906,43.0,9580,31.0,3.0,-10276.0,High Quality,37.986707998684885,Capital Intensive,-35.32606827323043,+,-,+,Mixed
207,AXISBANK,Mar 2024,-5555.0,-9001.0,22341.0,7785.0,230,109369,59474,37943.0,11952.0,11,22442,1334,33060,25.0,24861,81.0,1.0,-14556.0,Accrual Risk,8.229937185125584,Capital Intensive,-38.36280736894816,-,-,+,Growth Funded by Debt
208,BAJAJ-AUTO,Mar 2013,2218.0,-1394.0,-1445.0,-621.0,206,20025,16370,3656.0,18.0,790,1,168,4277,29.0,3133,108.0,42.0,824.0,Moderate,6.961298377028714,Moderate,22.538293216630198,+,-,-,Reinvestor
209,BAJAJ-AUTO,Mar 2014,3502.0,-2072.0,-1496.0,-66.0,207,20137,15974,4163.0,21.0,674,1,181,4655,31.0,3380,117.0,43.0,1430.0,High Quality,10.28951680985251,Capital Intensive,34.350228200816716,+,-,-,Reinvestor
210,BAJAJ-AUTO,Mar 2015,2114.0,-380.0,-1644.0,90.0,208,21595,17467,4128.0,19.0,228,6,267,4083,31.0,3026,105.0,48.0,1734.0,Moderate,1.7596665894883075,Asset Light,42.00581395348838,+,-,-,Reinvestor
211,BAJAJ-AUTO,Mar 2016,3690.0,-68.0,-3384.0,238.0,209,22574,17781,4793.0,21.0,1194,1,307,5679,28.0,4061,140.0,39.0,3622.0,Moderate,0.30123150527155135,Asset Light,75.56853745044857,+,-,-,Reinvestor
212,BAJAJ-AUTO,Mar 2017,3267.0,-3610.0,-190.0,-532.0,210,21755,17326,4429.0,20.0,1468,1,307,5588,27.0,4079,141.0,39.0,-343.0,Moderate,16.593886462882097,Capital Intensive,-7.744411831113118,+,-,-,Reinvestor
213,BAJAJ-AUTO,Mar 2018,4328.0,-1954.0,-1885.0,488.0,211,25210,20364,4846.0,19.0,1404,1,315,5933,29.0,4219,146.0,41.0,2374.0,High Quality,7.7508925029750095,Moderate,48.98885678910442,+,-,-,Reinvestor
214,BAJAJ-AUTO,Mar 2019,2487.0,-273.0,-2074.0,140.0,212,30358,25160,5198.0,17.0,2028,4,266,6956,29.0,4928,170.0,35.0,2214.0,Moderate,0.8992687265300744,Asset Light,42.59330511735283,+,-,-,Reinvestor
215,BAJAJ-AUTO,Mar 2020,3850.0,1766.0,-6247.0,-630.0,213,29919,24809,5109.0,17.0,1832,3,246,6692,22.0,5212,180.0,67.0,5616.0,Moderate,5.902603696647615,Moderate,109.92366412213741,+,+,-,Liquidating Assets
216,BAJAJ-AUTO,Mar 2021,3120.0,-2869.0,-20.0,231.0,214,27741,22803,4938.0,18.0,1570,7,259,6241,22.0,4857,168.0,83.0,251.0,Moderate,10.342092931040698,Capital Intensive,5.0830295666261645,+,-,-,Reinvestor
217,BAJAJ-AUTO,Mar 2022,4197.0,276.0,-4056.0,417.0,215,33145,27886,5259.0,16.0,2671,9,270,7652,19.0,6166,213.0,66.0,4473.0,Moderate,0.8327047820184039,Asset Light,85.05419281232174,+,+,-,Liquidating Assets
218,BAJAJ-AUTO,Mar 2023,5277.0,1211.0,-7181.0,-692.0,216,36455,29991,6465.0,18.0,1703,40,286,7842,23.0,6060,214.0,65.0,6488.0,Moderate,3.3219037169112604,Moderate,100.35576179427687,+,+,-,Liquidating Assets
219,BAJAJ-AUTO,Mar 2024,6558.0,-72.0,-6167.0,319.0,217,44870,36106,8765.0,20.0,1700,60,365,10040,23.0,7708,276.0,29.0,6486.0,Moderate,0.16046356139959886,Asset Light,73.99885909868796,+,-,-,Reinvestor
220,BAJAJ-AUTO,Mar 2013,2218.0,-1394.0,-1445.0,-621.0,206,20025,16370,3656.0,18.0,790,1,168,4277,29.0,3133,108.0,42.0,824.0,Moderate,6.961298377028714,Moderate,22.538293216630198,+,-,-,Reinvestor
221,BAJAJ-AUTO,Mar 2014,3502.0,-2072.0,-1496.0,-66.0,207,20137,15974,4163.0,21.0,674,1,181,4655,31.0,3380,117.0,43.0,1430.0,High Quality,10.28951680985251,Capital Intensive,34.350228200816716,+,-,-,Reinvestor
222,BAJAJ-AUTO,Mar 2015,2114.0,-380.0,-1644.0,90.0,208,21595,17467,4128.0,19.0,228,6,267,4083,31.0,3026,105.0,48.0,1734.0,Moderate,1.7596665894883075,Asset Light,42.00581395348838,+,-,-,Reinvestor
223,BAJAJ-AUTO,Mar 2016,3690.0,-68.0,-3384.0,238.0,209,22574,17781,4793.0,21.0,1194,1,307,5679,28.0,4061,140.0,39.0,3622.0,Moderate,0.30123150527155135,Asset Light,75.56853745044857,+,-,-,Reinvestor
224,BAJAJ-AUTO,Mar 2017,3267.0,-3610.0,-190.0,-532.0,210,21755,17326,4429.0,20.0,1468,1,307,5588,27.0,4079,141.0,39.0,-343.0,Moderate,16.593886462882097,Capital Intensive,-7.744411831113118,+,-,-,Reinvestor
225,BAJAJ-AUTO,Mar 2018,4328.0,-1954.0,-1885.0,488.0,211,25210,20364,4846.0,19.0,1404,1,315,5933,29.0,4219,146.0,41.0,2374.0,High Quality,7.7508925029750095,Moderate,48.98885678910442,+,-,-,Reinvestor
226,BAJAJ-AUTO,Mar 2019,2487.0,-273.0,-2074.0,140.0,212,30358,25160,5198.0,17.0,2028,4,266,6956,29.0,4928,170.0,35.0,2214.0,Moderate,0.8992687265300744,Asset Light,42.59330511735283,+,-,-,Reinvestor
227,BAJAJ-AUTO,Mar 2020,3850.0,1766.0,-6247.0,-630.0,213,29919,24809,5109.0,17.0,1832,3,246,6692,22.0,5212,180.0,67.0,5616.0,Moderate,5.902603696647615,Moderate,109.92366412213741,+,+,-,Liquidating Assets
228,BAJAJ-AUTO,Mar 2021,3120.0,-2869.0,-20.0,231.0,214,27741,22803,4938.0,18.0,1570,7,259,6241,22.0,4857,168.0,83.0,251.0,Moderate,10.342092931040698,Capital Intensive,5.0830295666261645,+,-,-,Reinvestor
229,BAJAJ-AUTO,Mar 2022,4197.0,276.0,-4056.0,417.0,215,33145,27886,5259.0,16.0,2671,9,270,7652,19.0,6166,213.0,66.0,4473.0,Moderate,0.8327047820184039,Asset Light,85.05419281232174,+,+,-,Liquidating Assets
230,BAJAJ-AUTO,Mar 2023,5277.0,1211.0,-7181.0,-692.0,216,36455,29991,6465.0,18.0,1703,40,286,7842,23.0,6060,214.0,65.0,6488.0,Moderate,3.3219037169112604,Moderate,100.35576179427687,+,+,-,Liquidating Assets
231,BAJAJ-AUTO,Mar 2024,6558.0,-72.0,-6167.0,319.0,217,44870,36106,8765.0,20.0,1700,60,365,10040,23.0,7708,276.0,29.0,6486.0,Moderate,0.16046356139959886,Asset Light,73.99885909868796,+,-,-,Reinvestor
232,BAJAJFINSV,Mar 2013,-6922.0,2953.0,4592.0,623.0,232,8055,4124,3931.0,49.0,2,1204,22,2708,18.0,2214,10.0,2.0,-3969.0,Accrual Risk,36.660459342023586,Capital Intensive,-100.96667514627322,-,+,+,Distress Signal
233,BAJAJFINSV,Mar 2014,-9807.0,3764.0,6521.0,478.0,233,6023,1531,4491.0,75.0,3,1562,31,2902,24.0,2191,10.0,2.0,-6043.0,Accrual Risk,62.49377386684376,Capital Intensive,-134.55800489868625,-,+,+,Distress Signal
234,BAJAJFINSV,Mar 2015,-10731.0,3709.0,6839.0,-183.0,234,11335,5823,5511.0,49.0,8,2230,38,3251,26.0,2409,11.0,2.0,-7022.0,Accrual Risk,32.721658579620645,Capital Intensive,-127.41789148974777,-,+,+,Distress Signal
235,BAJAJFINSV,Mar 2016,-9795.0,-886.0,11602.0,921.0,235,20533,13795,6739.0,33.0,0,2877,58,3804,27.0,2775,12.0,1.0,-10681.0,Accrual Risk,4.315005113719379,Moderate,-158.4953257159816,-,-,+,Growth Funded by Debt
236,BAJAJFINSV,Mar 2017,-10922.0,151.0,12513.0,1742.0,236,24507,15794,8713.0,36.0,0,3716,73,4925,30.0,3450,14.0,1.0,-10771.0,Accrual Risk,0.6161504876157833,Asset Light,-123.61987834270629,-,+,+,Distress Signal
237,BAJAJFINSV,Mar 2018,-19580.0,-922.0,19590.0,-911.0,237,32862,22074,10788.0,33.0,1,4531,160,6099,32.0,4176,17.0,1.0,-20502.0,Accrual Risk,2.805672204978394,Asset Light,-190.04449388209122,-,-,+,Growth Funded by Debt
238,BAJAJFINSV,Mar 2019,-27076.0,-6903.0,34535.0,555.0,238,42605,27569,15037.0,35.0,2,6657,226,8155,34.0,5374,20.0,1.0,-33979.0,Accrual Risk,16.20232367093064,Capital Intensive,-225.96927578639355,-,-,+,Growth Funded by Debt
239,BAJAJFINSV,Mar 2020,-23369.0,-9948.0,34479.0,1162.0,239,54351,36094,18258.0,34.0,0,9500,457,8302,28.0,5994,21.0,2.0,-33317.0,Accrual Risk,18.303251090136335,Capital Intensive,-182.4789133530507,-,-,+,Growth Funded by Debt
240,BAJAJFINSV,Mar 2021,4547.0,-3684.0,1687.0,2551.0,240,60592,40950,19641.0,32.0,-7,9274,498,9862,25.0,7367,28.0,1.0,863.0,Moderate,6.0800105624504885,Moderate,4.393869965887684,+,-,+,Mixed
241,BAJAJFINSV,Mar 2022,-33670.0,1445.0,32326.0,101.0,241,68406,46951,21455.0,31.0,8,9629,563,11271,26.0,8314,29.0,1.0,-32225.0,Accrual Risk,2.1123878022395695,Asset Light,-150.19808902353765,-,+,+,Distress Signal
242,BAJAJFINSV,Mar 2023,-39480.0,-13945.0,51016.0,-2409.0,242,82072,52204,29868.0,36.0,1,12380,678,16811,27.0,12210,40.0,2.0,-53425.0,Accrual Risk,16.99117847743445,Capital Intensive,-178.87036293022632,-,-,+,Growth Funded by Debt
243,BAJAJFINSV,Mar 2024,-68674.0,-10960.0,82709.0,3075.0,243,110382,69497,40886.0,37.0,-4,18607,900,21375,27.0,15595,51.0,2.0,-79634.0,Accrual Risk,9.929155115870342,Capital Intensive,-194.77082619967717,-,-,+,Growth Funded by Debt
244,BAJAJHLDNG,Mar 2013,473.0,-369.0,-332.0,-228.0,245,337,15,322.0,95.0,3,0,2,322,21.0,1856,167.0,15.0,104.0,Accrual Risk,109.49554896142433,Capital Intensive,32.298136645962735,+,-,-,Reinvestor
245,BAJAJHLDNG,Mar 2014,872.0,-519.0,-326.0,27.0,246,423,23,400.0,94.0,5,0,5,400,20.0,1988,179.0,17.0,353.0,Accrual Risk,122.69503546099291,Capital Intensive,88.25,+,-,-,Reinvestor
246,BAJAJHLDNG,Mar 2015,796.0,-464.0,-391.0,-59.0,247,524,40,484.0,92.0,35,0,6,513,19.0,2029,182.0,19.0,332.0,Accrual Risk,88.54961832061069,Capital Intensive,68.59504132231406,+,-,-,Reinvestor
247,BAJAJHLDNG,Mar 2016,1147.0,1019.0,-761.0,1406.0,248,470,42,429.0,91.0,7,0,5,430,21.0,2265,204.0,16.0,2166.0,Moderate,216.8085106382979,Capital Intensive,504.8951048951049,+,+,-,Liquidating Assets
248,BAJAJHLDNG,Mar 2017,-923.0,-372.0,-110.0,-1406.0,249,842,215,628.0,75.0,8,0,5,630,21.0,2473,222.0,15.0,-1295.0,Accrual Risk,44.180522565320665,Capital Intensive,-206.21019108280257,-,-,-,Pre-Revenue
249,BAJAJHLDNG,Mar 2018,1631.0,-1123.0,-434.0,74.0,250,420,65,355.0,85.0,2390,0,5,2739,3.0,2655,239.0,17.0,508.0,Moderate,267.38095238095235,Capital Intensive,143.09859154929578,+,-,-,Reinvestor
250,BAJAJHLDNG,Mar 2019,628.0,-163.0,-536.0,-72.0,251,431,85,347.0,80.0,2827,0,4,3170,4.0,3048,274.0,12.0,465.0,Accrual Risk,37.81902552204176,Capital Intensive,134.0057636887608,+,-,-,Reinvestor
251,BAJAJHLDNG,Mar 2020,1920.0,-800.0,-1028.0,92.0,252,435,134,301.0,69.0,3058,13,33,3314,7.0,3080,269.0,15.0,1120.0,Moderate,183.90804597701148,Capital Intensive,372.09302325581393,+,-,-,Reinvestor
252,BAJAJHLDNG,Mar 2021,272.0,-308.0,-37.0,-73.0,253,457,106,352.0,77.0,3451,4,34,3766,3.0,3654,328.0,12.0,-36.0,Accrual Risk,67.39606126914661,Capital Intensive,-10.227272727272728,+,-,-,Reinvestor
253,BAJAJHLDNG,Mar 2022,1610.0,-151.0,-1460.0,-1.0,254,484,117,367.0,76.0,3896,3,34,4226,2.0,4126,364.0,32.0,1459.0,Accrual Risk,31.198347107438018,Capital Intensive,397.54768392370573,+,-,-,Reinvestor
254,BAJAJHLDNG,Mar 2023,1728.0,-137.0,-1587.0,4.0,255,522,142,380.0,73.0,4673,7,34,5012,1.0,4946,436.0,28.0,1591.0,Accrual Risk,26.245210727969347,Capital Intensive,418.6842105263158,+,-,-,Reinvestor
255,BAJAJHLDNG,Mar 2024,1941.0,-472.0,-1455.0,14.0,256,1702,140,1562.0,92.0,5967,2,34,7493,2.0,7365,653.0,20.0,1469.0,Accrual Risk,27.73207990599295,Capital Intensive,94.0460947503201,+,-,-,Reinvestor
256,BAJFINANCE,Mar 2015,-7064.0,-360.0,6867.0,-557.0,258,5392,2274,1752.0,1367.0,25,26,36,1357,34.0,898,18.0,10.0,-7424.0,Accrual Risk,6.6765578635014835,Moderate,-423.7442922374429,-,-,+,Growth Funded by Debt
257,BAJFINANCE,Mar 2016,-9870.0,-687.0,11656.0,1100.0,259,7299,2959,2354.0,1986.0,27,35,56,1965,35.0,1279,24.0,10.0,-10557.0,Accrual Risk,9.412248253185368,Capital Intensive,-448.4706881903144,-,-,+,Growth Funded by Debt
258,BAJFINANCE,Mar 2017,-10439.0,-3047.0,12513.0,-972.0,260,9970,3853,3250.0,2867.0,29,22,71,2817,35.0,1836,33.0,11.0,-13486.0,Accrual Risk,30.561685055165494,Capital Intensive,-414.95384615384614,-,-,+,Growth Funded by Debt
259,BAJFINANCE,Mar 2018,-20566.0,1075.0,19503.0,13.0,261,12746,4696,4115.0,3935.0,31,10,102,3843,35.0,2496,43.0,9.0,-19491.0,Accrual Risk,8.434018515612742,Capital Intensive,-473.65735115431346,-,+,+,Distress Signal
260,BAJFINANCE,Mar 2019,-29062.0,-5379.0,34449.0,9.0,262,18487,6723,5454.0,6310.0,34,13,144,6179,35.0,3995,69.0,9.0,-34441.0,Accrual Risk,29.09612159896143,Capital Intensive,-631.4814814814815,-,-,+,Growth Funded by Debt
261,BAJFINANCE,Mar 2020,-24412.0,-8758.0,34167.0,998.0,263,26374,9608,9159.0,7608.0,29,9,295,7322,28.0,5264,87.0,11.0,-33170.0,Accrual Risk,33.20694623492834,Capital Intensive,-362.15744076864286,-,-,+,Growth Funded by Debt
262,BAJFINANCE,Mar 2021,-807.0,-429.0,1741.0,505.0,264,26673,9519,10839.0,6314.0,24,3,325,5992,26.0,4420,73.0,14.0,-1236.0,Accrual Risk,1.6083680125970081,Asset Light,-11.40326598394686,-,-,+,Growth Funded by Debt
263,BAJFINANCE,Mar 2022,-37090.0,6347.0,32275.0,1532.0,265,31641,9855,11880.0,9906.0,31,-17,385,9504,26.0,7028,116.0,17.0,-30743.0,Accrual Risk,20.059416579754117,Capital Intensive,-258.7794612794613,-,+,+,Distress Signal
264,BAJFINANCE,Mar 2023,-42112.0,-10394.0,50675.0,-1831.0,266,41411,12701,12693.0,16018.0,39,-5,485,15528,26.0,11508,190.0,16.0,-52506.0,Accrual Risk,25.09961121441163,Capital Intensive,-413.66107303238005,-,-,+,Growth Funded by Debt
265,BAJFINANCE,Mar 2024,-72760.0,-7171.0,82415.0,2484.0,267,54972,18886,16099.0,19987.0,36,6,683,19310,25.0,14451,233.0,15.0,-79931.0,Accrual Risk,13.044822818889617,Capital Intensive,-496.49667681222434,-,-,+,Growth Funded by Debt
266,BANKBARODA,Mar 2013,23196.0,-514.0,-790.0,21892.0,269,36442,24486,10950.0,1006.0,3,4511,322,5195,9.0,4829,23.0,19.0,22682.0,High Quality,1.410460457713627,Asset Light,207.14155251141554,+,-,-,Reinvestor
267,BANKBARODA,Mar 2014,42233.0,-730.0,5151.0,46654.0,270,40463,27604,12049.0,809.0,2,5555,368,5996,18.0,5036,23.0,19.0,41503.0,High Quality,1.8041173417690237,Asset Light,344.45182172794426,+,-,+,Mixed
268,BANKBARODA,Mar 2015,17838.0,-556.0,-6.0,17276.0,271,44915,30547,13466.0,902.0,2,5449,368,5983,36.0,3950,18.0,18.0,17282.0,High Quality,1.2378937993988643,Asset Light,128.3380365364622,+,-,-,Reinvestor
269,BANKBARODA,Mar 2016,-10011.0,-4005.0,-616.0,-14632.0,272,45799,32107,25391.0,-11700.0,-26,5992,525,-6233,-19.0,-5033,-22.0,0.0,-14016.0,High Quality,8.744732417738378,Capital Intensive,-55.20066165176637,-,-,-,Pre-Revenue
270,BANKBARODA,Mar 2017,17865.0,-551.0,-198.0,17116.0,273,44473,29596,19250.0,-4372.0,-10,7937,540,3024,41.0,1855,8.0,15.0,17314.0,High Quality,1.238953972072943,Asset Light,89.94285714285715,+,-,-,Reinvestor
271,BANKBARODA,Mar 2018,-59692.0,-414.0,3413.0,-56692.0,274,46056,29160,26093.0,-9197.0,-20,7992,901,-2106,-9.0,-1836,-7.0,0.0,-60106.0,High Quality,0.8989056800416885,Asset Light,-230.35296822902694,-,-,+,Growth Funded by Debt
272,BANKBARODA,Mar 2019,-1449.0,-2537.0,4449.0,462.0,275,52906,32506,25815.0,-5414.0,-10,7887,948,1525,29.0,1166,4.0,0.0,-3986.0,Accrual Risk,4.795297319774694,Moderate,-15.440635289560333,-,-,+,Growth Funded by Debt
273,BANKBARODA,Mar 2020,18531.0,-139.0,14729.0,33120.0,276,78895,50040,40583.0,-11728.0,-15,12191,1697,-1234,-99.0,981,2.0,0.0,18392.0,High Quality,0.1761835350782686,Asset Light,45.319468743069756,+,-,+,Mixed
274,BANKBARODA,Mar 2021,-887.0,-471.0,-986.0,-2344.0,277,74314,43201,38070.0,-6957.0,-9,14687,1357,6373,77.0,1620,3.0,0.0,-1358.0,Accrual Risk,0.6337971310923918,Asset Light,-3.5671132125032834,-,-,-,Pre-Revenue
275,BANKBARODA,Mar 2022,6210.0,-3645.0,-998.0,1567.0,278,73385,38815,37518.0,-2948.0,-4,14395,1438,10008,23.0,7933,15.0,19.0,2565.0,Moderate,4.9669550998160386,Moderate,6.836718375179913,+,-,-,Reinvestor
276,BANKBARODA,Mar 2023,-21354.0,-1096.0,-5405.0,-27855.0,279,94503,49942,38231.0,6329.0,7,16275,2040,20565,29.0,15005,29.0,19.0,-22450.0,Accrual Risk,1.159751542279081,Asset Light,-58.7219795453951,-,-,-,Pre-Revenue
277,BANKBARODA,Mar 2024,-6274.0,-1285.0,5476.0,-2084.0,280,118379,69899,44379.0,4102.0,3,23399,1702,25799,29.0,18869,36.0,21.0,-7559.0,Accrual Risk,1.0854965830088108,Asset Light,-17.03283084341693,-,-,+,Growth Funded by Debt
278,BEL,Mar 2013,-1539.0,1753.0,-158.0,56.0,295,6273,5604,669.0,11.0,622,7,136,1147,21.0,911,1.0,20.0,214.0,Accrual Risk,27.94516180455922,Capital Intensive,31.988041853512705,-,+,-,Other
279,BEL,Mar 2014,-569.0,759.0,-213.0,-23.0,296,6518,5593,925.0,14.0,438,7,150,1206,21.0,952,1.0,20.0,190.0,Accrual Risk,11.644676281067811,Capital Intensive,20.54054054054054,-,+,-,Other
280,BEL,Mar 2015,1434.0,-839.0,-209.0,386.0,297,7093,5913,1179.0,17.0,507,7,166,1513,21.0,1197,2.0,20.0,595.0,High Quality,11.828563372338925,Capital Intensive,50.46649703138253,+,-,-,Reinvestor
281,BEL,Mar 2016,2260.0,-1470.0,-318.0,472.0,298,7354,5961,1393.0,19.0,573,10,192,1764,24.0,1337,2.0,31.0,790.0,High Quality,19.989121566494426,Capital Intensive,56.71213208901651,+,-,-,Reinvestor
282,BEL,Mar 2017,-61.0,3115.0,-2857.0,197.0,299,8656,6864,1792.0,21.0,420,18,212,1983,24.0,1523,2.0,33.0,3054.0,Accrual Risk,35.9865988909427,Capital Intensive,170.42410714285714,-,+,-,Other
283,BEL,Mar 2018,-687.0,-6.0,-1202.0,-1895.0,300,10401,8361,2039.0,20.0,196,6,272,1957,28.0,1431,2.0,34.0,-693.0,Accrual Risk,0.05768676088837611,Asset Light,-33.98724865129966,-,-,-,Pre-Revenue
284,BEL,Mar 2019,1514.0,-896.0,-663.0,-45.0,301,12164,9255,2909.0,24.0,73,16,338,2628,30.0,1887,3.0,44.0,618.0,Moderate,7.365998026964814,Moderate,21.244413887933998,+,-,-,Reinvestor
285,BEL,Mar 2020,2570.0,-649.0,-1061.0,861.0,302,12968,10209,2759.0,21.0,99,8,372,2478,28.0,1825,3.0,37.0,1921.0,High Quality,5.004626773596545,Moderate,69.62667633200435,+,-,-,Reinvestor
286,BEL,Mar 2021,5093.0,-2595.0,-1076.0,1422.0,303,14109,10895,3214.0,23.0,125,10,387,2942,30.0,2100,3.0,46.0,2498.0,High Quality,18.392515415692113,Capital Intensive,77.7224642190417,+,-,-,Reinvestor
287,BEL,Mar 2022,4207.0,-4872.0,-1078.0,-1742.0,304,15368,12024,3344.0,22.0,232,9,401,3166,26.0,2400,3.0,46.0,-665.0,High Quality,31.70223841749089,Capital Intensive,-19.886363636363637,+,-,-,Reinvestor
288,BEL,Mar 2023,1199.0,2708.0,-1262.0,2645.0,305,17734,13645,4090.0,23.0,281,19,429,3923,25.0,2986,4.0,44.0,3907.0,Accrual Risk,15.270102627720764,Capital Intensive,95.52567237163814,+,+,-,Liquidating Assets
289,BEL,Mar 2024,4659.0,-5924.0,-1475.0,-2739.0,306,20268,15217,5051.0,25.0,670,12,443,5266,25.0,3985,5.0,40.0,-1265.0,High Quality,29.228340240773633,Capital Intensive,-25.044545634527815,+,-,-,Reinvestor
290,BHARTIARTL,Mar 2013,22608.0,-18676.0,-4566.0,-634.0,282,76947,53987,22960.0,30.0,1159,4519,14815,4785,53.0,2267,4.0,17.0,3932.0,High Quality,24.27125164073973,Capital Intensive,17.125435540069684,+,-,-,Reinvestor
291,BHARTIARTL,Mar 2014,26233.0,-25181.0,2774.0,3826.0,283,85864,59352,26512.0,31.0,2881,5879,15650,7864,62.0,3019,5.0,26.0,1052.0,High Quality,29.326609522034847,Capital Intensive,3.968014484007242,+,-,+,Mixed
292,BHARTIARTL,Mar 2015,28059.0,-22301.0,-9672.0,-3914.0,284,96101,62499,33602.0,35.0,1243,4446,19858,10540,52.0,5048,8.0,33.0,5758.0,High Quality,23.20579390432982,Capital Intensive,17.135884768763766,+,-,-,Reinvestor
293,BHARTIARTL,Mar 2016,27942.0,-14091.0,-11946.0,1905.0,285,96532,62548,33984.0,35.0,4858,8546,17450,12846,46.0,6893,11.0,9.0,13851.0,High Quality,14.597232005966934,Capital Intensive,40.75741525423729,+,-,-,Reinvestor
294,BHARTIARTL,Mar 2017,28280.0,-30680.0,-351.0,-2752.0,286,95468,60138,35330.0,37.0,1713,9547,19773,7723,45.0,4241,7.0,11.0,-2400.0,High Quality,32.13642267566095,Capital Intensive,-6.793093688083782,+,-,-,Reinvestor
295,BHARTIARTL,Mar 2018,29854.0,-27940.0,1920.0,3835.0,287,82639,52560,30079.0,36.0,1756,9326,19243,3267,33.0,2184,2.0,194.0,1914.0,High Quality,33.80970244073622,Capital Intensive,6.363243458891585,+,-,+,Mixed
296,BHARTIARTL,Mar 2019,20070.0,-28286.0,9464.0,1248.0,288,80780,55016,25764.0,32.0,4474,10622,21348,-1732,-99.0,1688,1.0,244.0,-8216.0,High Quality,35.01609309234959,Capital Intensive,-31.88945815867101,+,-,+,Mixed
297,BHARTIARTL,Mar 2020,18129.0,-29598.0,19144.0,7675.0,289,87539,50930,36610.0,42.0,-37775,13992,27690,-42846,-28.0,-30664,-55.0,-3.0,-11469.0,Accrual Risk,33.81121557248769,Capital Intensive,-31.32750614586179,+,-,+,Mixed
298,BHARTIARTL,Mar 2021,48205.0,-27286.0,-24910.0,-3991.0,290,100616,55337,45279.0,45.0,-4215,15091,29404,-3432,99.0,-12364,-26.0,0.0,20919.0,Accrual Risk,27.118947284726087,Capital Intensive,46.200225269992714,+,-,-,Reinvestor
299,BHARTIARTL,Mar 2022,55017.0,-41478.0,-15203.0,-1664.0,291,116547,59013,57534.0,49.0,4656,16616,33091,12483,33.0,8305,7.0,39.0,13539.0,High Quality,35.58907565188293,Capital Intensive,23.532172280738344,+,-,-,Reinvestor
300,BHARTIARTL,Mar 2023,65325.0,-39232.0,-24470.0,1623.0,292,139145,67871,71274.0,51.0,1019,19300,36432,16561,26.0,12287,15.0,27.0,26093.0,High Quality,28.19504833087786,Capital Intensive,36.60942279091955,+,-,-,Reinvestor
301,BHARTIARTL,Mar 2024,78898.0,-51089.0,-27778.0,31.0,293,149982,71691,78292.0,52.0,-3428,22648,39538,12679,32.0,8558,13.0,62.0,27809.0,High Quality,34.063420943846594,Capital Intensive,35.51959331732489,+,-,-,Reinvestor
302,BHEL,Mar 2013,1759.0,-1113.0,472.0,1118.0,308,48903,39420,9483.0,19.0,1132,128,957,9531,30.0,6693,18.0,20.0,646.0,Accrual Risk,2.2759339917796453,Asset Light,6.81219023515765,+,-,+,Mixed
303,BHEL,Mar 2014,4512.0,-868.0,523.0,4167.0,309,39561,34982,4579.0,12.0,1617,133,985,5078,31.0,3502,10.0,20.0,3644.0,High Quality,2.19408002831071,Asset Light,79.58069447477615,+,-,+,Mixed
304,BHEL,Mar 2015,821.0,650.0,-3543.0,-2071.0,310,31323,29183,2141.0,7.0,1221,92,1082,2187,34.0,1450,4.0,20.0,1471.0,Moderate,2.0751524438910702,Asset Light,68.70621205044371,+,+,-,Liquidating Assets
305,BHEL,Mar 2016,374.0,23.0,-122.0,275.0,311,25505,26862,-1357.0,-5.0,1492,360,937,-1161,-39.0,-706,-2.0,-14.0,397.0,Accrual Risk,0.09017839639286414,Asset Light,-29.255711127487103,+,+,-,Liquidating Assets
306,BHEL,Mar 2017,560.0,-565.0,-468.0,-473.0,312,28465,27370,1095.0,4.0,753,413,850,586,22.0,455,1.0,85.0,-5.0,High Quality,1.9848937291410504,Asset Light,-0.45662100456621,+,-,-,Reinvestor
307,BHEL,Mar 2018,989.0,961.0,-667.0,1283.0,313,28827,27174,1653.0,6.0,679,330,787,1215,64.0,438,1.0,151.0,1950.0,High Quality,3.333680230339612,Moderate,117.96733212341198,+,+,-,Liquidating Assets
308,BHEL,Mar 2019,-3860.0,1919.0,-32.0,-1973.0,314,30441,28409,2032.0,7.0,662,378,476,1840,46.0,1002,3.0,69.0,-1941.0,Accrual Risk,6.303997897572352,Moderate,-95.52165354330708,-,+,-,Other
309,BHEL,Mar 2020,-2892.0,1877.0,1622.0,608.0,315,21463,21596,-133.0,-1.0,590,613,503,-659,99.0,-1468,-4.0,0.0,-1015.0,High Quality,8.745282579322556,Capital Intensive,763.1578947368421,-,+,+,Distress Signal
310,BHEL,Mar 2021,560.0,-42.0,-394.0,123.0,316,17309,20357,-3049.0,-18.0,393,467,473,-3596,-25.0,-2700,-8.0,0.0,518.0,Accrual Risk,0.2426483332370443,Asset Light,-16.98917677927189,+,-,-,Reinvestor
311,BHEL,Mar 2022,660.0,-1118.0,-329.0,-787.0,317,21211,20383,828.0,4.0,405,448,314,470,5.0,445,1.0,31.0,-458.0,High Quality,5.270850030644477,Moderate,-55.31400966183575,+,-,-,Reinvestor
312,BHEL,Mar 2023,-741.0,1480.0,89.0,829.0,318,23365,22321,1044.0,4.0,544,612,260,716,9.0,654,2.0,21.0,739.0,Accrual Risk,6.334260646265783,Moderate,70.78544061302682,-,+,+,Distress Signal
313,BHEL,Mar 2024,-3713.0,1331.0,2656.0,274.0,319,23893,23182,711.0,3.0,608,828,249,243,-16.0,282,1.0,31.0,-2382.0,Accrual Risk,5.570669233666764,Moderate,-335.0210970464135,-,+,+,Distress Signal
314,BOSCHLTD,Dec 2012,871.0,-824.0,-156.0,-108.0,321,8659,7310,1350.0,16.0,369,6,367,1346,29.0,958,305.0,20.0,47.0,Moderate,9.516110405358587,Capital Intensive,3.4814814814814814,+,-,-,Reinvestor
315,BOSCHLTD,Dec 2013,1057.0,-846.0,-238.0,-27.0,322,8757,7468,1289.0,15.0,353,0,384,1257,30.0,885,282.0,20.0,211.0,High Quality,9.660842754367934,Capital Intensive,16.369278510473233,+,-,-,Reinvestor
316,BOSCHLTD,Mar 2015,1396.0,-1183.0,-237.0,-24.0,323,12086,10104,1981.0,16.0,537,14,548,1956,32.0,1338,426.0,20.0,213.0,High Quality,9.78818467648519,Capital Intensive,10.752145381120647,+,-,-,Reinvestor
317,BOSCHLTD,Mar 2016,1318.0,-995.0,-356.0,-33.0,324,9701,7823,1878.0,19.0,623,13,386,2102,27.0,1531,488.0,17.0,323.0,Moderate,10.256674569631997,Capital Intensive,17.199148029818957,+,-,-,Reinvestor
318,BOSCHLTD,Mar 2017,1457.0,1246.0,-2670.0,33.0,325,10435,8473,1963.0,19.0,912,27,456,2391,27.0,1741,570.0,29.0,2703.0,Moderate,11.940584571154767,Capital Intensive,137.69740193581254,+,+,-,Liquidating Assets
319,BOSCHLTD,Mar 2018,1729.0,-1170.0,-325.0,234.0,326,11690,9597,2093.0,18.0,418,3,467,2041,33.0,1371,449.0,22.0,559.0,High Quality,10.008554319931566,Capital Intensive,26.70807453416149,+,-,-,Reinvestor
320,BOSCHLTD,Mar 2019,593.0,1766.0,-2531.0,-172.0,327,12085,9931,2154.0,18.0,600,13,402,2339,32.0,1598,542.0,19.0,2359.0,Accrual Risk,14.6131568059578,Capital Intensive,109.51717734447539,+,+,-,Liquidating Assets
321,BOSCHLTD,Mar 2020,1336.0,-873.0,-399.0,64.0,328,9842,8358,1483.0,15.0,-105,10,383,985,34.0,650,220.0,48.0,463.0,High Quality,8.870148343832554,Capital Intensive,31.22049898853675,+,-,-,Reinvestor
322,BOSCHLTD,Mar 2021,835.0,-463.0,-338.0,34.0,329,9718,8555,1163.0,12.0,-241,14,341,567,15.0,482,164.0,70.0,372.0,High Quality,4.764354805515538,Moderate,31.986242476354253,+,-,-,Reinvestor
323,BOSCHLTD,Mar 2022,271.0,-33.0,-383.0,-146.0,330,11782,10319,1462.0,12.0,391,29,324,1500,19.0,1217,413.0,51.0,238.0,Accrual Risk,0.28008827024274313,Asset Light,16.27906976744186,+,-,-,Reinvestor
324,BOSCHLTD,Mar 2023,1214.0,262.0,-1239.0,236.0,331,14929,13120,1810.0,13.0,471,12,386,1882,24.0,1424,483.0,99.0,1476.0,Moderate,1.7549735414294325,Asset Light,81.54696132596685,+,+,-,Liquidating Assets
325,BOSCHLTD,Mar 2024,1253.0,283.0,-1452.0,84.0,332,16727,14632,2095.0,13.0,1566,51,430,3181,22.0,2490,844.0,44.0,1536.0,Moderate,1.6918754110121361,Asset Light,73.31742243436754,+,+,-,Liquidating Assets
326,BPCL,Mar 2013,5926.0,-3604.0,-846.0,1476.0,334,242181,235472,6709.0,3.0,1492,2518,2463,3220,40.0,1936,4.0,42.0,2322.0,High Quality,1.4881431656488329,Asset Light,34.61022507080042,+,-,-,Reinvestor
327,BPCL,Mar 2014,9588.0,-6881.0,-3736.0,-1029.0,335,264421,255007,9414.0,4.0,1344,1982,2611,6166,34.0,4053,9.0,31.0,2707.0,High Quality,2.602289530710496,Asset Light,28.755045676651797,+,-,-,Reinvestor
328,BPCL,Mar 2015,20742.0,-10536.0,-9792.0,414.0,336,242598,232818,9780.0,4.0,2117,1180,3027,7690,34.0,5082,11.0,34.0,10206.0,High Quality,4.342987163950238,Moderate,104.3558282208589,+,-,-,Reinvestor
329,BPCL,Mar 2016,11119.0,-9233.0,-1332.0,555.0,337,187815,174844,12971.0,7.0,1913,680,2072,12132,33.0,8089,19.0,25.0,1886.0,High Quality,4.916007773607007,Moderate,14.540127977796624,+,-,-,Reinvestor
330,BPCL,Mar 2017,9041.0,-15274.0,4804.0,-1429.0,338,201251,187468,13783.0,7.0,2721,696,2108,13700,31.0,9507,20.0,49.0,-6233.0,Moderate,7.589527505453389,Moderate,-45.22237538997316,+,-,+,Mixed
331,BPCL,Mar 2018,11068.0,-7066.0,-4218.0,-215.0,339,235895,220578,15317.0,6.0,2927,1186,2885,14174,31.0,9792,21.0,46.0,4002.0,High Quality,2.9954004959833824,Asset Light,26.12783182085265,+,-,-,Reinvestor
332,BPCL,Mar 2019,10157.0,-10451.0,207.0,-87.0,340,298226,283113,15112.0,5.0,2975,1764,3418,12905,34.0,8528,18.0,48.0,-294.0,High Quality,3.5043892886602777,Moderate,-1.9454737956590789,+,-,+,Mixed
333,BPCL,Mar 2020,7881.0,-11135.0,3583.0,329.0,341,284572,275597,8975.0,3.0,1393,2637,4080,3652,0.0,3666,7.0,106.0,-3254.0,High Quality,3.912893749209339,Moderate,-36.25626740947075,+,-,+,Mixed
334,BPCL,Mar 2021,23455.0,-2474.0,-13981.0,7000.0,342,230171,209170,21001.0,9.0,7489,1723,4334,22432,23.0,17320,37.0,102.0,20981.0,High Quality,1.0748530440411694,Asset Light,99.90476643969335,+,-,-,Reinvestor
335,BPCL,Mar 2022,20336.0,-8138.0,-17672.0,-5474.0,343,346791,327654,19137.0,6.0,4939,2606,5434,16037,27.0,11682,27.0,29.0,12198.0,High Quality,2.3466583619528762,Asset Light,63.74039818153315,+,-,-,Reinvestor
336,BPCL,Mar 2023,12466.0,-7806.0,-4402.0,257.0,344,473187,462288,10899.0,2.0,2036,3745,6369,2821,24.0,2131,5.0,40.0,4660.0,High Quality,1.6496649316232272,Asset Light,42.75621616662079,+,-,-,Reinvestor
337,BPCL,Mar 2024,35936.0,-10521.0,-25427.0,-12.0,345,448083,404001,44082.0,10.0,3032,4149,6771,36194,26.0,26859,62.0,33.0,25415.0,High Quality,2.3480024906099985,Asset Light,57.65391769883399,+,-,-,Reinvestor
338,BRITANNIA,Mar 2013,320.0,28.0,-378.0,-30.0,347,6185,5765,421.0,7.0,52,41,73,358,27.0,260,11.0,39.0,348.0,High Quality,0.45270816491511723,Asset Light,82.6603325415677,+,+,-,Liquidating Assets
339,BRITANNIA,Mar 2014,671.0,-246.0,-357.0,68.0,348,6913,6286,627.0,9.0,34,8,83,569,30.0,395,16.0,36.0,425.0,High Quality,3.558512946622306,Moderate,67.78309409888357,+,-,-,Reinvestor
340,BRITANNIA,Mar 2015,584.0,-450.0,-181.0,-47.0,349,7858,6988,870.0,11.0,228,4,144,950,28.0,689,29.0,28.0,134.0,Moderate,5.726648002036142,Moderate,15.402298850574713,+,-,-,Reinvestor
341,BRITANNIA,Mar 2016,959.0,-705.0,-246.0,8.0,350,8397,7174,1224.0,15.0,115,5,113,1220,32.0,825,34.0,29.0,254.0,High Quality,8.395855662736691,Capital Intensive,20.751633986928105,+,-,-,Reinvestor
342,BRITANNIA,Mar 2017,441.0,-150.0,-295.0,-4.0,351,9054,7776,1278.0,14.0,151,5,119,1304,32.0,885,37.0,30.0,291.0,Accrual Risk,1.656726308813784,Asset Light,22.769953051643192,+,-,-,Reinvestor
343,BRITANNIA,Mar 2018,1249.0,-957.0,-232.0,60.0,352,9914,8413,1501.0,15.0,166,8,142,1518,34.0,1004,42.0,30.0,292.0,High Quality,9.653015937058704,Capital Intensive,19.453697534976683,+,-,-,Reinvestor
344,BRITANNIA,Mar 2019,1156.0,-852.0,-353.0,-49.0,353,11055,9322,1732.0,16.0,206,9,162,1768,35.0,1155,48.0,31.0,304.0,High Quality,7.706919945725915,Moderate,17.551963048498845,+,-,-,Reinvestor
345,BRITANNIA,Mar 2020,1485.0,-1526.0,58.0,17.0,354,11600,9756,1843.0,16.0,263,77,185,1844,24.0,1394,58.0,60.0,-41.0,High Quality,13.155172413793103,Capital Intensive,-2.224633749321758,+,-,+,Mixed
346,BRITANNIA,Mar 2021,1876.0,433.0,-2242.0,66.0,355,13136,10627,2509.0,19.0,313,111,198,2514,26.0,1851,77.0,204.0,2309.0,High Quality,3.296285018270402,Moderate,92.02869669190913,+,+,-,Liquidating Assets
347,BRITANNIA,Mar 2022,1300.0,914.0,-2246.0,-32.0,356,14136,11935,2201.0,16.0,222,144,201,2078,27.0,1516,63.0,89.0,2214.0,Moderate,6.46576117713639,Moderate,100.59064061790095,+,+,-,Liquidating Assets
348,BRITANNIA,Mar 2023,2526.0,-1507.0,-1028.0,-9.0,357,16301,13470,2831.0,17.0,597,169,226,3033,24.0,2316,96.0,75.0,1019.0,High Quality,9.24483160542298,Capital Intensive,35.99434828682445,+,-,-,Reinvestor
349,BRITANNIA,Mar 2024,2573.0,477.0,-2830.0,219.0,358,16769,13603,3167.0,19.0,211,164,300,2913,27.0,2134,89.0,83.0,3050.0,High Quality,2.844534557815016,Asset Light,96.30565203662772,+,+,-,Liquidating Assets
350,CANBK,Mar 2013,8010.0,-435.0,-1043.0,6532.0,360,34070,26198,7217.0,655.0,2,3308,191,3771,22.0,2995,12.0,19.0,7575.0,High Quality,1.2767830936307603,Asset Light,104.96050990716364,+,-,-,Reinvestor
351,CANBK,Mar 2014,14244.0,-380.0,-3771.0,10092.0,361,39570,30606,9636.0,-672.0,-2,4144,230,3242,20.0,2672,10.0,19.0,13864.0,High Quality,0.960323477381855,Asset Light,143.87712743877128,+,-,-,Reinvestor
352,CANBK,Mar 2015,6344.0,-1104.0,-1464.0,3776.0,362,43813,34133,10302.0,-621.0,-1,4733,429,3683,22.0,2931,11.0,17.0,5240.0,High Quality,2.5198000593431176,Asset Light,50.863909920403806,+,-,-,Reinvestor
353,CANBK,Mar 2016,9346.0,-443.0,-806.0,8096.0,363,44039,34263,17785.0,-8008.0,-18,5266,172,-2914,-13.0,-2535,-9.0,0.0,8903.0,Accrual Risk,1.0059265650900338,Asset Light,50.059038515603035,+,-,-,Reinvestor
354,CANBK,Mar 2017,2575.0,-476.0,124.0,2224.0,364,41457,31540,15691.0,-5775.0,-14,7852,331,1746,29.0,1411,5.0,4.0,2099.0,High Quality,1.1481776298333213,Asset Light,13.377095150086035,+,-,+,Mixed
355,CANBK,Mar 2018,-11120.0,-487.0,2865.0,-8743.0,365,41345,29113,25582.0,-13350.0,-32,7398,456,-6408,-36.0,-3873,-11.0,0.0,-11607.0,High Quality,1.1778933365582296,Asset Light,-45.37174575873661,-,-,+,Growth Funded by Debt
356,CANBK,Mar 2019,18237.0,-745.0,-1185.0,16307.0,366,47951,32339,27202.0,-11590.0,-24,9907,429,-2111,-99.0,696,2.0,0.0,17492.0,High Quality,1.5536693708160414,Asset Light,64.30409528711124,+,-,-,Reinvestor
357,CANBK,Mar 2020,-5289.0,-445.0,7792.0,2059.0,367,49759,35817,26809.0,-12867.0,-26,11799,446,-1514,34.0,-1921,-4.0,0.0,-5734.0,High Quality,0.8943105769810487,Asset Light,-21.388339736655603,-,-,+,Growth Funded by Debt
358,CANBK,Mar 2021,59118.0,-1116.0,290.0,58291.0,368,70253,45182,43437.0,-18367.0,-26,23086,838,3882,30.0,2957,4.0,0.0,58002.0,High Quality,1.5885442614550267,Asset Light,133.53132122384142,+,-,+,Mixed
359,CANBK,Mar 2022,919.0,-1429.0,4035.0,3525.0,369,70614,43035,41235.0,-13657.0,-19,23643,841,9145,37.0,6158,7.0,19.0,-510.0,Accrual Risk,2.0236780241878383,Asset Light,-1.2368133866860678,+,-,+,Mixed
360,CANBK,Mar 2023,-39978.0,-1156.0,445.0,-40689.0,370,85885,52990,42772.0,-9877.0,-12,25325,1021,14427,25.0,11345,12.0,19.0,-41134.0,Accrual Risk,1.3459859113931418,Asset Light,-96.17039184513233,-,-,+,Growth Funded by Debt
361,CANBK,Mar 2024,15046.0,-1750.0,-3834.0,9462.0,371,110519,72118,46146.0,-7745.0,-7,28646,902,20000,26.0,15401,17.0,19.0,13296.0,Moderate,1.583438141857961,Asset Light,28.81289819269276,+,-,-,Reinvestor
362,CHOLAFIN,Mar 2013,-3754.0,5.0,4067.0,317.0,373,2570,1410,688.0,472.0,18,1,22,452,32.0,308,4.0,16.0,-3749.0,Accrual Risk,0.19455252918287938,Asset Light,-544.9127906976744,-,+,+,Distress Signal
363,CHOLAFIN,Mar 2014,-2447.0,-83.0,2749.0,219.0,374,3279,1769,932.0,578.0,18,1,25,554,34.0,368,5.0,14.0,-2530.0,Accrual Risk,2.531259530344617,Asset Light,-271.45922746781116,-,-,+,Growth Funded by Debt
364,CHOLAFIN,Mar 2015,-2264.0,-40.0,1819.0,-485.0,375,3715,1958,1061.0,696.0,19,0,30,666,33.0,444,6.0,11.0,-2304.0,Accrual Risk,1.0767160161507403,Asset Light,-217.15362865221488,-,-,+,Growth Funded by Debt
365,CHOLAFIN,Mar 2016,-2809.0,-137.0,3031.0,85.0,376,4214,2048,1266.0,899.0,21,2,22,879,35.0,575,7.0,12.0,-2946.0,Accrual Risk,3.251067869008068,Moderate,-232.70142180094786,-,-,+,Growth Funded by Debt
366,CHOLAFIN,Mar 2017,-1468.0,-222.0,1692.0,2.0,377,4694,2228,1322.0,1143.0,24,3,39,1107,35.0,718,9.0,12.0,-1690.0,Accrual Risk,4.729441840647635,Moderate,-127.83661119515885,-,-,+,Growth Funded by Debt
367,CHOLAFIN,Mar 2018,-7926.0,-60.0,8009.0,22.0,378,5559,2657,1451.0,1451.0,26,0,51,1401,34.0,918,12.0,11.0,-7986.0,Accrual Risk,1.0793308148947653,Asset Light,-550.3790489317712,-,-,+,Growth Funded by Debt
368,CHOLAFIN,Mar 2019,-9317.0,-11.0,12191.0,2862.0,379,7108,3588,1632.0,1888.0,27,1,57,1832,35.0,1197,15.0,8.0,-9328.0,Accrual Risk,0.15475520540236354,Asset Light,-571.5686274509804,-,-,+,Growth Funded by Debt
369,CHOLAFIN,Mar 2020,-2075.0,-54.0,2452.0,323.0,380,8712,4592,2421.0,1699.0,20,0,111,1588,34.0,1054,13.0,13.0,-2129.0,Accrual Risk,0.6198347107438017,Asset Light,-87.938868236266,-,-,+,Growth Funded by Debt
370,CHOLAFIN,Mar 2021,-8848.0,-1746.0,8707.0,-1888.0,381,9583,4576,2913.0,2094.0,22,56,102,2048,26.0,1521,19.0,11.0,-10594.0,Accrual Risk,18.21976416571011,Capital Intensive,-363.68005492619295,-,-,+,Growth Funded by Debt
371,CHOLAFIN,Mar 2022,-5571.0,1640.0,5150.0,1218.0,382,10148,4298,2926.0,2924.0,29,84,101,2908,26.0,2154,26.0,8.0,-3931.0,Accrual Risk,16.160819865983445,Capital Intensive,-134.34723171565278,-,+,+,Distress Signal
372,CHOLAFIN,Mar 2023,-27105.0,-2148.0,27466.0,-1787.0,383,12884,5748,3621.0,3515.0,27,220,121,3615,26.0,2665,32.0,6.0,-29253.0,Accrual Risk,16.671841043154302,Capital Intensive,-807.870753935377,-,-,+,Growth Funded by Debt
373,CHOLAFIN,Mar 2024,-35683.0,-2855.0,38471.0,-66.0,384,19163,9231,5385.0,4548.0,24,255,198,4605,26.0,3420,41.0,5.0,-38538.0,Accrual Risk,14.898502322183374,Capital Intensive,-715.6545961002786,-,-,+,Growth Funded by Debt
374,CIPLA,Mar 2013,1398.0,-2063.0,718.0,53.0,386,8279,34,6065.0,2214.0,27,245,330,2095,26.0,1545,19.0,10.0,-665.0,Moderate,24.918468414059667,Capital Intensive,-10.964550700741963,+,-,+,Mixed
375,CIPLA,Mar 2014,1563.0,-1265.0,-266.0,33.0,387,10173,146,8026.0,2147.0,21,251,373,1880,25.0,1404,17.0,12.0,298.0,High Quality,12.434876634227859,Capital Intensive,3.712932967854473,+,-,-,Reinvestor
376,CIPLA,Mar 2015,1173.0,-950.0,165.0,388.0,388,11345,168,9183.0,2163.0,19,164,505,1654,24.0,1229,15.0,14.0,223.0,Moderate,8.373732921992067,Capital Intensive,2.428400304911249,+,-,+,Mixed
377,CIPLA,Mar 2016,1741.0,-4533.0,3104.0,312.0,389,13790,207,11310.0,2480.0,18,208,754,1727,19.0,1383,17.0,12.0,-2792.0,High Quality,32.871646120377086,Capital Intensive,-24.68611847922193,+,-,+,Mixed
378,CIPLA,Mar 2017,2382.0,-1304.0,-1326.0,-248.0,390,14394,159,11898.0,2496.0,17,208,1323,1222,15.0,1035,13.0,16.0,1078.0,High Quality,9.059330276504099,Capital Intensive,9.060346276685157,+,-,-,Reinvestor
379,CIPLA,Mar 2018,1463.0,-834.0,-385.0,243.0,391,15156,114,12329.0,2826.0,19,280,1323,1669,15.0,1417,18.0,17.0,629.0,High Quality,5.5027711797308,Moderate,5.1017925216968125,+,-,-,Reinvestor
380,CIPLA,Mar 2019,1691.0,-1688.0,-349.0,-345.0,392,16362,168,13265.0,3097.0,19,477,1326,2079,27.0,1492,19.0,16.0,3.0,High Quality,10.316587214276982,Capital Intensive,0.022615906520919715,+,-,-,Reinvestor
381,CIPLA,Mar 2020,3068.0,114.0,-2949.0,234.0,393,17132,197,13926.0,3206.0,19,344,1175,2178,29.0,1500,19.0,21.0,3182.0,High Quality,0.6654214335745973,Asset Light,22.84934654602901,+,+,-,Liquidating Assets
382,CIPLA,Mar 2021,3755.0,-2374.0,-1240.0,141.0,394,19160,161,14907.0,4252.0,22,266,1068,3290,27.0,2389,30.0,17.0,1381.0,High Quality,12.390396659707724,Capital Intensive,9.264104112162071,+,-,-,Reinvestor
383,CIPLA,Mar 2022,3326.0,-1858.0,-1600.0,-132.0,395,21763,106,17211.0,4553.0,21,99,1052,3493,27.0,2547,31.0,16.0,1468.0,High Quality,8.537425906354823,Capital Intensive,8.529428853640114,+,-,-,Reinvestor
384,CIPLA,Mar 2023,3238.0,-2376.0,-958.0,-97.0,396,22753,110,17726.0,5027.0,22,293,1172,4038,30.0,2833,35.0,24.0,862.0,High Quality,10.442579000571353,Capital Intensive,4.862913234796344,+,-,-,Reinvestor
385,CIPLA,Mar 2024,4134.0,-2982.0,-1200.0,-49.0,397,25774,90,19483.0,6291.0,24,552,1051,5702,27.0,4154,51.0,25.0,1152.0,Moderate,11.569799022270505,Capital Intensive,5.912847097469589,+,-,-,Reinvestor
386,COALINDIA,Mar 2013,9109.0,-1833.0,-7852.0,-575.0,399,68303,46,50216.0,18087.0,26,8752,1813,24979,31.0,17356,27.0,51.0,7276.0,Moderate,2.683630294423378,Asset Light,14.489405767086188,+,-,-,Reinvestor
387,COALINDIA,Mar 2014,14525.0,8580.0,-25350.0,-2246.0,400,70608,59,52842.0,17766.0,25,7169,1996,22880,34.0,15112,24.0,121.0,23105.0,Moderate,12.151597552685248,Capital Intensive,43.724688694598996,+,+,-,Liquidating Assets
388,COALINDIA,Mar 2015,14382.0,894.0,-15026.0,250.0,401,74120,9,56777.0,17343.0,23,6570,2320,21584,36.0,13727,22.0,95.0,15276.0,High Quality,1.2061521856449002,Asset Light,26.90526093312433,+,+,-,Liquidating Assets
389,COALINDIA,Mar 2016,13154.0,8154.0,-19587.0,1721.0,402,77861,388,59147.0,18714.0,24,5939,2826,21440,33.0,14267,23.0,121.0,21308.0,Moderate,10.472508701403784,Capital Intensive,36.02549579860348,+,+,-,Liquidating Assets
390,COALINDIA,Mar 2017,16461.0,455.0,-17598.0,-682.0,403,78164,410,65716.0,12448.0,16,5316,2907,14446,36.0,9280,15.0,133.0,16916.0,High Quality,0.5821094109820377,Asset Light,25.741067624322845,+,+,-,Liquidating Assets
391,COALINDIA,Mar 2018,21115.0,-7747.0,-13564.0,-196.0,404,85244,430,75956.0,9288.0,11,4975,3063,10770,35.0,7038,11.0,146.0,13368.0,High Quality,9.088029656046173,Capital Intensive,17.59966296276792,+,-,-,Reinvestor
392,COALINDIA,Mar 2019,16356.0,-7896.0,-10885.0,-2426.0,405,99586,264,74579.0,25007.0,25,5834,3450,27127,36.0,17464,28.0,46.0,8460.0,Moderate,7.928825336894745,Moderate,11.343675833679722,+,-,-,Reinvestor
393,COALINDIA,Mar 2020,4977.0,1033.0,-4791.0,1219.0,406,96080,503,74500.0,21581.0,22,6444,3451,24071,31.0,16700,27.0,44.0,6010.0,Accrual Risk,1.0751457119067445,Asset Light,8.067114093959733,+,+,-,Liquidating Assets
394,COALINDIA,Mar 2021,10592.0,182.0,-8453.0,2321.0,407,90026,642,71398.0,18628.0,21,3742,3718,18009,29.0,12702,21.0,78.0,10774.0,Moderate,0.20216381934107922,Asset Light,15.090058545057284,+,+,-,Liquidating Assets
395,COALINDIA,Mar 2022,41107.0,-25715.0,-13441.0,1951.0,408,109715,541,84995.0,24721.0,23,3866,4429,23616,26.0,17378,28.0,60.0,15392.0,High Quality,23.43799845053092,Capital Intensive,18.109300547091006,+,-,-,Reinvestor
396,COALINDIA,Mar 2023,35734.0,-23465.0,-13704.0,-1436.0,409,138252,684,94020.0,44232.0,32,6560,6833,43275,27.0,31723,52.0,47.0,12269.0,High Quality,16.972629690709716,Capital Intensive,13.049351201871943,+,-,-,Reinvestor
397,COALINDIA,Mar 2024,18103.0,-4486.0,-13899.0,-282.0,410,142324,819,94352.0,47971.0,34,8396,6735,48813,23.0,37369,61.0,42.0,13617.0,Accrual Risk,3.151963126387679,Moderate,14.432126505002543,+,-,-,Reinvestor
398,DABUR,Mar 2013,870.0,-622.0,-234.0,13.0,412,6140,5148,992.0,16.0,100,59,85,948,19.0,766,4.0,34.0,248.0,High Quality,10.13029315960912,Capital Intensive,25.0,+,-,-,Reinvestor
399,DABUR,Mar 2014,1098.0,-104.0,-804.0,190.0,413,7058,5897,1162.0,16.0,126,54,97,1136,19.0,916,5.0,33.0,994.0,High Quality,1.4735052422782657,Asset Light,85.54216867469879,+,-,-,Reinvestor
400,DABUR,Mar 2015,1047.0,-876.0,-417.0,-245.0,414,7795,6475,1320.0,17.0,154,40,115,1319,19.0,1068,6.0,33.0,171.0,Moderate,11.237973059653624,Capital Intensive,12.954545454545455,+,-,-,Reinvestor
401,DABUR,Mar 2016,1187.0,-730.0,-374.0,82.0,415,7780,6261,1518.0,20.0,217,48,133,1554,19.0,1254,7.0,32.0,457.0,Moderate,9.383033419023135,Capital Intensive,30.10540184453228,+,-,-,Reinvestor
402,DABUR,Mar 2017,1227.0,-807.0,-339.0,81.0,416,7614,6102,1512.0,20.0,296,54,143,1611,21.0,1280,7.0,31.0,420.0,Moderate,10.598896769109535,Capital Intensive,27.77777777777778,+,-,-,Reinvestor
403,DABUR,Mar 2018,1092.0,-541.0,-577.0,-27.0,417,7722,6104,1617.0,21.0,291,53,162,1693,20.0,1358,8.0,81.0,551.0,Moderate,7.005957005957006,Moderate,34.07544836116265,+,-,-,Reinvestor
404,DABUR,Mar 2019,1499.0,338.0,-1888.0,-51.0,418,8515,6775,1740.0,20.0,222,60,177,1725,16.0,1446,8.0,34.0,1837.0,High Quality,3.969465648854962,Moderate,105.57471264367817,+,+,-,Liquidating Assets
405,DABUR,Mar 2020,1614.0,-517.0,-1043.0,54.0,419,8685,6892,1792.0,21.0,205,50,220,1728,16.0,1448,8.0,37.0,1097.0,High Quality,5.952792170408751,Moderate,61.21651785714286,+,-,-,Reinvestor
406,DABUR,Mar 2021,2115.0,-1404.0,-613.0,97.0,420,9562,7560,2002.0,21.0,325,31,240,2056,18.0,1695,10.0,50.0,711.0,High Quality,14.683120686048944,Capital Intensive,35.514485514485514,+,-,-,Reinvestor
407,DABUR,Mar 2022,1802.0,-1273.0,-490.0,38.0,421,10889,8637,2252.0,21.0,308,39,253,2269,23.0,1742,10.0,53.0,529.0,High Quality,11.690697033703739,Capital Intensive,23.490230905861456,+,-,-,Reinvestor
408,DABUR,Mar 2023,1488.0,-583.0,-1035.0,-130.0,422,11530,9367,2162.0,19.0,445,78,311,2219,23.0,1701,10.0,54.0,905.0,Moderate,5.056374674761492,Moderate,41.859389454209065,+,-,-,Reinvestor
409,DABUR,Mar 2024,2013.0,-971.0,-1161.0,-119.0,423,12404,10004,2400.0,19.0,482,124,399,2359,23.0,1811,10.0,53.0,1042.0,High Quality,7.828119961302805,Moderate,43.416666666666664,+,-,-,Reinvestor
410,DIVISLAB,Mar 2013,480.0,-255.0,-231.0,-5.0,425,2145,1329,816.0,38.0,45,3,77,781,23.0,602,23.0,33.0,225.0,Moderate,11.888111888111888,Capital Intensive,27.573529411764707,+,-,-,Reinvestor
411,DIVISLAB,Mar 2014,557.0,-305.0,-248.0,3.0,426,2532,1514,1018.0,40.0,68,3,92,991,22.0,773,29.0,34.0,252.0,Moderate,12.045813586097946,Capital Intensive,24.75442043222004,+,-,-,Reinvestor
412,DIVISLAB,Mar 2015,826.0,-521.0,-303.0,3.0,427,3115,1942,1173.0,38.0,38,3,136,1072,21.0,852,32.0,31.0,305.0,Moderate,16.725521669341894,Capital Intensive,26.001705029838025,+,-,-,Reinvestor
413,DIVISLAB,Mar 2016,1038.0,-406.0,-631.0,0.0,428,3776,2354,1423.0,38.0,93,5,118,1393,19.0,1126,42.0,24.0,632.0,Moderate,10.752118644067798,Capital Intensive,44.41321152494729,+,-,-,Reinvestor
414,DIVISLAB,Mar 2017,1150.0,-1140.0,2.0,13.0,429,4064,2615,1450.0,36.0,72,3,123,1395,24.0,1060,40.0,25.0,10.0,High Quality,28.051181102362204,Capital Intensive,0.6896551724137931,+,-,+,Mixed
415,DIVISLAB,Mar 2018,776.0,-478.0,-314.0,-17.0,430,3891,2622,1269.0,33.0,107,2,142,1231,29.0,877,33.0,30.0,298.0,Moderate,12.284759701876125,Capital Intensive,23.483057525610718,+,-,-,Reinvestor
416,DIVISLAB,Mar 2019,954.0,-685.0,-246.0,23.0,431,4946,3072,1874.0,38.0,154,5,169,1855,27.0,1353,51.0,31.0,269.0,Moderate,13.849575414476345,Capital Intensive,14.354322305229456,+,-,-,Reinvestor
417,DIVISLAB,Mar 2020,1216.0,-83.0,-1091.0,41.0,432,5394,3568,1826.0,34.0,186,7,186,1819,24.0,1377,52.0,31.0,1133.0,Moderate,1.538746755654431,Asset Light,62.048192771084345,+,-,-,Reinvestor
418,DIVISLAB,Mar 2021,1947.0,75.0,-35.0,1987.0,433,6969,4102,2867.0,41.0,57,2,256,2666,26.0,1984,75.0,27.0,2022.0,Moderate,1.076194575979337,Asset Light,70.52668294384374,+,+,-,Liquidating Assets
419,DIVISLAB,Mar 2022,1912.0,-2195.0,-532.0,-816.0,434,8960,5075,3885.0,43.0,112,2,312,3684,20.0,2960,112.0,27.0,-283.0,Moderate,24.497767857142858,Capital Intensive,-7.284427284427284,+,-,-,Reinvestor
420,DIVISLAB,Mar 2023,2459.0,-2707.0,-797.0,-1045.0,435,7767,5397,2370.0,31.0,344,2,343,2369,23.0,1824,69.0,44.0,-248.0,High Quality,34.852581434273205,Capital Intensive,-10.464135021097047,+,-,-,Reinvestor
421,DIVISLAB,Mar 2024,1261.0,-269.0,-799.0,193.0,436,7845,5635,2210.0,28.0,335,4,378,2163,26.0,1600,60.0,50.0,992.0,Moderate,3.4289356277884,Moderate,44.8868778280543,+,-,-,Reinvestor
422,DLF,Mar 2013,2009.0,1995.0,-3951.0,52.0,438,7773,5140,2633.0,34.0,1279,2314,796,802,17.0,667,4.0,48.0,4004.0,High Quality,25.6657661134697,Capital Intensive,152.06988226357768,+,+,-,Liquidating Assets
423,DLF,Mar 2014,1468.0,3924.0,-4532.0,860.0,439,8298,5805,2493.0,30.0,1133,2463,663,500,-16.0,590,4.0,55.0,5392.0,High Quality,47.288503253796094,Capital Intensive,216.2855996791015,+,+,-,Liquidating Assets
424,DLF,Mar 2015,2037.0,98.0,-1547.0,588.0,440,7649,4635,3014.0,39.0,503,2304,545,668,24.0,507,3.0,66.0,2135.0,High Quality,1.2812132304876453,Asset Light,70.836098208361,+,+,-,Liquidating Assets
425,DLF,Mar 2016,2957.0,-818.0,-1929.0,210.0,441,9926,5960,3966.0,40.0,506,2680,766,1026,55.0,305,2.0,117.0,2139.0,High Quality,8.240983276244208,Capital Intensive,53.933434190620275,+,-,-,Reinvestor
426,DLF,Mar 2017,-898.0,872.0,787.0,761.0,442,8221,4775,3446.0,42.0,1135,2980,572,1030,22.0,708,4.0,50.0,-26.0,Accrual Risk,10.60698211896363,Capital Intensive,-0.7544979686593152,-,+,+,Distress Signal
427,DLF,Mar 2018,270.0,-2102.0,-232.0,-2064.0,443,6707,4329,2378.0,35.0,9722,2951,534,8615,50.0,4477,25.0,8.0,-1832.0,Accrual Risk,31.34039063664828,Capital Intensive,-77.03952901597981,+,-,-,Reinvestor
428,DLF,Mar 2019,2043.0,3.0,875.0,2921.0,444,8366,6218,2148.0,26.0,784,2062,225,646,43.0,1314,6.0,33.0,2046.0,High Quality,0.03585943103036098,Asset Light,95.25139664804469,+,+,+,Cash Accumulator
429,DLF,Mar 2020,356.0,6508.0,-9522.0,-2658.0,445,6083,4937,1146.0,19.0,1135,1427,200,653,99.0,-590,-2.0,-85.0,6864.0,Accrual Risk,106.98668420187407,Capital Intensive,598.9528795811518,+,+,-,Liquidating Assets
430,DLF,Mar 2021,1460.0,150.0,-2184.0,-573.0,446,5414,3945,1469.0,27.0,383,853,159,840,43.0,1083,4.0,45.0,1610.0,High Quality,2.7705947543405984,Asset Light,109.59836623553439,+,+,-,Liquidating Assets
431,DLF,Mar 2022,2832.0,267.0,-3828.0,-729.0,447,5717,3974,1743.0,30.0,195,625,149,1165,28.0,1500,6.0,49.0,3099.0,High Quality,4.67028161623229,Moderate,177.79690189328744,+,+,-,Liquidating Assets
432,DLF,Mar 2023,2375.0,-461.0,-2013.0,-98.0,448,5695,3969,1726.0,30.0,317,392,149,1502,27.0,2034,8.0,49.0,1914.0,High Quality,8.094820017559263,Capital Intensive,110.89223638470452,+,-,-,Reinvestor
433,DLF,Mar 2024,2539.0,-1529.0,177.0,1186.0,449,6427,4303,2124.0,33.0,531,356,148,2151,24.0,2724,11.0,45.0,1010.0,Moderate,23.79025984129454,Capital Intensive,47.55178907721281,+,-,+,Mixed
434,DMART,Mar 2013,127.0,-231.0,118.0,14.0,451,3341,3126,215.0,6.0,15,43,46,141,34.0,94,2.0,0.0,-104.0,High Quality,6.914097575576175,Moderate,-48.372093023255815,+,-,+,Mixed
435,DMART,Mar 2014,198.0,-270.0,65.0,-7.0,452,4686,4345,341.0,7.0,16,56,57,245,34.0,161,3.0,0.0,-72.0,High Quality,5.761843790012804,Moderate,-21.114369501466275,+,-,+,Mixed
436,DMART,Mar 2015,222.0,-474.0,234.0,-17.0,453,6439,5983,456.0,7.0,20,72,82,323,34.0,212,4.0,0.0,-252.0,High Quality,7.361391520422426,Moderate,-55.26315789473685,+,-,+,Mixed
437,DMART,Mar 2016,433.0,-633.0,196.0,-3.0,454,8584,7919,664.0,8.0,17,91,98,492,35.0,320,6.0,0.0,-200.0,High Quality,7.374184529356944,Moderate,-30.120481927710845,+,-,+,Mixed
438,DMART,Mar 2017,455.0,-2482.0,2025.0,-1.0,455,11898,10929,969.0,8.0,28,122,128,747,36.0,479,8.0,0.0,-2027.0,Moderate,20.860648848545974,Capital Intensive,-209.18472652218782,+,-,+,Mixed
439,DMART,Mar 2018,730.0,464.0,-1159.0,34.0,456,15033,13680,1353.0,9.0,88,60,159,1222,34.0,806,13.0,0.0,1194.0,Moderate,3.086542938867824,Moderate,88.24833702882484,+,+,-,Liquidating Assets
440,DMART,Mar 2019,807.0,-958.0,209.0,57.0,457,20005,18371,1633.0,8.0,48,47,212,1422,37.0,902,14.0,0.0,-151.0,Moderate,4.788802799300175,Moderate,-9.246785058175137,+,-,+,Mixed
441,DMART,Mar 2020,1280.0,-4657.0,3357.0,-19.0,458,24870,22742,2128.0,9.0,60,69,374,1745,25.0,1301,20.0,0.0,-3377.0,Moderate,18.725371934057097,Capital Intensive,-158.6936090225564,+,-,+,Mixed
442,DMART,Mar 2021,1375.0,-1110.0,-180.0,86.0,459,24143,22398,1745.0,7.0,194,42,414,1483,26.0,1099,17.0,0.0,265.0,High Quality,4.59760593132585,Moderate,15.18624641833811,+,-,-,Reinvestor
443,DMART,Mar 2022,1372.0,-1289.0,-179.0,-96.0,460,30976,28474,2502.0,8.0,114,54,498,2064,28.0,1492,23.0,0.0,83.0,Moderate,4.161286157024794,Moderate,3.317346123101519,+,-,-,Reinvestor
444,DMART,Mar 2023,2630.0,-2313.0,-205.0,112.0,461,42840,39201,3639.0,8.0,128,67,639,3060,22.0,2378,37.0,0.0,317.0,High Quality,5.399159663865547,Moderate,8.711184391316296,+,-,-,Reinvestor
445,DMART,Mar 2024,2746.0,-2468.0,-148.0,130.0,462,50789,46683,4106.0,8.0,145,58,731,3461,27.0,2536,39.0,0.0,278.0,High Quality,4.8593199314812265,Moderate,6.770579639551875,+,-,-,Reinvestor
446,DRREDDY,Mar 2013,1378.0,-1437.0,-157.0,-216.0,464,11833,9164,2669.0,23.0,146,100,550,2165,29.0,1527,18.0,17.0,-59.0,Moderate,12.144004056452294,Capital Intensive,-2.210565754964406,+,-,-,Reinvestor
447,DRREDDY,Mar 2014,1970.0,-1604.0,-24.0,342.0,465,13415,10164,3251.0,24.0,170,127,648,2646,26.0,1963,23.0,16.0,366.0,High Quality,11.956764815505032,Capital Intensive,11.258074438634265,+,-,-,Reinvestor
448,DRREDDY,Mar 2015,2524.0,-2370.0,-433.0,-280.0,466,15023,11515,3508.0,23.0,260,108,760,2900,19.0,2336,27.0,15.0,154.0,High Quality,15.775810424016509,Capital Intensive,4.389965792474344,+,-,-,Reinvestor
449,DRREDDY,Mar 2016,3263.0,-1610.0,-1700.0,-47.0,467,15568,11983,3585.0,23.0,295,83,939,2859,26.0,2131,25.0,16.0,1653.0,High Quality,10.341726618705035,Capital Intensive,46.10878661087866,+,-,-,Reinvestor
450,DRREDDY,Mar 2017,2144.0,-1890.0,-369.0,-114.0,468,14196,11724,2472.0,17.0,172,79,1027,1554,19.0,1292,16.0,26.0,254.0,High Quality,13.313609467455622,Capital Intensive,10.275080906148867,+,-,-,Reinvestor
451,DRREDDY,Mar 2018,1803.0,-1483.0,-444.0,-124.0,469,14281,11930,2351.0,16.0,155,79,1077,1350,32.0,947,11.0,35.0,320.0,High Quality,10.384426860864085,Capital Intensive,13.611229264142919,+,-,-,Reinvestor
452,DRREDDY,Mar 2019,2870.0,-769.0,-2133.0,-31.0,470,15448,12270,3178.0,21.0,381,89,1135,2336,17.0,1950,23.0,17.0,2101.0,High Quality,4.9779906784049714,Moderate,66.11076148521082,+,-,-,Reinvestor
453,DRREDDY,Mar 2020,2984.0,-495.0,-2516.0,-27.0,471,17517,15040,2477.0,14.0,670,98,1163,1886,-7.0,2026,24.0,21.0,2489.0,High Quality,2.825826340126734,Asset Light,100.48445700444087,+,-,-,Reinvestor
454,DRREDDY,Mar 2021,3570.0,-2255.0,-30.0,1286.0,472,19048,15173,3874.0,20.0,335,97,1229,2884,32.0,1952,23.0,21.0,1315.0,High Quality,11.838513229735405,Capital Intensive,33.9442436757873,+,-,-,Reinvestor
455,DRREDDY,Mar 2022,2811.0,-2565.0,-242.0,3.0,473,21545,17778,3768.0,17.0,555,96,1165,3061,29.0,2182,26.0,23.0,246.0,High Quality,11.90531445811093,Capital Intensive,6.528662420382165,+,-,-,Reinvestor
456,DRREDDY,Mar 2023,5888.0,-4109.0,-2686.0,-907.0,474,24670,18200,6470.0,26.0,971,143,1250,6048,25.0,4507,54.0,15.0,1779.0,High Quality,16.65585731657884,Capital Intensive,27.496136012364758,+,-,-,Reinvestor
457,DRREDDY,Mar 2024,4543.0,-4034.0,-376.0,133.0,475,28011,20078,7933.0,28.0,909,171,1470,7201,23.0,5578,67.0,12.0,509.0,Moderate,14.401485130841454,Capital Intensive,6.416235976301525,+,-,-,Reinvestor
458,EICHERMOT,Dec 2012,496.0,-773.0,-111.0,-388.0,477,6390,5840,550.0,9.0,136,4,82,600,21.0,475,12.0,17.0,-277.0,High Quality,12.097026604068857,Capital Intensive,-50.36363636363637,+,-,-,Reinvestor
459,EICHERMOT,Dec 2013,716.0,-790.0,-47.0,-121.0,478,6810,6094,715.0,11.0,93,8,130,671,22.0,525,15.0,21.0,-74.0,High Quality,11.600587371512482,Capital Intensive,-10.34965034965035,+,-,-,Reinvestor
460,EICHERMOT,Dec 2014,1047.0,-1214.0,-162.0,-329.0,479,8738,7621,1118.0,13.0,105,10,220,993,29.0,702,23.0,22.0,-167.0,High Quality,13.893339436942092,Capital Intensive,-14.937388193202148,+,-,-,Reinvestor
461,EICHERMOT,Mar 2016,1463.0,-1001.0,-466.0,-4.0,480,6173,4484,1690.0,27.0,326,2,137,1877,29.0,1338,49.0,20.0,462.0,High Quality,16.215778389761866,Capital Intensive,27.337278106508876,+,-,-,Reinvestor
462,EICHERMOT,Mar 2017,1708.0,-1744.0,25.0,-10.0,481,7033,4859,2174.0,31.0,416,4,154,2433,30.0,1667,61.0,16.0,-36.0,High Quality,24.797383762263614,Capital Intensive,-1.6559337626494939,+,-,+,Mixed
463,EICHERMOT,Mar 2018,2482.0,-2145.0,-262.0,75.0,482,8965,6156,2809.0,31.0,536,5,223,3116,30.0,1960,72.0,15.0,337.0,High Quality,23.92638036809816,Capital Intensive,11.997152011391954,+,-,-,Reinvestor
464,EICHERMOT,Mar 2019,1575.0,-660.0,-292.0,623.0,483,9797,6893,2904.0,30.0,701,7,300,3297,33.0,2203,81.0,15.0,915.0,Moderate,6.7367561498417885,Moderate,31.508264462809915,+,-,-,Reinvestor
465,EICHERMOT,Mar 2020,1694.0,-1508.0,-858.0,-673.0,484,9154,6971,2183.0,24.0,572,19,382,2355,22.0,1827,67.0,19.0,186.0,Moderate,16.473672711383003,Capital Intensive,8.520384791571232,+,-,-,Reinvestor
466,EICHERMOT,Mar 2021,1691.0,-1625.0,-15.0,51.0,485,8720,6937,1783.0,20.0,482,16,451,2203,25.0,1347,49.0,34.0,66.0,High Quality,18.63532110091743,Capital Intensive,3.701626472237801,+,-,-,Reinvestor
467,EICHERMOT,Mar 2022,1527.0,-983.0,-593.0,-50.0,486,10298,8120,2178.0,21.0,496,19,452,2203,24.0,1677,61.0,34.0,544.0,Moderate,9.545542823849292,Capital Intensive,24.97704315886134,+,-,-,Reinvestor
468,EICHERMOT,Mar 2023,2823.0,-2397.0,-417.0,8.0,487,14442,10996,3446.0,24.0,908,28,526,3800,23.0,2914,107.0,35.0,426.0,Moderate,16.597424179476526,Capital Intensive,12.362159024956473,+,-,-,Reinvestor
469,EICHERMOT,Mar 2024,3724.0,-2834.0,-844.0,45.0,488,16536,12206,4329.0,26.0,1521,51,598,5202,23.0,4001,146.0,35.0,890.0,Moderate,17.138364779874212,Capital Intensive,20.559020559020556,+,-,-,Reinvestor
470,GAIL,Mar 2013,6603.0,-8626.0,3642.0,1618.0,490,50974,43547,7427.0,15.0,887,437,1319,6558,34.0,4367,6.0,28.0,-2023.0,High Quality,16.9223525718994,Capital Intensive,-27.238454288407166,+,-,+,Mixed
471,GAIL,Mar 2014,4615.0,-4466.0,-3.0,146.0,491,61765,53777,7988.0,13.0,1247,669,1644,6922,32.0,4786,7.0,28.0,149.0,Moderate,7.230632235084594,Moderate,1.8652979469203805,+,-,-,Reinvestor
472,GAIL,Mar 2015,4214.0,-2809.0,-3058.0,-1653.0,492,60557,54926,5631.0,9.0,945,652,1433,4492,32.0,3160,5.0,24.0,1405.0,High Quality,4.638604950707598,Moderate,24.951163203693838,+,-,-,Reinvestor
473,GAIL,Mar 2016,3960.0,-904.0,-3028.0,29.0,493,52053,47517,4536.0,9.0,731,822,1496,2949,37.0,1874,3.0,37.0,3056.0,High Quality,1.7366914490999559,Asset Light,67.3721340388007,+,-,-,Reinvestor
474,GAIL,Mar 2017,6024.0,-334.0,-5275.0,415.0,494,48552,42531,6021.0,12.0,1212,509,1541,5183,35.0,3374,5.0,56.0,5690.0,High Quality,0.6879222277146152,Asset Light,94.50257432320213,+,-,-,Reinvestor
475,GAIL,Mar 2018,8769.0,-2660.0,-5252.0,858.0,495,54496,46695,7802.0,14.0,948,295,1527,6928,31.0,4805,7.0,43.0,6109.0,High Quality,4.881092190252496,Moderate,78.30043578569598,+,-,-,Reinvestor
476,GAIL,Mar 2019,7984.0,-5701.0,-3364.0,-1081.0,496,76190,66252,9938.0,13.0,1719,159,1667,9831,33.0,6553,10.0,25.0,2283.0,High Quality,7.4826092663079145,Moderate,22.97242906017307,+,-,-,Reinvestor
477,GAIL,Mar 2020,8345.0,-8299.0,281.0,328.0,497,72518,63495,9022.0,12.0,3796,309,2080,10429,9.0,9515,14.0,31.0,46.0,Moderate,11.444055269036653,Capital Intensive,0.509864774994458,+,-,+,Mixed
478,GAIL,Mar 2021,8993.0,-4640.0,-3471.0,882.0,498,57372,50127,7245.0,13.0,2833,179,2174,7725,20.0,6143,9.0,36.0,4353.0,High Quality,8.087568848915847,Capital Intensive,60.082815734989644,+,-,-,Reinvestor
479,GAIL,Mar 2022,9420.0,-5490.0,-3917.0,13.0,499,92770,77608,15161.0,16.0,2925,202,2420,15464,20.0,12304,18.0,36.0,3930.0,Moderate,5.917861377600517,Moderate,25.921772970120706,+,-,-,Reinvestor
480,GAIL,Mar 2023,3205.0,-7453.0,2972.0,-1276.0,500,145668,138168,7500.0,5.0,2822,365,2702,7256,23.0,5596,9.0,59.0,-4248.0,Moderate,5.116429140236703,Moderate,-56.64,+,-,+,Mixed
481,GAIL,Mar 2024,12586.0,-8226.0,-3457.0,902.0,501,133228,118914,14314.0,11.0,2672,719,3672,12595,21.0,9903,15.0,37.0,4360.0,High Quality,6.174377758429158,Moderate,30.459689814167945,+,-,-,Reinvestor
482,GODREJCP,Mar 2013,820.0,-865.0,282.0,237.0,503,6412,5417,995.0,16.0,194,87,77,1025,17.0,845,8.0,22.0,-45.0,Moderate,13.490330630068623,Capital Intensive,-4.522613065326634,+,-,+,Mixed
483,GODREJCP,Mar 2014,1116.0,-494.0,-620.0,1.0,504,7599,6430,1169.0,15.0,62,120,82,1030,20.0,819,7.0,24.0,622.0,High Quality,6.500855375707331,Moderate,53.207869974337044,+,-,-,Reinvestor
484,GODREJCP,Mar 2015,1027.0,-1236.0,-12.0,-221.0,505,8273,6894,1379.0,17.0,73,112,91,1249,22.0,976,9.0,21.0,-209.0,High Quality,14.940166807687657,Capital Intensive,-15.155910079767947,+,-,-,Reinvestor
485,GODREJCP,Mar 2016,847.0,-622.0,-202.0,23.0,506,8424,6766,1657.0,20.0,-262,128,101,1167,29.0,831,8.0,24.0,225.0,High Quality,7.383665716999051,Moderate,13.578756789378394,+,-,-,Reinvestor
486,GODREJCP,Mar 2017,1860.0,-2243.0,665.0,282.0,507,9268,7361,1907.0,21.0,76,154,142,1687,22.0,1308,13.0,39.0,-383.0,High Quality,24.201553733275787,Capital Intensive,-20.08390141583639,+,-,+,Mixed
487,GODREJCP,Mar 2018,1723.0,-336.0,-1384.0,3.0,508,9847,7763,2084.0,21.0,283,173,156,2039,20.0,1634,16.0,42.0,1387.0,High Quality,3.4122067634812634,Moderate,66.55470249520154,+,-,-,Reinvestor
488,GODREJCP,Mar 2019,1729.0,274.0,-2039.0,-36.0,509,10314,8183,2132.0,21.0,362,238,170,2085,-12.0,2342,23.0,44.0,2003.0,Moderate,2.6565832848555364,Asset Light,93.94934333958724,+,+,-,Liquidating Assets
489,GODREJCP,Mar 2020,1588.0,-552.0,-1295.0,-259.0,510,9911,7757,2154.0,22.0,32,228,197,1760,15.0,1497,15.0,55.0,1036.0,High Quality,5.569569165573605,Moderate,48.09656453110492,+,-,-,Reinvestor
490,GODREJCP,Mar 2021,2030.0,-292.0,-1816.0,-79.0,511,11029,8629,2399.0,22.0,23,138,204,2080,17.0,1721,17.0,0.0,1738.0,High Quality,2.64756550911234,Asset Light,72.4468528553564,+,-,-,Reinvestor
491,GODREJCP,Mar 2022,1451.0,-844.0,-380.0,227.0,512,12276,9867,2409.0,20.0,78,122,210,2155,17.0,1783,17.0,0.0,607.0,Moderate,6.875203649397197,Moderate,25.197177251971777,+,-,-,Reinvestor
492,GODREJCP,Mar 2023,2151.0,-1754.0,-794.0,-398.0,513,13316,10873,2443.0,18.0,114,188,236,2133,20.0,1702,17.0,0.0,397.0,High Quality,13.172123760889157,Capital Intensive,16.250511665984448,+,-,-,Reinvestor
493,GODREJCP,Mar 2024,2070.0,-3435.0,1406.0,41.0,514,14096,11139,2957.0,21.0,-2209,310,241,198,99.0,-561,-5.0,,-1365.0,Accrual Risk,24.36861520998865,Capital Intensive,-46.16165032127156,+,-,+,Mixed
494,GRASIM,Mar 2013,4242.0,-5687.0,1348.0,-97.0,516,27909,21986,5924.0,21.0,824,324,1252,5171,28.0,3778,57.0,8.0,-1445.0,High Quality,20.376939338564622,Capital Intensive,-24.392302498311953,+,-,+,Mixed
495,GRASIM,Mar 2014,3549.0,-2336.0,-1046.0,168.0,517,28331,23416,4915.0,17.0,576,447,1457,3586,20.0,2954,44.0,9.0,1213.0,High Quality,8.245384914051746,Capital Intensive,24.679552390640897,+,-,-,Reinvestor
496,GRASIM,Mar 2015,4594.0,-2359.0,-2278.0,-42.0,518,31734,26590,5144.0,16.0,530,667,1563,3443,30.0,2582,37.0,9.0,2235.0,High Quality,7.433667359929413,Moderate,43.44867807153966,+,-,-,Reinvestor
497,GRASIM,Mar 2016,5868.0,-4515.0,-1365.0,-11.0,519,34487,28576,5911.0,17.0,1320,718,1834,4679,26.0,3455,51.0,9.0,1353.0,High Quality,13.091889697567199,Capital Intensive,22.889527998646592,+,-,-,Reinvestor
498,GRASIM,Mar 2017,7288.0,-3509.0,-3799.0,-20.0,520,36068,28682,7387.0,20.0,1076,702,1808,5952,29.0,4246,66.0,8.0,3779.0,High Quality,9.728845514029057,Capital Intensive,51.157438743739,+,-,-,Reinvestor
499,GRASIM,Mar 2018,-4140.0,1546.0,3449.0,856.0,521,55894,44281,11612.0,21.0,410,3663,2724,5635,35.0,3688,39.0,15.0,-2594.0,Accrual Risk,2.7659498336136257,Asset Light,-22.338959696865313,-,+,+,Distress Signal
500,GRASIM,Mar 2019,-1659.0,-2212.0,4158.0,287.0,522,77200,60560,16640.0,22.0,-1846,6060,3571,5163,47.0,2745,25.0,27.0,-3871.0,Accrual Risk,2.865284974093264,Asset Light,-23.263221153846153,-,-,+,Growth Funded by Debt
501,GRASIM,Mar 2020,16620.0,-11364.0,-3418.0,1838.0,523,68252,57880,10373.0,15.0,7076,6890,4004,6554,-1.0,6639,65.0,6.0,5256.0,High Quality,16.650061536658267,Capital Intensive,50.670008676371346,+,-,-,Reinvestor
502,GRASIM,Mar 2021,15075.0,-7146.0,-8003.0,-75.0,524,76404,57769,18635.0,24.0,1130,5723,4033,10009,30.0,6987,63.0,14.0,7929.0,High Quality,9.35291346002827,Capital Intensive,42.54896699758519,+,-,-,Reinvestor
503,GRASIM,Mar 2022,7038.0,-1053.0,-6733.0,-748.0,525,95701,75270,20431.0,21.0,1648,4776,4161,13143,15.0,11206,111.0,9.0,5985.0,Moderate,1.1003019822154418,Asset Light,29.293720326954137,+,-,-,Reinvestor
504,GRASIM,Mar 2023,-12685.0,-13712.0,26469.0,72.0,526,117627,96038,21589.0,18.0,3733,6044,4552,14727,25.0,11078,100.0,10.0,-26397.0,Accrual Risk,11.657187550477357,Capital Intensive,-122.2706007689101,-,-,+,Growth Funded by Debt
505,GRASIM,Mar 2024,-10719.0,-23114.0,33908.0,75.0,527,130978,103783,27195.0,21.0,783,9277,5001,13700,28.0,9926,85.0,12.0,-33833.0,Accrual Risk,17.647238467528897,Capital Intensive,-124.40889869461299,-,-,+,Growth Funded by Debt
506,HAL,Mar 2017,-423.0,3021.0,-164.0,2433.0,533,17950,14714,3236.0,18.0,1044,16,681,3583,27.0,2616,36.0,31.0,2598.0,Accrual Risk,16.83008356545961,Capital Intensive,80.28430160692213,-,+,-,Other
507,HAL,Mar 2018,-734.0,594.0,-2540.0,-2680.0,534,18519,15059,3460.0,19.0,761,35,947,3240,39.0,1987,30.0,54.0,-140.0,Accrual Risk,3.2075166045682812,Moderate,-4.046242774566474,-,+,-,Other
508,HAL,Mar 2019,-7694.0,5292.0,2321.0,-80.0,535,20008,15440,4569.0,23.0,376,177,1024,3742,37.0,2346,35.0,28.0,-2402.0,Accrual Risk,26.44942023190724,Capital Intensive,-52.571678704311665,-,+,+,Distress Signal
509,HAL,Mar 2020,1537.0,-1334.0,64.0,266.0,536,21445,16565,4880.0,23.0,415,359,998,3938,28.0,2842,42.0,39.0,203.0,Moderate,6.2205642340872,Moderate,4.159836065573771,+,-,+,Mixed
510,HAL,Mar 2021,15124.0,-1190.0,-7070.0,6864.0,537,22882,17541,5341.0,23.0,360,267,1157,4277,24.0,3239,48.0,31.0,13934.0,High Quality,5.200594353640416,Moderate,260.88747425575735,+,-,-,Reinvestor
511,HAL,Mar 2022,10180.0,-12789.0,-1464.0,-4072.0,538,24620,19200,5420.0,22.0,986,65,1110,5231,3.0,5086,76.0,26.0,-2609.0,High Quality,51.94557270511779,Capital Intensive,-48.13653136531365,+,-,-,Reinvestor
512,HAL,Mar 2023,8836.0,-5734.0,-1731.0,1370.0,539,26928,20258,6669.0,25.0,1672,64,1784,6493,10.0,5811,87.0,32.0,3102.0,High Quality,21.29382055852644,Capital Intensive,46.51372019793072,+,-,-,Reinvestor
513,HAL,Mar 2024,8226.0,-6412.0,-1999.0,-185.0,540,30381,20631,9749.0,32.0,1899,43,1406,10199,26.0,7595,114.0,31.0,1814.0,High Quality,21.105296073203647,Capital Intensive,18.607036619140423,+,-,-,Reinvestor
514,HAVELLS,Mar 2013,638.0,-144.0,-252.0,242.0,542,7135,6461,674.0,9.0,222,123,110,664,12.0,581,9.0,16.0,494.0,High Quality,2.018220042046251,Asset Light,73.29376854599407,+,-,-,Reinvestor
515,HAVELLS,Mar 2014,868.0,-376.0,-310.0,183.0,543,8051,7274,777.0,10.0,35,102,116,594,25.0,446,7.0,42.0,492.0,High Quality,4.6702273009564035,Moderate,63.32046332046332,+,-,-,Reinvestor
516,HAVELLS,Mar 2015,963.0,-485.0,-754.0,-277.0,544,8468,7713,755.0,9.0,48,96,139,569,32.0,385,6.0,49.0,478.0,High Quality,5.727444496929617,Moderate,63.3112582781457,+,-,-,Reinvestor
517,HAVELLS,Mar 2016,513.0,-121.0,-621.0,-229.0,545,7594,6798,796.0,10.0,949,91,134,1520,14.0,1300,21.0,29.0,392.0,Accrual Risk,1.5933631814590465,Asset Light,49.246231155778894,+,-,-,Reinvestor
518,HAVELLS,Mar 2017,767.0,-220.0,-98.0,450.0,546,6130,5315,815.0,13.0,42,13,121,723,32.0,494,8.0,44.0,547.0,High Quality,3.588907014681892,Moderate,67.11656441717791,+,-,-,Reinvestor
519,HAVELLS,Mar 2018,1100.0,-946.0,-409.0,-255.0,547,8116,7083,1033.0,13.0,97,25,140,965,31.0,661,11.0,4.0,154.0,High Quality,11.65598817151306,Capital Intensive,14.908034849951598,+,-,-,Reinvestor
520,HAVELLS,Mar 2019,501.0,185.0,-318.0,368.0,548,10073,8885,1189.0,12.0,124,16,149,1147,31.0,788,13.0,36.0,686.0,Moderate,1.8365928720341504,Asset Light,57.695542472666105,+,+,-,Liquidating Assets
521,HAVELLS,Mar 2020,827.0,-548.0,-716.0,-437.0,549,9440,8374,1067.0,11.0,107,51,218,904,19.0,735,12.0,34.0,279.0,High Quality,5.805084745762712,Moderate,26.14807872539831,+,-,-,Reinvestor
522,HAVELLS,Mar 2021,660.0,-763.0,190.0,87.0,550,10457,8868,1589.0,15.0,187,90,249,1438,27.0,1044,17.0,39.0,-103.0,Moderate,7.296547767045998,Moderate,-6.482064191315293,+,-,+,Mixed
523,HAVELLS,Mar 2022,1728.0,-759.0,-547.0,421.0,551,13938,12163,1775.0,13.0,159,67,261,1607,26.0,1196,19.0,39.0,969.0,High Quality,5.445544554455446,Moderate,54.59154929577464,+,-,-,Reinvestor
524,HAVELLS,Mar 2023,565.0,31.0,-907.0,-311.0,552,16911,15290,1621.0,10.0,178,55,296,1447,26.0,1072,17.0,44.0,596.0,Moderate,0.1833126367453137,Asset Light,36.76742751388032,+,+,-,Liquidating Assets
525,HAVELLS,Mar 2024,1953.0,-1618.0,-534.0,-199.0,553,18590,16709,1881.0,10.0,249,84,338,1707,26.0,1271,20.0,44.0,335.0,High Quality,8.703604088219473,Capital Intensive,17.809675704412548,+,-,-,Reinvestor
526,HCLTECH,Jun 2013,4492.0,-2361.0,-2086.0,44.0,555,25581,19901,5680.0,22.0,332,106,637,5270,23.0,4040,14.0,21.0,2131.0,High Quality,9.229506274187873,Capital Intensive,37.517605633802816,+,-,-,Reinvestor
527,HCLTECH,Jun 2014,6457.0,-4842.0,-1308.0,307.0,556,32144,24108,8035.0,25.0,677,114,681,7917,18.0,6528,23.0,11.0,1615.0,Moderate,15.063464410154307,Capital Intensive,20.099564405724955,+,-,-,Reinvestor
528,HCLTECH,Jun 2015,5539.0,-2088.0,-3140.0,311.0,557,36701,28215,8486.0,23.0,1126,91,404,9117,20.0,7342,26.0,58.0,3451.0,Moderate,5.689218277431133,Moderate,40.66698090973368,+,-,-,Reinvestor
530,HCLTECH,Mar 2017,8995.0,-3890.0,-4517.0,588.0,559,47568,37178,10390.0,22.0,1069,89,828,10542,18.0,8606,30.0,40.0,5105.0,High Quality,8.177766565758493,Capital Intensive,49.13378248315688,+,-,-,Reinvestor
531,HCLTECH,Mar 2018,8328.0,-2236.0,-5714.0,378.0,560,50569,39323,11246.0,22.0,1230,69,1383,11024,21.0,8722,31.0,19.0,6092.0,Moderate,4.421681267179498,Moderate,54.17037168771118,+,-,-,Reinvestor
532,HCLTECH,Mar 2019,8971.0,-3256.0,-1471.0,4244.0,561,60427,46501,13926.0,23.0,943,174,2073,12622,20.0,10120,37.0,11.0,5715.0,Moderate,5.388319790821983,Moderate,41.03834554071521,+,-,-,Reinvestor
533,HCLTECH,Mar 2020,13359.0,-12332.0,-3168.0,-2141.0,562,70676,53360,17316.0,24.0,589,505,3420,13980,21.0,11057,41.0,25.0,1027.0,High Quality,17.44863885901862,Capital Intensive,5.9309309309309315,+,-,-,Reinvestor
534,HCLTECH,Mar 2021,19618.0,-5665.0,-11192.0,2761.0,563,75379,55331,20048.0,27.0,927,511,4611,15853,30.0,11169,41.0,24.0,13953.0,High Quality,7.515355735682353,Moderate,69.59796488427773,+,-,-,Reinvestor
535,HCLTECH,Mar 2022,16900.0,1597.0,-14508.0,3989.0,564,85651,65122,20529.0,24.0,1067,319,4326,16951,20.0,13523,50.0,84.0,18497.0,High Quality,1.8645433211521172,Asset Light,90.10180719957134,+,+,-,Liquidating Assets
536,HCLTECH,Mar 2023,18009.0,-3573.0,-15881.0,-1445.0,565,101456,78828,22628.0,22.0,1358,353,4145,19488,24.0,14845,55.0,88.0,14436.0,High Quality,3.5217237028859802,Moderate,63.79706558246421,+,-,-,Reinvestor
537,HCLTECH,Mar 2024,22448.0,-6608.0,-15464.0,376.0,566,109913,85715,24198.0,22.0,1495,553,4173,20967,25.0,15710,58.0,90.0,15840.0,High Quality,6.012027694631208,Moderate,65.45995536821225,+,-,-,Reinvestor
538,HDFCBANK,Mar 2013,-5847.0,-902.0,13105.0,6356.0,568,35861,19695,12631.0,3534.0,10,7133,663,10004,31.0,6903,14.0,19.0,-6749.0,Accrual Risk,2.5152672820055213,Asset Light,-53.43203230148048,-,-,+,Growth Funded by Debt
539,HDFCBANK,Mar 2014,4211.0,-1099.0,9270.0,12382.0,569,42555,23445,13508.0,5602.0,13,8298,689,13211,34.0,8768,18.0,19.0,3112.0,Accrual Risk,2.5825402420397134,Asset Light,23.038199585430856,+,-,+,Mixed
540,HDFCBANK,Mar 2015,-21281.0,-800.0,18694.0,-3387.0,570,50666,27288,16164.0,7214.0,14,9546,680,16079,33.0,10703,21.0,19.0,-22081.0,Accrual Risk,1.5789681443176884,Asset Light,-136.60603810937886,-,-,+,Growth Funded by Debt
541,HDFCBANK,Mar 2016,-34435.0,-837.0,37815.0,2542.0,571,63162,34070,20055.0,9037.0,14,11212,738,19511,34.0,12821,25.0,19.0,-35272.0,Accrual Risk,1.3251638643488173,Asset Light,-175.87634006482173,-,-,+,Growth Funded by Debt
542,HDFCBANK,Mar 2017,17282.0,-1146.0,-5893.0,10242.0,572,73271,38042,23856.0,11374.0,16,12905,886,23393,35.0,15317,30.0,18.0,16136.0,High Quality,1.5640567209400718,Asset Light,67.63916834339369,+,-,-,Reinvestor
543,HDFCBANK,Mar 2018,17214.0,-842.0,57378.0,73750.0,573,85288,42381,29532.0,13374.0,16,16057,967,28464,35.0,18561,36.0,18.0,16372.0,Moderate,0.9872432229621987,Asset Light,55.43816876608425,+,-,+,Mixed
544,HDFCBANK,Mar 2019,-62872.0,-1503.0,23131.0,-41244.0,574,105161,53713,34856.0,16592.0,16,18947,1221,34318,35.0,22446,41.0,18.0,-64375.0,Accrual Risk,1.4292370745808807,Asset Light,-184.68843240761993,-,-,+,Growth Funded by Debt
545,HDFCBANK,Mar 2020,-16869.0,-1403.0,24394.0,6122.0,575,122189,62137,45459.0,14593.0,12,24879,1277,38195,29.0,27296,50.0,5.0,-18272.0,Accrual Risk,1.1482211983075399,Asset Light,-40.194460942827604,-,-,+,Growth Funded by Debt
546,HDFCBANK,Mar 2021,42476.0,-1823.0,-7321.0,33332.0,576,128552,59248,52457.0,16848.0,13,27333,1385,42796,26.0,31857,58.0,11.0,40653.0,High Quality,1.4181031800360944,Asset Light,77.4977600701527,+,-,-,Reinvestor
547,HDFCBANK,Mar 2022,-11960.0,-2051.0,48124.0,34113.0,577,135936,58584,56557.0,20795.0,15,31759,1681,50873,25.0,38151,69.0,23.0,-14011.0,Accrual Risk,1.5087982580037664,Asset Light,-24.773237618685574,-,-,+,Growth Funded by Debt
548,HDFCBANK,Mar 2023,20814.0,-2992.0,23941.0,41762.0,578,170754,77780,63042.0,29932.0,18,33912,2345,61498,25.0,46149,82.0,23.0,17822.0,Accrual Risk,1.7522283518980521,Asset Light,28.270042194092827,+,-,+,Mixed
549,HDFCBANK,Mar 2024,19069.0,16600.0,-3983.0,31687.0,579,283649,154139,174196.0,-44685.0,-16,124346,3092,76569,15.0,65446,84.0,23.0,35669.0,Accrual Risk,5.852303374945795,Moderate,20.47635996234127,+,+,-,Liquidating Assets
550,HDFCLIFE,Mar 2013,,,,,581,14060,15,13535.0,525.0,4,28,35,502,11.0,447,2.0,0.0,,Accrual Risk,,Capital Intensive,,-,-,-,Pre-Revenue
551,HDFCLIFE,Mar 2014,,,,,582,17166,11,16561.0,605.0,4,241,41,794,9.0,725,4.0,14.0,,Accrual Risk,,Capital Intensive,,-,-,-,Pre-Revenue
552,HDFCLIFE,Mar 2015,4459.0,-3514.0,-168.0,777.0,583,27215,-14,26341.0,874.0,3,79,43,924,15.0,786,4.0,18.0,945.0,High Quality,12.911997060444607,Capital Intensive,3.587563114536274,+,-,-,Reinvestor
553,HDFCLIFE,Mar 2016,5687.0,-3962.0,-212.0,1513.0,584,18141,8,17187.0,953.0,5,108,45,1008,19.0,817,4.0,22.0,1725.0,High Quality,21.840030869301582,Capital Intensive,10.036655611799617,+,-,-,Reinvestor
554,HDFCLIFE,Mar 2017,6230.0,-5177.0,-236.0,817.0,585,30647,9,29674.0,972.0,3,139,41,1061,16.0,887,4.0,25.0,1053.0,High Quality,16.892354879759846,Capital Intensive,3.5485610298577877,+,-,-,Reinvestor
555,HDFCLIFE,Mar 2018,6739.0,-4421.0,-196.0,2122.0,586,32260,11,31186.0,1074.0,3,282,44,1300,15.0,1107,6.0,25.0,2318.0,High Quality,13.7042777433354,Capital Intensive,7.432822420316809,+,-,-,Reinvestor
556,HDFCLIFE,Mar 2019,9868.0,-10182.0,-337.0,-651.0,587,38855,14,37640.0,1215.0,3,136,45,1291,1.0,1278,6.0,26.0,-314.0,High Quality,26.205121605970916,Capital Intensive,-0.8342189160467587,+,-,-,Reinvestor
557,HDFCLIFE,Mar 2020,7388.0,-7789.0,38.0,-364.0,588,29380,0,28239.0,1141.0,4,369,47,1463,11.0,1297,6.0,0.0,-401.0,High Quality,26.511232130701156,Capital Intensive,-1.4200219554516802,+,-,+,Mixed
558,HDFCLIFE,Mar 2021,9703.0,-8952.0,678.0,1429.0,589,71528,0,70294.0,1235.0,2,445,51,1629,16.0,1361,7.0,30.0,751.0,High Quality,12.515378592998546,Capital Intensive,1.0683699889037472,+,-,+,Mixed
559,HDFCLIFE,Mar 2022,5943.0,-801.0,-238.0,4904.0,590,67126,0,66348.0,778.0,1,766,56,1487,11.0,1327,6.0,27.0,5142.0,High Quality,1.1932783124273754,Asset Light,7.750045216133117,+,-,-,Reinvestor
560,HDFCLIFE,Mar 2023,6883.0,-10071.0,1985.0,-1203.0,591,70207,0,70127.0,80.0,0,1437,76,1441,5.0,1368,6.0,30.0,-3188.0,High Quality,14.344723460623584,Capital Intensive,-4.546037902662313,+,-,+,Mixed
561,HDFCLIFE,Mar 2024,10721.0,-13614.0,-403.0,-3296.0,592,101482,0,100951.0,531.0,1,525,79,977,-61.0,1574,7.0,27.0,-2893.0,High Quality,13.41518692970182,Capital Intensive,-2.865746748422502,+,-,-,Reinvestor
562,HEROMOTOCO,Mar 2014,2963.0,-1616.0,-1414.0,-66.0,594,25275,12,21722.0,3553.0,14,430,1107,2864,26.0,2102,105.0,62.0,1347.0,High Quality,6.393669634025717,Moderate,6.201086456127428,+,-,-,Reinvestor
563,HEROMOTOCO,Mar 2015,2186.0,31.0,-2131.0,86.0,595,27538,12,24018.0,3520.0,13,325,540,3292,29.0,2364,118.0,51.0,2217.0,Moderate,0.11257171907909072,Asset Light,9.2305770671996,+,+,-,Liquidating Assets
564,HEROMOTOCO,Mar 2016,3722.0,-2300.0,-1475.0,-53.0,596,28457,15,24033.0,4424.0,16,421,443,4387,29.0,3112,157.0,46.0,1422.0,High Quality,8.082369891415118,Capital Intensive,5.916864311571588,+,-,-,Reinvestor
565,HEROMOTOCO,Mar 2017,4007.0,-1972.0,-2036.0,-1.0,597,28610,27,24025.0,4585.0,16,830,502,4885,27.0,3546,179.0,47.0,2035.0,High Quality,6.892694861936385,Moderate,8.470343392299688,+,-,-,Reinvestor
566,HEROMOTOCO,Mar 2018,4017.0,-1858.0,-2102.0,57.0,598,32458,31,27124.0,5334.0,16,564,575,5292,30.0,3722,186.0,51.0,2159.0,High Quality,5.724320660545936,Moderate,7.959740451260876,+,-,-,Reinvestor
567,HEROMOTOCO,Mar 2019,1032.0,1298.0,-2252.0,78.0,599,33971,37,28946.0,5025.0,15,741,624,5104,32.0,3466,172.0,50.0,2330.0,Accrual Risk,3.820906066939448,Moderate,8.049471429558489,+,+,-,Liquidating Assets
568,HEROMOTOCO,Mar 2020,5518.0,-2819.0,-2602.0,97.0,600,29254,47,25184.0,4070.0,14,1434,846,4611,21.0,3659,182.0,49.0,2699.0,High Quality,9.636289054488275,Capital Intensive,10.717121982210928,+,-,-,Reinvestor
569,HEROMOTOCO,Mar 2021,4110.0,-2289.0,-1852.0,-31.0,601,30959,46,26902.0,4058.0,13,553,715,3849,24.0,2936,146.0,72.0,1821.0,High Quality,7.393649665686876,Moderate,6.769013456248605,+,-,-,Reinvestor
570,HEROMOTOCO,Mar 2022,2104.0,-222.0,-1975.0,-94.0,602,29551,53,26295.0,3256.0,11,545,690,3058,24.0,2329,116.0,82.0,1882.0,Moderate,0.7512436127373016,Asset Light,7.157254230842365,+,-,-,Reinvestor
571,HEROMOTOCO,Mar 2023,2614.0,-421.0,-2147.0,45.0,603,34158,105,30060.0,4099.0,12,567,697,3864,28.0,2800,141.0,71.0,2193.0,Moderate,1.2325077580654604,Asset Light,7.295409181636726,+,-,-,Reinvestor
572,HEROMOTOCO,Mar 2024,4923.0,-1828.0,-2717.0,379.0,604,37789,76,32554.0,5235.0,14,689,757,5090,26.0,3742,187.0,75.0,3095.0,High Quality,4.8373865410569215,Moderate,9.507280211341156,+,-,-,Reinvestor
573,HINDALCO,Mar 2013,2977.0,-13801.0,10278.0,-545.0,606,80193,2079,72494.0,7699.0,10,1111,2822,3909,23.0,3007,16.0,6.0,-10824.0,Moderate,17.20973152270148,Capital Intensive,-14.930890832344746,+,-,+,Mixed
574,HINDALCO,Mar 2014,7956.0,-8095.0,1493.0,1353.0,607,87695,2702,79671.0,8024.0,9,677,3347,2653,20.0,2195,11.0,9.0,-139.0,High Quality,9.230856947374424,Capital Intensive,-0.17446749758381344,+,-,+,Mixed
575,HINDALCO,Mar 2015,7143.0,-3873.0,-2437.0,833.0,608,104281,4178,95437.0,8844.0,8,-832,3493,340,75.0,259,4.0,24.0,3270.0,High Quality,3.714003509747701,Moderate,3.4263440803881093,+,-,-,Reinvestor
576,HINDALCO,Mar 2016,11688.0,-3220.0,-8862.0,-394.0,609,98759,5134,90981.0,7778.0,8,1500,4347,-203,99.0,-702,-1.0,-82.0,8468.0,Accrual Risk,3.2604623376097366,Moderate,9.307437816687,+,-,-,Reinvestor
577,HINDALCO,Mar 2017,12687.0,-2876.0,-5552.0,4259.0,610,100184,5742,87867.0,12317.0,12,1198,4457,3315,43.0,1882,8.0,13.0,9811.0,High Quality,2.8707178791024517,Asset Light,11.165739128455506,+,-,-,Reinvestor
578,HINDALCO,Mar 2018,10898.0,5333.0,-16412.0,-181.0,611,115183,3911,101488.0,13695.0,12,2879,4506,8157,25.0,6083,27.0,4.0,16231.0,High Quality,4.630023527777537,Moderate,15.99302380577014,+,+,-,Liquidating Assets
579,HINDALCO,Mar 2019,11977.0,-5456.0,-5466.0,1055.0,612,130542,3778,115031.0,15511.0,12,1127,4777,8083,32.0,5495,24.0,5.0,6521.0,High Quality,4.1794977861531155,Moderate,5.668906642557224,+,-,-,Reinvestor
580,HINDALCO,Mar 2020,12745.0,-7227.0,6656.0,12174.0,613,118144,4197,103838.0,14306.0,12,906,5091,5924,36.0,3767,17.0,6.0,5518.0,High Quality,6.117111321776815,Moderate,5.314046880718042,+,-,+,Mixed
581,HINDALCO,Mar 2021,17232.0,-25280.0,-4882.0,-12930.0,614,132008,3738,114449.0,17559.0,13,-987,6628,6206,44.0,3483,16.0,19.0,-8048.0,High Quality,19.150354523968243,Capital Intensive,-7.031953097012643,+,-,-,Reinvestor
582,HINDALCO,Mar 2022,16838.0,-6773.0,-6765.0,3300.0,615,195059,3768,166712.0,28347.0,15,1253,6729,19103,28.0,13730,61.0,6.0,10065.0,High Quality,3.472282745220677,Moderate,6.037357838667883,+,-,-,Reinvestor
583,HINDALCO,Mar 2023,19208.0,-7559.0,-10450.0,1199.0,616,223202,3646,200536.0,22666.0,10,1307,7086,13241,24.0,10097,45.0,7.0,11649.0,High Quality,3.3866183994767076,Moderate,5.808932062073643,+,-,-,Reinvestor
584,HINDALCO,Mar 2024,24056.0,-14267.0,-10817.0,-1028.0,617,215962,3858,192090.0,23872.0,11,1519,7521,14012,28.0,10155,45.0,8.0,9789.0,High Quality,6.6062548040859035,Moderate,5.096048727159144,+,-,-,Reinvestor
585,HINDUNILVR,Mar 2013,3605.0,63.0,-4147.0,-480.0,619,27004,26,22784.0,4220.0,16,1123,251,5066,24.0,3839,18.0,104.0,3668.0,Moderate,0.23329877055251075,Asset Light,16.099016853932586,+,+,-,Liquidating Assets
586,HINDUNILVR,Mar 2014,3818.0,-475.0,-2960.0,383.0,620,29234,41,24475.0,4759.0,16,792,296,5215,24.0,3956,18.0,71.0,3343.0,Moderate,1.6248204145857565,Asset Light,13.658835546475995,+,-,-,Reinvestor
587,HINDUNILVR,Mar 2015,3292.0,138.0,-3462.0,-33.0,621,31972,18,26560.0,5412.0,17,1247,322,6320,31.0,4376,20.0,74.0,3430.0,Moderate,0.4316276742149381,Asset Light,12.914156626506024,+,+,-,Liquidating Assets
588,HINDUNILVR,Mar 2016,4171.0,-282.0,-3864.0,25.0,622,32186,17,26276.0,5910.0,18,486,353,6026,31.0,4151,19.0,83.0,3889.0,High Quality,0.8761573354874791,Asset Light,14.800578474653674,+,-,-,Reinvestor
589,HINDUNILVR,Mar 2017,5185.0,-1173.0,-4214.0,-202.0,623,33162,35,26834.0,6328.0,19,606,432,6467,31.0,4490,21.0,82.0,4012.0,High Quality,3.537181110910078,Moderate,14.951181337109636,+,-,-,Reinvestor
590,HINDUNILVR,Mar 2018,6059.0,-1063.0,-4975.0,21.0,624,35545,26,28046.0,7499.0,21,353,520,7306,28.0,5227,24.0,83.0,4996.0,High Quality,2.990575327050218,Asset Light,17.813591956072166,+,-,-,Reinvestor
591,HINDUNILVR,Mar 2019,5800.0,-438.0,-5390.0,-28.0,625,39310,33,30430.0,8880.0,23,322,565,8604,30.0,6060,28.0,78.0,5362.0,Moderate,1.1142203001780717,Asset Light,17.620768977982255,+,-,-,Reinvestor
592,HINDUNILVR,Mar 2020,7623.0,1791.0,-6819.0,2595.0,626,39783,118,29922.0,9861.0,25,424,1002,9165,26.0,6756,31.0,80.0,9414.0,High Quality,4.501922931905588,Moderate,31.461800681772612,+,+,-,Liquidating Assets
593,HINDUNILVR,Mar 2021,9163.0,-1228.0,-9309.0,-1374.0,627,47028,117,35402.0,11626.0,25,170,1074,10605,25.0,7999,34.0,119.0,7935.0,High Quality,2.6112103427745175,Asset Light,22.413987910287556,+,-,-,Reinvestor
594,HINDUNILVR,Mar 2022,9048.0,-1728.0,-8015.0,-695.0,628,52446,106,39589.0,12857.0,25,219,1091,11879,25.0,8892,38.0,90.0,7320.0,High Quality,3.2948175265987873,Moderate,18.489984591679505,+,-,-,Reinvestor
595,HINDUNILVR,Mar 2023,9991.0,-1484.0,-8953.0,-446.0,629,60580,114,46433.0,14147.0,23,448,1137,13344,24.0,10143,43.0,91.0,8507.0,Moderate,2.449653350940905,Asset Light,18.321021687162148,+,-,-,Reinvestor
596,HINDUNILVR,Mar 2024,15469.0,-5324.0,-10034.0,111.0,630,61896,334,47237.0,14659.0,24,817,1216,13926,26.0,10282,44.0,96.0,10145.0,High Quality,8.601525138942742,Capital Intensive,21.476808434066516,+,-,-,Reinvestor
597,ICICIBANK,Mar 2013,17494.0,-18563.0,9283.0,8215.0,632,44885,28285,31684.0,-15085.0,-34,29320,625,13610,26.0,10130,15.0,24.0,-1069.0,High Quality,41.35680071293305,Capital Intensive,-3.3739426840045446,+,-,+,Mixed
598,ICICIBANK,Mar 2014,6765.0,-15750.0,7872.0,-1113.0,633,49479,29711,32852.0,-13084.0,-26,30085,719,16282,28.0,11677,17.0,24.0,-8985.0,Moderate,31.831686169890254,Capital Intensive,-27.34993303299647,+,-,+,Mixed
599,ICICIBANK,Mar 2015,-12273.0,-13175.0,24827.0,-621.0,634,54964,32318,38766.0,-16120.0,-29,35252,798,18334,29.0,12942,19.0,24.0,-25448.0,Accrual Risk,23.970235062950294,Capital Intensive,-65.64515296909663,-,-,+,Growth Funded by Debt
600,ICICIBANK,Mar 2016,23645.0,-12060.0,5814.0,17399.0,635,59294,33996,52252.0,-26955.0,-45,42102,843,14304,24.0,10927,16.0,29.0,11585.0,High Quality,20.33932607009141,Capital Intensive,22.171400137793768,+,-,+,Mixed
601,ICICIBANK,Mar 2017,52636.0,-1711.0,-35470.0,15455.0,636,60940,34836,63841.0,-37737.0,-62,52458,912,13809,18.0,11340,16.0,14.0,50925.0,High Quality,2.807679684936003,Asset Light,79.76848733572469,+,-,-,Reinvestor
602,ICICIBANK,Mar 2018,19383.0,-50551.0,39676.0,8508.0,637,62162,34262,72806.0,-44906.0,-72,56807,922,10978,17.0,9100,12.0,12.0,-31168.0,High Quality,81.32138605578972,Capital Intensive,-42.80965854462544,+,-,+,Mixed
603,ICICIBANK,Mar 2019,48671.0,-30282.0,-19997.0,-1608.0,638,71982,39178,83775.0,-50971.0,-71,59325,946,7408,23.0,5689,7.0,15.0,18389.0,High Quality,42.06885054596982,Capital Intensive,21.95046254849299,+,-,-,Reinvestor
604,ICICIBANK,Mar 2020,79565.0,-42095.0,2992.0,40462.0,639,84836,44666,85361.0,-45190.0,-53,64950,1171,18589,40.0,11225,15.0,0.0,37470.0,High Quality,49.61926540619548,Capital Intensive,43.895924368271224,+,-,+,Mixed
605,ICICIBANK,Mar 2021,138015.0,-63631.0,-54667.0,19718.0,640,89163,42659,91309.0,-44805.0,-50,72174,1340,26028,22.0,20364,27.0,8.0,74384.0,High Quality,71.36480378632393,Capital Intensive,81.46403968940629,+,-,-,Reinvestor
606,ICICIBANK,Mar 2022,58111.0,-39448.0,17451.0,36114.0,641,95407,41167,80798.0,-26558.0,-28,62129,1330,34241,25.0,26538,36.0,14.0,18663.0,High Quality,41.347070969635354,Capital Intensive,23.0983440184163,+,-,+,Mixed
607,ICICIBANK,Mar 2023,-3771.0,-67689.0,24791.0,-46669.0,642,121067,50543,87864.0,-17341.0,-14,65112,1515,46256,26.0,35461,49.0,16.0,-71460.0,Accrual Risk,55.910363682919375,Capital Intensive,-81.33023763998908,-,-,+,Growth Funded by Debt
608,ICICIBANK,Mar 2024,157284.0,-144737.0,13765.0,26312.0,643,159516,74108,99560.0,-14152.0,-9,76522,1935,60434,26.0,46081,63.0,16.0,12547.0,High Quality,90.7350986734873,Capital Intensive,12.602450783447166,+,-,+,Mixed
609,ICICIGI,Mar 2013,984.0,-962.0,102.0,124.0,645,4012,8,4191.0,-178.0,-4,586,49,351,0.0,353,8.0,0.0,22.0,High Quality,23.978065802592223,Capital Intensive,0.5249343832020997,+,-,+,Mixed
610,ICICIGI,Mar 2014,595.0,-706.0,4.0,-108.0,646,4352,9,4578.0,-225.0,-5,817,50,533,3.0,520,12.0,0.0,-111.0,High Quality,16.222426470588236,Capital Intensive,-2.4246395806028835,+,-,+,Mixed
611,ICICIGI,Mar 2015,-98.0,171.0,-93.0,-20.0,647,4234,12,4456.0,-221.0,-5,992,54,705,17.0,585,13.0,15.0,73.0,Accrual Risk,4.03873405762872,Moderate,1.6382405745062838,-,+,-,Other
612,ICICIGI,Mar 2016,511.0,-310.0,-148.0,53.0,648,6033,0,5269.0,764.0,13,0,57,708,28.0,507,11.0,26.0,201.0,High Quality,5.1384054367644625,Moderate,3.814765610172708,+,-,-,Reinvestor
613,ICICIGI,Mar 2017,1628.0,-1990.0,361.0,-1.0,649,7520,0,6601.0,919.0,12,-2,7,910,23.0,702,16.0,22.0,-362.0,High Quality,26.46276595744681,Capital Intensive,-5.484017573094985,+,-,+,Mixed
614,ICICIGI,Mar 2018,2390.0,-1896.0,-96.0,398.0,650,6912,59,7174.0,-262.0,-4,1569,51,1196,28.0,862,19.0,17.0,494.0,High Quality,27.430555555555557,Capital Intensive,6.885977139671034,+,-,-,Reinvestor
615,ICICIGI,Mar 2019,2976.0,-2856.0,-310.0,-190.0,651,11163,70,9494.0,1669.0,15,-2,0,1598,34.0,1049,23.0,26.0,120.0,High Quality,25.584520290244555,Capital Intensive,1.2639561828523278,+,-,-,Reinvestor
616,ICICIGI,Mar 2020,3433.0,-3382.0,-420.0,-369.0,652,11517,0,9745.0,1772.0,15,15,90,1697,30.0,1194,26.0,13.0,51.0,High Quality,29.365286098810454,Capital Intensive,0.5233453052847614,+,-,-,Reinvestor
617,ICICIGI,Mar 2021,1774.0,-1367.0,-212.0,195.0,653,12161,0,10090.0,2072.0,17,12,130,1954,25.0,1473,32.0,25.0,407.0,High Quality,11.240851903626346,Capital Intensive,4.033696729435085,+,-,-,Reinvestor
618,ICICIGI,Mar 2022,809.0,135.0,-879.0,65.0,654,16026,0,15010.0,1016.0,6,809,141,1684,24.0,1271,26.0,35.0,944.0,Moderate,0.8423811306626731,Asset Light,6.289140572951365,+,+,-,Liquidating Assets
619,ICICIGI,Mar 2023,2290.0,-1685.0,-695.0,-90.0,655,17876,0,16612.0,1264.0,7,991,142,2113,18.0,1729,35.0,31.0,605.0,High Quality,9.426046095323338,Capital Intensive,3.6419455815073443,+,-,-,Reinvestor
620,ICICIGI,Mar 2024,2407.0,-1921.0,-355.0,131.0,656,20487,0,17910.0,2577.0,13,112,134,2555,25.0,1919,39.0,28.0,486.0,High Quality,9.37667789329819,Capital Intensive,2.7135678391959797,+,-,-,Reinvestor
621,ICICIPRULI,Mar 2013,-2641.0,1564.0,-514.0,-1591.0,658,20025,14,19280.0,745.0,4,900,41,1591,5.0,1515,11.0,32.0,-1077.0,Accrual Risk,7.810237203495631,Moderate,-5.586099585062241,-,+,-,Other
622,ICICIPRULI,Mar 2014,-2382.0,6012.0,-1091.0,2539.0,659,21888,15,20384.0,1504.0,7,129,47,1572,1.0,1561,11.0,70.0,3630.0,Accrual Risk,27.467105263157894,Capital Intensive,17.808084772370485,-,+,-,Other
623,ICICIPRULI,Mar 2015,523.0,-1822.0,-966.0,-2264.0,660,34453,17,32798.0,1655.0,5,43,40,1642,0.0,1640,11.0,51.0,-1299.0,Accrual Risk,5.288363858009462,Moderate,-3.9606073541069575,+,-,-,Reinvestor
624,ICICIPRULI,Mar 2016,3634.0,27.0,-1442.0,2219.0,661,20849,0,19008.0,1842.0,9,0,0,1842,10.0,1650,12.0,73.0,3661.0,High Quality,0.12950261403424623,Asset Light,19.26031144781145,+,+,-,Liquidating Assets
625,ICICIPRULI,Mar 2017,4130.0,-696.0,-994.0,2439.0,662,37816,15,36010.0,1806.0,5,130,58,1863,10.0,1682,12.0,63.0,3434.0,High Quality,1.8404907975460123,Asset Light,9.536239933351846,+,-,-,Reinvestor
626,ICICIPRULI,Mar 2018,5690.0,-5389.0,-1188.0,-887.0,663,38832,20,37062.0,1771.0,5,132,44,1839,12.0,1619,11.0,59.0,301.0,High Quality,13.877729707457767,Capital Intensive,0.8121526091414387,+,-,-,Reinvestor
627,ICICIPRULI,Mar 2019,11377.0,-7559.0,-843.0,2975.0,664,41463,23,40922.0,541.0,1,813,57,1274,11.0,1139,8.0,40.0,3818.0,High Quality,18.230711718881896,Capital Intensive,9.329944772982747,+,-,-,Reinvestor
628,ICICIPRULI,Mar 2020,8596.0,-10797.0,-405.0,-2606.0,665,21025,0,21344.0,-319.0,-2,1578,61,1198,11.0,1067,7.0,11.0,-2201.0,High Quality,51.353151010701545,Capital Intensive,-10.31203148425787,+,-,-,Reinvestor
629,ICICIPRULI,Mar 2021,7314.0,-5084.0,1205.0,3434.0,666,83182,0,83572.0,-390.0,0,1669,60,1219,22.0,956,7.0,30.0,2230.0,High Quality,6.111899208963478,Moderate,2.668357823194371,+,-,+,Mixed
630,ICICIPRULI,Mar 2022,1831.0,-816.0,-319.0,696.0,667,63564,0,65728.0,-2163.0,-3,3191,67,961,21.0,759,5.0,10.0,1015.0,High Quality,1.283745516329998,Asset Light,1.5442429406037002,+,-,-,Reinvestor
631,ICICIPRULI,Mar 2023,89.0,-1145.0,-112.0,-1168.0,668,50478,0,52235.0,-1757.0,-3,2925,84,1085,25.0,813,6.0,11.0,-1056.0,Accrual Risk,2.2683149094655097,Asset Light,-2.0216330046903415,+,-,-,Reinvestor
632,ICICIPRULI,Mar 2024,-7315.0,7420.0,-88.0,17.0,669,90307,0,92136.0,-1829.0,-2,2970,113,1028,17.0,851,6.0,10.0,105.0,Accrual Risk,8.216417331989769,Capital Intensive,0.11396196926282887,-,+,-,Other
633,INDIGO,Mar 2013,1741.0,-1890.0,36.0,-113.0,1362,9203,73,8348.0,855.0,9,296,86,993,21.0,787,25647.0,70.0,-149.0,High Quality,20.5367814842986,Capital Intensive,-1.7848586487781506,+,-,+,Mixed
634,INDIGO,Mar 2014,1595.0,-2914.0,1285.0,-34.0,1363,11117,123,10684.0,433.0,4,391,226,475,0.0,474,15454.0,80.0,-1319.0,High Quality,26.21210758298102,Capital Intensive,-12.34556345937851,+,-,+,Mixed
635,INDIGO,Mar 2015,2384.0,-940.0,-1308.0,136.0,1364,13925,150,12022.0,1904.0,14,395,302,1847,29.0,1304,42481.0,83.0,1444.0,High Quality,6.7504488330341115,Moderate,12.01131259357844,+,-,-,Reinvestor
636,INDIGO,Mar 2016,3116.0,-1337.0,-1220.0,559.0,1365,16140,350,12976.0,3164.0,20,515,505,2824,30.0,1986,55.0,27.0,1779.0,High Quality,8.28376703841388,Capital Intensive,13.709926017262639,+,-,-,Reinvestor
637,INDIGO,Mar 2017,3782.0,-3033.0,-1401.0,-652.0,1366,18580,406,16362.0,2219.0,12,789,457,2144,23.0,1659,46.0,74.0,749.0,High Quality,16.32400430570506,Capital Intensive,4.577679990221244,+,-,-,Reinvestor
638,INDIGO,Mar 2018,3903.0,-4152.0,766.0,518.0,1367,23021,413,19991.0,3030.0,13,947,437,3127,28.0,2242,58.0,10.0,-249.0,High Quality,18.03570652882151,Capital Intensive,-1.2455605022260017,+,-,+,Mixed
639,INDIGO,Mar 2019,3160.0,-2526.0,-592.0,42.0,1368,28497,563,28648.0,-151.0,-1,1325,760,-149,-99.0,156,4.0,123.0,634.0,High Quality,8.864090956942835,Capital Intensive,2.2130689751466073,+,-,-,Reinvestor
640,INDIGO,Mar 2020,6943.0,-4573.0,-2407.0,-37.0,1369,35756,1902,31687.0,4069.0,11,1531,3974,-275,-10.0,-248,-6.0,0.0,2370.0,Accrual Risk,12.789461908490882,Capital Intensive,7.479407959099945,+,-,-,Reinvestor
641,INDIGO,Mar 2021,-1620.0,3228.0,-1775.0,-168.0,1370,14641,2170,14638.0,2.0,0,1036,4699,-5830,0.0,-6171,-151.0,0.0,1608.0,Accrual Risk,22.047674339184482,Capital Intensive,10.985107255089494,-,+,-,Other
642,INDIGO,Mar 2022,2064.0,1527.0,-3088.0,503.0,1371,25931,2386,25373.0,558.0,2,725,5068,-6171,0.0,-317,-160.0,0.0,3591.0,Accrual Risk,5.888704639234892,Moderate,14.152839632680408,+,+,-,Liquidating Assets
643,INDIGO,Mar 2023,12703.0,-4039.0,-8432.0,232.0,1372,54446,3168,47926.0,6521.0,12,1431,5101,-317,0.0,-317,-8.0,0.0,8664.0,Accrual Risk,7.418359475443559,Moderate,18.077870049659893,+,-,-,Reinvestor
644,INDIGO,Mar 2024,21183.0,-11759.0,-9979.0,-555.0,1373,68904,4805,52573.0,16331.0,24,2326,6406,8043,-2.0,8167,212.0,0.0,9424.0,High Quality,17.065772669220944,Capital Intensive,17.92555113841706,+,-,-,Reinvestor
645,INDUSINDBK,Mar 2013,-486.0,-174.0,1969.0,1309.0,697,6983,4750,1947.0,286.0,4,1363,73,1576,33.0,1061,20.0,15.0,-660.0,Accrual Risk,2.491765716740656,Asset Light,-33.89830508474576,-,-,+,Growth Funded by Debt
646,INDUSINDBK,Mar 2014,-4106.0,-174.0,4200.0,-79.0,698,8254,5363,2555.0,335.0,4,1891,98,2128,34.0,1408,27.0,13.0,-4280.0,Accrual Risk,2.1080688151199416,Asset Light,-167.51467710371818,-,-,+,Growth Funded by Debt
647,INDUSINDBK,Mar 2015,-1421.0,-276.0,5707.0,4010.0,699,9692,6272,3133.0,288.0,3,2548,127,2709,34.0,1794,34.0,12.0,-1697.0,Accrual Risk,2.8477094510936856,Asset Light,-54.165336737950845,-,-,+,Growth Funded by Debt
648,INDUSINDBK,Mar 2016,-2927.0,-258.0,2517.0,-667.0,700,11872,7355,4188.0,329.0,3,3297,157,3469,34.0,2286,38.0,12.0,-3185.0,Accrual Risk,2.1731805929919137,Asset Light,-76.05062082139446,-,-,+,Growth Funded by Debt
649,INDUSINDBK,Mar 2017,11569.0,-285.0,-2768.0,8516.0,701,14406,8343,5684.0,379.0,3,4171,191,4360,34.0,2868,48.0,13.0,11284.0,High Quality,1.9783423573511039,Asset Light,198.52216748768473,+,-,-,Reinvestor
650,INDUSINDBK,Mar 2018,-20700.0,-217.0,15505.0,-5412.0,702,17281,9783,6555.0,942.0,5,4750,212,5481,34.0,3606,60.0,12.0,-20917.0,Accrual Risk,1.2557143683814593,Asset Light,-319.09992372234933,-,-,+,Growth Funded by Debt
651,INDUSINDBK,Mar 2019,-6389.0,-633.0,8590.0,1568.0,703,22261,13415,9283.0,-437.0,-2,5647,229,4981,34.0,3301,55.0,14.0,-7022.0,Accrual Risk,2.843538026144378,Asset Light,-75.6436496822148,-,-,+,Growth Funded by Debt
652,INDUSINDBK,Mar 2020,-12039.0,526.0,12733.0,1220.0,704,28783,16724,12611.0,-553.0,-2,6951,278,6121,28.0,4418,64.0,0.0,-11513.0,Accrual Risk,1.827467602404197,Asset Light,-91.2933153596067,-,+,+,Distress Signal
653,INDUSINDBK,Mar 2021,44646.0,-226.0,-4096.0,40324.0,705,29000,15472,15997.0,-2469.0,-9,6559,305,3784,25.0,2836,37.0,14.0,44420.0,High Quality,0.7793103448275862,Asset Light,277.6770644495843,+,-,-,Reinvestor
654,INDUSINDBK,Mar 2022,16600.0,-351.0,-4302.0,11947.0,706,30822,15822,15840.0,-839.0,-3,7334,321,6174,25.0,4611,60.0,14.0,16249.0,High Quality,1.138796963208098,Asset Light,102.5820707070707,+,-,-,Reinvestor
655,INDUSINDBK,Mar 2023,-12438.0,-441.0,1115.0,-11763.0,707,36368,18776,15525.0,2067.0,6,8166,373,9860,25.0,7390,95.0,15.0,-12879.0,Accrual Risk,1.2126044874615045,Asset Light,-82.95652173913044,-,-,+,Growth Funded by Debt
656,INDUSINDBK,Mar 2024,-16843.0,-625.0,-2242.0,-19710.0,708,45748,25132,17638.0,2978.0,7,9388,425,11942,25.0,8950,115.0,14.0,-17468.0,Accrual Risk,1.3661799422925593,Asset Light,-99.03617190157614,-,-,-,Pre-Revenue
657,INFY,Mar 2013,7373.0,-2922.0,-3210.0,1241.0,710,40352,28814,11538.0,29.0,2365,5,1099,12799,26.0,9429,21.0,25.0,4451.0,Moderate,7.241276764472642,Moderate,38.57687640838967,+,-,-,Reinvestor
658,INFY,Mar 2014,9825.0,-2563.0,-3144.0,4118.0,711,50133,36743,13390.0,27.0,2664,9,1317,14728,28.0,10656,23.0,34.0,7262.0,Moderate,5.11240101330461,Moderate,54.23450336071696,+,-,-,Reinvestor
659,INFY,Mar 2015,8353.0,999.0,-4935.0,4417.0,712,53319,38436,14883.0,28.0,3430,12,1017,17284,28.0,12372,27.0,55.0,9352.0,Moderate,1.8736285376694986,Asset Light,62.83679365719277,+,+,-,Liquidating Assets
660,INFY,Mar 2016,10028.0,-885.0,-6813.0,2330.0,713,62441,45362,17079.0,27.0,3120,0,1459,18740,28.0,13489,29.0,41.0,9143.0,Moderate,1.4173379670408865,Asset Light,53.533579249370575,+,-,-,Reinvestor
661,INFY,Mar 2017,11531.0,-14664.0,-6939.0,-10072.0,714,68484,49880,18604.0,27.0,3050,0,1703,19951,28.0,14353,31.0,41.0,-3133.0,Moderate,21.4123006833713,Capital Intensive,-16.84046441625457,+,-,-,Reinvestor
662,INFY,Mar 2018,13218.0,4533.0,-20505.0,-2754.0,715,70522,51700,18822.0,27.0,3311,0,1863,20270,21.0,16029,37.0,59.0,17751.0,Moderate,6.427781401548454,Moderate,94.30985017532674,+,+,-,Liquidating Assets
663,INFY,Mar 2019,14841.0,-632.0,-14512.0,-303.0,716,82675,62505,20170.0,24.0,2882,0,2011,21041,27.0,15410,35.0,60.0,14209.0,Moderate,0.764439068642274,Asset Light,70.44620723847298,+,-,-,Reinvestor
664,INFY,Mar 2020,17003.0,-331.0,-17591.0,-919.0,717,90791,68524,22267.0,25.0,2803,170,2893,22007,24.0,16639,39.0,45.0,16672.0,High Quality,0.3645735810818253,Asset Light,74.87313064175686,+,-,-,Reinvestor
665,INFY,Mar 2021,23224.0,-7373.0,-9786.0,6065.0,718,100472,72583,27889.0,28.0,2201,195,3267,26628,27.0,19423,45.0,59.0,15851.0,High Quality,7.338362926984633,Moderate,56.83602854171895,+,-,-,Reinvestor
666,INFY,Mar 2022,23885.0,-6485.0,-24642.0,-7242.0,719,121641,90150,31491.0,26.0,2295,200,3476,30110,26.0,22146,53.0,59.0,17400.0,High Quality,5.331261663419406,Moderate,55.25388206154139,+,-,-,Reinvestor
667,INFY,Mar 2023,22467.0,-1071.0,-26695.0,-5299.0,720,146767,111637,35130.0,24.0,2701,284,4225,33322,28.0,24108,58.0,73.0,21396.0,Moderate,0.7297280723868445,Asset Light,60.90520922288643,+,-,-,Reinvestor
668,INFY,Mar 2024,25210.0,-5093.0,-17504.0,2613.0,721,153670,117245,36425.0,24.0,4711,470,4678,35988,27.0,26248,63.0,,20117.0,Moderate,3.314244810307802,Moderate,55.22855181880576,+,-,-,Reinvestor
669,IOC,Mar 2013,9340.0,-9294.0,352.0,398.0,723,461780,447919,13861.0,3.0,3499,7164,5692,4504,19.0,3627,3.0,36.0,46.0,High Quality,2.0126467148858764,Asset Light,0.3318663877065147,+,-,+,Mixed
670,IOC,Mar 2014,24195.0,-18594.0,-3116.0,2485.0,724,488345,471123,17222.0,4.0,5064,5948,6360,9978,30.0,6967,5.0,30.0,5601.0,High Quality,3.807554085738566,Moderate,32.52235512716293,+,-,-,Reinvestor
671,IOC,Mar 2015,46092.0,-10215.0,-38283.0,-2406.0,725,449507,438932,10575.0,2.0,5860,4201,5219,7014,31.0,4872,3.0,33.0,35877.0,High Quality,2.272489638648564,Asset Light,339.26241134751774,+,-,-,Reinvestor
672,IOC,Mar 2016,25624.0,-13610.0,-11890.0,124.0,726,346045,324007,22038.0,6.0,5219,3487,5698,18072,31.0,12413,8.0,28.0,12014.0,High Quality,3.9330144923348116,Moderate,54.51492875941556,+,-,-,Reinvestor
673,IOC,Mar 2017,28216.0,-17684.0,-10937.0,-405.0,727,355379,321230,34149.0,10.0,4356,3743,6806,27956,27.0,20385,14.0,45.0,10532.0,High Quality,4.9760959426415186,Moderate,30.841313069196758,+,-,-,Reinvestor
674,IOC,Mar 2018,29115.0,-17119.0,-12007.0,-11.0,728,421492,379834,41658.0,10.0,4331,3875,7664,34450,34.0,22626,15.0,90.0,11996.0,High Quality,4.061524299393582,Moderate,28.796389649047,+,-,-,Reinvestor
675,IOC,Mar 2019,12747.0,-22569.0,10436.0,614.0,729,528158,492896,35262.0,7.0,4097,4925,8506,25927,33.0,17274,12.0,49.0,-9822.0,Moderate,4.273153109486176,Moderate,-27.85434745618513,+,-,+,Mixed
676,IOC,Mar 2020,7146.0,-29101.0,22456.0,502.0,730,483763,467710,16053.0,3.0,-7165,5792,10273,-7177,-74.0,-1876,-1.0,-437.0,-21955.0,Accrual Risk,6.01554893615262,Moderate,-136.76571357378685,+,-,+,Mixed
677,IOC,Mar 2021,49650.0,-22935.0,-27369.0,-653.0,731,363950,324021,39929.0,11.0,4696,2933,10941,30751,29.0,21762,15.0,51.0,26715.0,High Quality,6.301689792553922,Moderate,66.90625860903103,+,-,-,Reinvestor
678,IOC,Mar 2022,25747.0,-21294.0,-4058.0,395.0,732,589321,541563,47758.0,8.0,4332,5454,12348,34289,25.0,25727,18.0,46.0,4453.0,High Quality,3.61331091204963,Moderate,9.324092298672474,+,-,-,Reinvestor
679,IOC,Mar 2023,29644.0,-28030.0,-1794.0,-180.0,733,841756,811073,30683.0,4.0,5124,7588,13181,15038,22.0,11704,7.0,42.0,1614.0,High Quality,3.3299435941056554,Moderate,5.260241827722192,+,-,-,Reinvestor
680,IOC,Mar 2024,71099.0,-31464.0,-39385.0,250.0,734,776352,700706,75646.0,10.0,5389,7881,15866,57288,25.0,43161,30.0,40.0,39635.0,High Quality,4.052800791393595,Moderate,52.39536789783994,+,-,-,Reinvestor
681,IRCTC,Mar 2015,69.0,-46.0,-17.0,6.0,736,1059,907,152.0,14.0,82,0,20,214,39.0,131,13.0,20.0,23.0,Moderate,4.343720491029273,Moderate,15.131578947368421,+,-,-,Reinvestor
682,IRCTC,Mar 2016,288.0,7.0,-31.0,263.0,737,1367,1176,190.0,14.0,139,0,21,309,39.0,189,19.0,40.0,295.0,High Quality,0.5120702267739575,Asset Light,155.26315789473685,+,+,-,Liquidating Assets
683,IRCTC,Mar 2017,338.0,94.0,-136.0,296.0,738,1520,1206,314.0,21.0,67,3,22,355,35.0,229,11.0,49.0,432.0,High Quality,6.184210526315789,Moderate,137.5796178343949,+,+,-,Liquidating Assets
684,IRCTC,Mar 2018,24.0,40.0,-57.0,7.0,739,1466,1192,274.0,19.0,99,3,24,346,36.0,221,11.0,21.0,64.0,Accrual Risk,2.728512960436562,Asset Light,23.357664233576642,+,+,-,Liquidating Assets
685,IRCTC,Mar 2019,499.0,-353.0,-179.0,-33.0,740,1870,1487,383.0,20.0,126,2,29,479,36.0,309,4.0,98.0,146.0,High Quality,18.877005347593585,Capital Intensive,38.1201044386423,+,-,-,Reinvestor
686,IRCTC,Mar 2020,409.0,8.0,-280.0,137.0,741,2264,1562,703.0,31.0,77,10,40,730,30.0,513,6.0,39.0,417.0,Moderate,0.35335689045936397,Asset Light,59.31721194879089,+,+,-,Liquidating Assets
687,IRCTC,Mar 2021,248.0,-453.0,-47.0,-252.0,742,777,589,188.0,24.0,124,8,46,258,27.0,187,2.0,43.0,-205.0,High Quality,58.301158301158296,Capital Intensive,-109.04255319148936,+,-,-,Reinvestor
688,IRCTC,Mar 2022,524.0,-242.0,-258.0,23.0,743,1879,1005,874.0,47.0,72,11,49,885,26.0,660,8.0,42.0,282.0,Moderate,12.879191059073975,Capital Intensive,32.265446224256294,+,-,-,Reinvestor
689,IRCTC,Mar 2023,812.0,-317.0,-434.0,61.0,744,3541,2265,1276.0,36.0,148,16,54,1354,26.0,1006,13.0,44.0,495.0,Moderate,8.952273369104773,Capital Intensive,38.793103448275865,+,-,-,Reinvestor
690,IRCTC,Mar 2024,882.0,-215.0,-404.0,262.0,745,4270,2804,1466.0,34.0,106,19,57,1496,26.0,1111,14.0,47.0,667.0,Moderate,5.035128805620609,Moderate,45.49795361527968,+,-,-,Reinvestor
691,IRFC,Mar 2016,-16378.0,2.0,17582.0,1206.0,750,7507,38,7468.0,99.0,1,5519,0,1950,56.0,849,188.0,40.0,-16376.0,Accrual Risk,0.026641800985746637,Asset Light,-219.2822710230316,-,+,+,Distress Signal
692,IRFC,Mar 2017,-19455.0,2.0,18250.0,-1204.0,751,9047,26,9021.0,100.0,0,6888,0,2133,56.0,934,143.0,40.0,-19453.0,Accrual Risk,0.02210677572676025,Asset Light,-215.64128145438423,-,+,+,Distress Signal
693,IRFC,Mar 2018,-28076.0,2.0,28075.0,0.0,752,9267,38,9229.0,100.0,1,6638,0,2592,21.0,2055,3.0,18.0,-28074.0,Accrual Risk,0.021581957483543756,Asset Light,-304.19330371654564,-,+,+,Distress Signal
694,IRFC,Mar 2019,-41748.0,1.0,41749.0,3.0,753,11134,48,11085.0,100.0,0,8183,0,2902,22.0,2255,2.0,18.0,-41747.0,Accrual Risk,0.008981498113885397,Asset Light,-376.60802886783944,-,+,+,Distress Signal
695,IRFC,Mar 2020,-62701.0,1.0,62697.0,-2.0,754,13421,66,13355.0,100.0,0,10163,0,3192,0.0,3192,3.0,0.0,-62700.0,Accrual Risk,0.0074510096118024,Asset Light,-469.48708348932985,-,+,+,Distress Signal
696,IRFC,Mar 2021,-89907.0,0.0,90202.0,296.0,755,15771,113,15657.0,99.0,0,11237,4,4416,0.0,4416,3.0,31.0,-89907.0,Accrual Risk,0.0,Asset Light,-574.2287794596666,-,+,+,Distress Signal
697,IRFC,Mar 2022,-64412.0,-5.0,64266.0,-151.0,756,20299,123,20177.0,99.0,2,14075,14,6090,0.0,6090,5.0,30.0,-64417.0,Accrual Risk,0.02463175525887975,Asset Light,-319.2595529563364,-,-,+,Growth Funded by Debt
698,IRFC,Mar 2023,-28588.0,0.0,28644.0,56.0,757,23722,134,23588.0,99.0,41,17447,14,6167,0.0,6167,5.0,32.0,-28588.0,Accrual Risk,0.0,Asset Light,-121.19721892487705,-,+,+,Distress Signal
699,IRFC,Mar 2024,7914.0,-8.0,-8046.0,-140.0,758,26645,133,26513.0,100.0,10,20101,9,6412,0.0,6412,5.0,31.0,7906.0,High Quality,0.030024394820791892,Asset Light,29.819333911665975,+,-,-,Reinvestor
700,ITC,Mar 2013,7102.0,-3881.0,-3310.0,-90.0,760,31618,20398,11221.0,35.0,852,108,859,11106,31.0,7704,6.0,55.0,3221.0,Moderate,12.27465367828452,Capital Intensive,28.705106496747167,+,-,-,Reinvestor
701,ITC,Mar 2014,7344.0,-3254.0,-4122.0,-32.0,761,35306,22227,13080.0,37.0,966,29,965,13052,31.0,9001,7.0,54.0,4090.0,Moderate,9.21656375686852,Capital Intensive,31.269113149847094,+,-,-,Reinvestor
702,ITC,Mar 2015,9843.0,-5275.0,-4661.0,-93.0,762,38817,24566,14252.0,37.0,1229,91,1028,14362,32.0,9779,8.0,52.0,4568.0,High Quality,13.589406703248578,Capital Intensive,32.05164187482459,+,-,-,Reinvestor
703,ITC,Mar 2016,9799.0,-3921.0,-5613.0,266.0,763,39192,24661,14531.0,37.0,1483,78,1077,14859,36.0,9501,8.0,73.0,5878.0,High Quality,10.004592774035517,Capital Intensive,40.451448627073155,+,-,-,Reinvestor
704,ITC,Mar 2017,10627.0,-3251.0,-7301.0,75.0,764,42768,27298,15470.0,36.0,1759,49,1153,16026,35.0,10477,8.0,56.0,7376.0,High Quality,7.6014777403666285,Moderate,47.67937944408533,+,-,-,Reinvestor
705,ITC,Mar 2018,13169.0,-7114.0,-6221.0,-166.0,765,43449,26928,16521.0,38.0,2240,115,1236,17409,34.0,11493,9.0,56.0,6055.0,High Quality,16.37321917650579,Capital Intensive,36.65032383027661,+,-,-,Reinvestor
706,ITC,Mar 2019,12583.0,-5546.0,-6869.0,169.0,766,48340,29802,18537.0,38.0,2080,71,1397,19150,33.0,12836,10.0,56.0,7037.0,Moderate,11.472900289615225,Capital Intensive,37.9619140098182,+,-,-,Reinvestor
707,ITC,Mar 2020,14690.0,-6174.0,-8181.0,334.0,767,49388,30044,19344.0,39.0,2417,81,1645,20035,22.0,15593,12.0,82.0,8516.0,Moderate,12.50101239167409,Capital Intensive,44.02398676592225,+,-,-,Reinvestor
708,ITC,Mar 2021,12527.0,5740.0,-18634.0,-367.0,768,49257,32193,17065.0,35.0,2577,58,1646,17938,25.0,13383,11.0,101.0,18267.0,Moderate,11.653166047465335,Capital Intensive,107.04365660709054,+,+,-,Liquidating Assets
709,ITC,Mar 2022,15776.0,-2238.0,-13580.0,-43.0,769,60645,40021,20623.0,34.0,1910,60,1732,20740,25.0,15503,12.0,93.0,13538.0,High Quality,3.6903289636408605,Moderate,65.64515346942734,+,-,-,Reinvestor
710,ITC,Mar 2023,18878.0,-5732.0,-13006.0,139.0,770,70919,45215,25704.0,36.0,2098,78,1809,25915,25.0,19477,15.0,100.0,13146.0,Moderate,8.082460271577434,Capital Intensive,51.143790849673195,+,-,-,Reinvestor
711,ITC,Mar 2024,17179.0,1563.0,-18551.0,191.0,771,70866,44634,26233.0,37.0,2804,80,1816,27140,24.0,20751,16.0,84.0,18742.0,Moderate,2.205571077808822,Asset Light,71.44436396904662,+,+,-,Liquidating Assets
712,JINDALSTEL,Mar 2013,3522.0,-9591.0,6111.0,43.0,773,19807,13701,6106.0,31.0,333,1067,1539,3833,24.0,2952,31.0,5.0,-6069.0,High Quality,48.422274953299336,Capital Intensive,-99.3940386505077,+,-,+,Mixed
713,JINDALSTEL,Mar 2014,4580.0,-12694.0,8879.0,766.0,774,19286,13487,5799.0,30.0,349,1807,1829,2512,25.0,1896,21.0,7.0,-8114.0,High Quality,65.81976563310174,Capital Intensive,-139.920675978617,+,-,+,Mixed
714,JINDALSTEL,Mar 2015,1182.0,-6717.0,5708.0,173.0,775,19401,13937,5464.0,28.0,-1399,2875,2733,-1543,-6.0,-1452,-14.0,0.0,-5535.0,Accrual Risk,34.62192670480903,Capital Intensive,-101.29941434846266,+,-,+,Mixed
715,JINDALSTEL,Mar 2016,4333.0,-2262.0,-2672.0,-601.0,776,19469,16032,3437.0,18.0,-79,3254,4068,-3964,-22.0,-3087,-32.0,0.0,2071.0,Accrual Risk,11.618470388823257,Capital Intensive,60.256037241780625,+,-,-,Reinvestor
716,JINDALSTEL,Mar 2017,6850.0,-1998.0,-5108.0,-256.0,777,21603,16894,4709.0,22.0,-362,3441,3949,-3043,-17.0,-2538,-25.0,0.0,4852.0,Accrual Risk,9.248715456186641,Capital Intensive,103.03673816096837,+,-,-,Reinvestor
717,JINDALSTEL,Mar 2018,7724.0,-1431.0,-6276.0,17.0,778,33286,26817,6469.0,19.0,-584,3866,3883,-1864,-13.0,-1616,-15.0,0.0,6293.0,Accrual Risk,4.299104728714775,Moderate,97.27933219972175,+,-,-,Reinvestor
718,JINDALSTEL,Mar 2019,9027.0,-832.0,-8261.0,-67.0,779,46966,38553,8412.0,18.0,-1470,4264,5480,-2802,-14.0,-2412,-17.0,0.0,8195.0,Accrual Risk,1.7714942724524123,Asset Light,97.42035187826914,+,-,-,Reinvestor
719,JINDALSTEL,Mar 2020,8814.0,-1476.0,-7016.0,322.0,780,37923,31092,6831.0,18.0,74,3768,3429,-291,37.0,-400,-1.0,0.0,7338.0,Accrual Risk,3.892097144213275,Moderate,107.42204655248133,+,-,-,Reinvestor
720,JINDALSTEL,Mar 2021,11961.0,-1884.0,-4612.0,5465.0,781,34579,23646,10933.0,32.0,313,2753,2414,6078,30.0,4267,36.0,0.0,10077.0,High Quality,5.4483935336475895,Moderate,92.17049300283546,+,-,-,Reinvestor
721,JINDALSTEL,Mar 2022,16048.0,-2331.0,-15120.0,-1403.0,782,51166,35650,15515.0,30.0,-1840,1888,2097,9690,30.0,6766,56.0,5.0,13717.0,High Quality,4.555759684165266,Moderate,88.41121495327103,+,-,-,Reinvestor
722,JINDALSTEL,Mar 2023,7347.0,-4090.0,-2500.0,757.0,783,53212,43270,9942.0,19.0,-539,1446,2691,5266,25.0,3974,31.0,6.0,3257.0,High Quality,7.686236187326168,Moderate,32.76000804667069,+,-,-,Reinvestor
723,JINDALSTEL,Mar 2024,6008.0,-8344.0,1381.0,-955.0,784,50354,40153,10202.0,20.0,156,1294,2822,6241,5.0,5943,58.0,3.0,-2336.0,High Quality,16.570679588513325,Capital Intensive,-22.897471084101156,+,-,+,Mixed
724,JIOFIN,Mar 2023,2055.0,-1110.0,-889.0,56.0,786,45,6,39.0,88.0,10,0,0,49,37.0,31,,0.0,945.0,High Quality,2466.666666666667,Capital Intensive,2423.076923076923,+,-,-,Reinvestor
725,JIOFIN,Mar 2024,-678.0,1441.0,-753.0,11.0,787,1855,296,1559.0,84.0,429,10,22,1956,18.0,1605,3.0,0.0,763.0,Accrual Risk,77.68194070080862,Capital Intensive,48.94162924951892,-,+,-,Other
726,JSWENERGY,Mar 2013,1725.0,-944.0,-684.0,96.0,789,8870,6069,2801.0,32.0,9,963,662,1186,23.0,901,6.0,36.0,781.0,High Quality,10.642615558060879,Capital Intensive,27.882898964655478,+,-,-,Reinvestor
727,JSWENERGY,Mar 2014,2269.0,-363.0,-1859.0,48.0,790,8648,5394,3255.0,38.0,-179,1206,810,1060,27.0,760,5.0,43.0,1906.0,High Quality,4.197502312673451,Moderate,58.556067588325654,+,-,-,Reinvestor
728,JSWENERGY,Mar 2015,3394.0,-422.0,-2327.0,645.0,791,9347,5723,3624.0,39.0,196,1137,790,1892,27.0,1358,8.0,24.0,2972.0,High Quality,4.51481758853108,Moderate,82.00883002207505,+,-,-,Reinvestor
729,JSWENERGY,Mar 2016,3538.0,-3272.0,-1622.0,-1357.0,792,9824,5796,4029.0,41.0,340,1498,854,2017,28.0,1460,9.0,22.0,266.0,High Quality,33.30618892508143,Capital Intensive,6.602134524695955,+,-,-,Reinvestor
730,JSWENERGY,Mar 2017,3853.0,-762.0,-2595.0,496.0,793,8263,4939,3324.0,40.0,221,1685,969,892,30.0,623,4.0,13.0,3091.0,High Quality,9.221832264310784,Capital Intensive,92.99037304452466,+,-,-,Reinvestor
731,JSWENERGY,Mar 2018,3934.0,-215.0,-3968.0,-249.0,794,8049,5336,2713.0,34.0,47,1456,966,338,75.0,85,0.0,0.0,3719.0,High Quality,2.67113927195925,Asset Light,137.08072244747513,+,-,-,Reinvestor
732,JSWENERGY,Mar 2019,2491.0,-55.0,-2523.0,-87.0,795,9138,6283,2855.0,31.0,398,1192,1164,897,24.0,684,4.0,24.0,2436.0,High Quality,0.6018822499452834,Asset Light,85.32399299474605,+,-,-,Reinvestor
733,JSWENERGY,Mar 2020,2082.0,301.0,-1962.0,421.0,796,8273,5316,2957.0,36.0,376,1051,1738,544,6.0,1081,7.0,15.0,2383.0,High Quality,3.6383415931342924,Moderate,80.58843422387555,+,+,-,Liquidating Assets
734,JSWENERGY,Mar 2021,3700.0,-1030.0,-2515.0,155.0,797,6922,4009,2913.0,42.0,248,896,1167,1099,25.0,823,5.0,41.0,2670.0,High Quality,14.88009245882693,Capital Intensive,91.65808444902163,+,-,-,Reinvestor
735,JSWENERGY,Mar 2022,2952.0,-1387.0,-781.0,784.0,798,8167,4596,3572.0,44.0,575,777,1131,2238,22.0,1743,11.0,19.0,1565.0,High Quality,16.982980286518917,Capital Intensive,43.81298992161254,+,-,-,Reinvestor
736,JSWENERGY,Mar 2023,2084.0,-6778.0,7327.0,2634.0,799,10332,7050,3282.0,32.0,674,844,1169,1943,24.0,1480,9.0,22.0,-4694.0,High Quality,65.60201316298877,Capital Intensive,-143.02254722730044,+,-,+,Mixed
737,JSWENERGY,Mar 2024,6234.0,-8197.0,1675.0,-289.0,800,11486,6104,5382.0,47.0,472,2053,1633,2167,20.0,1725,10.0,19.0,-1963.0,High Quality,71.36514017064252,Capital Intensive,-36.473429951690825,+,-,+,Mixed
738,JSWSTEEL,Mar 2013,5844.0,-5433.0,-791.0,-380.0,802,38210,31698,6512.0,17.0,-307,1967,2237,1999,42.0,929,4.0,30.0,411.0,High Quality,14.218790892436534,Capital Intensive,6.311425061425062,+,-,-,Reinvestor
739,JSWSTEEL,Mar 2014,2594.0,-5618.0,3300.0,276.0,803,51220,42051,9169.0,18.0,-1630,3048,3183,1308,70.0,402,2.0,74.0,-3024.0,High Quality,10.96837172979305,Capital Intensive,-32.98069582288145,+,-,+,Mixed
740,JSWSTEEL,Mar 2015,7876.0,-7372.0,-169.0,334.0,804,52972,43608,9364.0,18.0,103,3493,3434,2539,32.0,1722,7.0,19.0,504.0,High Quality,13.916786226685796,Capital Intensive,5.3823152498932085,+,-,-,Reinvestor
741,JSWSTEEL,Mar 2016,6897.0,-3857.0,-3151.0,-111.0,805,41546,35124,6422.0,15.0,-1966,3601,3323,-2468,-80.0,-481,-1.0,-67.0,3040.0,Accrual Risk,9.283685553362538,Capital Intensive,47.337278106508876,+,-,-,Reinvestor
742,JSWSTEEL,Mar 2017,7888.0,-5094.0,-2710.0,84.0,806,55604,43296,12308.0,22.0,18,3768,3430,5128,33.0,3467,15.0,19.0,2794.0,High Quality,9.161211423638587,Capital Intensive,22.700682482937925,+,-,-,Reinvestor
743,JSWSTEEL,Mar 2018,12379.0,-4529.0,-8185.0,-335.0,807,71933,57017,14916.0,21.0,-177,3701,3387,7651,20.0,6113,26.0,16.0,7850.0,High Quality,6.296136682746445,Moderate,52.62805041566103,+,-,-,Reinvestor
744,JSWSTEEL,Mar 2019,14633.0,-11387.0,1753.0,4999.0,808,84757,65827,18930.0,22.0,196,3917,4041,11168,33.0,7524,32.0,16.0,3246.0,High Quality,13.434878535106245,Capital Intensive,17.147385103011093,+,-,+,Mixed
745,JSWSTEEL,Mar 2020,12785.0,-19589.0,5189.0,-1615.0,809,73326,61513,11813.0,16.0,-289,4265,4246,3013,-30.0,3919,17.0,15.0,-6804.0,High Quality,26.714944221694896,Capital Intensive,-57.597562007957336,+,-,+,Mixed
746,JSWSTEEL,Mar 2021,18789.0,-7702.0,-3110.0,7977.0,810,79839,59661,20178.0,25.0,473,3957,4679,12015,34.0,7873,33.0,25.0,11087.0,High Quality,9.646914415260714,Capital Intensive,54.94598077113688,+,-,-,Reinvestor
747,JSWSTEEL,Mar 2022,26270.0,-14748.0,-14657.0,-3135.0,811,146371,107257,39114.0,27.0,1600,4968,6001,29745,30.0,20938,85.0,25.0,11522.0,High Quality,10.07576637448675,Capital Intensive,29.457483254077825,+,-,-,Reinvestor
748,JSWSTEEL,Mar 2023,23323.0,-10730.0,-5977.0,6616.0,812,165960,147490,18470.0,11.0,1561,6902,7474,5655,27.0,4139,17.0,25.0,12593.0,High Quality,6.465413352615087,Moderate,68.18083378451543,+,-,-,Reinvestor
749,JSWSTEEL,Mar 2024,12078.0,-14467.0,-5005.0,-7394.0,813,175006,146849,28157.0,16.0,1500,8105,8172,13380,33.0,8973,36.0,25.0,-2389.0,High Quality,8.266573717472543,Capital Intensive,-8.48456866853713,+,-,-,Reinvestor
750,KOTAKBANK,Mar 2013,2878.0,-9035.0,7099.0,942.0,815,10838,6024,6603.0,-1789.0,-17,5112,179,3144,30.0,2238,15.0,2.0,-6157.0,High Quality,83.36408931537184,Capital Intensive,-93.2454944722096,+,-,+,Mixed
751,KOTAKBANK,Mar 2014,9068.0,-1130.0,-5814.0,2125.0,816,11986,6312,7053.0,-1379.0,-12,5282,208,3695,32.0,2527,16.0,2.0,7938.0,High Quality,9.427665609878192,Capital Intensive,112.54785197788175,+,-,-,Reinvestor
752,KOTAKBANK,Mar 2015,2302.0,-4467.0,2426.0,260.0,817,13319,6966,9718.0,-3366.0,-25,8152,237,4550,33.0,3105,20.0,2.0,-2165.0,Moderate,33.5385539454914,Capital Intensive,-22.278246552788637,+,-,+,Mixed
753,KOTAKBANK,Mar 2016,5025.0,-2353.0,2024.0,4696.0,818,20402,11123,11541.0,-2263.0,-11,7631,345,5024,32.0,3524,19.0,3.0,2672.0,High Quality,11.533183021272423,Capital Intensive,23.15223984056841,+,-,+,Mixed
754,KOTAKBANK,Mar 2017,13222.0,-5289.0,6055.0,13989.0,819,22324,11458,14832.0,-3965.0,-18,11660,362,7332,32.0,5019,27.0,2.0,7933.0,High Quality,23.691990682673357,Capital Intensive,53.485706580366774,+,-,+,Mixed
755,KOTAKBANK,Mar 2018,-10392.0,-5475.0,14679.0,-1188.0,820,25131,12467,16805.0,-4141.0,-16,13682,383,9158,33.0,6258,33.0,2.0,-15867.0,Accrual Risk,21.78584218694043,Capital Intensive,-94.41832787860756,-,-,+,Growth Funded by Debt
756,KOTAKBANK,Mar 2019,1822.0,-3323.0,8365.0,6864.0,821,29831,15187,19758.0,-5114.0,-17,16148,458,10576,33.0,7204,38.0,2.0,-1501.0,Accrual Risk,11.139418725486909,Capital Intensive,-7.596922765462091,+,-,+,Mixed
757,KOTAKBANK,Mar 2020,46619.0,-13068.0,-735.0,32815.0,822,33474,15901,22578.0,-5005.0,-15,16892,465,11422,25.0,8593,45.0,0.0,33551.0,High Quality,39.03925434665711,Capital Intensive,148.60040747630435,+,-,-,Reinvestor
758,KOTAKBANK,Mar 2021,4881.0,-11172.0,-10072.0,-16363.0,823,32820,12967,29812.0,-9958.0,-30,23588,461,13168,25.0,9990,50.0,2.0,-6291.0,Accrual Risk,34.040219378427786,Capital Intensive,-21.102240708439552,+,-,-,Reinvestor
759,KOTAKBANK,Mar 2022,8308.0,-10903.0,7543.0,4949.0,824,33741,11554,30699.0,-8512.0,-25,24941,480,15948,25.0,12089,61.0,2.0,-2595.0,Moderate,32.31380219910495,Capital Intensive,-8.453044073096844,+,-,+,Mixed
760,KOTAKBANK,Mar 2023,-1242.0,-10381.0,1883.0,-9740.0,825,42151,14411,33485.0,-5746.0,-14,25991,599,19646,25.0,14925,75.0,2.0,-11623.0,Accrual Risk,24.62812270171526,Capital Intensive,-34.71106465581604,-,-,+,Growth Funded by Debt
761,KOTAKBANK,Mar 2024,15685.0,-8919.0,15515.0,22281.0,826,56237,22567,47052.0,-13382.0,-24,38037,792,23863,25.0,18213,92.0,2.0,6766.0,Moderate,15.859665344879707,Capital Intensive,14.379835076086033,+,-,+,Mixed
762,LICI,Mar 2019,13274.0,9636.0,-13700.0,9210.0,828,571508,565587,5920.0,1.0,2615,0,336,8199,68.0,2627,,2.0,22910.0,High Quality,1.6860656368764744,Asset Light,386.9932432432432,+,+,-,Liquidating Assets
763,LICI,Mar 2020,54367.0,-40415.0,-18664.0,-4712.0,829,628043,634989,-6947.0,-1.0,20870,0,379,13544,80.0,2710,,2.0,13952.0,High Quality,6.435068936362638,Moderate,-200.83489275946454,+,-,-,Reinvestor
764,LICI,Mar 2021,80602.0,148447.0,-256125.0,-27077.0,830,690914,691166,-252.0,0.0,12820,0,417,12151,76.0,2974,7.0,0.0,229049.0,High Quality,21.485597339176802,Capital Intensive,-90892.46031746031,+,+,-,Liquidating Assets
765,LICI,Mar 2022,-3783.0,12531.0,0.0,8748.0,831,723606,720280,3326.0,0.0,9248,0,436,12138,66.0,4125,57.0,23.0,8748.0,Accrual Risk,1.731743517881278,Asset Light,263.0186410102225,-,+,+,Distress Signal
766,LICI,Mar 2023,54519.0,-52848.0,-949.0,722.0,832,784628,750420,34207.0,4.0,7800,77,466,41463,13.0,35997,65.0,5.0,1671.0,High Quality,6.735421116758515,Moderate,4.884965065629842,+,-,-,Reinvestor
767,LICI,Mar 2024,26122.0,-25269.0,-4427.0,-3574.0,833,845966,813188,32779.0,4.0,14829,128,466,47014,13.0,40916,66.0,15.0,853.0,Moderate,2.986999477520373,Asset Light,2.6022758473412853,+,-,-,Reinvestor
777,LODHA,Mar 2016,387.0,-854.0,330.0,-137.0,838,8249,6123,2126.0,26.0,510,988,450,1198,41.0,703,16.0,0.0,-467.0,Moderate,10.35277003273124,Capital Intensive,-21.966133584195674,+,-,+,Mixed
778,LODHA,Mar 2017,1469.0,-1174.0,-312.0,-16.0,839,7926,6313,1614.0,20.0,584,736,460,1001,42.0,584,13.0,0.0,295.0,High Quality,14.812011102699973,Capital Intensive,18.277571251548945,+,-,-,Reinvestor
779,LODHA,Mar 2018,696.0,-651.0,24.0,69.0,840,9677,7995,1682.0,17.0,285,390,395,1182,33.0,794,10.0,0.0,45.0,Moderate,6.727291515965692,Moderate,2.67538644470868,+,-,+,Mixed
780,LODHA,Mar 2019,-463.0,-175.0,736.0,97.0,841,11907,8728,3179.0,27.0,72,568,194,2489,34.0,1644,21.0,0.0,-638.0,Accrual Risk,1.4697236919459142,Asset Light,-20.069204152249135,-,-,+,Growth Funded by Debt
781,LODHA,Mar 2020,3772.0,182.0,-4188.0,-234.0,842,12443,10526,1917.0,15.0,119,740,292,1003,26.0,742,9.0,0.0,3954.0,High Quality,1.4626697741702162,Asset Light,206.25978090766824,+,+,-,Liquidating Assets
782,LODHA,Mar 2021,2524.0,420.0,-2835.0,109.0,843,5449,4066,1383.0,25.0,-140,1136,73,33,-44.0,48,1.0,0.0,2944.0,High Quality,7.707836300238576,Moderate,212.8705712219812,+,+,-,Liquidating Assets
783,LODHA,Mar 2022,1998.0,1139.0,-2888.0,250.0,844,9233,7047,2186.0,24.0,293,688,75,1716,30.0,1208,12.0,20.0,3137.0,High Quality,12.336185421856385,Capital Intensive,143.50411710887465,+,+,-,Liquidating Assets
784,LODHA,Mar 2023,2750.0,1789.0,-3706.0,834.0,845,9470,7406,2064.0,22.0,-1037,482,93,452,-8.0,490,5.0,14.0,4539.0,High Quality,18.891235480464623,Capital Intensive,219.9127906976744,+,+,-,Liquidating Assets
785,LODHA,Mar 2024,2512.0,-2947.0,951.0,516.0,846,10316,7651,2665.0,26.0,48,482,204,2028,23.0,1554,16.0,,-435.0,High Quality,28.567274137262505,Capital Intensive,-16.322701688555348,+,-,+,Mixed
786,LT,Mar 2013,-4355.0,-6922.0,11429.0,152.0,848,74426,63032,11394.0,15.0,2523,4642,1637,7638,31.0,5291,38.0,22.0,-11277.0,Accrual Risk,9.30051326149464,Capital Intensive,-98.97314375987362,-,-,+,Growth Funded by Debt
787,LT,Mar 2014,-7143.0,-5510.0,13136.0,483.0,849,85054,70968,14086.0,17.0,1337,6494,1446,7483,35.0,4885,35.0,27.0,-12653.0,Accrual Risk,6.478237355092059,Moderate,-89.82677836149368,-,-,+,Growth Funded by Debt
788,LT,Mar 2015,-1365.0,-4778.0,7903.0,1759.0,850,91929,76245,15684.0,17.0,1422,7266,2623,7217,31.0,4966,34.0,32.0,-6143.0,Accrual Risk,5.197489366793938,Moderate,-39.16730425911757,-,-,+,Growth Funded by Debt
789,LT,Mar 2016,-3240.0,-4627.0,7253.0,-613.0,851,101122,85637,15486.0,15.0,1219,6899,1787,8020,30.0,4592,31.0,40.0,-7867.0,Accrual Risk,4.575661082652637,Moderate,-50.800723233888675,-,-,+,Growth Funded by Debt
790,LT,Mar 2017,6655.0,-9796.0,2896.0,-245.0,852,109312,92691,16620.0,15.0,1466,6829,2370,8887,23.0,6486,43.0,22.0,-3141.0,High Quality,8.96150468384075,Capital Intensive,-18.898916967509024,+,-,+,Mixed
791,LT,Mar 2018,-10031.0,3914.0,9370.0,3254.0,853,119683,99572,20111.0,17.0,1465,7714,2223,11639,27.0,8004,53.0,30.0,-6117.0,Accrual Risk,3.2703057242883284,Moderate,-30.41619014469693,-,+,+,Distress Signal
792,LT,Mar 2019,-4756.0,-11023.0,15440.0,-338.0,854,135220,112354,22866.0,17.0,2701,9339,1923,14305,28.0,10217,63.0,28.0,-15779.0,Accrual Risk,8.151900606419169,Capital Intensive,-69.0063850258025,-,-,+,Growth Funded by Debt
793,LT,Mar 2020,6694.0,-8408.0,6372.0,4658.0,855,145452,120899,24553.0,17.0,3015,11021,2462,14086,23.0,10894,68.0,26.0,-1714.0,Moderate,5.780601160520309,Moderate,-6.980817008104916,+,-,+,Mixed
794,LT,Mar 2021,23074.0,-5750.0,-15274.0,2049.0,856,135979,112519,23460.0,17.0,8111,11750,2904,16918,24.0,12921,82.0,44.0,17324.0,High Quality,4.22859412115106,Moderate,73.84484228473998,+,-,-,Reinvestor
795,LT,Mar 2022,19164.0,-3585.0,-15181.0,397.0,857,156521,132207,24314.0,16.0,2364,9235,2948,14495,29.0,10419,62.0,36.0,15579.0,High Quality,2.2904274825742235,Asset Light,64.07419593649749,+,-,-,Reinvestor
796,LT,Mar 2023,22777.0,-8048.0,-11572.0,3156.0,858,183341,156175,27166.0,15.0,2891,9445,3502,17109,26.0,12531,75.0,32.0,14729.0,High Quality,4.389634615279725,Moderate,54.21850842965471,+,-,-,Reinvestor
797,LT,Mar 2024,18266.0,2179.0,-25413.0,-4968.0,859,221113,191248,29865.0,14.0,3847,9512,3682,20517,24.0,15547,95.0,36.0,20445.0,High Quality,0.9854689683555468,Asset Light,68.45806127574083,+,+,-,Liquidating Assets
798,LTIM,Mar 2013,608.0,-224.0,-396.0,-13.0,861,3851,2981,870.0,23.0,22,21,123,749,25.0,562,174.0,54.0,384.0,High Quality,5.816670994546871,Moderate,44.13793103448276,+,-,-,Reinvestor
799,LTIM,Mar 2014,628.0,180.0,-769.0,40.0,862,4920,3773,1147.0,23.0,217,31,130,1204,17.0,996,309.0,55.0,808.0,Moderate,3.6585365853658534,Moderate,70.44463818657367,+,+,-,Liquidating Assets
800,LTIM,Mar 2015,642.0,-103.0,-497.0,42.0,863,4978,3973,1005.0,20.0,99,10,158,936,18.0,769,238.0,63.0,539.0,Moderate,2.06910405785456,Asset Light,53.6318407960199,+,-,-,Reinvestor
801,LTIM,Mar 2016,858.0,-40.0,-817.0,2.0,864,5846,4819,1028.0,18.0,187,6,174,1035,19.0,836,49.0,72.0,818.0,High Quality,0.6842285323297981,Asset Light,79.57198443579766,+,-,-,Reinvestor
802,LTIM,Mar 2017,1170.0,-961.0,-33.0,176.0,865,6501,5271,1230.0,19.0,187,3,178,1236,21.0,971,57.0,29.0,209.0,High Quality,14.782341178280264,Capital Intensive,16.991869918699187,+,-,-,Reinvestor
803,LTIM,Mar 2018,844.0,-452.0,-408.0,-16.0,866,7306,6119,1187.0,16.0,426,16,156,1442,23.0,1112,65.0,33.0,392.0,Moderate,6.186695866411169,Moderate,33.02443133951137,+,-,-,Reinvestor
804,LTIM,Mar 2019,1395.0,-749.0,-594.0,52.0,867,9446,7562,1883.0,20.0,302,11,147,2028,25.0,1516,87.0,32.0,646.0,Moderate,7.929282235867034,Moderate,34.30695698353691,+,-,-,Reinvestor
805,LTIM,Mar 2020,1644.0,-643.0,-890.0,110.0,868,10879,8849,2029.0,19.0,329,83,273,2003,24.0,1520,87.0,32.0,1001.0,High Quality,5.910469712289732,Moderate,49.33464760965993,+,-,-,Reinvestor
806,LTIM,Mar 2021,2400.0,-1657.0,-509.0,234.0,869,12370,9645,2725.0,22.0,274,79,332,2588,25.0,1938,111.0,36.0,743.0,High Quality,13.39531123686338,Capital Intensive,27.26605504587156,+,-,-,Reinvestor
807,LTIM,Mar 2022,3251.0,-1643.0,-1680.0,-73.0,870,26109,20860,5249.0,20.0,766,123,597,5294,25.0,3950,225.0,41.0,1608.0,Moderate,6.29284920908499,Moderate,30.634406553629262,+,-,-,Reinvestor
808,LTIM,Mar 2023,3095.0,-271.0,-1932.0,892.0,871,33183,27075,6108.0,18.0,557,150,723,5792,24.0,4410,149.0,40.0,2824.0,Moderate,0.8166832414187988,Asset Light,46.234446627373934,+,-,-,Reinvestor
809,LTIM,Mar 2024,5670.0,-3918.0,-2269.0,-518.0,872,35517,29130,6387.0,18.0,702,222,819,6049,24.0,4585,155.0,42.0,1752.0,High Quality,11.031337106174508,Capital Intensive,27.430718647252235,+,-,-,Reinvestor
810,M&M,Mar 2013,-922.0,-2903.0,4508.0,684.0,874,68693,59578,9116.0,13.0,841,2297,2080,5580,35.0,4129,33.0,19.0,-3825.0,Accrual Risk,4.226049233546359,Moderate,-41.95919262834577,-,-,+,Growth Funded by Debt
811,M&M,Mar 2014,-244.0,-4524.0,5577.0,810.0,875,74001,63830,10170.0,14.0,773,2954,2170,5820,26.0,5154,38.0,18.0,-4768.0,Accrual Risk,6.113430899582438,Moderate,-46.88298918387414,-,-,+,Growth Funded by Debt
812,M&M,Mar 2015,1055.0,-4357.0,1669.0,-1633.0,876,71448,62655,8793.0,12.0,800,3157,2124,4313,40.0,3381,25.0,23.0,-3302.0,Accrual Risk,6.098141305564886,Moderate,-37.55259865802343,+,-,+,Mixed
813,M&M,Mar 2016,2385.0,-5506.0,2967.0,-154.0,877,75841,65759,10082.0,13.0,1399,3368,2442,5672,37.0,3554,25.0,21.0,-3121.0,Moderate,7.259925370182355,Moderate,-30.956159492164254,+,-,+,Mixed
814,M&M,Mar 2017,183.0,-5875.0,6108.0,416.0,878,83773,73038,10735.0,13.0,2077,3647,2813,6350,36.0,4051,30.0,22.0,-5692.0,Accrual Risk,7.012999415086006,Moderate,-53.02282254308337,+,-,+,Mixed
815,M&M,Mar 2018,682.0,-5467.0,6314.0,1529.0,879,92094,78868,13226.0,14.0,4366,3987,3280,10326,23.0,7958,60.0,11.0,-4785.0,Accrual Risk,5.936325927856321,Moderate,-36.178738847724176,+,-,+,Mixed
816,M&M,Mar 2019,-4347.0,-7174.0,13194.0,1672.0,880,104721,89514,15207.0,15.0,2676,5021,3991,8871,32.0,6017,43.0,17.0,-11521.0,Accrual Risk,6.850583932544571,Moderate,-75.76116262247649,-,-,+,Growth Funded by Debt
817,M&M,Mar 2020,-1457.0,-6870.0,6933.0,-1394.0,881,75382,65224,10158.0,13.0,885,6021,3367,1655,99.0,-321,1.0,205.0,-8327.0,High Quality,9.113581491602769,Capital Intensive,-81.9747981886198,-,-,+,Growth Funded by Debt
818,M&M,Mar 2021,17909.0,-19686.0,406.0,-1370.0,882,74278,62791,11487.0,15.0,1152,6102,3378,3158,52.0,1512,15.0,54.0,-1777.0,High Quality,26.503136864212824,Capital Intensive,-15.469661356315836,+,-,+,Mixed
819,M&M,Mar 2022,9248.0,-3252.0,-5883.0,113.0,883,90171,75488,14683.0,16.0,3204,5018,3508,9362,23.0,7253,53.0,20.0,5996.0,High Quality,3.60648101939648,Moderate,40.83634134713615,+,-,-,Reinvestor
820,M&M,Mar 2023,-7074.0,-8866.0,15946.0,6.0,884,121269,100983,20285.0,17.0,3961,5830,4357,14060,19.0,11374,83.0,18.0,-15940.0,Accrual Risk,7.311019304191508,Moderate,-78.58023169829924,-,-,+,Growth Funded by Debt
821,M&M,Mar 2024,-5630.0,-5615.0,12281.0,1037.0,885,139078,114186,24892.0,18.0,3298,7488,4724,15978,23.0,12270,91.0,21.0,-11245.0,Accrual Risk,4.0373028084959515,Moderate,-45.17515667684396,-,-,+,Growth Funded by Debt
822,MARUTI,Mar 2013,4059.0,-3119.0,-979.0,-39.0,887,44304,39944,4361.0,10.0,797,198,1890,3070,20.0,2470,82.0,10.0,940.0,High Quality,7.039996388587938,Moderate,21.554689291446916,+,-,-,Reinvestor
823,MARUTI,Mar 2014,4995.0,-4997.0,-74.0,-76.0,888,44542,39232,5310.0,12.0,724,184,2116,3734,24.0,2854,94.0,13.0,-2.0,High Quality,11.218625117866283,Capital Intensive,-0.03766478342749529,+,-,-,Reinvestor
824,MARUTI,Mar 2015,6449.0,-4491.0,-2004.0,-45.0,889,50801,43909,6892.0,14.0,817,218,2515,4976,24.0,3809,126.0,20.0,1958.0,High Quality,8.84037715792996,Capital Intensive,28.40975043528729,+,-,-,Reinvestor
825,MARUTI,Mar 2016,8482.0,-7230.0,-1237.0,16.0,890,57589,48565,9024.0,16.0,1464,82,2822,7585,28.0,5497,182.0,19.0,1252.0,High Quality,12.554480890447827,Capital Intensive,13.874113475177305,+,-,-,Reinvestor
826,MARUTI,Mar 2017,10282.0,-9173.0,-1129.0,-20.0,891,68085,57664,10421.0,15.0,2399,89,2604,10127,26.0,7511,249.0,30.0,1109.0,High Quality,13.472864801351253,Capital Intensive,10.641972939257268,+,-,-,Reinvestor
827,MARUTI,Mar 2018,11788.0,-8302.0,-3436.0,50.0,892,79809,67692,12118.0,15.0,2155,346,2760,11167,29.0,7881,261.0,31.0,3486.0,High Quality,10.402335576188149,Capital Intensive,28.767123287671232,+,-,-,Reinvestor
828,MARUTI,Mar 2019,6601.0,-3540.0,-2948.0,113.0,893,86068,75012,11056.0,13.0,2664,76,3021,10624,28.0,7651,253.0,32.0,3061.0,Moderate,4.113026908955709,Moderate,27.68632416787265,+,-,-,Reinvestor
829,MARUTI,Mar 2020,3496.0,-557.0,-3104.0,-165.0,894,75660,68305,7355.0,10.0,3410,134,3528,7103,20.0,5678,188.0,32.0,2939.0,Moderate,0.7361882104150145,Asset Light,39.95921142080218,+,-,-,Reinvestor
830,MARUTI,Mar 2021,8856.0,-7291.0,-1545.0,20.0,895,70372,64961,5411.0,8.0,3046,102,3034,5321,18.0,4389,145.0,31.0,1565.0,High Quality,10.360654805888705,Capital Intensive,28.922565145074845,+,-,-,Reinvestor
831,MARUTI,Mar 2022,1840.0,-239.0,-1607.0,-6.0,896,88330,82578,5752.0,7.0,1861,127,2789,4697,17.0,3880,128.0,47.0,1601.0,Accrual Risk,0.27057624816030795,Asset Light,27.833796940194716,+,-,-,Reinvestor
832,MARUTI,Mar 2023,10815.0,-8820.0,-1214.0,780.0,897,118410,105288,13122.0,11.0,2415,252,4846,10438,21.0,8264,274.0,34.0,1995.0,High Quality,7.448695211553079,Moderate,15.203475080018288,+,-,-,Reinvestor
833,MARUTI,Mar 2024,16801.0,-11865.0,-4062.0,874.0,898,141858,123232,18626.0,13.0,4248,194,5256,17424,23.0,13488,429.0,29.0,4936.0,High Quality,8.363997800617518,Capital Intensive,26.500590572318266,+,-,-,Reinvestor
834,MOTHERSON,Mar 2013,1486.0,-1089.0,-256.0,142.0,900,25298,23819,1480.0,6.0,318,250,714,834,46.0,452,1.0,26.0,397.0,High Quality,4.304688117637758,Moderate,26.824324324324323,+,-,-,Reinvestor
835,MOTHERSON,Mar 2014,2695.0,-1372.0,-1080.0,243.0,901,30414,28017,2397.0,8.0,311,294,817,1596,31.0,1097,2.0,29.0,1323.0,High Quality,4.511080423489182,Moderate,55.19399249061326,+,-,-,Reinvestor
836,MOTHERSON,Mar 2015,3390.0,-2844.0,494.0,1040.0,902,34661,31817,2844.0,8.0,212,318,921,1817,29.0,1292,2.0,31.0,546.0,High Quality,8.2051873863997,Capital Intensive,19.198312236286917,+,-,+,Mixed
837,MOTHERSON,Mar 2016,2188.0,-1906.0,-263.0,19.0,903,37216,33668,3548.0,10.0,177,345,1087,2293,23.0,1774,3.0,26.0,282.0,High Quality,5.121453138435082,Moderate,7.94813979706877,+,-,-,Reinvestor
838,MOTHERSON,Mar 2017,3800.0,-6145.0,5518.0,3172.0,904,42376,38204,4171.0,10.0,346,375,1059,3083,30.0,2172,3.0,18.0,-2345.0,High Quality,14.501132716632057,Capital Intensive,-56.22152960920642,+,-,+,Mixed
839,MOTHERSON,Mar 2018,3264.0,-3194.0,-2221.0,-2152.0,905,56303,51174,5128.0,9.0,125,411,1575,3267,31.0,2260,3.0,30.0,70.0,High Quality,5.672877111343978,Moderate,1.3650546021840875,+,-,-,Reinvestor
840,MOTHERSON,Mar 2019,4312.0,-3318.0,-225.0,769.0,906,63523,58174,5348.0,8.0,333,423,2058,3200,34.0,2098,3.0,29.0,994.0,High Quality,5.223304944665712,Moderate,18.586387434554975,+,-,-,Reinvestor
841,MOTHERSON,Mar 2020,6352.0,-2220.0,-2803.0,1329.0,907,60729,56075,4654.0,8.0,642,593,2721,1983,-5.0,1294,2.0,40.0,4132.0,High Quality,3.6555846465444843,Moderate,88.78384185646756,+,-,-,Reinvestor
842,MOTHERSON,Mar 2021,5051.0,-1886.0,-2098.0,1068.0,908,57370,53000,4370.0,8.0,568,512,2926,1500,34.0,1569,2.0,46.0,3165.0,High Quality,3.28743245598745,Moderate,72.42562929061785,+,-,-,Reinvestor
843,MOTHERSON,Mar 2022,2463.0,-2304.0,-1217.0,-1059.0,909,63774,59060,4714.0,7.0,575,543,2958,1788,31.0,1182,1.0,34.0,159.0,High Quality,3.6127575500987863,Moderate,3.3729316928298685,+,-,-,Reinvestor
844,MOTHERSON,Mar 2023,4643.0,-2248.0,-2734.0,-339.0,910,78788,72537,6251.0,8.0,70,781,3136,2405,31.0,1670,2.0,29.0,2395.0,High Quality,2.8532263796517237,Asset Light,38.31386978083506,+,-,-,Reinvestor
845,MOTHERSON,Mar 2024,7569.0,-6644.0,1281.0,2205.0,911,98692,89370,9322.0,9.0,140,1811,3810,3840,21.0,3020,4.0,20.0,925.0,High Quality,6.732055283102987,Moderate,9.922763355503111,+,-,+,Mixed
846,NAUKRI,Mar 2013,75.0,-46.0,-12.0,16.0,913,472,351,121.0,26.0,24,3,12,130,41.0,76,8.0,12.0,29.0,Moderate,9.745762711864407,Capital Intensive,23.96694214876033,+,-,-,Reinvestor
847,NAUKRI,Mar 2014,81.0,-204.0,130.0,7.0,914,567,471,97.0,17.0,48,3,21,120,49.0,60,8.0,30.0,-123.0,High Quality,35.978835978835974,Capital Intensive,-126.8041237113402,+,-,+,Mixed
848,NAUKRI,Mar 2015,51.0,-1051.0,1025.0,25.0,915,732,711,21.0,3.0,89,4,47,60,99.0,-14,2.0,150.0,-1000.0,Accrual Risk,143.5792349726776,Capital Intensive,-4761.904761904762,+,-,+,Mixed
849,NAUKRI,Mar 2016,78.0,-2.0,-66.0,11.0,916,748,656,91.0,12.0,111,3,24,175,33.0,118,11.0,27.0,76.0,Moderate,0.267379679144385,Asset Light,83.51648351648352,+,-,-,Reinvestor
850,NAUKRI,Mar 2017,213.0,-165.0,-42.0,7.0,917,888,896,-9.0,-1.0,50,4,33,5,99.0,-43,-2.0,-230.0,48.0,Accrual Risk,18.58108108108108,Capital Intensive,-533.3333333333333,+,-,-,Reinvestor
851,NAUKRI,Mar 2018,253.0,-149.0,-75.0,29.0,918,988,769,219.0,22.0,401,5,30,585,14.0,501,42.0,13.0,104.0,Moderate,15.08097165991903,Capital Intensive,47.48858447488584,+,-,-,Reinvestor
852,NAUKRI,Mar 2019,276.0,-59.0,-78.0,138.0,919,1151,1142,9.0,1.0,737,7,22,716,17.0,592,49.0,12.0,217.0,Accrual Risk,5.125977410947002,Moderate,2411.111111111111,+,-,-,Reinvestor
853,NAUKRI,Mar 2020,350.0,97.0,-143.0,304.0,920,1312,1662,-350.0,-27.0,286,14,48,-126,95.0,-246,-19.0,-31.0,447.0,Accrual Risk,7.393292682926829,Moderate,-127.71428571428571,+,+,-,Liquidating Assets
854,NAUKRI,Mar 2021,276.0,-2043.0,1880.0,113.0,921,1128,1054,74.0,7.0,1584,11,45,1602,12.0,1418,110.0,7.0,-1767.0,Accrual Risk,181.11702127659575,Capital Intensive,-2387.837837837838,+,-,+,Mixed
855,NAUKRI,Mar 2022,707.0,-1177.0,35.0,-435.0,922,1589,1143,446.0,28.0,13810,11,73,14200,9.0,12882,991.0,1.0,-470.0,Accrual Risk,74.07174323473883,Capital Intensive,-105.38116591928251,+,-,+,Mixed
856,NAUKRI,Mar 2023,512.0,-358.0,2.0,156.0,923,2346,1997,348.0,15.0,-116,18,73,141,99.0,-70,-8.0,-228.0,154.0,Accrual Risk,15.26001705029838,Capital Intensive,44.252873563218394,+,-,+,Mixed
857,NAUKRI,Mar 2024,702.0,-852.0,120.0,-29.0,924,2536,1825,711.0,28.0,303,35,101,878,32.0,595,44.0,49.0,-150.0,High Quality,33.59621451104101,Capital Intensive,-21.09704641350211,+,-,+,Mixed
858,NESTLEIND,Dec 2013,1796.0,-441.0,-580.0,775.0,926,9101,7153,1948.0,21.0,97,37,330,1678,33.0,1117,12.0,42.0,1355.0,High Quality,4.845621360290078,Moderate,69.55852156057495,+,-,-,Reinvestor
859,NESTLEIND,Dec 2014,1644.0,-432.0,-1635.0,-423.0,927,9855,7816,2039.0,21.0,87,14,338,1774,33.0,1185,12.0,51.0,1212.0,High Quality,4.383561643835616,Moderate,59.44090240313879,+,-,-,Reinvestor
860,NESTLEIND,Dec 2015,1098.0,-70.0,-498.0,529.0,928,8175,6620,1555.0,19.0,-391,3,347,814,31.0,563,6.0,83.0,1028.0,High Quality,0.8562691131498471,Asset Light,66.10932475884245,+,-,-,Reinvestor
861,NESTLEIND,Dec 2016,1466.0,-126.0,-666.0,674.0,929,9141,7292,1850.0,20.0,140,91,354,1545,35.0,1001,10.0,61.0,1340.0,High Quality,1.3784049885132919,Asset Light,72.43243243243244,+,-,-,Reinvestor
862,NESTLEIND,Dec 2017,1818.0,-131.0,-997.0,691.0,930,10010,7913,2097.0,21.0,177,92,342,1839,33.0,1225,13.0,68.0,1687.0,High Quality,1.3086913086913086,Asset Light,80.4482594182165,+,-,-,Reinvestor
863,NESTLEIND,Dec 2018,2052.0,-52.0,-1317.0,683.0,931,11292,8675,2618.0,23.0,259,112,336,2429,34.0,1607,17.0,69.0,2000.0,High Quality,0.4605030109812256,Asset Light,76.39419404125286,+,-,-,Reinvestor
864,NESTLEIND,Dec 2019,2295.0,83.0,-3602.0,-1223.0,932,12369,9443,2926.0,24.0,247,129,370,2673,26.0,1968,20.0,168.0,2378.0,High Quality,0.6710324197590751,Asset Light,81.27136021872865,+,+,-,Liquidating Assets
865,NESTLEIND,Dec 2020,2454.0,-321.0,-1956.0,177.0,933,13350,10149,3202.0,24.0,146,164,370,2813,26.0,2082,22.0,93.0,2133.0,High Quality,2.404494382022472,Asset Light,66.61461586508433,+,-,-,Reinvestor
866,NESTLEIND,Dec 2021,2236.0,-1920.0,-2020.0,-1704.0,934,14741,11178,3562.0,24.0,-112,202,391,2857,26.0,2118,22.0,91.0,316.0,High Quality,13.024896547045655,Capital Intensive,8.871420550252667,+,-,-,Reinvestor
867,NESTLEIND,Dec 2022,2737.0,-392.0,-2123.0,223.0,935,16897,13191,3706.0,22.0,107,155,403,3256,27.0,2391,25.0,89.0,2345.0,High Quality,2.3199384506125345,Asset Light,63.275769023205605,+,-,-,Reinvestor
868,NESTLEIND,Dec 2023,3392.0,-927.0,-2436.0,29.0,936,19126,14655,4471.0,23.0,116,119,429,4038,26.0,2999,31.0,56.0,2465.0,High Quality,4.846805395796299,Moderate,55.13307984790875,+,-,-,Reinvestor
869,NESTLEIND,Mar 2024,4175.0,-1237.0,-3135.0,-198.0,937,24394,18581,5813.0,24.0,159,145,538,5289,26.0,3933,41.0,79.0,2938.0,High Quality,5.070919078461917,Moderate,50.541888869774645,+,-,-,Reinvestor
870,NHPC,Mar 2013,2846.0,-1330.0,-1344.0,172.0,939,6381,2229,4152.0,65.0,1595,611,1241,3895,26.0,2873,2.0,28.0,1516.0,Moderate,20.84312803635794,Capital Intensive,36.51252408477842,+,-,-,Reinvestor
871,NHPC,Mar 2014,3824.0,-1122.0,-4536.0,-1834.0,940,7389,3047,4342.0,59.0,889,1203,1499,2529,35.0,1633,1.0,27.0,2702.0,High Quality,15.18473406414941,Capital Intensive,62.229387379087974,+,-,-,Reinvestor
872,NHPC,Mar 2015,4061.0,-768.0,-2494.0,798.0,941,8221,3087,5134.0,62.0,1597,1296,1715,3718,25.0,2798,2.0,27.0,3293.0,High Quality,9.341929205692738,Capital Intensive,64.14102064666926,+,-,-,Reinvestor
873,NHPC,Mar 2016,5971.0,-746.0,-4000.0,1224.0,942,8354,3571,4783.0,57.0,1174,1160,1432,3365,30.0,2365,2.0,81.0,5225.0,High Quality,8.929853962173809,Capital Intensive,109.2410620949195,+,-,-,Reinvestor
874,NHPC,Mar 2017,8329.0,-1864.0,-7812.0,-1347.0,943,8623,3739,4884.0,57.0,2245,1133,1462,4535,23.0,3480,3.0,61.0,6465.0,High Quality,21.616606749391163,Capital Intensive,132.37100737100738,+,-,-,Reinvestor
875,NHPC,Mar 2018,4696.0,-886.0,-3863.0,-53.0,944,7755,3508,4248.0,55.0,1185,924,1469,3040,8.0,2785,2.0,57.0,3810.0,High Quality,11.42488716956802,Capital Intensive,89.68926553672316,+,-,-,Reinvestor
876,NHPC,Mar 2019,3824.0,-1182.0,-2637.0,5.0,945,8983,4002,4981.0,55.0,1733,896,1658,4159,32.0,2836,3.0,56.0,2642.0,High Quality,13.158187687854836,Capital Intensive,53.04155792009637,+,-,-,Reinvestor
877,NHPC,Mar 2020,2993.0,-2987.0,12.0,17.0,946,10008,4562,5446.0,54.0,311,877,1614,3266,-2.0,3345,3.0,52.0,6.0,Moderate,29.846123101518785,Capital Intensive,0.11017260374586854,+,-,+,Mixed
878,NHPC,Mar 2021,5070.0,-1607.0,-3058.0,405.0,947,9648,4371,5277.0,55.0,1087,577,1292,4495,20.0,3600,3.0,49.0,3463.0,High Quality,16.65630182421227,Capital Intensive,65.62440780746637,+,-,-,Reinvestor
879,NHPC,Mar 2022,4590.0,-3084.0,-638.0,867.0,948,9144,5131,4013.0,44.0,981,586,1190,3217,-17.0,3774,4.0,52.0,1506.0,High Quality,33.727034120734906,Capital Intensive,37.52803388985796,+,-,-,Reinvestor
880,NHPC,Mar 2023,4705.0,-4191.0,-795.0,-281.0,949,10607,4423,6184.0,58.0,743,475,1215,5237,19.0,4261,4.0,48.0,514.0,High Quality,39.511643254454604,Capital Intensive,8.311772315653299,+,-,-,Reinvestor
881,NHPC,Mar 2024,6938.0,-5968.0,-581.0,388.0,950,9632,4825,4807.0,50.0,2029,608,1184,5043,20.0,4028,4.0,53.0,970.0,High Quality,61.96013289036545,Capital Intensive,20.17890576242979,+,-,-,Reinvestor
882,NTPC,Mar 2013,16508.0,-16845.0,988.0,651.0,952,71518,53370,18149.0,25.0,4777,2491,3823,16611,24.0,12586,13.0,38.0,-337.0,High Quality,23.553511004222713,Capital Intensive,-1.85685161716899,+,-,+,Mixed
883,NTPC,Mar 2014,16531.0,-15509.0,-2709.0,-1687.0,953,78330,58603,19727.0,25.0,2792,3263,4770,14486,21.0,11403,12.0,42.0,1022.0,High Quality,19.799565938976126,Capital Intensive,5.180716784103006,+,-,-,Reinvestor
884,NTPC,Mar 2015,14889.0,-15977.0,-1474.0,-2563.0,954,79957,62605,17352.0,22.0,2338,3669,5565,10456,4.0,9992,10.0,21.0,-1088.0,High Quality,19.981990319796893,Capital Intensive,-6.2701705855232825,+,-,-,Reinvestor
885,NTPC,Mar 2016,24125.0,-19162.0,-3899.0,1064.0,955,73396,54829,18568.0,25.0,1188,3366,5771,10618,-2.0,10781,11.0,26.0,4963.0,High Quality,26.107689792359256,Capital Intensive,26.72878069797501,+,-,-,Reinvestor
886,NTPC,Mar 2017,20167.0,-24480.0,3138.0,-1176.0,956,82042,60445,21598.0,26.0,1592,3753,6010,13426,20.0,10714,11.0,37.0,-4313.0,High Quality,29.838375466224615,Capital Intensive,-19.96944161496435,+,-,+,Mixed
887,NTPC,Mar 2018,19670.0,-20678.0,1028.0,19.0,957,88083,65598,22485.0,26.0,5576,4447,7460,16154,35.0,10502,11.0,40.0,-1008.0,High Quality,23.475585527286764,Capital Intensive,-4.482988659106071,+,-,+,Mixed
888,NTPC,Mar 2019,18686.0,-24063.0,4927.0,-451.0,958,100287,77576,22710.0,23.0,2818,5605,8669,11255,-25.0,14034,14.0,44.0,-5377.0,High Quality,23.99413682730563,Capital Intensive,-23.676794363716425,+,-,+,Mixed
889,NTPC,Mar 2020,23890.0,-29628.0,6004.0,266.0,959,109464,77878,31586.0,29.0,8209,8189,10356,21250,44.0,11902,12.0,27.0,-5738.0,High Quality,27.066432799824604,Capital Intensive,-18.16627619831571,+,-,+,Mixed
890,NTPC,Mar 2021,32444.0,-21034.0,-11049.0,360.0,960,111531,77487,34044.0,31.0,5021,9224,12450,17390,14.0,14969,15.0,41.0,11410.0,High Quality,18.859330589701518,Capital Intensive,33.51545059334978,+,-,-,Reinvestor
891,NTPC,Mar 2022,41788.0,-22891.0,-19172.0,-274.0,961,132669,92307,40362.0,30.0,4809,9376,13788,22007,23.0,16960,17.0,41.0,18897.0,High Quality,17.254219146899427,Capital Intensive,46.81878995094396,+,-,-,Reinvestor
892,NTPC,Mar 2023,47152.0,-26145.0,-21217.0,-210.0,962,176207,128611,47596.0,27.0,2561,11447,14792,23917,28.0,17121,17.0,42.0,21007.0,High Quality,14.837662521920242,Capital Intensive,44.136061853937306,+,-,-,Reinvestor
893,NTPC,Mar 2024,40785.0,-32141.0,-8246.0,398.0,963,178501,127045,51456.0,29.0,5190,12301,16204,28142,24.0,21332,21.0,36.0,8644.0,High Quality,18.00606159069137,Capital Intensive,16.798818407960198,+,-,-,Reinvestor
894,ONGC,Mar 2013,39874.0,-41220.0,-6927.0,-8273.0,965,161984,118482,43501.0,27.0,5488,484,11763,36742,35.0,23994,19.0,34.0,-1346.0,High Quality,25.446957724219676,Capital Intensive,-3.0941817429484377,+,-,-,Reinvestor
895,ONGC,Mar 2014,53270.0,-63633.0,15225.0,4862.0,966,174121,124991,49130.0,28.0,7170,624,16262,39413,32.0,26665,21.0,31.0,-10363.0,High Quality,36.54527598623945,Capital Intensive,-21.093018522287807,+,-,+,Mixed
896,ONGC,Mar 2015,33950.0,-30058.0,-10641.0,-6749.0,967,160923,118610,42312.0,26.0,5955,2864,18033,27370,35.0,17703,14.0,44.0,3892.0,High Quality,18.678498412284135,Capital Intensive,9.198336169408206,+,-,-,Reinvestor
897,ONGC,Mar 2016,46292.0,-38256.0,-8972.0,-935.0,968,124036,84901,39135.0,32.0,1067,3766,16384,20052,35.0,13102,10.0,56.0,8036.0,High Quality,30.842658582992033,Capital Intensive,20.534048805417147,+,-,-,Reinvestor
898,ONGC,Mar 2017,45780.0,-43815.0,-1867.0,99.0,969,282506,229702,52804.0,19.0,12724,3591,20119,41718,30.0,29169,19.0,40.0,1965.0,High Quality,15.509405109979966,Capital Intensive,3.72130899174305,+,-,-,Reinvestor
899,ONGC,Mar 2018,56792.0,-66798.0,9909.0,-97.0,970,322706,265817,56889.0,18.0,10429,4999,23112,39208,34.0,26068,17.0,38.0,-10006.0,High Quality,20.69933623793794,Capital Intensive,-17.58863752219234,+,-,+,Mixed
900,ONGC,Mar 2019,61458.0,-37132.0,-23324.0,1001.0,971,421624,346805,74819.0,18.0,9567,5837,23704,54846,38.0,33938,24.0,29.0,24326.0,High Quality,8.806899038005426,Capital Intensive,32.513131691147976,+,-,-,Reinvestor
901,ONGC,Mar 2020,70593.0,-53159.0,-16726.0,708.0,972,396728,344623,52105.0,13.0,982,7489,26635,18962,40.0,11456,9.0,58.0,17434.0,High Quality,13.399356738117804,Capital Intensive,33.459360905863164,+,-,-,Reinvestor
902,ONGC,Mar 2021,47185.0,-39141.0,-8239.0,-195.0,973,303849,254375,49473.0,16.0,11271,5079,25538,30126,29.0,21360,13.0,28.0,8044.0,High Quality,12.8817274369835,Capital Intensive,16.259373799850422,+,-,-,Reinvestor
903,ONGC,Mar 2022,78248.0,-41197.0,-35790.0,1261.0,974,491246,411373,79874.0,16.0,6797,5696,26883,54091,9.0,49294,36.0,29.0,37051.0,High Quality,8.386226045606477,Capital Intensive,46.38680922452863,+,-,-,Reinvestor
904,ONGC,Mar 2023,86062.0,-74690.0,-12876.0,-1504.0,975,632291,556764,75527.0,12.0,-30,7889,24557,43051,24.0,32778,28.0,40.0,11372.0,High Quality,11.812598945738593,Capital Intensive,15.056867080646654,+,-,-,Reinvestor
905,ONGC,Mar 2024,99263.0,-57203.0,-45650.0,-3591.0,976,591396,488561,102835.0,17.0,12982,10194,28763,76860,26.0,57101,39.0,31.0,42060.0,High Quality,9.672537521390066,Capital Intensive,40.90047162930909,+,-,-,Reinvestor
906,PFC,Mar 2013,-25102.0,22.0,27947.0,2868.0,978,17314,331,5987.0,35.0,12,10995,6,5994,26.0,4438,13.0,21.0,-25080.0,Accrual Risk,0.12706480304955528,Asset Light,-418.9076332052781,-,+,+,Distress Signal
907,PFC,Mar 2014,-22473.0,9.0,17671.0,-4793.0,979,21407,748,7607.0,36.0,23,13053,5,7624,28.0,5462,17.0,22.0,-22464.0,Accrual Risk,0.042042322604755454,Asset Light,-295.30695412120417,-,+,+,Distress Signal
908,PFC,Mar 2015,-21455.0,-491.0,26916.0,4970.0,980,24988,1103,8429.0,34.0,25,15456,8,8446,29.0,6004,18.0,20.0,-21946.0,Accrual Risk,1.964943172722907,Asset Light,-260.3630323881836,-,-,+,Growth Funded by Debt
909,PFC,Mar 2016,-13298.0,-1973.0,10383.0,-4888.0,981,27861,2042,9162.0,33.0,25,16657,20,9167,33.0,6184,19.0,30.0,-15271.0,Accrual Risk,7.081583575607479,Moderate,-166.67758131412356,-,-,+,Growth Funded by Debt
910,PFC,Mar 2017,1795.0,-667.0,1950.0,3079.0,982,27581,5538,5275.0,19.0,30,16768,41,5264,58.0,2236,7.0,59.0,1128.0,Moderate,2.418331460063087,Asset Light,21.38388625592417,+,-,+,Mixed
911,PFC,Mar 2018,-57148.0,1409.0,52018.0,-3720.0,983,48624,6583,11752.0,24.0,42,30289,15,11779,25.0,8797,20.0,31.0,-55739.0,Accrual Risk,2.897745969068773,Asset Light,-474.2937372362151,-,+,+,Distress Signal
912,PFC,Mar 2019,-80252.0,-13463.0,93616.0,-98.0,984,54106,1696,17783.0,33.0,94,34627,15,17862,29.0,12640,30.0,0.0,-93715.0,Accrual Risk,24.88263778508853,Capital Intensive,-526.9920710791206,-,-,+,Growth Funded by Debt
913,PFC,Mar 2020,-42148.0,-73.0,43399.0,1179.0,985,62189,7332,14012.0,23.0,105,40845,24,14093,33.0,9477,22.0,35.0,-42221.0,Accrual Risk,0.1173841032980109,Asset Light,-301.3202968883814,-,-,+,Growth Funded by Debt
914,PFC,Mar 2021,-59143.0,1741.0,60424.0,3023.0,986,71656,7102,19871.0,28.0,46,44684,25,19891,21.0,15716,36.0,22.0,-57402.0,Accrual Risk,2.4296639499832535,Asset Light,-288.8732323486488,-,+,+,Distress Signal
915,PFC,Mar 2022,4904.0,-547.0,-8371.0,-4014.0,987,76262,8215,23338.0,31.0,79,44709,35,23382,20.0,18768,42.0,23.0,4357.0,Accrual Risk,0.717264168262044,Asset Light,18.669123318193503,+,-,-,Reinvestor
916,PFC,Mar 2023,-74717.0,-1694.0,75537.0,-874.0,988,77684,4167,26501.0,34.0,47,47017,52,26496,20.0,21179,48.0,22.0,-76411.0,Accrual Risk,2.1806292157973326,Asset Light,-288.3325157541225,-,-,+,Growth Funded by Debt
917,PFC,Mar 2024,-97820.0,-3409.0,101261.0,32.0,989,91508,-27,33573.0,37.0,69,57962,53,33588,21.0,26461,60.0,23.0,-101229.0,Accrual Risk,3.7253573458058313,Moderate,-301.5190778303994,-,-,+,Growth Funded by Debt
918,PIDILITIND,Mar 2013,472.0,-144.0,-339.0,-12.0,991,3678,3120,558.0,15.0,107,16,69,581,27.0,424,8.0,31.0,328.0,High Quality,3.915171288743882,Moderate,58.78136200716846,+,-,-,Reinvestor
919,PIDILITIND,Mar 2014,394.0,-99.0,-242.0,54.0,992,4283,3611,672.0,16.0,38,16,81,612,27.0,450,9.0,31.0,295.0,Moderate,2.311463927153864,Asset Light,43.898809523809526,+,-,-,Reinvestor
920,PIDILITIND,Mar 2015,552.0,-436.0,-165.0,-49.0,993,4844,4073,771.0,16.0,40,16,118,678,25.0,514,10.0,29.0,116.0,High Quality,9.000825763831543,Capital Intensive,15.045395590142672,+,-,-,Reinvestor
921,PIDILITIND,Mar 2016,907.0,-491.0,-371.0,45.0,994,5361,4188,1173.0,22.0,81,13,100,1141,29.0,807,16.0,26.0,416.0,High Quality,9.158739041223653,Capital Intensive,35.464620630861035,+,-,-,Reinvestor
922,PIDILITIND,Mar 2017,794.0,-879.0,41.0,-45.0,995,5617,4355,1262.0,22.0,115,14,115,1248,31.0,863,17.0,28.0,-85.0,Moderate,15.64892291258679,Capital Intensive,-6.735340729001585,+,-,+,Mixed
923,PIDILITIND,Mar 2018,796.0,39.0,-790.0,46.0,996,6078,4737,1341.0,22.0,153,16,120,1359,29.0,966,19.0,32.0,835.0,Moderate,0.6416584402764067,Asset Light,62.26696495152871,+,+,-,Liquidating Assets
924,PIDILITIND,Mar 2019,845.0,-513.0,-361.0,-29.0,997,7078,5707,1371.0,19.0,130,26,133,1342,31.0,928,18.0,36.0,332.0,Moderate,7.2478101158519355,Moderate,24.215900802334062,+,-,-,Reinvestor
925,PIDILITIND,Mar 2020,1280.0,103.0,-849.0,533.0,998,7294,5718,1576.0,22.0,97,34,170,1470,24.0,1122,22.0,32.0,1383.0,High Quality,1.4121195503153277,Asset Light,87.75380710659898,+,+,-,Liquidating Assets
926,PIDILITIND,Mar 2021,1392.0,-1688.0,-76.0,-372.0,999,7293,5606,1686.0,23.0,74,37,201,1522,26.0,1126,22.0,38.0,-296.0,High Quality,23.14548196901138,Capital Intensive,-17.556346381969156,+,-,-,Reinvestor
927,PIDILITIND,Mar 2022,955.0,-558.0,-468.0,-71.0,1000,9921,8065,1856.0,19.0,39,42,240,1614,25.0,1207,24.0,42.0,397.0,Moderate,5.624433020864832,Moderate,21.39008620689655,+,-,-,Reinvestor
928,PIDILITIND,Mar 2023,1558.0,-899.0,-656.0,2.0,1001,11799,9813,1986.0,17.0,55,48,270,1723,25.0,1289,25.0,44.0,659.0,High Quality,7.6192897703195195,Moderate,33.18227593152064,+,-,-,Reinvestor
929,PIDILITIND,Mar 2024,2724.0,-1769.0,-742.0,212.0,1002,12383,9675,2708.0,22.0,63,51,341,2379,27.0,1747,34.0,47.0,955.0,High Quality,14.285714285714285,Capital Intensive,35.2658788774003,+,-,-,Reinvestor
930,PNB,Mar 2013,-692.0,-600.0,-694.0,-1987.0,1004,43071,12456,,,4310,27802,336,6786,27.0,5020,28.0,19.0,-1292.0,Accrual Risk,1.3930486870516126,Asset Light,,-,-,-,Pre-Revenue
931,PNB,Mar 2014,16906.0,-302.0,2129.0,18733.0,1005,44958,16112,,,4710,28220,367,4969,29.0,3674,20.0,10.0,16604.0,High Quality,0.671738066639975,Asset Light,,+,-,+,Mixed
932,PNB,Mar 2015,4814.0,-872.0,7451.0,11393.0,1006,48710,18760,,,6175,31343,384,4397,24.0,3525,18.0,18.0,3942.0,High Quality,1.7901868199548348,Asset Light,,+,-,+,Mixed
933,PNB,Mar 2016,14167.0,-1352.0,5975.0,18790.0,1007,50804,27453,,,6100,34331,413,-5293,-31.0,-3510,-19.0,-2.0,12815.0,Accrual Risk,2.6612077789150463,Asset Light,,+,-,+,Mixed
934,PNB,Mar 2017,21938.0,159.0,-9767.0,12330.0,1008,48058,22533,,,9168,32722,430,1540,41.0,1239,6.0,0.0,22097.0,High Quality,0.33085022264763414,Asset Light,,+,+,-,Liquidating Assets
935,PNB,Mar 2018,-1742.0,392.0,7460.0,6109.0,1009,48725,43345,,,8883,33530,581,-19849,-37.0,-12111,-44.0,0.0,-1350.0,Accrual Risk,0.8045151359671626,Asset Light,,-,+,+,Distress Signal
936,PNB,Mar 2019,-33532.0,-629.0,13969.0,-20192.0,1010,52147,39645,,,7367,34656,584,-15370,-35.0,-9550,-21.0,0.0,-34161.0,High Quality,1.2062055343548046,Asset Light,,-,-,+,Growth Funded by Debt
937,PNB,Mar 2020,-12793.0,-338.0,13591.0,460.0,1011,54918,25867,,,9388,36997,614,827,56.0,485,1.0,0.0,-13131.0,Accrual Risk,0.6154630540077934,Asset Light,,-,-,+,Growth Funded by Debt
938,PNB,Mar 2021,30950.0,-787.0,5415.0,35579.0,1012,81935,38601,,,12777,50805,982,4325,38.0,2695,2.0,0.0,30163.0,High Quality,0.9605174833709648,Asset Light,,+,-,+,Mixed
939,PNB,Mar 2022,20032.0,-1204.0,2032.0,20859.0,1013,76242,36026,,,12329,46823,896,4826,19.0,3908,4.0,18.0,18828.0,High Quality,1.5791820781196717,Asset Light,,+,-,+,Mixed
940,PNB,Mar 2023,22592.0,-732.0,1275.0,23135.0,1014,86845,41502,,,12529,51817,905,5151,35.0,3359,3.0,21.0,21860.0,High Quality,0.8428809948759284,Asset Light,,+,-,+,Mixed
941,PNB,Mar 2024,-27939.0,-1506.0,3518.0,-25928.0,1015,109065,39623,,,14158,68534,906,14160,35.0,9157,8.0,18.0,-29445.0,Accrual Risk,1.3808279466373263,Asset Light,,-,-,+,Growth Funded by Debt
942,POWERGRID,Mar 2013,11690.0,-22084.0,9962.0,-432.0,1017,13081,2244,10837.0,83.0,966,2599,3428,5776,25.0,4313,5.0,31.0,-10394.0,High Quality,168.8250133781821,Capital Intensive,-95.91215280981822,+,-,+,Mixed
943,POWERGRID,Mar 2014,15223.0,-26639.0,13712.0,2295.0,1018,15555,2588,12967.0,83.0,725,3254,4079,6359,28.0,4548,5.0,30.0,-11416.0,High Quality,171.2568306010929,Capital Intensive,-88.03886789542685,+,-,+,Mixed
944,POWERGRID,Mar 2015,15800.0,-24185.0,6399.0,-1986.0,1019,17540,2613,14927.0,85.0,731,4081,5173,6404,21.0,5046,5.0,21.0,-8385.0,High Quality,137.884834663626,Capital Intensive,-56.173377101895895,+,-,+,Mixed
945,POWERGRID,Mar 2016,15008.0,-21576.0,5621.0,-948.0,1020,20652,2468,18184.0,88.0,656,5086,6182,7572,21.0,5959,6.0,20.0,-6568.0,High Quality,104.47414294015107,Capital Intensive,-36.11966564012318,+,-,+,Mixed
946,POWERGRID,Mar 2017,21575.0,-23836.0,3959.0,1698.0,1021,25697,3247,22450.0,87.0,933,6204,7722,9457,21.0,7451,8.0,31.0,-2261.0,High Quality,92.75790948359732,Capital Intensive,-10.071269487750557,+,-,+,Mixed
947,POWERGRID,Mar 2018,22710.0,-25701.0,1285.0,-1707.0,1022,29954,3993,25961.0,87.0,4065,7324,9231,13471,39.0,8204,9.0,33.0,-2991.0,High Quality,85.80156239567337,Capital Intensive,-11.521127845614576,+,-,+,Mixed
948,POWERGRID,Mar 2019,23271.0,-18727.0,-2431.0,2113.0,1023,35059,8140,26920.0,77.0,1505,8737,10541,9147,-10.0,10034,11.0,43.0,4544.0,High Quality,53.41567072648963,Capital Intensive,16.87964338781575,+,-,-,Reinvestor
949,POWERGRID,Mar 2020,30739.0,-10733.0,-18806.0,1199.0,1024,37744,4858,32886.0,87.0,2820,9509,11607,14590,24.0,11059,12.0,47.0,20006.0,High Quality,28.436307757524375,Capital Intensive,60.83439761600681,+,-,-,Reinvestor
950,POWERGRID,Mar 2021,29403.0,-9244.0,-20521.0,-362.0,1025,39640,4734,34906.0,88.0,769,8135,12039,15501,22.0,12036,13.0,52.0,20159.0,High Quality,23.319878910191726,Capital Intensive,57.75224889703776,+,-,-,Reinvestor
951,POWERGRID,Mar 2022,26124.0,753.0,-28967.0,-2091.0,1026,41622,5796,35826.0,86.0,4692,8036,12872,19610,14.0,16824,18.0,61.0,26877.0,High Quality,1.8091393974340495,Asset Light,75.02093451683135,+,+,-,Liquidating Assets
952,POWERGRID,Mar 2023,40203.0,-7138.0,-30450.0,2615.0,1027,45603,6028,39576.0,87.0,1093,9634,13333,17702,13.0,15420,17.0,67.0,33065.0,High Quality,15.652479003574326,Capital Intensive,83.54810996563575,+,-,-,Reinvestor
953,POWERGRID,Mar 2024,37290.0,-13114.0,-25903.0,-1728.0,1028,45843,6017,39826.0,87.0,556,8773,13095,18514,16.0,15573,17.0,67.0,24176.0,High Quality,28.606330301245553,Capital Intensive,60.70406267262592,+,-,-,Reinvestor
954,RECLTD,Mar 2013,-20059.0,152.0,16059.0,-3847.0,1030,13634,365,13270.0,97.0,4,8083,4,5186,26.0,3833,15.0,21.0,-19907.0,Accrual Risk,1.1148599090509022,Asset Light,-150.01507159005274,-,+,+,Distress Signal
955,RECLTD,Mar 2014,-17244.0,136.0,16815.0,-293.0,1031,17223,572,16650.0,97.0,6,10035,5,6617,28.0,4741,18.0,20.0,-17108.0,Accrual Risk,0.7896417581141497,Asset Light,-102.75075075075075,-,+,+,Distress Signal
956,RECLTD,Mar 2015,-23898.0,151.0,23098.0,-649.0,1032,20544,1149,19395.0,94.0,6,11840,8,7552,29.0,5344,20.0,20.0,-23747.0,Accrual Risk,0.7350077881619937,Asset Light,-122.43877287960814,-,+,+,Distress Signal
957,RECLTD,Mar 2016,-13278.0,-756.0,15291.0,1257.0,1033,24125,1680,22445.0,93.0,4,14282,20,8147,30.0,5691,22.0,30.0,-14034.0,Accrual Risk,3.133678756476684,Moderate,-62.52617509467587,-,-,+,Growth Funded by Debt
958,RECLTD,Mar 2017,6805.0,-101.0,-3947.0,2757.0,1034,24338,1888,22450.0,92.0,24,13462,40,8972,30.0,6313,24.0,30.0,6704.0,High Quality,0.41498890623715995,Asset Light,29.861915367483295,+,-,-,Reinvestor
959,RECLTD,Mar 2018,-32510.0,46.0,28244.0,-4220.0,1035,22658,3379,19279.0,85.0,18,13333,7,5958,25.0,4451,17.0,41.0,-32464.0,Accrual Risk,0.20301880130638186,Asset Light,-168.39047668447535,-,+,+,Distress Signal
960,RECLTD,Mar 2019,-35866.0,457.0,35543.0,134.0,1036,25408,1702,23705.0,93.0,33,15639,8,8090,29.0,5741,22.0,38.0,-35409.0,Accrual Risk,1.7986460957178843,Asset Light,-149.37354988399073,-,+,+,Distress Signal
961,RECLTD,Mar 2020,-32712.0,121.0,33926.0,1336.0,1037,29942,3981,25961.0,87.0,72,18991,12,7030,29.0,4972,19.0,44.0,-32591.0,Accrual Risk,0.4041146216017634,Asset Light,-125.53830746119179,-,+,+,Distress Signal
962,RECLTD,Mar 2021,-43512.0,861.0,42113.0,-538.0,1038,35557,3292,32265.0,91.0,15,21489,11,10780,22.0,8378,32.0,30.0,-42651.0,Accrual Risk,2.421464128019799,Asset Light,-132.1896792189679,-,+,+,Distress Signal
963,RECLTD,Mar 2022,-819.0,-287.0,68.0,-1038.0,1039,39276,4838,34438.0,88.0,62,22051,18,12431,19.0,10036,38.0,30.0,-1106.0,Accrual Risk,0.7307261431917711,Asset Light,-3.211568616063651,-,-,+,Growth Funded by Debt
964,RECLTD,Mar 2023,-37360.0,-943.0,38123.0,-180.0,1040,39486,1858,37628.0,95.0,28,23733,24,13898,20.0,11167,42.0,30.0,-38303.0,Accrual Risk,2.3881882186091277,Asset Light,-101.79387690018072,-,-,+,Growth Funded by Debt
965,RECLTD,Mar 2024,-57723.0,-1831.0,59588.0,34.0,1041,47517,-366,47883.0,101.0,48,29948,24,17960,21.0,14145,54.0,30.0,-59554.0,Accrual Risk,3.8533577456489256,Moderate,-124.37399494601425,-,-,+,Growth Funded by Debt
966,RELIANCE,Mar 2013,36918.0,-27601.0,408.0,9725.0,1043,395957,362802,33155.0,8.0,7757,3463,11232,26217,20.0,20886,15.0,13.0,9317.0,High Quality,6.970706415090527,Moderate,28.101342180666567,+,-,+,Mixed
967,RELIANCE,Mar 2014,43261.0,-73070.0,13713.0,-16096.0,1044,433521,398586,34935.0,8.0,8865,3836,11201,28763,22.0,22548,16.0,12.0,-29809.0,High Quality,16.855008177227862,Capital Intensive,-85.3270359238586,+,-,+,Mixed
968,RELIANCE,Mar 2015,34374.0,-64706.0,8444.0,-21888.0,1045,374372,336923,37449.0,10.0,8528,3316,11547,31114,24.0,23640,17.0,12.0,-30332.0,High Quality,17.283878067804213,Capital Intensive,-80.99548719591978,+,-,+,Mixed
969,RELIANCE,Mar 2016,38134.0,-36186.0,-3210.0,-1262.0,1046,272583,230802,41781.0,15.0,12212,3691,11565,38737,23.0,29861,22.0,10.0,1948.0,High Quality,13.275222592751565,Capital Intensive,4.662406356956511,+,-,-,Reinvestor
970,RELIANCE,Mar 2017,49550.0,-66201.0,8617.0,-8034.0,1047,303954,257647,46307.0,15.0,9222,3849,11646,40034,25.0,29833,22.0,11.0,-16651.0,High Quality,21.77994038571626,Capital Intensive,-35.95784654587859,+,-,+,Mixed
971,RELIANCE,Mar 2018,71459.0,-68192.0,-2001.0,1266.0,1048,390823,326508,64315.0,16.0,9869,8052,16706,49426,27.0,36080,27.0,10.0,3267.0,High Quality,17.448307801741453,Capital Intensive,5.079685920858275,+,-,-,Reinvestor
972,RELIANCE,Mar 2019,42346.0,-94507.0,55906.0,3745.0,1049,568337,484087,84250.0,15.0,8406,16495,20934,55227,28.0,39837,29.0,10.0,-52161.0,High Quality,16.628690372085575,Capital Intensive,-61.91216617210682,+,-,+,Mixed
973,RELIANCE,Mar 2020,94877.0,-72497.0,-2541.0,19839.0,1050,596679,507413,89266.0,15.0,8570,22027,22203,53606,26.0,39880,29.0,10.0,22380.0,High Quality,12.150084048542013,Capital Intensive,25.071135706764053,+,-,-,Reinvestor
974,RELIANCE,Mar 2021,26958.0,-142385.0,101904.0,-13523.0,1051,466307,385517,80790.0,17.0,22432,21189,26572,55461,3.0,53739,39.0,9.0,-115427.0,Moderate,30.53460488476476,Capital Intensive,-142.87288030696868,+,-,+,Mixed
975,RELIANCE,Mar 2022,110654.0,-109162.0,17289.0,18781.0,1052,694673,586092,108581.0,16.0,19600,14584,29782,83815,19.0,67845,45.0,9.0,1492.0,High Quality,15.714156156925633,Capital Intensive,1.374089389488032,+,-,+,Mixed
976,RELIANCE,Mar 2023,115032.0,-93001.0,10455.0,32486.0,1053,876396,734078,142318.0,16.0,12020,19571,40303,94464,22.0,74088,49.0,9.0,22031.0,High Quality,10.611755416501216,Capital Intensive,15.480121980353855,+,-,+,Mixed
977,RELIANCE,Mar 2024,158788.0,-113581.0,-16646.0,28561.0,1054,899041,736543,162498.0,18.0,16179,23118,50832,104727,25.0,79020,51.0,10.0,45207.0,High Quality,12.633572884885117,Capital Intensive,27.820034708119483,+,-,-,Reinvestor
978,SBILIFE,Mar 2013,1130.0,-227.0,-58.0,845.0,1056,14870,14443,427.0,3.0,292,4,25,690,9.0,630,6.0,8.0,903.0,High Quality,1.5265635507733692,Asset Light,211.47540983606555,+,-,-,Reinvestor
979,SBILIFE,Mar 2014,166.0,-708.0,-58.0,-600.0,1057,17258,16747,511.0,3.0,344,5,35,816,11.0,728,7.0,14.0,-542.0,Accrual Risk,4.102445242785954,Moderate,-106.0665362035225,+,-,-,Reinvestor
980,SBILIFE,Mar 2015,2711.0,-178.0,-117.0,2416.0,1058,23399,22505,794.0,3.0,183,4,34,939,13.0,815,8.0,15.0,2533.0,High Quality,0.7607162699260652,Asset Light,319.0176322418136,+,-,-,Reinvestor
981,SBILIFE,Mar 2016,5778.0,-7204.0,-144.0,-1570.0,1059,19324,18404,920.0,5.0,129,5,37,1007,16.0,844,8.0,14.0,-1426.0,High Quality,37.280066238873935,Capital Intensive,-155.0,+,-,-,Reinvestor
982,SBILIFE,Mar 2017,8525.0,-9032.0,-144.0,-651.0,1060,30548,29479,1068.0,4.0,139,5,48,1154,17.0,955,10.0,16.0,-507.0,High Quality,29.56658373706953,Capital Intensive,-47.47191011235955,+,-,-,Reinvestor
983,SBILIFE,Mar 2018,10395.0,-8910.0,-221.0,1264.0,1061,34068,32736,1332.0,4.0,156,6,59,1422,19.0,1150,12.0,17.0,1485.0,High Quality,26.153575202536107,Capital Intensive,111.48648648648648,+,-,-,Reinvestor
984,SBILIFE,Mar 2019,13473.0,-13552.0,-241.0,-321.0,1062,44604,43130,1474.0,3.0,266,8,92,1642,19.0,1327,13.0,15.0,-79.0,High Quality,30.382925298179536,Capital Intensive,-5.359565807327002,+,-,-,Reinvestor
985,SBILIFE,Mar 2020,19299.0,-16986.0,-198.0,2114.0,1063,43798,42447,1351.0,3.0,529,0,89,1790,21.0,1422,14.0,0.0,2313.0,High Quality,38.78259281245719,Capital Intensive,171.20651369356034,+,-,-,Reinvestor
986,SBILIFE,Mar 2021,23878.0,-19203.0,3.0,4677.0,1064,81913,81040,872.0,1.0,867,0,99,1640,11.0,1456,15.0,17.0,4675.0,High Quality,23.443165309535726,Capital Intensive,536.1238532110092,+,-,+,Mixed
987,SBILIFE,Mar 2022,21852.0,-21611.0,-231.0,10.0,1065,82983,82254,730.0,1.0,1032,0,75,1687,11.0,1506,15.0,13.0,241.0,High Quality,26.04268344118675,Capital Intensive,33.013698630136986,+,-,-,Reinvestor
988,SBILIFE,Mar 2023,28656.0,-30203.0,-415.0,-1962.0,1066,80636,80514,122.0,0.0,1862,10,68,1906,10.0,1721,17.0,15.0,-1547.0,High Quality,37.455974998759864,Capital Intensive,-1268.032786885246,+,-,-,Reinvestor
989,SBILIFE,Mar 2024,29122.0,-31221.0,-227.0,-2327.0,1067,131988,131742,246.0,0.0,1917,9,76,2078,9.0,1894,19.0,14.0,-2099.0,High Quality,23.6544231293754,Capital Intensive,-853.2520325203253,+,-,-,Reinvestor
990,SBIN,Mar 2013,24332.0,-2271.0,-4424.0,17637.0,1069,167976,66283,-5124.0,-3.0,32584,106818,1577,25882,29.0,18555,26.0,16.0,22061.0,High Quality,1.3519788541220175,Asset Light,-430.5425448868072,+,-,-,Reinvestor
991,SBIN,Mar 2014,19142.0,-791.0,3583.0,21934.0,1070,189062,82198,-14614.0,-8.0,37882,121479,1942,21326,32.0,14807,19.0,16.0,18351.0,High Quality,0.41838127175212364,Asset Light,-125.5713699192555,+,-,+,Mixed
992,SBIN,Mar 2015,26297.0,-3424.0,-1553.0,21320.0,1071,207974,96675,-21879.0,-11.0,49315,133179,1581,25855,32.0,17832,23.0,15.0,22873.0,High Quality,1.6463596411089847,Asset Light,-104.5431692490516,+,-,-,Reinvestor
993,SBIN,Mar 2016,14477.0,-2747.0,4348.0,16078.0,1072,220633,109985,-32399.0,-15.0,52828,143047,2252,18177,30.0,13019,16.0,17.0,11730.0,High Quality,1.2450540037075142,Asset Light,-36.20482113645483,+,-,+,Mixed
994,SBIN,Mar 2017,77406.0,-4572.0,-4196.0,68638.0,1073,230447,145666,-64334.0,-28.0,68193,149115,2915,945,99.0,-97,0.0,859.0,72834.0,Accrual Risk,1.9839702838396682,Asset Light,-113.21229831815214,+,-,-,Reinvestor
995,SBIN,Mar 2018,-96508.0,13053.0,5547.0,-77908.0,1074,228970,169065,-86697.0,-38.0,77557,146603,3105,-12245,-66.0,-3749,-5.0,0.0,-83455.0,High Quality,5.700746822727868,Moderate,96.26053958037764,-,+,+,Distress Signal
996,SBIN,Mar 2019,29556.0,220.0,448.0,30223.0,1075,253322,166104,-68649.0,-27.0,77365,155867,3496,5220,41.0,3351,3.0,0.0,29776.0,High Quality,0.08684599047852141,Asset Light,-43.37426619470058,+,+,+,Cash Accumulator
997,SBIN,Mar 2020,23929.0,-555.0,5430.0,28803.0,1076,269852,172909,-64181.0,-24.0,98159,161124,3662,30317,40.0,21140,22.0,0.0,23374.0,High Quality,0.2056682922490847,Asset Light,-36.41887786104922,+,-,+,Mixed
998,SBIN,Mar 2021,89919.0,-3670.0,7143.0,93392.0,1077,278115,192821,-70715.0,-25.0,107222,156010,3711,32796,26.0,23888,25.0,16.0,86249.0,High Quality,1.3195980080182659,Asset Light,-121.96705083787032,+,-,+,Mixed
999,SBIN,Mar 2022,57695.0,-2652.0,-3845.0,51198.0,1078,289973,197349,-63570.0,-22.0,117000,156194,3691,49739,27.0,37183,40.0,18.0,55043.0,High Quality,0.9145679080466111,Asset Light,-86.58644014472236,+,-,-,Reinvestor
1000,SBIN,Mar 2023,-86014.0,-966.0,6386.0,-80593.0,1079,350845,204303,-43439.0,-12.0,122534,189981,3696,75399,25.0,57750,62.0,18.0,-86980.0,Accrual Risk,0.27533526201028946,Asset Light,200.23481203526785,-,-,+,Growth Funded by Debt
1001,SBIN,Mar 2024,21632.0,-3476.0,-9896.0,8260.0,1080,439189,239750,-60297.0,-14.0,155386,259736,3849,91240,25.0,69543,75.0,18.0,18156.0,Accrual Risk,0.791458802474561,Asset Light,-30.110950793571817,+,-,-,Reinvestor
1002,SHREECEM,Jun 2013,1260.0,-270.0,-982.0,8.0,1082,5418,3857,1561.0,29.0,187,193,436,1119,10.0,1004,288.0,7.0,990.0,High Quality,4.983388704318937,Moderate,63.420884048686744,+,-,-,Reinvestor
1003,SHREECEM,Jun 2014,1401.0,-1234.0,-156.0,11.0,1083,5715,4325,1390.0,24.0,104,129,550,815,3.0,787,226.0,10.0,167.0,High Quality,21.592300962379703,Capital Intensive,12.014388489208633,+,-,-,Reinvestor
1004,SHREECEM,Jun 2015,1239.0,-990.0,-259.0,-10.0,1084,6259,4916,1344.0,21.0,102,121,925,401,-6.0,426,122.0,20.0,249.0,High Quality,15.817223198594025,Capital Intensive,18.526785714285715,+,-,-,Reinvestor
1006,SHREECEM,Mar 2017,2202.0,-2048.0,-167.0,-13.0,1086,8594,6081,2513.0,29.0,362,129,1215,1531,13.0,1339,384.0,36.0,154.0,High Quality,23.830579474051664,Capital Intensive,6.128133704735376,+,-,-,Reinvestor
1007,SHREECEM,Mar 2018,1879.0,-3595.0,1726.0,10.0,1087,9833,7360,2473.0,25.0,389,135,899,1827,24.0,1384,397.0,13.0,-1716.0,High Quality,36.560561374961864,Capital Intensive,-69.38940558026688,+,-,+,Mixed
1008,SHREECEM,Mar 2019,2080.0,-720.0,-1276.0,84.0,1088,12555,9758,2797.0,22.0,69,248,1472,1146,11.0,1015,289.0,21.0,1360.0,High Quality,5.734767025089606,Moderate,48.62352520557741,+,-,-,Reinvestor
1009,SHREECEM,Mar 2020,3973.0,-5590.0,1581.0,-36.0,1089,12868,9098,3771.0,29.0,263,291,1808,1934,20.0,1544,426.0,26.0,-1617.0,High Quality,43.44109418713087,Capital Intensive,-42.87987271280828,+,-,+,Mixed
1010,SHREECEM,Mar 2021,4254.0,-2651.0,-1233.0,370.0,1090,13560,9468,4091.0,30.0,426,251,1262,3004,24.0,2337,646.0,9.0,1603.0,High Quality,19.55014749262537,Capital Intensive,39.18357369836226,+,-,-,Reinvestor
1011,SHREECEM,Mar 2022,2668.0,-2143.0,-849.0,-324.0,1091,15010,11300,3710.0,25.0,544,263,1146,2892,19.0,1269,352.0,14.0,525.0,High Quality,14.277148567621586,Capital Intensive,14.150943396226415,+,-,-,Reinvestor
1012,SHREECEM,Mar 2023,2569.0,-2405.0,-277.0,-113.0,1092,17852,14893,2960.0,17.0,459,263,1661,1495,15.0,2369,664.0,28.0,164.0,High Quality,13.471879901411606,Capital Intensive,5.540540540540541,+,-,-,Reinvestor
1013,SHREECEM,Mar 2024,3347.0,-1418.0,-1710.0,220.0,1093,20521,16003,4518.0,22.0,597,258,1897,2959,19.0,1733,480.0,16.0,1929.0,High Quality,6.9099946396374445,Moderate,42.69588313413015,+,-,-,Reinvestor
1014,SHRIRAMFIN,Mar 2013,-8359.0,-41.0,9060.0,661.0,1095,7009,1738,2179.0,31.0,7,3092,23,2163,32.0,1463,12.0,11.0,-8400.0,Accrual Risk,0.5849621914681125,Asset Light,-385.497934832492,-,-,+,Growth Funded by Debt
1015,SHRIRAMFIN,Mar 2014,-4055.0,-112.0,5010.0,843.0,1096,8476,2244,1999.0,24.0,4,4233,33,1970,31.0,1358,11.0,12.0,-4167.0,Accrual Risk,1.321378008494573,Asset Light,-208.45422711355675,-,-,+,Growth Funded by Debt
1016,SHRIRAMFIN,Mar 2015,-9611.0,-45.0,7836.0,-1819.0,1097,9177,2781,1691.0,18.0,2,4706,43,1650,38.0,1028,8.0,22.0,-9656.0,Accrual Risk,0.49035632559660014,Asset Light,-571.0230632761679,-,-,+,Growth Funded by Debt
1017,SHRIRAMFIN,Mar 2016,-5507.0,-36.0,2822.0,-2721.0,1098,10359,3447,1824.0,18.0,3,5088,38,1789,34.0,1184,9.0,19.0,-5543.0,Accrual Risk,0.3475238922675934,Asset Light,-303.89254385964915,-,-,+,Growth Funded by Debt
1018,SHRIRAMFIN,Mar 2017,-2677.0,-2.0,3017.0,338.0,1099,10903,3712,1972.0,18.0,1,5219,35,1938,35.0,1266,10.0,7.0,-2679.0,Accrual Risk,0.01834357516279923,Asset Light,-135.8519269776876,-,-,+,Growth Funded by Debt
1019,SHRIRAMFIN,Mar 2018,-13142.0,86.0,13014.0,-42.0,1100,13502,3288,3805.0,28.0,127,6409,37,3896,35.0,2549,20.0,10.0,-13056.0,Accrual Risk,0.6369426751592357,Asset Light,-343.1274638633377,-,+,+,Distress Signal
1020,SHRIRAMFIN,Mar 2019,-5535.0,-76.0,5550.0,-62.0,1101,15536,4171,3801.0,24.0,20,7564,43,3778,32.0,2576,20.0,11.0,-5611.0,Accrual Risk,0.48918640576725025,Asset Light,-147.61904761904762,-,-,+,Growth Funded by Debt
1021,SHRIRAMFIN,Mar 2020,-2464.0,-55.0,4579.0,2060.0,1102,16561,4683,3565.0,22.0,14,8313,141,3439,27.0,2512,20.0,5.0,-2519.0,Accrual Risk,0.3321055491818127,Asset Light,-70.65918653576438,-,-,+,Growth Funded by Debt
1022,SHRIRAMFIN,Mar 2021,-4239.0,-25.0,12226.0,7962.0,1103,17422,4932,3402.0,20.0,14,9089,137,3278,24.0,2499,18.0,18.0,-4264.0,Accrual Risk,0.14349672827459534,Asset Light,-125.33803644914757,-,-,+,Growth Funded by Debt
1023,SHRIRAMFIN,Mar 2022,-8859.0,-34.0,8505.0,-388.0,1104,19255,5816,3666.0,19.0,18,9773,135,3549,24.0,2721,20.0,20.0,-8893.0,Accrual Risk,0.1765775123344586,Asset Light,-242.58046917621385,-,-,+,Growth Funded by Debt
1024,SHRIRAMFIN,Mar 2023,-17625.0,5076.0,11820.0,-730.0,1105,30492,8706,8799.0,29.0,16,12987,601,8214,27.0,6020,32.0,22.0,-12549.0,Accrual Risk,16.646989374262102,Capital Intensive,-142.618479372656,-,+,+,Distress Signal
1025,SHRIRAMFIN,Mar 2024,-31101.0,-258.0,27609.0,-3750.0,1106,36388,10278,10523.0,29.0,25,15588,588,9960,26.0,7399,39.0,23.0,-31359.0,Accrual Risk,0.7090249532813014,Asset Light,-298.0043713769838,-,-,+,Growth Funded by Debt
1026,SIEMENS,Sep 2011,3.0,264.0,-196.0,70.0,1108,11955,10784,1171.0,10.0,299,26,154,1290,33.0,868,,24.0,267.0,Accrual Risk,2.208281053952321,Asset Light,22.801024765157983,+,+,-,Liquidating Assets
1027,SIEMENS,Sep 2014,608.0,130.0,-220.0,517.0,1109,10678,10559,119.0,1.0,985,31,229,844,28.0,603,17.0,35.0,738.0,High Quality,1.2174564525191984,Asset Light,620.1680672268908,+,+,-,Liquidating Assets
1028,SIEMENS,Sep 2015,574.0,646.0,-245.0,975.0,1110,10563,9565,998.0,9.0,943,30,224,1688,30.0,1174,33.0,30.0,1220.0,Accrual Risk,6.115686831392597,Moderate,122.2444889779559,+,+,-,Liquidating Assets
1029,SIEMENS,Sep 2016,513.0,237.0,-1614.0,-864.0,1111,10837,9815,1021.0,9.0,3156,11,228,3938,26.0,2914,82.0,41.0,750.0,Accrual Risk,2.1869521085171173,Asset Light,73.45739471106758,+,+,-,Liquidating Assets
1030,SIEMENS,Sep 2017,573.0,1321.0,-285.0,1610.0,1112,11065,10008,1056.0,10.0,818,8,198,1669,32.0,1137,32.0,22.0,1894.0,Moderate,11.938544961590601,Capital Intensive,179.3560606060606,+,+,-,Liquidating Assets
1031,SIEMENS,Sep 2018,100.0,-174.0,-305.0,-379.0,1113,12795,11468,1327.0,10.0,280,8,198,1402,36.0,901,25.0,28.0,-74.0,Accrual Risk,1.3599062133645956,Asset Light,-5.5764883195177095,+,-,-,Reinvestor
1032,SIEMENS,Sep 2019,1273.0,-1135.0,-312.0,-174.0,1114,13084,11594,1490.0,11.0,398,12,199,1678,34.0,1099,31.0,23.0,138.0,High Quality,8.674717211861815,Capital Intensive,9.261744966442953,+,-,-,Reinvestor
1033,SIEMENS,Sep 2020,720.0,871.0,-386.0,1205.0,1115,9946,8944,1003.0,10.0,315,30,252,1036,26.0,769,22.0,32.0,1591.0,Moderate,8.757289362557811,Capital Intensive,158.62412761714856,+,+,-,Liquidating Assets
1034,SIEMENS,Sep 2021,1422.0,-2389.0,-502.0,-1469.0,1116,13198,11746,1452.0,11.0,321,24,297,1452,25.0,1089,31.0,26.0,-967.0,High Quality,18.101227458705864,Capital Intensive,-66.59779614325069,+,-,-,Reinvestor
1035,SIEMENS,Sep 2022,978.0,-34.0,-392.0,552.0,1117,16138,14278,1860.0,12.0,487,36,317,1993,23.0,1543,43.0,23.0,944.0,Moderate,0.21068286032965672,Asset Light,50.752688172043015,+,-,-,Reinvestor
1036,SIEMENS,Sep 2023,1400.0,-759.0,-450.0,191.0,1118,19554,17067,2487.0,13.0,496,23,321,2640,26.0,1962,55.0,18.0,641.0,Moderate,3.8815587603559374,Moderate,25.7740249296341,+,-,-,Reinvestor
1037,SIEMENS,Sep 2024,1670.0,-502.0,-523.0,644.0,1119,22240,19136,3104.0,14.0,925,60,330,3639,25.0,2718,76.0,16.0,1168.0,Moderate,2.2571942446043165,Asset Light,37.628865979381445,+,-,-,Reinvestor
1038,SUNPHARMA,Mar 2013,3357.0,-2375.0,-665.0,316.0,1120,11131,6346,4784.0,43.0,-90,43,336,4315,20.0,3469,14.0,9.0,982.0,Moderate,21.336807115263678,Capital Intensive,20.52675585284281,+,-,-,Reinvestor
1039,SUNPHARMA,Mar 2014,3959.0,-2176.0,507.0,2290.0,1121,16080,9078,7003.0,44.0,-1968,44,409,4581,15.0,3879,15.0,10.0,1783.0,High Quality,13.532338308457712,Capital Intensive,25.46051692131944,+,-,+,Mixed
1040,SUNPHARMA,Mar 2015,5616.0,-1502.0,-1187.0,2927.0,1122,27392,19498,7894.0,29.0,283,579,1195,6403,14.0,5476,22.0,14.0,4114.0,High Quality,5.483352803738318,Moderate,52.115530782873066,+,-,-,Reinvestor
1041,SUNPHARMA,Mar 2016,6686.0,-3949.0,-1889.0,848.0,1123,28487,20313,8174.0,29.0,-42,523,1038,6571,14.0,5658,19.0,5.0,2737.0,High Quality,13.862463579878542,Capital Intensive,33.48421825299731,+,-,-,Reinvestor
1042,SUNPHARMA,Mar 2017,7082.0,-4186.0,-2285.0,611.0,1124,31578,21476,10102.0,32.0,610,400,1265,9048,13.0,7846,29.0,12.0,2896.0,Moderate,13.256064348597125,Capital Intensive,28.66759057612354,+,-,-,Reinvestor
1043,SUNPHARMA,Mar 2018,3907.0,-3104.0,-1539.0,-736.0,1125,26489,20858,5631.0,21.0,-135,518,1500,3479,26.0,2542,9.0,23.0,803.0,High Quality,11.718071652384008,Capital Intensive,14.260344521399396,+,-,-,Reinvestor
1044,SUNPHARMA,Mar 2019,2196.0,-310.0,-2731.0,-844.0,1126,29066,22689,6377.0,22.0,-258,555,1753,3810,16.0,3208,11.0,25.0,1886.0,Moderate,1.0665382233537466,Asset Light,29.575035283048457,+,-,-,Reinvestor
1045,SUNPHARMA,Mar 2020,6555.0,-2225.0,-5715.0,-1386.0,1127,32838,25855,6983.0,21.0,382,303,2053,5010,16.0,4172,16.0,25.0,4330.0,High Quality,6.775686704427796,Moderate,62.007733066017465,+,-,-,Reinvestor
1046,SUNPHARMA,Mar 2021,6170.0,407.0,-5980.0,596.0,1128,33498,25028,8470.0,25.0,-3449,141,2080,2799,18.0,2272,12.0,62.0,6577.0,High Quality,1.2149979103230044,Asset Light,77.65053128689492,+,+,-,Liquidating Assets
1047,SUNPHARMA,Mar 2022,8985.0,-5556.0,-5193.0,-1765.0,1129,38654,28397,10258.0,27.0,-3505,127,2144,4481,24.0,3389,14.0,73.0,3429.0,High Quality,14.37367413463031,Capital Intensive,33.42756872684734,+,-,-,Reinvestor
1048,SUNPHARMA,Mar 2023,4959.0,-7220.0,2376.0,115.0,1130,43886,32235,11650.0,27.0,459,172,2529,9408,9.0,8513,35.0,33.0,-2261.0,Moderate,16.451715809141866,Capital Intensive,-19.40772532188841,+,-,+,Mixed
1049,SUNPHARMA,Mar 2024,12135.0,-763.0,-6710.0,4662.0,1131,48497,35479,13018.0,28.0,865,238,2557,11088,13.0,9610,40.0,34.0,11372.0,High Quality,1.5732931933934058,Asset Light,87.35596865878014,+,-,-,Reinvestor
1050,TATACONSUM,Mar 2013,173.0,24.0,186.0,383.0,1133,7351,6581,770.0,10.0,56,84,105,637,26.0,445,6.0,36.0,197.0,Accrual Risk,0.32648619235478166,Asset Light,25.58441558441558,+,+,+,Cash Accumulator
1051,TATACONSUM,Mar 2014,422.0,-1.0,-363.0,57.0,1134,7738,6986,752.0,10.0,170,87,129,707,26.0,510,7.0,29.0,421.0,Moderate,0.012923235978288964,Asset Light,55.98404255319149,+,-,-,Reinvestor
1052,TATACONSUM,Mar 2015,418.0,-207.0,-392.0,-182.0,1135,7993,7201,792.0,10.0,-77,82,133,500,43.0,273,4.0,6.0,211.0,High Quality,2.5897660452896285,Asset Light,26.641414141414145,+,-,-,Reinvestor
1053,TATACONSUM,Mar 2016,116.0,145.0,-282.0,-21.0,1136,6637,6271,366.0,6.0,38,117,117,170,99.0,-37,0.0,-999.0,261.0,Accrual Risk,2.184722012957662,Asset Light,71.31147540983606,+,+,-,Liquidating Assets
1054,TATACONSUM,Mar 2017,741.0,145.0,-816.0,70.0,1137,6780,5988,791.0,12.0,88,43,126,662,30.0,455,6.0,38.0,886.0,High Quality,2.1386430678466075,Asset Light,112.01011378002528,+,+,-,Liquidating Assets
1055,TATACONSUM,Mar 2018,356.0,-31.0,-30.0,294.0,1138,6815,5976,839.0,12.0,73,52,116,753,25.0,556,8.0,30.0,325.0,Moderate,0.4548789435069699,Asset Light,38.73659117997616,+,-,-,Reinvestor
1056,TATACONSUM,Mar 2019,210.0,53.0,-224.0,39.0,1139,7252,6466,786.0,11.0,124,78,123,735,36.0,457,6.0,39.0,263.0,Accrual Risk,0.7308328736900165,Asset Light,33.460559796437664,+,+,-,Liquidating Assets
1057,TATACONSUM,Mar 2020,1082.0,-622.0,-308.0,152.0,1140,9637,8345,1292.0,13.0,-163,69,242,809,34.0,460,5.0,54.0,460.0,High Quality,6.454290754384144,Moderate,35.60371517027864,+,-,-,Reinvestor
1058,TATACONSUM,Mar 2021,1656.0,-346.0,-426.0,884.0,1141,11602,10058,1544.0,13.0,91,73,255,1311,24.0,930,9.0,44.0,1310.0,High Quality,2.9822444406136874,Asset Light,84.84455958549223,+,-,-,Reinvestor
1059,TATACONSUM,Mar 2022,1516.0,-1317.0,-995.0,-796.0,1142,12425,10707,1719.0,14.0,88,87,278,1456,26.0,1015,10.0,60.0,199.0,High Quality,10.599597585513077,Capital Intensive,11.57649796393252,+,-,-,Reinvestor
1060,TATACONSUM,Mar 2023,1461.0,-834.0,-714.0,-87.0,1143,13783,11927,1856.0,13.0,328,130,304,1794,25.0,1320,12.0,65.0,627.0,High Quality,6.050932307915549,Moderate,33.7823275862069,+,-,-,Reinvestor
1061,TATACONSUM,Mar 2024,1937.0,-1911.0,256.0,281.0,1144,15206,12922,2284.0,15.0,-81,87,377,1696,23.0,1215,12.0,64.0,26.0,High Quality,12.567407602262264,Capital Intensive,1.138353765323993,+,-,+,Mixed
1062,TATAMOTORS,Mar 2013,22163.0,-22969.0,-1692.0,-2499.0,1146,188793,164197,24596.0,13.0,213,3560,7601,13647,28.0,9976,35.0,6.0,-806.0,High Quality,12.166234976932408,Capital Intensive,-3.276955602536998,+,-,-,Reinvestor
1063,TATAMOTORS,Mar 2014,36151.0,-27991.0,-3883.0,4277.0,1147,232834,197980,34853.0,15.0,-157,4749,11078,18869,25.0,14050,48.0,5.0,8160.0,High Quality,12.02186965821143,Capital Intensive,23.41261871287981,+,-,-,Reinvestor
1064,TATAMOTORS,Mar 2015,35531.0,-36232.0,5201.0,4500.0,1148,263159,223920,39239.0,15.0,714,4861,13389,21703,35.0,14073,48.0,0.0,-701.0,High Quality,13.76810217397087,Capital Intensive,-1.7864879329238768,+,-,+,Mixed
1065,TATAMOTORS,Mar 2016,37900.0,-36694.0,-3795.0,-2589.0,1149,273046,234650,38395.0,14.0,-2670,4889,16711,14126,21.0,11678,40.0,1.0,1206.0,High Quality,13.438761234370766,Capital Intensive,3.1410339888006256,+,-,-,Reinvestor
1066,TATAMOTORS,Mar 2017,30199.0,-39571.0,6205.0,-3167.0,1150,269693,240104,29589.0,11.0,1869,4238,17905,9315,35.0,7557,26.0,0.0,-9372.0,High Quality,14.67260922604591,Capital Intensive,-31.673932880462335,+,-,+,Mixed
1067,TATAMOTORS,Mar 2018,23857.0,-25139.0,2012.0,730.0,1151,291550,260093,31458.0,11.0,5933,4682,21554,11155,39.0,9091,31.0,0.0,-1282.0,High Quality,8.622534728176985,Capital Intensive,-4.075274969801004,+,-,+,Mixed
1068,TATAMOTORS,Mar 2019,18891.0,-20878.0,8830.0,6843.0,1152,301938,277274,24664.0,8.0,-26686,5759,23591,-31371,-8.0,-28724,-100.0,0.0,-1987.0,Accrual Risk,6.914664600017222,Moderate,-8.056276354200454,+,-,+,Mixed
1069,TATAMOTORS,Mar 2020,26633.0,-33115.0,3390.0,-3092.0,1153,261068,243081,17987.0,7.0,102,7243,21425,-10580,4.0,-11975,-39.0,0.0,-6482.0,Accrual Risk,12.684434706666462,Capital Intensive,-36.03713793295157,+,-,+,Mixed
1070,TATAMOTORS,Mar 2021,29001.0,-25672.0,9904.0,13232.0,1154,249795,217507,32287.0,13.0,-11118,8097,23547,-10474,24.0,-13395,-41.0,0.0,3329.0,Accrual Risk,10.277227326407655,Capital Intensive,10.310651345742869,+,-,+,Mixed
1071,TATAMOTORS,Mar 2022,14283.0,-4444.0,-3380.0,6459.0,1155,278454,253734,24720.0,9.0,2424,9312,24836,-7003,60.0,-11309,-34.0,0.0,9839.0,Accrual Risk,1.5959548076163388,Asset Light,39.801779935275086,+,-,-,Reinvestor
1072,TATAMOTORS,Mar 2023,35388.0,-15417.0,-26243.0,-6272.0,1156,345967,314151,31816.0,9.0,6664,10225,24860,3394,21.0,2690,7.0,32.0,19971.0,High Quality,4.45620536062688,Moderate,62.77030424943425,+,-,-,Reinvestor
1073,TATAMOTORS,Mar 2024,67915.0,-22782.0,-37006.0,8128.0,1157,437928,378389,59538.0,14.0,5673,9986,27270,27955,-14.0,31807,94.0,7.0,45133.0,High Quality,5.2022250232915,Moderate,75.80536800026874,+,-,-,Reinvestor
1074,TATAPOWER,Mar 2013,3286.0,-4026.0,-593.0,-1333.0,1159,33177,27583,5595.0,17.0,375,2642,2052,1277,92.0,123,0.0,-319.0,-740.0,High Quality,12.134912740754137,Capital Intensive,-13.226094727435209,+,-,-,Reinvestor
1075,TATAPOWER,Mar 2014,6483.0,-3609.0,-3265.0,-392.0,1160,35726,28810,6916.0,19.0,229,3440,2730,975,99.0,12,-1.0,-114.0,2874.0,High Quality,10.101886581201367,Capital Intensive,41.555812608444185,+,-,-,Reinvestor
1076,TATAPOWER,Mar 2015,5981.0,-3865.0,-2239.0,-123.0,1161,33593,27292,6301.0,19.0,1056,3699,2174,1484,72.0,457,1.0,210.0,2116.0,High Quality,11.50537314321436,Capital Intensive,33.58197111569592,+,-,-,Reinvestor
1077,TATAPOWER,Mar 2016,7415.0,-1805.0,-6183.0,-574.0,1162,29494,27389,2105.0,7.0,4060,3236,1649,1281,53.0,786,2.0,53.0,5610.0,High Quality,6.11988879094053,Moderate,266.5083135391924,+,-,-,Reinvestor
1078,TATAPOWER,Mar 2017,7014.0,-7373.0,937.0,579.0,1163,27588,22114,5473.0,20.0,1297,3365,1956,1450,24.0,1100,3.0,39.0,-359.0,High Quality,26.72538784978976,Capital Intensive,-6.559473780376393,+,-,+,Mixed
1079,TATAPOWER,Mar 2018,6364.0,-1512.0,-4726.0,126.0,1164,26840,24545,2295.0,9.0,6586,3761,2346,2773,6.0,2611,9.0,15.0,4852.0,High Quality,5.6333830104321905,Moderate,211.41612200435728,+,-,-,Reinvestor
1080,TATAPOWER,Mar 2019,4574.0,-272.0,-5184.0,-883.0,1165,29881,26811,3070.0,10.0,7186,4170,2393,3693,29.0,2606,9.0,15.0,4302.0,High Quality,0.9102774338208226,Asset Light,140.13029315960912,+,-,-,Reinvestor
1081,TATAPOWER,Mar 2020,7375.0,-493.0,-5110.0,1773.0,1166,29136,22331,6805.0,23.0,2280,4494,2634,1958,33.0,1316,4.0,41.0,6882.0,High Quality,1.692064799560681,Asset Light,101.13152094048495,+,-,-,Reinvestor
1082,TATAPOWER,Mar 2021,8345.0,993.0,-7603.0,1736.0,1167,32703,25782,6921.0,21.0,1775,4010,2745,1941,26.0,1439,4.0,44.0,9338.0,High Quality,3.0364186771855795,Moderate,134.92269903193178,+,+,-,Liquidating Assets
1083,TATAPOWER,Mar 2022,6693.0,-6250.0,-1183.0,-741.0,1168,42816,35785,7031.0,16.0,2486,3859,3122,2535,15.0,2156,5.0,32.0,443.0,High Quality,14.59734678624813,Capital Intensive,6.300668468212203,+,-,-,Reinvestor
1084,TATAPOWER,Mar 2023,7166.0,-7263.0,1341.0,1243.0,1169,55109,47381,7728.0,14.0,5540,4372,3439,5457,30.0,3810,10.0,19.0,-97.0,High Quality,13.179335498738862,Capital Intensive,-1.255175983436853,+,-,+,Mixed
1085,TATAPOWER,Mar 2024,12596.0,-9027.0,-4497.0,-928.0,1170,61449,50714,10735.0,17.0,3416,4633,3786,5732,25.0,4280,12.0,17.0,3569.0,High Quality,14.69023092320461,Capital Intensive,33.24639031206335,+,-,-,Reinvestor
1086,TATASTEEL,Mar 2013,14035.0,-13099.0,-1780.0,-844.0,1172,134712,130746,3965.0,3.0,1445,3968,5575,-4133,78.0,-7272,-6.0,-11.0,936.0,Accrual Risk,9.723706870954333,Capital Intensive,23.60655737704918,+,-,-,Reinvestor
1087,TATASTEEL,Mar 2014,13146.0,-15378.0,1015.0,-1218.0,1173,148614,132430,16184.0,11.0,716,4337,5841,6722,45.0,3665,3.0,27.0,-2232.0,High Quality,10.34761193427268,Capital Intensive,-13.791398912506178,+,-,+,Mixed
1088,TATASTEEL,Mar 2015,11880.0,-9021.0,-2617.0,241.0,1174,139504,136095,3409.0,2.0,5994,4848,5944,-1388,99.0,-3939,-3.0,-20.0,2859.0,Accrual Risk,6.466481247849525,Moderate,83.86623643297155,+,-,-,Reinvestor
1089,TATASTEEL,Mar 2016,11455.0,-8794.0,-4729.0,-2068.0,1175,101965,102590,-625.0,-1.0,10346,4221,5306,193,99.0,-497,0.0,-203.0,2661.0,Accrual Risk,8.624528024322071,Capital Intensive,-425.76,+,-,-,Reinvestor
1090,TATASTEEL,Mar 2017,10824.0,-9490.0,-2579.0,-1245.0,1176,112299,99156,13144.0,12.0,-3789,5072,5673,-1391,99.0,-4169,-4.0,-23.0,1334.0,Accrual Risk,8.45065405747157,Capital Intensive,10.149117468046256,+,-,-,Reinvestor
1091,TATASTEEL,Mar 2018,8023.0,-11730.0,6640.0,2933.0,1177,123249,101816,21433.0,17.0,10898,5455,5742,21135,16.0,17743,12.0,9.0,-3707.0,Accrual Risk,9.517318598933866,Capital Intensive,-17.29575887649886,+,-,+,Mixed
1092,TATASTEEL,Mar 2019,25336.0,-29176.0,-673.0,-4513.0,1178,157669,128351,29318.0,19.0,1524,7660,7342,15841,42.0,9122,9.0,15.0,-3840.0,High Quality,18.504588727016724,Capital Intensive,-13.097755644996248,+,-,-,Reinvestor
1093,TATASTEEL,Mar 2020,20169.0,-14012.0,-1695.0,4462.0,1179,139817,122354,17463.0,12.0,-2884,7533,8441,-1395,-99.0,1174,1.0,74.0,6157.0,High Quality,10.021671184476851,Capital Intensive,35.25740136288152,+,-,-,Reinvestor
1094,TATASTEEL,Mar 2021,44327.0,-9437.0,-37090.0,-2200.0,1180,156294,125790,30504.0,20.0,180,7607,9234,13844,41.0,8190,6.0,40.0,34890.0,High Quality,6.037979704915096,Moderate,114.37844217151849,+,-,-,Reinvestor
1095,TATASTEEL,Mar 2022,44381.0,-10905.0,-23401.0,10075.0,1181,243959,180469,63490.0,26.0,1300,5462,9101,50227,17.0,41749,33.0,16.0,33476.0,High Quality,4.470013403891637,Moderate,52.72641360844228,+,-,-,Reinvestor
1096,TATASTEEL,Mar 2023,21683.0,-18179.0,-6981.0,-3477.0,1182,243353,211053,32300.0,13.0,1569,6299,9335,18235,56.0,8075,7.0,50.0,3504.0,High Quality,7.470218160450045,Moderate,10.84829721362229,+,-,-,Reinvestor
1097,TATASTEEL,Mar 2024,20301.0,-14253.0,-11097.0,-5049.0,1183,229171,206923,22248.0,10.0,-6005,7508,9882,-1147,99.0,-4910,-4.0,-101.0,6048.0,Accrual Risk,6.219373306395661,Moderate,27.184466019417474,+,-,-,Reinvestor
1098,TCS,Mar 2013,11615.0,-6038.0,-5729.0,-152.0,1185,62989,44950,18040.0,29.0,1178,48,1080,18090,22.0,14076,36.0,31.0,5577.0,Moderate,9.585800695359508,Capital Intensive,30.914634146341463,+,-,-,Reinvestor
1099,TCS,Mar 2014,14751.0,-9452.0,-5673.0,-374.0,1186,81809,56657,25153.0,31.0,1637,39,1349,25402,24.0,19332,49.0,33.0,5299.0,Moderate,11.553741030937918,Capital Intensive,21.06706953444917,+,-,-,Reinvestor
1100,TCS,Mar 2015,19369.0,-1807.0,-17168.0,394.0,1187,94648,70167,24482.0,26.0,3720,104,1799,26298,24.0,20060,51.0,78.0,17562.0,Moderate,1.9091792747865777,Asset Light,71.73433543011191,+,-,-,Reinvestor
1101,TCS,Mar 2016,19109.0,-5010.0,-9666.0,4433.0,1188,108646,77969,30677.0,28.0,3084,33,1888,31840,24.0,24338,62.0,35.0,14099.0,Moderate,4.6113064447839776,Moderate,45.95951364214232,+,-,-,Reinvestor
1102,TCS,Mar 2017,25223.0,-16895.0,-11026.0,-2698.0,1189,117966,85655,32311.0,27.0,4221,32,1987,34513,24.0,26357,67.0,35.0,8328.0,Moderate,14.321923266025804,Capital Intensive,25.77450403887221,+,-,-,Reinvestor
1103,TCS,Mar 2018,25067.0,3104.0,-26885.0,1286.0,1190,123104,90588,32516.0,26.0,3642,52,2014,34092,24.0,25880,67.0,37.0,28171.0,Moderate,2.5214452820379516,Asset Light,86.63734776725305,+,+,-,Liquidating Assets
1104,TCS,Mar 2019,28593.0,1645.0,-27897.0,2341.0,1191,146463,106957,39506.0,27.0,4311,198,2056,41563,24.0,31562,84.0,36.0,30238.0,Moderate,1.1231505567959144,Asset Light,76.54027236369159,+,+,-,Liquidating Assets
1105,TCS,Mar 2020,32369.0,8968.0,-39915.0,1422.0,1192,156949,114840,42109.0,27.0,4592,924,3529,42248,23.0,32447,86.0,85.0,41337.0,Moderate,5.713958037324226,Moderate,98.1666627086846,+,+,-,Liquidating Assets
1106,TCS,Mar 2021,38802.0,-7956.0,-32634.0,-1788.0,1193,164177,117631,46546.0,28.0,1916,637,4065,43760,26.0,32562,88.0,43.0,30846.0,High Quality,4.845989389500356,Moderate,66.26992652429854,+,-,-,Reinvestor
1107,TCS,Mar 2022,39949.0,-738.0,-33581.0,5630.0,1194,191754,138697,53057.0,28.0,4018,784,4604,51687,26.0,38449,105.0,41.0,39211.0,High Quality,0.38486811226884443,Asset Light,73.90353770473264,+,-,-,Reinvestor
1108,TCS,Mar 2023,41965.0,548.0,-47878.0,-5365.0,1195,225458,166199,59259.0,26.0,3449,779,5022,56907,26.0,42303,115.0,100.0,42513.0,Moderate,0.24306079181044804,Asset Light,71.74100136688098,+,+,-,Liquidating Assets
1109,TCS,Mar 2024,44338.0,6091.0,-48536.0,1893.0,1196,240893,176597,64296.0,27.0,3464,778,4985,61997,26.0,46099,127.0,58.0,50429.0,Moderate,2.528508507926756,Asset Light,78.43256190120692,+,+,-,Liquidating Assets
1110,TECHM,Mar 2013,855.0,-622.0,65.0,298.0,1198,6873,5451,1422.0,21.0,-141,103,200,978,24.0,1307,25.0,5.0,233.0,Moderate,9.049905427033318,Capital Intensive,16.38537271448664,+,-,+,Mixed
1111,TECHM,Mar 2014,1596.0,291.0,-972.0,915.0,1199,18802,14630,4172.0,22.0,244,80,522,3815,20.0,3062,32.0,15.0,1887.0,Moderate,1.5477076906712053,Asset Light,45.2301054650048,+,+,-,Liquidating Assets
1112,TECHM,Mar 2015,2448.0,-1865.0,-829.0,-246.0,1200,22621,18428,4193.0,19.0,106,69,611,3618,27.0,2659,27.0,22.0,583.0,Moderate,8.24455152292118,Capital Intensive,13.904125924159313,+,-,-,Reinvestor
1113,TECHM,Mar 2016,3137.0,-1453.0,-496.0,1188.0,1201,26494,22234,4260.0,16.0,453,97,759,3857,22.0,3027,31.0,35.0,1684.0,High Quality,5.484260587302785,Moderate,39.53051643192488,+,-,-,Reinvestor
1114,TECHM,Mar 2017,4071.0,-2893.0,-1571.0,-392.0,1202,29141,24956,4184.0,14.0,775,129,978,3853,26.0,2851,29.0,28.0,1178.0,High Quality,9.927593425071207,Capital Intensive,28.15487571701721,+,-,-,Reinvestor
1115,TECHM,Mar 2018,3554.0,-3319.0,-269.0,-35.0,1203,30773,26063,4710.0,15.0,1417,162,1085,4879,22.0,3786,39.0,33.0,235.0,Moderate,10.785428784973842,Capital Intensive,4.989384288747346,+,-,-,Reinvestor
1116,TECHM,Mar 2019,4432.0,-2104.0,-2251.0,77.0,1204,34742,28471,6271.0,18.0,534,133,1129,5543,23.0,4289,44.0,29.0,2328.0,High Quality,6.056070462264694,Moderate,37.12326582682188,+,-,-,Reinvestor
1117,TECHM,Mar 2020,4358.0,1081.0,-4466.0,974.0,1205,36868,31365,5503.0,15.0,1192,192,1446,5058,23.0,3897,42.0,32.0,5439.0,High Quality,2.9320820223500053,Asset Light,98.83699800109031,+,+,-,Liquidating Assets
1118,TECHM,Mar 2021,8094.0,-5433.0,-2987.0,-326.0,1206,37855,31059,6796.0,18.0,788,174,1458,5953,27.0,4353,46.0,89.0,2661.0,High Quality,14.352133139611675,Capital Intensive,39.15538552089464,+,-,-,Reinvestor
1119,TECHM,Mar 2022,5285.0,480.0,-4667.0,1098.0,1207,44646,36626,8020.0,18.0,1115,163,1520,7452,24.0,5630,57.0,47.0,5765.0,Moderate,1.075124311248488,Asset Light,71.88279301745636,+,+,-,Liquidating Assets
1120,TECHM,Mar 2023,5572.0,-226.0,-5078.0,267.0,1208,53290,45527,7763.0,15.0,965,326,1957,6446,25.0,4857,50.0,91.0,5346.0,High Quality,0.4240945768436855,Asset Light,68.8651294602602,+,-,-,Reinvestor
1121,TECHM,Mar 2024,6376.0,-1318.0,-4767.0,291.0,1209,51996,47489,4506.0,9.0,927,392,1817,3224,26.0,2397,24.0,150.0,5058.0,High Quality,2.5348103700284637,Asset Light,112.2503328894807,+,-,-,Reinvestor
1122,TITAN,Mar 2013,553.0,-142.0,-236.0,176.0,1211,10123,9109,1014.0,10.0,99,51,56,1006,28.0,725,8.0,26.0,411.0,Moderate,1.402746221475847,Asset Light,40.532544378698226,+,-,-,Reinvestor
1123,TITAN,Mar 2014,-555.0,-271.0,497.0,-329.0,1212,10927,9880,1047.0,10.0,117,87,68,1010,27.0,735,8.0,25.0,-826.0,Accrual Risk,2.4800951770842867,Asset Light,-78.89207258834766,-,-,+,Growth Funded by Debt
1124,TITAN,Mar 2015,503.0,-118.0,-1005.0,-620.0,1213,11913,10761,1153.0,10.0,67,81,90,1049,22.0,816,9.0,25.0,385.0,Moderate,0.9905145639217662,Asset Light,33.39115351257589,+,-,-,Reinvestor
1125,TITAN,Mar 2016,576.0,-159.0,-505.0,-88.0,1214,11276,10337,939.0,8.0,69,42,98,868,22.0,675,8.0,29.0,417.0,Moderate,1.4100744945015964,Asset Light,44.40894568690096,+,-,-,Reinvestor
1126,TITAN,Mar 2017,1712.0,-953.0,-166.0,594.0,1215,13261,12097,1164.0,9.0,-42,38,111,973,28.0,697,8.0,32.0,759.0,High Quality,7.186486690294849,Moderate,65.20618556701031,+,-,-,Reinvestor
1127,TITAN,Mar 2018,-51.0,98.0,-252.0,-206.0,1216,16120,14476,1644.0,10.0,70,53,131,1530,28.0,1102,13.0,29.0,47.0,Accrual Risk,0.607940446650124,Asset Light,2.8588807785888077,-,+,-,Other
1128,TITAN,Mar 2019,1243.0,-797.0,-489.0,-43.0,1217,19779,17785,1994.0,10.0,178,53,163,1957,29.0,1389,16.0,32.0,446.0,Moderate,4.029526265230801,Moderate,22.367101303911735,+,-,-,Reinvestor
1129,TITAN,Mar 2020,-348.0,235.0,-242.0,-355.0,1218,21052,18589,2463.0,12.0,153,166,348,2102,29.0,1493,17.0,24.0,-113.0,Accrual Risk,1.116283488504655,Asset Light,-4.587900933820544,-,+,-,Other
1130,TITAN,Mar 2021,4139.0,-2799.0,-1234.0,106.0,1219,21644,19919,1725.0,8.0,180,203,375,1327,27.0,974,11.0,37.0,1340.0,High Quality,12.931990389946405,Capital Intensive,77.68115942028986,+,-,-,Reinvestor
1131,TITAN,Mar 2022,-724.0,1165.0,-403.0,38.0,1220,28799,25455,3344.0,12.0,177,218,399,2904,24.0,2198,24.0,31.0,441.0,Accrual Risk,4.04527934997743,Moderate,13.187799043062201,-,+,-,Other
1132,TITAN,Mar 2023,1370.0,-1814.0,457.0,13.0,1221,40575,35693,4882.0,12.0,306,300,441,4447,26.0,3274,37.0,27.0,-444.0,Accrual Risk,4.470733210104744,Moderate,-9.094633346988939,+,-,+,Mixed
1133,TITAN,Mar 2024,1695.0,-189.0,-1329.0,177.0,1222,51084,45792,5292.0,10.0,534,619,584,4623,24.0,3496,39.0,28.0,1506.0,Accrual Risk,0.36997885835095135,Asset Light,28.458049886621318,+,-,-,Reinvestor
1134,TORNTPHARM,Mar 2013,153.0,-247.0,20.0,-73.0,1224,3203,2506,697.0,22.0,1,34,83,582,25.0,435,13.0,45.0,-94.0,Accrual Risk,7.7115204495785195,Moderate,-13.486370157819225,+,-,+,Mixed
1135,TORNTPHARM,Mar 2014,599.0,-418.0,86.0,268.0,1225,4172,3216,955.0,23.0,34,59,87,844,21.0,664,20.0,25.0,181.0,Moderate,10.019175455417066,Capital Intensive,18.952879581151834,+,-,+,Mixed
1136,TORNTPHARM,Mar 2015,810.0,-2113.0,1212.0,-90.0,1226,4636,3616,1020.0,22.0,286,175,191,940,20.0,751,22.0,25.0,-1303.0,High Quality,45.57808455565142,Capital Intensive,-127.74509803921568,+,-,+,Mixed
1137,TORNTPHARM,Mar 2016,2742.0,-869.0,-1435.0,437.0,1227,6687,3954,2733.0,41.0,32,184,238,2343,26.0,1733,51.0,34.0,1873.0,High Quality,12.995364139374907,Capital Intensive,68.53274789608489,+,-,-,Reinvestor
1138,TORNTPHARM,Mar 2017,1009.0,-798.0,-193.0,18.0,1228,5816,4438,1377.0,24.0,223,206,307,1088,14.0,934,28.0,25.0,211.0,High Quality,13.720770288858322,Capital Intensive,15.32316630355846,+,-,-,Reinvestor
1139,TORNTPHARM,Mar 2018,894.0,-4677.0,3417.0,-366.0,1229,5950,4601,1349.0,23.0,299,308,409,931,27.0,678,20.0,35.0,-3783.0,High Quality,78.60504201680672,Capital Intensive,-280.4299481097109,+,-,+,Mixed
1140,TORNTPHARM,Mar 2019,1798.0,-246.0,-1314.0,238.0,1230,7673,5690,1983.0,26.0,-300,504,618,562,22.0,436,13.0,66.0,1552.0,High Quality,3.2060471784178284,Moderate,78.26525466464952,+,-,-,Reinvestor
1141,TORNTPHARM,Mar 2020,1393.0,229.0,-1549.0,73.0,1231,7939,5769,2170.0,27.0,121,451,654,1187,14.0,1025,30.0,53.0,1622.0,High Quality,2.884494268799597,Asset Light,74.74654377880185,+,+,-,Liquidating Assets
1142,TORNTPHARM,Mar 2021,2005.0,-444.0,-1651.0,-89.0,1232,8005,5524,2480.0,31.0,57,353,658,1526,18.0,1252,37.0,47.0,1561.0,High Quality,5.546533416614616,Moderate,62.94354838709677,+,-,-,Reinvestor
1143,TORNTPHARM,Mar 2022,1803.0,-196.0,-1781.0,-174.0,1233,8508,6077,2431.0,29.0,-288,255,662,1226,37.0,777,23.0,105.0,1607.0,High Quality,2.30371415138693,Asset Light,66.10448375154257,+,-,-,Reinvestor
1144,TORNTPHARM,Mar 2023,2368.0,-2335.0,77.0,110.0,1234,9620,6778,2842.0,30.0,45,333,707,1847,33.0,1245,37.0,60.0,33.0,High Quality,24.272349272349274,Capital Intensive,1.1611541168191415,+,-,+,Mixed
1145,TORNTPHARM,Mar 2024,3266.0,-160.0,-2780.0,327.0,1235,10728,7360,3368.0,31.0,146,354,808,2352,30.0,1656,49.0,57.0,3106.0,High Quality,1.4914243102162565,Asset Light,92.2209026128266,+,-,-,Reinvestor
1146,TRENT,Mar 2013,31.0,-276.0,147.0,-97.0,1237,2132,2128,5.0,0.0,58,29,45,-10,99.0,-27,-1.0,-87.0,-245.0,Accrual Risk,12.94559099437148,Capital Intensive,-4900.0,+,-,+,Mixed
1147,TRENT,Mar 2014,-46.0,-48.0,-50.0,-145.0,1238,2333,2343,-10.0,0.0,91,26,54,1,99.0,-19,-1.0,-125.0,-94.0,High Quality,2.0574367766823833,Asset Light,940.0,-,-,-,Pre-Revenue
1148,TRENT,Mar 2015,-10.0,-306.0,310.0,-6.0,1239,2284,2196,88.0,4.0,208,22,75,200,35.0,129,4.0,26.0,-316.0,Accrual Risk,13.39754816112084,Capital Intensive,-359.09090909090907,-,-,+,Growth Funded by Debt
1149,TRENT,Mar 2016,109.0,-98.0,-13.0,-2.0,1240,1686,1596,90.0,5.0,86,48,39,90,39.0,55,2.0,54.0,11.0,High Quality,5.812574139976276,Moderate,12.222222222222221,+,-,-,Reinvestor
1150,TRENT,Mar 2017,102.0,-44.0,-51.0,7.0,1241,1812,1679,134.0,7.0,81,46,41,128,34.0,85,3.0,39.0,58.0,High Quality,2.4282560706401766,Asset Light,43.28358208955223,+,-,-,Reinvestor
1151,TRENT,Mar 2018,77.0,-4.0,-74.0,-1.0,1242,2157,1949,208.0,10.0,27,44,46,147,41.0,87,3.0,44.0,73.0,Moderate,0.18544274455261936,Asset Light,35.09615384615385,+,-,-,Reinvestor
1152,TRENT,Mar 2019,21.0,-37.0,37.0,21.0,1243,2630,2390,241.0,9.0,30,51,52,165,44.0,95,3.0,45.0,-16.0,Accrual Risk,1.4068441064638784,Asset Light,-6.639004149377594,+,-,+,Mixed
1153,TRENT,Mar 2020,361.0,-809.0,452.0,5.0,1244,3486,2957,529.0,15.0,147,263,247,165,36.0,106,3.0,29.0,-448.0,High Quality,23.207114170969593,Capital Intensive,-84.68809073724007,+,-,+,Mixed
1154,TRENT,Mar 2021,285.0,18.0,-283.0,20.0,1245,2593,2479,114.0,4.0,199,261,257,-205,-12.0,-181,-4.0,-15.0,303.0,Accrual Risk,0.6941766293868107,Asset Light,265.7894736842105,+,+,-,Liquidating Assets
1155,TRENT,Mar 2022,58.0,56.0,-108.0,6.0,1246,4498,3903,595.0,13.0,152,325,311,111,69.0,35,3.0,57.0,114.0,High Quality,1.2449977767896843,Asset Light,19.15966386554622,+,+,-,Liquidating Assets
1156,TRENT,Mar 2023,595.0,-103.0,-491.0,1.0,1247,8242,7128,1114.0,14.0,341,409,494,552,29.0,394,13.0,18.0,492.0,High Quality,1.2496966755641834,Asset Light,44.165170556552965,+,-,-,Reinvestor
1157,TRENT,Mar 2024,1349.0,-508.0,-629.0,211.0,1248,12375,10404,1971.0,16.0,989,368,671,1921,23.0,1477,42.0,8.0,841.0,Moderate,4.105050505050505,Moderate,42.668696093353624,+,-,-,Reinvestor
1158,TVSMOTOR,Mar 2013,464.0,-120.0,-402.0,-58.0,1250,7510,7072,438.0,6.0,130,103,176,290,32.0,198,4.0,30.0,344.0,High Quality,1.5978695073235687,Asset Light,78.53881278538812,+,-,-,Reinvestor
1159,TVSMOTOR,Mar 2014,470.0,-235.0,-216.0,19.0,1251,8384,7892,492.0,6.0,44,80,149,307,39.0,187,4.0,37.0,235.0,High Quality,2.8029580152671754,Asset Light,47.764227642276424,+,-,-,Reinvestor
1160,TVSMOTOR,Mar 2015,83.0,-415.0,261.0,-71.0,1252,10256,9650,605.0,6.0,80,62,179,444,28.0,328,7.0,28.0,-332.0,Accrual Risk,4.046411856474259,Moderate,-54.87603305785124,+,-,+,Mixed
1161,TVSMOTOR,Mar 2016,936.0,-605.0,-319.0,12.0,1253,11377,10558,819.0,7.0,93,70,262,580,26.0,429,9.0,28.0,331.0,High Quality,5.317746330315549,Moderate,40.415140415140414,+,-,-,Reinvestor
1162,TVSMOTOR,Mar 2017,689.0,-709.0,-59.0,-79.0,1254,12463,11591,871.0,7.0,163,60,317,658,23.0,509,11.0,23.0,-20.0,High Quality,5.688838963331461,Moderate,-2.2962112514351323,+,-,-,Reinvestor
1163,TVSMOTOR,Mar 2018,354.0,-1095.0,897.0,156.0,1255,16340,14769,1571.0,10.0,71,338,374,931,29.0,665,14.0,24.0,-741.0,Moderate,6.7013463892288865,Moderate,-47.16740929344367,+,-,+,Mixed
1164,TVSMOTOR,Mar 2019,-918.0,-1104.0,2210.0,188.0,1256,20160,17997,2163.0,11.0,25,663,442,1083,33.0,725,15.0,24.0,-2022.0,Accrual Risk,5.476190476190476,Moderate,-93.48127600554785,-,-,+,Growth Funded by Debt
1165,TVSMOTOR,Mar 2020,373.0,-1090.0,1619.0,902.0,1257,18849,16585,2264.0,12.0,12,855,556,865,25.0,647,13.0,27.0,-717.0,Moderate,5.782800148548994,Moderate,-31.669611307420492,+,-,+,Mixed
1166,TVSMOTOR,Mar 2021,1151.0,-882.0,264.0,532.0,1258,19421,17189,2232.0,11.0,36,881,565,822,26.0,608,13.0,28.0,269.0,High Quality,4.541475722156429,Moderate,12.051971326164875,+,-,+,Mixed
1167,TVSMOTOR,Mar 2022,-1575.0,-1471.0,2918.0,532.0,1259,24355,21601,2755.0,11.0,-5,940,743,1067,31.0,731,16.0,24.0,-3046.0,Accrual Risk,6.039827550810921,Moderate,-110.56261343012703,-,-,+,Growth Funded by Debt
1168,TVSMOTOR,Mar 2023,-4405.0,-1308.0,6118.0,406.0,1260,31974,27947,4027.0,13.0,136,1368,859,1936,32.0,1309,28.0,18.0,-5713.0,Accrual Risk,4.090823794332896,Moderate,-141.86739508318848,-,-,+,Growth Funded by Debt
1169,TVSMOTOR,Mar 2024,-1253.0,-1001.0,2759.0,505.0,1261,39145,33645,5500.0,14.0,106,1928,975,2703,34.0,1779,36.0,23.0,-2254.0,Accrual Risk,2.557159279601482,Asset Light,-40.98181818181818,-,-,+,Growth Funded by Debt
1170,ULTRACEMCO,Mar 2013,3618.0,-4362.0,715.0,-30.0,1263,20514,15674,4839.0,24.0,304,252,1023,3867,30.0,2688,98.0,9.0,-744.0,High Quality,21.26352734717754,Capital Intensive,-15.37507749535028,+,-,+,Mixed
1171,ULTRACEMCO,Mar 2014,3455.0,-2342.0,-949.0,164.0,1264,20730,16695,4035.0,19.0,322,361,1139,2858,23.0,2213,80.0,11.0,1113.0,High Quality,11.297636275928607,Capital Intensive,27.583643122676584,+,-,-,Reinvestor
1172,ULTRACEMCO,Mar 2015,4190.0,-2144.0,-2110.0,-63.0,1265,23306,18881,4425.0,19.0,350,587,1203,2986,30.0,2102,76.0,12.0,2046.0,High Quality,9.199347807431563,Capital Intensive,46.23728813559322,+,-,-,Reinvestor
1173,ULTRACEMCO,Mar 2016,4526.0,-3673.0,-844.0,8.0,1266,25153,20252,4901.0,19.0,464,566,1377,3421,28.0,2480,90.0,11.0,853.0,High Quality,14.602631892815968,Capital Intensive,17.40461130381555,+,-,-,Reinvestor
1174,ULTRACEMCO,Mar 2017,5005.0,-2501.0,-2535.0,-31.0,1267,25375,20162,5212.0,21.0,648,640,1348,3872,30.0,2714,99.0,10.0,2504.0,High Quality,9.85615763546798,Capital Intensive,48.04297774366846,+,-,-,Reinvestor
1175,ULTRACEMCO,Mar 2018,3888.0,1866.0,-5735.0,18.0,1268,30979,24834,6145.0,20.0,242,1238,1848,3301,33.0,2224,81.0,13.0,5754.0,High Quality,6.023435230317312,Moderate,93.63710333604557,+,+,-,Liquidating Assets
1176,ULTRACEMCO,Mar 2019,5956.0,1165.0,-6757.0,364.0,1269,41462,34115,7347.0,18.0,350,1778,2451,3468,31.0,2400,88.0,13.0,7121.0,High Quality,2.8098017461772224,Asset Light,96.92391452293452,+,+,-,Liquidating Assets
1177,ULTRACEMCO,Mar 2020,8972.0,-4192.0,-5076.0,-295.0,1270,42430,33184,9246.0,22.0,651,1992,2723,5183,-11.0,5751,199.0,7.0,4780.0,High Quality,9.879802026867782,Capital Intensive,51.69803158122431,+,-,-,Reinvestor
1178,ULTRACEMCO,Mar 2021,12500.0,-8856.0,-4356.0,-712.0,1271,44726,33158,11568.0,26.0,619,1486,2700,8001,32.0,5462,189.0,20.0,3644.0,High Quality,19.800563430666728,Capital Intensive,31.500691562932225,+,-,-,Reinvestor
1179,ULTRACEMCO,Mar 2022,9283.0,2257.0,-12498.0,-958.0,1272,52599,41084,11514.0,22.0,669,945,2715,8524,14.0,7334,254.0,15.0,11540.0,High Quality,4.290956101827031,Moderate,100.2258120548897,+,+,-,Liquidating Assets
1180,ULTRACEMCO,Mar 2023,9069.0,-7188.0,-1631.0,250.0,1273,63240,52620,10620.0,17.0,507,823,2888,7416,32.0,5073,175.0,22.0,1881.0,High Quality,11.366223908918407,Capital Intensive,17.71186440677966,+,-,-,Reinvestor
1181,ULTRACEMCO,Mar 2024,10898.0,-8789.0,-1926.0,183.0,1274,70908,57940,12969.0,18.0,567,968,3145,9422,26.0,7004,243.0,29.0,2109.0,High Quality,12.394934281040221,Capital Intensive,16.2618551931529,+,-,-,Reinvestor
1182,UNIONBANK,Mar 2013,-4245.0,-343.0,5096.0,507.0,1276,25169,7268,325.0,1.0,2868,17575,156,3037,30.0,2146,36.0,22.0,-4588.0,Accrual Risk,1.3627875561206246,Asset Light,-1411.6923076923078,-,-,+,Growth Funded by Debt
1183,UNIONBANK,Mar 2014,2570.0,-363.0,4902.0,7109.0,1277,29394,8829,-902.0,-3.0,3141,21467,198,2040,18.0,1687,27.0,15.0,2207.0,High Quality,1.234945907328026,Asset Light,-244.67849223946786,+,-,+,Mixed
1184,UNIONBANK,Mar 2015,-3567.0,-318.0,3168.0,-718.0,1278,32164,9498,-973.0,-3.0,3957,23640,225,2759,36.0,1771,28.0,22.0,-3885.0,Accrual Risk,0.9886829996269121,Asset Light,399.28057553956836,-,-,+,Growth Funded by Debt
1185,UNIONBANK,Mar 2016,81.0,-9.0,-2.0,70.0,1279,32316,10349,-1928.0,-6.0,3934,23894,249,1758,24.0,1347,20.0,10.0,72.0,Accrual Risk,0.02784998143334571,Asset Light,-3.7344398340248963,+,-,-,Reinvestor
1186,UNIONBANK,Mar 2017,-6624.0,-280.0,10194.0,3289.0,1280,32817,13871,-4830.0,-15.0,5430,23771,241,359,-58.0,573,8.0,0.0,-6904.0,Accrual Risk,0.8532163208093366,Asset Light,142.9399585921325,-,-,+,Growth Funded by Debt
1187,UNIONBANK,Mar 2018,6097.0,-315.0,10792.0,16574.0,1281,32952,21181,-11700.0,-36.0,5462,23471,368,-6607,-21.0,-5212,-45.0,0.0,5782.0,Accrual Risk,0.9559359067734887,Asset Light,-49.41880341880342,+,-,+,Mixed
1188,UNIONBANK,Mar 2019,-7778.0,-297.0,1758.0,-6317.0,1282,34314,19019,-8601.0,-25.0,5042,23896,374,-3933,-25.0,-2922,-17.0,0.0,-8075.0,High Quality,0.8655359328553942,Asset Light,93.88443204278573,-,-,+,Growth Funded by Debt
1189,UNIONBANK,Mar 2020,-77.0,-4.0,201.0,121.0,1283,37479,21166,-9523.0,-25.0,5789,25837,417,-4151,-27.0,-3121,-9.0,0.0,-81.0,Accrual Risk,0.010672643346940952,Asset Light,0.850572298645385,-,-,+,Growth Funded by Debt
1190,UNIONBANK,Mar 2021,20527.0,-601.0,-18861.0,1066.0,1284,69311,36270,-11071.0,-16.0,14307,44112,908,2327,-22.0,2863,4.0,0.0,19926.0,High Quality,0.8671062313341317,Asset Light,-179.98374130611506,+,-,-,Reinvestor
1191,UNIONBANK,Mar 2022,36339.0,-558.0,-786.0,34995.0,1285,68230,32264,-4213.0,-6.0,13524,40178,745,8566,39.0,5265,8.0,25.0,35781.0,High Quality,0.8178220724021692,Asset Light,-849.2997863755044,+,-,-,Reinvestor
1192,UNIONBANK,Mar 2023,6056.0,-2561.0,-10654.0,-7159.0,1286,81163,36155,-3024.0,-4.0,15915,48033,745,12147,31.0,8512,12.0,24.0,3495.0,Moderate,3.1553786824045438,Moderate,-115.57539682539681,+,-,-,Reinvestor
1193,UNIONBANK,Mar 2024,19930.0,-1394.0,-11489.0,7047.0,1287,100376,32422,4590.0,5.0,17813,63364,895,21508,36.0,13797,18.0,20.0,18536.0,High Quality,1.3887781939905954,Asset Light,403.8344226579521,+,-,-,Reinvestor
1194,UNITDSPR,Mar 2013,1969.0,-1121.0,-992.0,-145.0,1289,10378,9287,1091.0,11.0,146,985,178,73,99.0,-105,-2.0,-31.0,848.0,Accrual Risk,10.801695895162844,Capital Intensive,77.72685609532539,+,-,-,Reinvestor
1195,UNITDSPR,Mar 2014,-552.0,-252.0,1235.0,431.0,1290,10508,13876,-3368.0,-32.0,681,1323,203,-4213,7.0,-4489,-62.0,0.0,-804.0,Accrual Risk,2.398172820708032,Asset Light,23.871733966745843,-,-,+,Growth Funded by Debt
1196,UNITDSPR,Mar 2015,-196.0,3855.0,-4002.0,-343.0,1291,9254,9619,-366.0,-4.0,-360,687,223,-1635,3.0,-1687,-23.0,0.0,3659.0,Accrual Risk,41.6576615517614,Capital Intensive,-999.7267759562842,-,+,-,Other
1197,UNITDSPR,Mar 2016,283.0,733.0,-1155.0,-139.0,1292,8495,8162,333.0,4.0,648,457,157,366,61.0,143,2.0,0.0,1016.0,High Quality,8.628605061801059,Capital Intensive,305.1051051051051,+,+,-,Liquidating Assets
1198,UNITDSPR,Mar 2017,647.0,-227.0,-475.0,-56.0,1293,8818,7826,991.0,11.0,-265,375,189,163,43.0,93,1.0,0.0,420.0,High Quality,2.574279882059424,Asset Light,42.38143289606458,+,-,-,Reinvestor
1199,UNITDSPR,Mar 2018,925.0,104.0,-966.0,63.0,1294,8591,7381,1209.0,14.0,172,278,192,912,28.0,652,9.0,0.0,1029.0,High Quality,1.2105692003259223,Asset Light,85.11166253101737,+,+,-,Liquidating Assets
1200,UNITDSPR,Mar 2019,948.0,-66.0,-808.0,74.0,1295,9341,7947,1394.0,15.0,70,237,215,1012,32.0,684,10.0,0.0,882.0,High Quality,0.7065624665453377,Asset Light,63.271162123385935,+,-,-,Reinvestor
1201,UNITDSPR,Mar 2020,783.0,-194.0,-740.0,-150.0,1296,9325,7756,1569.0,17.0,89,212,285,1160,47.0,621,9.0,0.0,589.0,High Quality,2.0804289544235925,Asset Light,37.53983428935628,+,-,-,Reinvestor
1202,UNITDSPR,Mar 2021,1818.0,-99.0,-1707.0,12.0,1297,8131,7080,1051.0,13.0,-25,188,299,540,33.0,362,5.0,0.0,1719.0,High Quality,1.2175624154470546,Asset Light,163.55851569933398,+,-,-,Reinvestor
1203,UNITDSPR,Mar 2022,977.0,-313.0,-688.0,-23.0,1298,9712,8117,1595.0,16.0,-117,88,304,1087,25.0,811,11.0,0.0,664.0,High Quality,3.222817133443163,Moderate,41.63009404388715,+,-,-,Reinvestor
1204,UNITDSPR,Mar 2023,615.0,-55.0,-500.0,60.0,1299,10612,9195,1417.0,13.0,249,104,283,1279,12.0,1126,16.0,0.0,560.0,Moderate,0.5182811911044101,Asset Light,39.52011291460833,+,-,-,Reinvestor
1205,UNITDSPR,Mar 2024,1118.0,226.0,-407.0,937.0,1300,11321,9321,2000.0,18.0,208,76,275,1857,24.0,1408,19.0,46.0,1344.0,Moderate,1.996290080381592,Asset Light,67.2,+,+,-,Liquidating Assets
1206,VBL,Dec 2012,280.0,-507.0,229.0,3.0,1302,1800,1572,228.0,13.0,44,116,136,21,-20.0,25,2.0,0.0,-227.0,High Quality,28.166666666666668,Capital Intensive,-99.56140350877193,+,-,+,Mixed
1207,VBL,Dec 2013,297.0,-574.0,274.0,-2.0,1303,2115,1824,291.0,14.0,19,171,184,-46,-11.0,-40,0.0,0.0,-277.0,Accrual Risk,27.13947990543735,Capital Intensive,-95.1890034364261,+,-,+,Mixed
1208,VBL,Dec 2014,431.0,-500.0,58.0,-11.0,1304,2502,2116,387.0,15.0,14,187,210,4,99.0,-20,0.0,0.0,-69.0,Accrual Risk,19.984012789768187,Capital Intensive,-17.829457364341085,+,-,+,Mixed
1209,VBL,Dec 2015,555.0,-300.0,-236.0,19.0,1305,3394,2752,642.0,19.0,36,170,317,191,41.0,113,1.0,0.0,255.0,High Quality,8.839127872716558,Capital Intensive,39.719626168224295,+,-,-,Reinvestor
1210,VBL,Dec 2016,826.0,-1048.0,230.0,8.0,1306,3861,3052,810.0,21.0,27,435,322,79,39.0,48,0.0,0.0,-222.0,High Quality,27.143227143227143,Capital Intensive,-27.40740740740741,+,-,+,Mixed
1211,VBL,Dec 2017,620.0,-746.0,159.0,32.0,1307,4004,3165,838.0,21.0,14,215,347,291,26.0,214,1.0,22.0,-126.0,High Quality,18.63136863136863,Capital Intensive,-15.035799522673033,+,-,+,Mixed
1212,VBL,Dec 2018,1000.0,-937.0,-84.0,-22.0,1308,5105,4069,1036.0,20.0,6,223,385,434,31.0,300,1.0,16.0,63.0,High Quality,18.354554358472086,Capital Intensive,6.081081081081082,+,-,-,Reinvestor
1213,VBL,Dec 2019,1308.0,-2320.0,1107.0,95.0,1309,7130,5667,1462.0,21.0,47,324,489,696,32.0,472,1.0,15.0,-1012.0,High Quality,32.53856942496493,Capital Intensive,-69.22024623803009,+,-,+,Mixed
1214,VBL,Dec 2020,1012.0,-472.0,-574.0,-33.0,1310,6450,5235,1215.0,19.0,-30,294,529,363,1.0,357,1.0,22.0,540.0,High Quality,7.317829457364342,Moderate,44.44444444444444,+,-,-,Reinvestor
1215,VBL,Dec 2021,1231.0,-1008.0,-178.0,46.0,1311,8823,7129,1694.0,19.0,51,207,531,1007,26.0,746,2.0,16.0,223.0,High Quality,11.424685481128869,Capital Intensive,13.164108618654074,+,-,-,Reinvestor
1216,VBL,Dec 2022,1790.0,-1769.0,-18.0,4.0,1312,13173,10310,2863.0,22.0,-18,204,617,2024,23.0,1550,5.0,15.0,21.0,High Quality,13.428983526911106,Capital Intensive,0.7334963325183375,+,-,-,Reinvestor
1217,VBL,Dec 2023,2391.0,-3288.0,985.0,88.0,1313,16043,12326,3717.0,23.0,-5,292,681,2739,23.0,2102,6.0,16.0,-897.0,High Quality,20.49491990276133,Capital Intensive,-24.132364810330913,+,-,+,Mixed
1218,VEDL,Mar 2013,22.0,-311.0,238.0,-51.0,1315,2749,2283,465.0,17.0,33,475,197,-174,-25.0,2280,26.0,0.0,-289.0,Accrual Risk,11.313204801746089,Capital Intensive,-62.1505376344086,+,-,+,Mixed
1219,VEDL,Mar 2014,15601.0,-2890.0,-5052.0,7659.0,1316,66152,46557,19595.0,30.0,1874,5094,6882,9493,-9.0,11421,21.0,15.0,12711.0,High Quality,4.368726569113557,Moderate,64.86858892574637,+,-,-,Reinvestor
1220,VEDL,Mar 2015,17805.0,-4133.0,-13956.0,-284.0,1317,73710,51595,22114.0,30.0,-19222,5659,7159,-9925,15.0,-11369,-53.0,-8.0,13672.0,Accrual Risk,5.607108940442274,Moderate,61.82508817943384,+,-,-,Reinvestor
1221,VEDL,Mar 2016,20377.0,-7868.0,-11303.0,1206.0,1318,64262,82741,-18479.0,-29.0,4290,5778,8572,-28540,-37.0,-17862,-41.0,-8.0,12509.0,Accrual Risk,12.243627649310634,Capital Intensive,-67.693056983603,+,-,-,Reinvestor
1222,VEDL,Mar 2017,18083.0,2681.0,-12425.0,8339.0,1319,72225,50849,21376.0,30.0,4423,5855,6292,13652,17.0,11316,23.0,83.0,20764.0,High Quality,3.712011076497058,Moderate,97.13697604790418,+,+,-,Liquidating Assets
1223,VEDL,Mar 2018,17366.0,15480.0,-39255.0,-6409.0,1320,91866,66989,24877.0,27.0,6087,5112,6283,19569,30.0,13692,28.0,76.0,32846.0,High Quality,16.85063026582196,Capital Intensive,132.03360533826427,+,+,-,Liquidating Assets
1224,VEDL,Mar 2019,23754.0,-10594.0,-10242.0,2918.0,1321,92048,68877,23171.0,25.0,4270,5689,8192,13560,28.0,9698,19.0,99.0,13160.0,High Quality,11.509212584738398,Capital Intensive,56.79513184584179,+,-,-,Reinvestor
1225,VEDL,Mar 2020,19300.0,-5925.0,-15547.0,-2172.0,1322,84447,63704,20743.0,25.0,-14932,4977,9093,-8259,-43.0,-4744,-18.0,-22.0,13375.0,Accrual Risk,7.016235034992362,Moderate,64.47958347394301,+,-,-,Reinvestor
1226,VEDL,Mar 2021,23980.0,-6678.0,-17565.0,-263.0,1323,88021,60703,27318.0,31.0,2743,5210,7638,17213,13.0,15032,31.0,30.0,17302.0,High Quality,7.5868258710989425,Moderate,63.3355296873856,+,-,-,Reinvestor
1227,VEDL,Mar 2022,34963.0,-2243.0,-28903.0,3817.0,1324,132732,87908,44824.0,34.0,1832,4797,8895,32964,28.0,23710,51.0,89.0,32720.0,High Quality,1.6898713196516288,Asset Light,72.99660895948598,+,-,-,Reinvestor
1228,VEDL,Mar 2023,33065.0,-668.0,-34142.0,-1745.0,1325,147308,112877,34431.0,23.0,2625,6225,10555,20276,28.0,14503,28.0,357.0,32397.0,High Quality,0.4534716376571537,Asset Light,94.09253289187069,+,-,-,Reinvestor
1229,VEDL,Mar 2024,35654.0,-13676.0,-26092.0,-4114.0,1326,143727,108415,35312.0,25.0,5239,9465,10723,20363,63.0,7539,11.0,259.0,21978.0,High Quality,9.515261572286349,Capital Intensive,62.23946533756231,+,-,-,Reinvestor
1230,WIPRO,Mar 2013,6394.0,-4536.0,-1140.0,717.0,1328,37430,29773,7657.0,20.0,1440,289,940,7869,21.0,6182,5.0,28.0,1858.0,High Quality,12.118621426663106,Capital Intensive,24.26537808541204,+,-,-,Reinvestor
1231,WIPRO,Mar 2014,6790.0,-284.0,-3570.0,2936.0,1329,43424,33788,9635.0,22.0,1922,383,1060,10114,21.0,7991,6.0,25.0,6506.0,Moderate,0.6540162122328665,Asset Light,67.52464971458225,+,-,-,Reinvestor
1232,WIPRO,Mar 2015,7840.0,-2537.0,-830.0,4474.0,1330,46951,36652,10299.0,22.0,2450,350,1175,11224,22.0,8714,7.0,34.0,5303.0,Moderate,5.403505782624438,Moderate,51.49043596465677,+,-,-,Reinvestor
1233,WIPRO,Mar 2016,7887.0,-13761.0,-159.0,-6032.0,1331,51244,40448,10796.0,21.0,2752,558,1496,11494,22.0,8957,7.0,17.0,-5874.0,Moderate,26.853875575677154,Capital Intensive,-54.4090403853279,+,-,-,Reinvestor
1234,WIPRO,Mar 2017,9277.0,-11770.0,-2275.0,-4767.0,1332,55448,44128,11321.0,20.0,2623,594,2310,11039,23.0,8518,7.0,6.0,-2493.0,High Quality,21.227095657192326,Capital Intensive,-22.02102287783765,+,-,-,Reinvestor
1235,WIPRO,Mar 2018,8423.0,3595.0,-12998.0,-979.0,1333,54487,44100,10387.0,19.0,2550,583,2112,10242,22.0,8003,7.0,6.0,12018.0,High Quality,6.597904087213463,Moderate,115.70232020795225,+,+,-,Liquidating Assets
1236,WIPRO,Mar 2019,11632.0,5065.0,-4937.0,11760.0,1334,59019,47406,11613.0,20.0,2614,738,1947,11542,22.0,9018,7.0,7.0,16697.0,High Quality,8.58198207356953,Capital Intensive,143.778524067855,+,+,-,Liquidating Assets
1237,WIPRO,Mar 2020,10064.0,3593.0,-15100.0,-1442.0,1335,61138,48795,12342.0,20.0,2728,733,2086,12252,20.0,9772,9.0,6.0,13657.0,High Quality,5.87686872321633,Moderate,110.65467509317777,+,+,-,Liquidating Assets
1238,WIPRO,Mar 2021,14755.0,685.0,-12884.0,2556.0,1336,61935,47164,14771.0,24.0,2404,509,2763,13903,22.0,10868,10.0,5.0,15440.0,High Quality,1.105998223944458,Asset Light,104.52914494617833,+,+,-,Liquidating Assets
1239,WIPRO,Mar 2022,11080.0,-22321.0,4659.0,-6583.0,1337,79312,62628,16684.0,21.0,2067,532,3078,15141,19.0,12243,11.0,27.0,-11241.0,Moderate,28.14328222715352,Capital Intensive,-67.37592903380484,+,-,+,Mixed
1240,WIPRO,Mar 2023,13060.0,-8169.0,-6088.0,-1197.0,1338,90488,73649,16839.0,19.0,2275,1008,3340,14766,23.0,11366,10.0,5.0,4891.0,High Quality,9.027716382282733,Capital Intensive,29.0456677949997,+,-,-,Reinvestor
1241,WIPRO,Mar 2024,17622.0,1144.0,-18257.0,509.0,1339,89760,73008,16752.0,19.0,2631,1255,3407,14721,25.0,11112,11.0,5.0,18766.0,High Quality,1.2745098039215685,Asset Light,112.02244508118433,+,+,-,Liquidating Assets
1242,ZOMATO,Mar 2020,-2144.0,1740.0,359.0,-45.0,1343,2605,4909,-2305.0,-88.0,16,13,84,-2386,0.0,-2386,-70097.0,0.0,-404.0,Moderate,66.79462571976967,Capital Intensive,17.52711496746204,-,+,+,Distress Signal
1243,ZOMATO,Mar 2021,-1018.0,-5245.0,6402.0,139.0,1344,1994,2461,-467.0,-23.0,-200,10,138,-815,0.0,-816,-23124.0,0.0,-6263.0,High Quality,263.03911735205617,Capital Intensive,1341.1134903640257,-,-,+,Growth Funded by Debt
1244,ZOMATO,Mar 2022,-693.0,-7971.0,8750.0,86.0,1345,4192,6043,-1851.0,-44.0,793,12,150,-1220,0.0,-1222,-2.0,0.0,-8664.0,Moderate,190.14790076335876,Capital Intensive,468.0713128038898,-,-,+,Growth Funded by Debt
1245,ZOMATO,Mar 2023,-844.0,797.0,-127.0,-174.0,1346,7079,8290,-1211.0,-17.0,682,49,437,-1015,-4.0,-971,-1.0,0.0,-47.0,Moderate,11.258652352027122,Capital Intensive,3.8810900082576385,-,+,-,Other
1246,ZOMATO,Mar 2024,646.0,-348.0,-207.0,91.0,1347,12114,12071,43.0,0.0,846,72,526,291,-21.0,351,0.0,0.0,298.0,High Quality,2.8727092620108965,Asset Light,693.0232558139535,+,-,-,Reinvestor
1247,ZYDUSLIFE,Mar 2013,603.0,-682.0,286.0,207.0,1349,6358,5228,1130.0,18.0,32,169,185,809,15.0,690,6.0,24.0,-79.0,Moderate,10.726643598615917,Capital Intensive,-6.991150442477877,+,-,+,Mixed
1248,ZYDUSLIFE,Mar 2014,903.0,-438.0,-529.0,-64.0,1350,7224,6021,1203.0,17.0,30,90,201,942,11.0,836,8.0,23.0,465.0,High Quality,6.06312292358804,Moderate,38.65336658354115,+,-,-,Reinvestor
1249,ZYDUSLIFE,Mar 2015,994.0,-465.0,-351.0,178.0,1351,8651,6896,1756.0,20.0,45,68,287,1446,18.0,1188,11.0,21.0,529.0,Moderate,5.375101144376373,Moderate,30.125284738041003,+,-,-,Reinvestor
1250,ZYDUSLIFE,Mar 2016,1894.0,-860.0,-935.0,99.0,1352,9427,7095,2332.0,25.0,112,53,292,2099,8.0,1964,19.0,17.0,1034.0,Moderate,9.12273257664156,Capital Intensive,44.339622641509436,+,-,-,Reinvestor
1251,ZYDUSLIFE,Mar 2017,1312.0,-2872.0,2316.0,756.0,1353,9376,7474,1902.0,20.0,127,45,373,1612,8.0,1517,15.0,22.0,-1560.0,Moderate,30.631399317406142,Capital Intensive,-82.01892744479495,+,-,+,Mixed
1252,ZYDUSLIFE,Mar 2018,919.0,-974.0,52.0,-3.0,1354,11905,9074,2831.0,24.0,111,91,539,2312,24.0,1810,17.0,20.0,-55.0,Moderate,8.181436371272573,Capital Intensive,-1.9427764040974922,+,-,+,Mixed
1253,ZYDUSLIFE,Mar 2019,1282.0,-3977.0,1885.0,-811.0,1355,13166,10174,2991.0,23.0,183,194,599,2382,22.0,1899,18.0,19.0,-2695.0,Moderate,30.206592738872857,Capital Intensive,-90.10364426613174,+,-,+,Mixed
1254,ZYDUSLIFE,Mar 2020,2932.0,-1004.0,-1528.0,399.0,1356,14253,11455,2798.0,20.0,-264,342,696,1495,21.0,1204,11.0,30.0,1928.0,High Quality,7.044131060127692,Moderate,68.90636168691923,+,-,-,Reinvestor
1255,ZYDUSLIFE,Mar 2021,3294.0,-837.0,-2548.0,-90.0,1357,14404,11013,3391.0,24.0,-231,159,670,2331,8.0,2185,21.0,17.0,2457.0,High Quality,5.8108858650374895,Moderate,72.45650250663522,+,-,-,Reinvestor
1256,ZYDUSLIFE,Mar 2022,2104.0,-1018.0,-868.0,219.0,1358,15110,11768,3342.0,22.0,2581,127,713,5084,10.0,4618,44.0,6.0,1086.0,Accrual Risk,6.737260092653871,Moderate,32.49551166965889,+,-,-,Reinvestor
1257,ZYDUSLIFE,Mar 2023,2689.0,1542.0,-4400.0,-170.0,1359,17237,13378,3860.0,22.0,-422,130,723,2585,23.0,2092,19.0,31.0,4231.0,High Quality,8.945872251551894,Capital Intensive,109.61139896373058,+,+,-,Liquidating Assets
1258,ZYDUSLIFE,Mar 2024,3228.0,-1492.0,-1810.0,-75.0,1360,19547,14163,5384.0,28.0,293,81,764,4832,20.0,3973,38.0,8.0,1736.0,Moderate,7.6328848416636825,Moderate,32.24368499257058,+,-,-,Reinvestor
