id_x,company_id,year,sales,expenses,operating_profit,opm_percentage,other_income,interest,depreciation,profit_before_tax,tax_percentage,net_profit,eps,dividend_payout,id_y,equity_capital,reserves,borrowings,other_liabilities,total_liabilities,fixed_assets,cwip,investments,other_asset,total_assets,net_profit_margin_pct,operating_profit_margin_pct,roe_calculated,roce_calculated,roa_calculated,id,roce_percentage,roe_percentage,debt_to_equity,interest_coverage,asset_turnover,net_debt,high_leverage_flag,icr_label,icr_warning,revenue_cagr_5yr,revenue_flag,pat_cagr_5yr,pat_flag,eps_cagr_5yr,eps_flag,free_cash_flow,cfo_quality,capex_pct,capex_label,fcf_conversion,pattern_label,roe_score,roce_score,npm_score,fcf_score,revenue_score,pat_score,de_score,icr_score,composite_score
255,BAJAJHLDNG,Mar 2023,522,142,380.0,73.0,4673,7,34,5012,1.0,4946,436.0,28.0,335,111.0,44071,93,8913,53188,278,0,52555,355,53188,947.5095785440614,72.79693486590038,11.194604137431536,0.8582721626199887,9.299090020305332,BAJAJHLDNG,13.1,14.8,0.0021049296093431,721.8571428571429,0.0098142438143942,-52462,0,,0,31.84,OK,19.44,OK,19.88,OK,1591.0,Accrual Risk,26.245210727969347,Capital Intensive,418.6842105263158,Reinvestor,5.82357054944425,0.028001080377951876,100.0,33.96985566483587,93.92712550607287,22.78355621594849,99.99936711705466,49.76470664598249,40.13105425638654
254,BAJAJHLDNG,Mar 2022,484,117,367.0,76.0,3896,3,34,4226,2.0,4126,364.0,32.0,334,111.0,42731,114,10632,53588,310,0,52964,314,53588,852.4793388429752,75.82644628099173,9.630736193455022,0.8543626035943757,7.69948495931925,BAJAJHLDNG,13.1,14.8,0.0026609401988702,1421.0,0.0090318728073449,-52850,0,,0,31.84,OK,19.44,OK,19.88,OK,1459.0,Accrual Risk,31.198347107438018,Capital Intensive,397.5476839237057,Reinvestor,5.815331214821436,0.02799434911566613,90.3976720077813,33.93153659471197,93.92712550607287,22.78355621594849,99.99919994299907,56.11795174701258,39.48148256097238
253,BAJAJHLDNG,Mar 2021,457,106,352.0,77.0,3451,4,34,3766,3.0,3654,328.0,12.0,333,111.0,37056,136,8186,45490,342,0,44914,234,45490,799.562363238512,77.02407002188184,9.831301961417386,0.943623837224888,8.032534622994064,BAJAJHLDNG,13.1,14.8,0.0036591600075335,950.75,0.0100461639920861,-44778,0,,0,31.84,OK,19.44,OK,19.88,OK,-36.0,Accrual Risk,67.39606126914661,Capital Intensive,-10.227272727272728,Reinvestor,5.816387907928094,0.02814803416596976,85.05067764358122,33.497544095960244,93.92712550607287,22.78355621594849,99.99889981120853,51.84469989549729,38.66816551645582
297,BEL,Mar 2015,7093,5913,1179.0,17.0,507,7,166,1513,21.0,1197,2.0,20.0,363,2.0,5,26,16,49,6,0,0,43,49,16.875793035387,16.622021711546594,17100.0,3572.7272727272725,2442.8571428571427,BEL,34.6,26.3,3.7142857142857135,240.8571428571429,144.75510204081633,26,0,,0,10.72,OK,20.0,OK,14.87,OK,595.0,High Quality,11.828563372338923,Capital Intensive,50.46649703138253,Reinvestor,95.85699472889073,6.177847376498737,5.964134393399191,33.68072086299191,32.851359167148644,23.3382862803368,98.88323672570947,45.393767484730276,38.42183210732819
830,LICI,Mar 2021,690914,691166,-252.0,0.0,12820,0,417,12151,76.0,2974,7.0,0.0,990,100.0,6784,4,3822637,3829524,17723,148,3517445,294208,3829524,0.4304443100009552,-0.036473425057243,43.201626961069145,-3.658536585365853,0.0776597822601451,LICI,63.79,63.61,0.0005810575246949,,0.1804177229337118,-3517441,0,Debt Free,0,7.37,OK,72.56,OK,,OK,229049.0,High Quality,21.4855973391768,Capital Intensive,-90892.46031746033,Liquidating Assets,5.992201521349372,0.020224289139332684,4.302414577640716,100.0,23.163678426836324,75.40366518078257,99.99982529515667,43.205052478531506,38.34806362908454
252,BAJAJHLDNG,Mar 2020,435,134,301.0,69.0,3058,13,33,3314,7.0,3080,269.0,15.0,332,111.0,27652,168,4797,32729,374,0,32068,287,32729,708.0459770114943,69.19540229885057,11.093901955840508,1.07765565142673,9.410614439793456,BAJAJHLDNG,13.1,14.8,0.0060512192486402,258.38461538461536,0.0132909651990589,-31900,0,,0,31.84,OK,19.44,OK,19.88,OK,1120.0,Moderate,183.90804597701148,Capital Intensive,372.09302325581393,Reinvestor,5.823039993795628,0.028378802723271628,75.80340688031126,33.83312625553014,93.92712550607287,22.78355621594849,99.99818059784805,45.553042985911354,37.48014188698483
251,BAJAJHLDNG,Mar 2019,431,85,347.0,80.0,2827,0,4,3170,4.0,3048,274.0,12.0,331,111.0,26841,0,56,27008,193,0,26257,558,27008,707.1925754060325,80.51044083526682,11.308993766696348,1.2874740279014545,11.285545023696685,BAJAJHLDNG,13.1,14.8,0.0,,0.0159582345971564,-26257,0,Debt Free,0,31.84,OK,19.44,OK,19.88,OK,465.0,Accrual Risk,37.81902552204176,Capital Intensive,134.0057636887608,Reinvestor,5.824173218254314,0.028740056387730535,75.71717493824201,33.642982384839584,93.92712550607287,22.78355621594849,100.0,43.205052478531506,37.32598563605577
295,BEL,Mar 2013,6273,5604,669.0,11.0,622,7,136,1147,21.0,911,1.0,20.0,361,2.0,4,24,15,45,12,0,0,33,45,14.522556990275785,10.664753706360592,15183.333333333334,2230.0,2024.4444444444443,BEL,34.6,26.3,4.0,184.42857142857144,139.4,24,0,,0,10.72,OK,20.0,OK,14.87,OK,214.0,Accrual Risk,27.94516180455922,Capital Intensive,31.988041853512705,Other,85.75891829738161,3.866013895602098,5.726351721069352,33.57011809240702,32.851359167148644,23.3382862803368,98.79733185845636,44.88099024425073,36.601339262942155
1248,TRENT,Mar 2024,12375,10404,1971.0,16.0,989,368,671,1921,23.0,1477,42.0,8.0,1360,36.0,4032,1753,1341,7162,2450,224,1416,3072,7162,11.935353535353537,15.927272727272726,36.30776794493609,33.86016148428105,20.622731080703712,TRENT,23.8,27.2,0.4309242871189774,8.043478260869565,1.727869310248534,337,0,,0,33.94,OK,76.37,OK,76.23,OK,841.0,Moderate,4.105050505050505,Moderate,42.66869609335362,Reinvestor,5.955880800347828,0.08482190633145727,5.464927818163202,33.752133675495536,100.0,79.17781079742447,99.87043527211615,43.2781451066461,36.57990900611234
250,BAJAJHLDNG,Mar 2018,420,65,355.0,85.0,2390,0,5,2739,3.0,2655,239.0,17.0,330,111.0,25090,0,68,25269,215,0,24575,478,25269,632.1428571428571,84.52380952380952,10.535296218404032,1.408674258957978,10.506945268906566,BAJAJHLDNG,13.1,14.8,0.0,,0.0166211563575923,-24575,0,Debt Free,0,31.84,OK,19.44,OK,19.88,OK,508.0,Moderate,267.38095238095235,Capital Intensive,143.09859154929578,Reinvestor,5.820096945048647,0.028948732235566526,68.1337781926019,33.65546511222843,93.92712550607287,22.78355621594849,100.0,43.205052478531506,36.56892779720402
1239,TRENT,Mar 2015,2284,2196,88.0,4.0,208,22,75,200,35.0,129,4.0,26.0,1351,33.0,1389,267,518,2207,668,92,740,706,2207,5.64798598949212,3.852889667250438,9.071729957805909,5.210183540556542,5.845038513819665,TRENT,23.8,27.2,0.1877637130801688,13.454545454545457,1.0348889895786135,-473,0,,0,33.94,OK,76.37,OK,76.23,OK,-316.0,Accrual Risk,13.39754816112084,Capital Intensive,-359.09090909090907,Growth Funded by Debt,5.812386056024945,0.035493960454017974,4.829620935081622,33.416261219939855,100.0,79.17781079742447,99.94354564103513,43.32731651101408,36.449310050344955
1241,TRENT,Mar 2017,1812,1679,134.0,7.0,81,46,41,128,34.0,85,3.0,39.0,1353,33.0,1514,392,283,2222,549,5,1080,588,2222,4.690949227373068,7.39514348785872,5.494505494505495,6.910778751933987,3.825382538253826,TRENT,23.8,27.2,0.253393665158371,4.673913043478261,0.8154815481548154,-688,0,,0,33.94,OK,76.37,OK,76.23,OK,58.0,High Quality,2.428256070640177,Asset Light,43.28358208955223,Reinvestor,5.793539228524212,0.03842195113907306,4.732917181419796,33.52483191862423,100.0,79.17781079742447,99.92381287791126,43.24752522189539,36.44742821395649
1242,TRENT,Mar 2018,2157,1949,208.0,10.0,27,44,46,147,41.0,87,3.0,44.0,1354,33.0,1562,391,349,2336,613,10,1023,691,2336,4.033379694019471,9.643022716736208,5.454545454545454,10.473313192346426,3.724315068493151,TRENT,23.8,27.2,0.245141065830721,5.340909090909091,0.9233732876712328,-632,0,,0,33.94,OK,76.37,OK,76.23,OK,73.0,Moderate,0.1854427445526193,Asset Light,35.09615384615385,Reinvestor,5.7933286965914865,0.04455572570631216,4.666473085763377,33.52918635841103,100.0,79.17781079742447,99.92629416248533,43.253586342777126,36.44256995252718
1243,TRENT,Mar 2019,2630,2390,241.0,9.0,30,51,52,165,44.0,95,3.0,45.0,1355,33.0,1613,494,418,2559,662,87,883,927,2559,3.612167300380228,9.163498098859316,5.771567436208992,11.261682242990654,3.7123876514263374,TRENT,23.8,27.2,0.3001215066828676,5.313725490196078,1.0277452129738178,-389,0,,0,33.94,OK,76.37,OK,76.23,OK,-16.0,Accrual Risk,1.4068441064638784,Asset Light,-6.639004149377594,Mixed,5.794998946435646,0.045913095891308923,4.62391169087651,33.503350015675984,100.0,79.17781079742447,99.9097633563301,43.25333932018898,36.433159204378434
1247,TRENT,Mar 2023,8242,7128,1114.0,14.0,341,409,494,552,29.0,394,13.0,18.0,1359,36.0,2560,4464,1022,8082,4527,102,1110,2343,8082,4.780393108468818,13.51613685998544,15.17719568567026,15.779036827195467,4.875030932937392,TRENT,23.8,27.2,1.7195685670261942,3.557457212713937,1.01979707993071,3354,0,,0,33.94,OK,76.37,OK,76.23,OK,492.0,High Quality,1.2496966755641834,Asset Light,44.165170556552965,Reinvestor,5.844553078409258,0.05369082692051086,4.741955035958308,33.65082037645584,100.0,79.17781079742447,99.48298241680943,43.23737977384447,36.431818914633254
1240,TRENT,Mar 2016,1686,1596,90.0,5.0,86,48,39,90,39.0,55,2.0,54.0,1352,33.0,1431,400,292,2157,477,55,1067,558,2157,3.262158956109134,5.338078291814947,3.756830601092896,4.828326180257511,2.5498377375985166,TRENT,23.8,27.2,0.273224043715847,3.6666666666666665,0.7816411682892906,-667,0,,0,33.94,OK,76.37,OK,76.23,OK,11.0,High Quality,5.812574139976276,Moderate,12.22222222222222,Reinvestor,5.784384181278926,0.03483649959178864,4.588545107226126,33.51118800729223,100.0,79.17781079742447,99.91785053677981,43.23837218107744,36.42815873144176
1244,TRENT,Mar 2020,3486,2957,529.0,15.0,147,263,247,165,36.0,106,3.0,29.0,1356,36.0,2352,300,2819,5507,2738,23,1515,1230,5507,3.040734366035571,15.174985656913368,4.438860971524288,19.68005952380952,1.9248229526057743,TRENT,23.8,27.2,0.1256281407035175,2.570342205323194,0.633012529507899,-1215,0,,0,33.94,OK,76.37,OK,76.23,OK,-448.0,High Quality,23.207114170969597,Capital Intensive,-84.68809073724007,Mixed,5.787977500309828,0.06040739182758401,4.566171265529875,33.37794214981595,100.0,79.17781079742447,99.96222775937363,43.228409670637674,36.41297015246631
1238,TRENT,Mar 2014,2333,2343,-10.0,0.0,91,26,54,1,99.0,-19,-1.0,-125.0,1350,33.0,958,332,614,1936,720,138,300,778,1936,-0.8144020574367767,-0.4286326618088298,-1.917255297679112,-0.7558578987150416,-0.981404958677686,TRENT,23.8,27.2,0.3350151362260343,3.1153846153846154,1.2050619834710743,32,0,,0,33.94,OK,76.37,OK,76.23,OK,-94.0,High Quality,2.057436776682384,Asset Light,940.0,Pre-Revenue,5.754489910104276,0.02522196060127776,4.176629110218366,33.480706928784585,100.0,79.17781079742447,99.89927199218151,43.23336257544991,36.37484104064839
1237,TRENT,Mar 2013,2132,2128,5.0,0.0,58,29,45,-10,99.0,-27,-1.0,-87.0,1349,33.0,1198,343,635,2209,843,106,317,943,2209,-1.2664165103189493,0.2345215759849906,-2.1933387489845653,0.3176620076238882,-1.2222725215029424,TRENT,23.8,27.2,0.2786352558895207,2.1724137931034484,0.965142598460842,26,0,,0,33.94,OK,76.37,OK,76.23,OK,-245.0,Accrual Risk,12.94559099437148,Capital Intensive,-4900.0,Mixed,5.753035347429793,0.02707028774282934,4.130955322091025,33.43687223493074,100.0,79.17781079742447,99.91622356365771,43.224793618911384,36.36493181539125
1246,TRENT,Mar 2022,4498,3903,595.0,13.0,152,325,311,111,69.0,35,3.0,57.0,1358,36.0,2328,4725,637,7726,4687,105,1284,1651,7726,0.7781236104935527,13.228101378390395,1.4805414551607443,8.393285371702639,0.4530157908361377,TRENT,23.8,27.2,1.998730964467005,2.2984615384615386,0.582190007765985,3441,0,,0,33.94,OK,76.37,OK,76.23,OK,114.0,High Quality,1.2449977767896845,Asset Light,19.15966386554622,Liquidating Assets,5.772391411656751,0.04097444896111455,4.337545823125693,33.54108849382831,100.0,79.17781079742447,99.39904748637969,43.22593903892463,36.35385679335809
1245,TRENT,Mar 2021,2593,2479,114.0,4.0,199,261,257,-205,-12.0,-181,-4.0,-15.0,1357,36.0,2277,300,3111,5724,3054,108,1487,1075,5724,-6.980331662167373,4.396451986116468,-7.825335062689148,4.362801377726751,-3.1621243885394827,TRENT,23.8,27.2,0.1297016861219196,1.1992337164750957,0.453004891684137,-1187,0,,1,33.94,OK,76.37,OK,76.23,OK,303.0,Accrual Risk,0.6941766293868107,Asset Light,265.7894736842105,Liquidating Assets,5.723362827827481,0.03403498475959755,3.553592920603474,33.595954435142076,100.0,79.17781079742447,99.96100297854917,43.21595014509042,36.33133926483362
256,BAJAJHLDNG,Mar 2024,1702,140,1562.0,92.0,5967,2,34,7493,2.0,7365,653.0,20.0,336,111.0,54136,63,10851,65161,244,0,64715,203,65161,432.7262044653349,91.7743830787309,13.576787656460263,2.8760817529000184,11.302773131167417,BAJAJHLDNG,13.1,14.8,0.0011613545449517,3764.5,0.0261199183560718,-64652,0,,0,31.84,OK,19.44,OK,19.88,OK,1469.0,Accrual Risk,27.73207990599295,Capital Intensive,94.0460947503201,Reinvestor,5.83612123009592,0.03147523321869126,47.98372793341015,33.93443955456984,93.92712550607287,22.78355621594849,99.99965081897194,77.41378526966241,36.3088269519452
245,BAJAJHLDNG,Mar 2013,337,15,322.0,95.0,3,0,2,322,21.0,1856,167.0,15.0,325,111.0,10234,0,430,10775,532,0,9577,666,10775,550.7418397626113,95.54896142433236,17.941034316094733,3.112614789753504,17.22505800464037,BAJAJHLDNG,13.1,14.8,0.0,,0.031276102088167,-9577,0,Debt Free,0,31.84,OK,19.44,OK,19.88,OK,104.0,Accrual Risk,109.49554896142432,Capital Intensive,32.298136645962735,Reinvestor,5.859114532531545,0.03188248270638906,59.90861460000201,33.53818553397044,93.92712550607287,22.78355621594849,100.0,43.205052478531506,35.73496551437485
296,BEL,Mar 2014,6518,5593,925.0,14.0,438,7,150,1206,21.0,952,1.0,20.0,362,2.0,5,21,18,46,7,0,0,39,46,14.605707272169376,14.191469776004908,13600.0,3303.5714285714284,2069.5652173913045,BEL,34.6,26.3,3.0,194.7142857142857,141.69565217391303,21,0,,0,10.72,OK,20.0,OK,14.87,OK,190.0,Accrual Risk,11.644676281067811,Capital Intensive,20.54054054054054,Other,77.41702907135233,5.714429745281184,5.734753639047241,33.56315098874813,32.851359167148644,23.3382862803368,99.09799889384226,44.9744585007432,35.56943270661784
248,BAJAJHLDNG,Mar 2016,470,42,429.0,91.0,7,0,5,430,21.0,2265,204.0,16.0,328,111.0,15182,0,178,15472,544,0,13276,1651,15472,481.9148936170213,91.27659574468086,14.810697704832275,2.805204995749689,14.639348500517062,BAJAJHLDNG,13.1,14.8,0.0,,0.030377456049638,-13276,0,Debt Free,0,31.84,OK,19.44,OK,19.88,OK,2166.0,Moderate,216.8085106382979,Capital Intensive,504.8951048951049,Liquidating Assets,5.842622161214912,0.031353201542173144,52.95399769414594,34.136775856663455,93.92712550607287,22.78355621594849,100.0,43.205052478531506,35.12676558837928
246,BAJAJHLDNG,Mar 2014,423,23,400.0,94.0,5,0,5,400,20.0,1988,179.0,17.0,326,111.0,11888,0,449,12448,532,0,11325,592,12448,469.9763593380615,94.56264775413712,16.56804733727811,3.3336111342611883,15.97043701799486,BAJAJHLDNG,13.1,14.8,0.0,,0.0339813624678663,-11325,0,Debt Free,0,31.84,OK,19.44,OK,19.88,OK,353.0,Accrual Risk,122.69503546099293,Capital Intensive,88.25,Reinvestor,5.85188086603508,0.03226298197736231,51.747668821846915,33.61046923443143,93.92712550607287,22.78355621594849,100.0,43.205052478531506,34.92866649158111
247,BAJAJHLDNG,Mar 2015,524,40,484.0,92.0,35,0,6,513,19.0,2029,182.0,19.0,327,111.0,13282,0,500,13893,544,0,13078,271,13893,387.2137404580153,92.36641221374046,15.149705069812589,3.6138281191667287,14.604477074785862,BAJAJHLDNG,13.1,14.8,0.0,,0.0377168358165982,-13078,0,Debt Free,0,31.84,OK,19.44,OK,19.88,OK,332.0,Accrual Risk,88.54961832061069,Capital Intensive,68.59504132231406,Reinvestor,5.844408242405738,0.03274544406834579,43.384922242642894,33.6043730187299,93.92712550607287,22.78355621594849,100.0,43.205052478531506,34.090404753970176
298,BEL,Mar 2016,7354,5961,1393.0,19.0,573,10,192,1764,24.0,1337,2.0,31.0,364,9.0,3,25,15,52,6,0,0,46,52,18.18058199619255,18.94207234158281,11141.666666666668,3764.864864864865,2571.153846153846,BEL,34.6,26.3,2.083333333333333,196.6,141.42307692307693,25,0,,0,10.72,OK,20.0,OK,14.87,OK,790.0,High Quality,19.989121566494426,Capital Intensive,56.71213208901651,Reinvestor,64.46514843093846,6.508659245345591,6.095976758542019,33.73732858022039,32.851359167148644,23.3382862803368,99.37361034294602,44.99159434776683,33.79674044849408
299,BEL,Mar 2017,8656,6864,1792.0,21.0,420,18,212,1983,24.0,1523,2.0,33.0,365,9.0,6,29,32,77,6,0,0,71,77,17.594731977818853,20.70240295748614,10153.333333333334,4072.727272727273,1977.922077922078,BEL,34.6,26.3,1.9333333333333331,122.88888888888889,112.41558441558442,29,0,,0,10.72,OK,20.0,OK,14.87,OK,3054.0,Accrual Risk,35.9865988909427,Capital Intensive,170.42410714285714,Other,59.25805336669071,7.038719695045219,6.036779559330837,34.3945586920424,32.851359167148644,23.3382862803368,99.4187103982539,44.321767357798066,33.13236568671141
249,BAJAJHLDNG,Mar 2017,842,215,628.0,75.0,8,0,5,630,21.0,2473,222.0,15.0,329,111.0,17707,0,71,17889,222,0,17364,302,17889,293.70546318289786,74.58432304038006,13.879223257380175,3.5245257604669438,13.824137738274915,BAJAJHLDNG,13.1,14.8,0.0,,0.0470680306333501,-17364,0,Debt Free,0,31.84,OK,19.44,OK,19.88,OK,-1295.0,Accrual Risk,44.180522565320665,Capital Intensive,-206.21019108280257,Pre-Revenue,5.8377146306943715,0.03259168821117468,33.93638090246204,33.13206144985427,93.92712550607287,22.78355621594849,100.0,43.205052478531506,33.073684467278326
270,BANKBARODA,Mar 2014,40463,27604,12049.0,809.0,2,5555,368,5996,18.0,5036,23.0,19.0,350,431.0,37416,616973,21284,676104,2849,0,122113,551142,676104,12.4459382645874,29.777821713664338,13.306206568552328,1.8400476466815308,0.744855820997953,BANKBARODA,6.33,16.7,16.301767643406347,2.169396939693969,0.0598473015985706,494860,1,,0,9.49,OK,83.02,OK,81.14,OK,41503.0,High Quality,1.804117341769024,Asset Light,344.45182172794426,Mixed,5.834695656962034,0.02969144705246418,5.516519838275361,45.55614904957094,29.294389820705614,85.76523031203565,95.09859585110704,43.224766204186416,31.440307743106878
223,AXISBANK,Mar 2017,44542,26449,23808.0,-5715.0,-13,11691,509,5468,33.0,3679,15.0,33.0,291,479.0,55901,527437,27644,611462,3518,292,129018,478633,611462,8.259620133806294,53.45067576669212,6.525363604114934,4.077990192132123,0.6016727122862908,AXISBANK,7.06,18.4,9.3550372472508,2.0353263193909847,0.0728450827688392,398419,1,,0,14.01,OK,74.58,OK,69.92,OK,19751.0,High Quality,27.96910780836065,Capital Intensive,82.95950940860214,Reinvestor,5.798970367992496,0.03354461262821591,5.093513436334521,39.241630766729756,42.365529207634474,77.40465577018327,97.18724868494432,43.22354787877133,31.125716735319386
226,AXISBANK,Mar 2020,62635,37429,35066.0,-9859.0,-16,15537,773,4904,67.0,1627,6.0,0.0,294,564.0,85776,797337,44194,927872,3912,483,155282,768196,927872,2.5975892073122058,55.984673106090845,1.8844104702339584,3.968191997754836,0.1753474617188577,AXISBANK,7.06,18.4,9.234850590687978,2.255905258415396,0.0675039229548903,642055,1,,0,14.01,OK,74.58,OK,69.92,OK,20931.0,High Quality,15.14329049253612,Capital Intensive,59.69029829464439,Mixed,5.774519220447635,0.03335556817588432,4.521393674990167,39.584180029958546,42.365529207634474,77.40465577018327,97.22338485066601,43.225552321853925,31.119914410818602
225,AXISBANK,Mar 2019,54986,33278,27155.0,-5447.0,-10,13130,710,6974,33.0,4677,18.0,6.0,293,514.0,67288,711996,34248,814046,3842,288,174056,635860,814046,8.505801476739535,49.385298075873855,6.898026606884752,3.482312085950464,0.574537556845682,AXISBANK,7.06,18.4,10.501106162060116,2.0674028941355678,0.0675465514233839,537940,1,,0,14.01,OK,74.58,OK,69.92,OK,18451.0,High Quality,33.96137198559634,Capital Intensive,67.94697109187994,Mixed,5.800933765984755,0.03251900704346395,5.118388823451774,38.864245985206516,42.365529207634474,77.40465577018327,96.84266354198066,43.22383936475202,31.037344565945652
269,BANKBARODA,Mar 2013,36442,24486,10950.0,1006.0,3,4511,322,5195,9.0,4829,23.0,19.0,349,423.0,32859,509192,16914,559387,2550,0,125617,431220,559387,13.251193677624718,30.047747104988748,14.509344390361155,2.0185299203279787,0.8632663969666795,BANKBARODA,6.33,16.7,15.299320954269575,2.4280647306583907,0.0651463119450398,383575,1,,0,9.49,OK,83.02,OK,81.14,OK,22682.0,High Quality,1.410460457713627,Asset Light,207.14155251141557,Reinvestor,5.841034462709302,0.029998747949931112,5.597886849637383,40.09248830107177,29.294389820705614,85.76523031203565,95.3999985252622,43.227116767964546,30.660134678524468
640,ICICIBANK,Mar 2021,89163,42659,91309.0,-44805.0,-50,72174,1340,26028,22.0,20364,27.0,8.0,727,1383.0,156204,1103840,312385,1573812,10809,0,536579,1026424,1573812,22.83907001783251,102.40682794432668,12.922385729787356,7.238548088791504,1.2939283726391717,ICICIBANK,7.6,18.8,7.004638707507599,1.2644304043007175,0.0566541619964773,567261,1,,1,16.31,OK,36.1,OK,36.08,OK,74384.0,High Quality,71.36480378632393,Capital Intensive,81.46403968940629,Reinvestor,5.832673473223327,0.03898628623701101,6.566693554293694,55.10137135823686,49.01677270098323,39.286775631500745,97.89393604586428,43.2165425998846,30.581250276601153
228,AXISBANK,Mar 2022,67377,34245,29962.0,3170.0,5,15221,1008,17383,25.0,13025,42.0,2.0,296,614.0,117647,1020943,56576,1195779,4753,215,274608,916203,1195779,19.33152262641554,44.4691808777476,11.01377461716035,2.630082057296147,1.0892480968473273,AXISBANK,7.06,18.4,8.632964375406939,1.968793114775639,0.0563456959856294,746335,1,,0,14.01,OK,74.58,OK,69.92,OK,1025.0,High Quality,40.23925078290812,Capital Intensive,3.420999933248782,Mixed,5.822617837974631,0.03105168456205879,6.212273523295373,33.80554813688036,42.365529207634474,77.40465577018327,97.40435219465421,43.222943278793,30.447158298200836
220,AXISBANK,Mar 2014,30641,18690,9644.0,2307.0,8,7405,364,9349,33.0,6218,26.0,15.0,288,470.0,37926,333280,14674,386350,2346,102,113093,270810,386350,20.29307137495513,31.474168597630623,16.194395249505156,2.5947330470624954,1.6094215089944353,AXISBANK,7.06,18.4,8.680070840712574,1.3034436191762322,0.0793089167852983,220187,1,,1,14.01,OK,74.58,OK,69.92,OK,298.0,High Quality,46.23217257922392,Capital Intensive,3.090004147656574,Mixed,5.849912256987537,0.03099082259326246,6.309433190502643,33.59450295521314,42.365529207634474,77.40465577018327,97.39018883338325,43.21689712044324,30.427586920281954
276,BANKBARODA,Mar 2020,78895,50040,40583.0,-11728.0,-15,12191,1697,-1234,-99.0,981,2.0,0.0,356,925.0,75179,1068981,54850,1199935,9268,0,289727,900941,1199935,1.2434248051207302,51.439254705621394,1.2890255439924314,3.5441037128248123,0.0817544283648697,BANKBARODA,6.33,16.7,14.046318196152631,3.327700762857846,0.0657493947588827,779254,1,,0,9.49,OK,83.02,OK,81.14,OK,18392.0,High Quality,0.1761835350782686,Asset Light,45.31946874306976,Mixed,5.771382398278233,0.0326253964456521,4.3845621697121615,38.84711852204508,29.294389820705614,85.76523031203565,95.7767351498756,43.2352919329625,30.37989401957409
271,BANKBARODA,Mar 2015,44915,30547,13466.0,902.0,2,5449,368,5983,36.0,3950,18.0,18.0,351,444.0,41574,665483,26465,733966,2978,0,124739,606248,733966,8.794389402204164,29.98107536457753,9.400733019182256,1.903318864566976,0.5381720679159525,BANKBARODA,6.33,16.7,15.838045599504976,2.4716461736098365,0.0611949327353038,540744,1,,0,9.49,OK,83.02,OK,81.14,OK,17282.0,High Quality,1.2378937993988643,Asset Light,128.3380365364622,Reinvestor,5.814119428925803,0.029800383932540787,5.1475491825503275,38.52488997782139,29.294389820705614,85.76523031203565,95.23802178328995,43.227512800887,30.35972619930784
273,BANKBARODA,Mar 2017,44473,29596,19250.0,-4372.0,-10,7937,540,3024,41.0,1855,8.0,15.0,353,462.0,42605,648499,27649,719216,5930,0,140716,572570,719216,4.171070087468801,43.28468958694039,4.307242204007709,2.7835376522269746,0.2579197348223621,BANKBARODA,6.33,16.7,15.057909768500243,2.4240897064382008,0.0618353874218593,507783,1,,0,9.49,OK,83.02,OK,81.14,OK,17314.0,High Quality,1.238953972072943,Asset Light,89.94285714285715,Reinvestor,5.787284058723287,0.031315895909662855,4.680386007833624,38.534179449366576,29.294389820705614,85.76523031203565,95.47258291079648,43.22708064615783,30.333964053249474
219,AXISBANK,Mar 2013,27183,17516,8313.0,1353.0,5,6551,352,7553,31.0,5179,22.0,16.0,287,468.0,32690,296254,11145,340558,2245,142,113378,224792,340558,19.05234889452967,30.58161350844278,15.6191567645817,2.5235874831517977,1.52073949224508,AXISBANK,7.06,18.4,8.93461608058387,1.2697298122424057,0.0798190029304846,182876,1,,1,14.01,OK,74.58,OK,69.92,OK,-8366.0,Accrual Risk,40.2420630541147,Capital Intensive,-100.63755563575124,Mixed,5.84688157758557,0.030868328100146263,6.1840644211315565,31.079378534353623,42.365529207634474,77.40465577018327,97.31365547073955,43.21659075661995,30.029645874400778
865,LTIM,Mar 2017,6501,5271,1230.0,19.0,187,3,178,1236,21.0,971,57.0,29.0,953,17.0,3127,0,1273,4417,542,1,941,2934,4417,14.936163667128133,18.92016612828796,30.884223918575067,39.12213740458015,21.983246547430383,LTIM,34.1,26.04,0.0,472.3333333333333,1.4718134480416571,-941,0,,0,27.83,OK,24.65,OK,12.1,OK,209.0,High Quality,14.782341178280264,Capital Intensive,16.991869918699187,Reinvestor,5.927306524465472,0.09388168515274455,5.768144596509846,33.56866661247808,82.33082706766918,27.944526993561166,100.0,47.49723597922062,29.91299580379186
229,AXISBANK,Mar 2023,85164,42218,29089.0,13857.0,16,16143,13094,16906,43.0,9580,31.0,3.0,297,615.0,129166,1152038,62598,1344418,5000,142,288095,1051181,1344418,11.248884505189986,34.15645108261707,7.381666037401469,2.269353161405784,0.712575999428749,AXISBANK,7.06,18.4,8.876784737365254,1.8029486464721551,0.0633463699533924,863943,1,,0,14.01,OK,74.58,OK,69.92,OK,-10276.0,High Quality,37.986707998684885,Capital Intensive,-35.32606827323043,Mixed,5.803481850124571,0.030430601520115102,5.3955635736357275,30.524913201500247,42.365529207634474,77.40465577018327,97.33104344925748,43.22143621833315,29.863053328883485
278,BANKBARODA,Mar 2022,73385,38815,37518.0,-2948.0,-4,14395,1438,10008,23.0,7933,15.0,19.0,358,1036.0,90833,1185331,62922,1340121,11098,1,347587,981435,1340121,10.810111058118144,51.12488928255093,8.635121749447583,2.9375195740682742,0.5919614721357251,BANKBARODA,6.33,16.7,12.902404510770772,2.6060437651962487,0.0547599806286148,837744,1,,0,9.49,OK,83.02,OK,81.14,OK,2565.0,Moderate,4.966955099816039,Moderate,6.836718375179913,Reinvestor,5.810085758776965,0.03158101345780239,5.351227722581234,34.25260395499251,29.294389820705614,85.76523031203565,96.12067228639674,43.22873409755278,29.827150277460767
862,LTIM,Mar 2014,4920,3773,1147.0,23.0,217,31,130,1204,17.0,996,309.0,55.0,950,16.0,1594,110,945,2666,649,57,169,1791,2666,20.243902439024392,23.3130081300813,61.86335403726708,66.68604651162791,37.35933983495874,LTIM,34.1,26.04,0.0683229813664596,44.0,1.8454613653413356,-59,0,,0,27.83,OK,24.65,OK,12.1,OK,808.0,Moderate,3.658536585365853,Moderate,70.44463818657367,Liquidating Assets,6.090521980319498,0.14133969783512182,6.304464916705582,33.74255390796456,82.33082706766918,27.944526993561166,99.97945753174382,43.604888909082646,29.82526744944823
867,LTIM,Mar 2019,9446,7562,1883.0,20.0,302,11,147,2028,25.0,1516,87.0,32.0,955,17.0,4876,0,1770,6664,930,12,1740,3982,6664,16.049121321194157,19.93436375185264,30.983036991620683,38.483547925608015,22.749099639855945,LTIM,34.1,26.04,0.0,198.63636363636363,1.4174669867947178,-1740,0,,0,27.83,OK,24.65,OK,12.1,OK,646.0,Moderate,7.929282235867034,Moderate,34.30695698353691,Reinvestor,5.927827127229323,0.09278219714202028,5.880603372467981,33.69552595826705,82.33082706766918,27.944526993561166,100.0,45.01009917430473,29.81888188462373
230,AXISBANK,Mar 2024,109369,59474,37943.0,11952.0,11,22442,1334,33060,25.0,24861,81.0,1.0,298,617.0,156406,1295302,65913,1518239,5860,267,332354,1179758,1518239,22.73130411725443,34.69264599658038,15.832712405189048,2.612569500628303,1.6374892227113125,AXISBANK,7.06,18.4,8.249122739980766,1.691203992514036,0.0720367478374617,962948,1,,0,14.01,OK,74.58,OK,69.92,OK,-14556.0,Accrual Risk,8.229937185125584,Capital Intensive,-38.36280736894816,Growth Funded by Debt,5.848006708636649,0.03102153241153415,6.555804351793706,29.282446382331422,42.365529207634474,77.40465577018327,97.51976072123547,43.22042077325198,29.818266160633655
864,LTIM,Mar 2016,5846,4819,1028.0,18.0,187,6,174,1035,19.0,836,49.0,72.0,952,17.0,2108,55,958,3137,638,20,43,2437,3137,14.30037632569278,17.584673280875812,39.34117647058824,47.1559633027523,26.64966528530443,LTIM,34.1,26.04,0.0258823529411764,202.5,1.8635639145680587,12,0,,0,27.83,OK,24.65,OK,12.1,OK,818.0,High Quality,0.6842285323297981,Asset Light,79.57198443579766,Reinvestor,5.971862500073058,0.10771388180826097,5.703901481844808,33.74545686782243,82.33082706766918,27.944526993561166,99.99221802967236,45.04520877822709,29.817777089551253
871,LTIM,Mar 2023,33183,27075,6108.0,18.0,557,150,723,5792,24.0,4410,149.0,40.0,959,30.0,16562,1541,5348,23481,3679,902,5458,13442,23481,13.289937618660158,18.40701564053883,26.57907425265188,33.68444272872663,18.78114220007666,LTIM,34.1,26.04,0.0928760848601735,44.43333333333333,1.4131851284016863,-3917,0,,0,27.83,OK,24.65,OK,12.1,OK,2824.0,Moderate,0.8166832414187988,Asset Light,46.234446627373934,Reinvestor,5.904624578182562,0.0845193635064448,5.601801730108101,34.32779061531137,82.33082706766918,27.944526993561166,99.97207522290684,43.6088266921108,29.808678651404804
870,LTIM,Mar 2022,26109,20860,5249.0,20.0,766,123,597,5294,25.0,3950,225.0,41.0,958,30.0,14258,258,6027,20572,3473,503,6048,10548,20572,15.128882760733848,20.10417863571948,27.645576707726764,36.08552179293277,19.200855531790783,LTIM,34.1,26.04,0.018057110862262,48.90243902439025,1.2691522457709508,-5790,0,,0,27.83,OK,24.65,OK,12.1,OK,1608.0,Moderate,6.29284920908499,Moderate,30.634406553629265,Reinvestor,5.910243512081208,0.08865340850847789,5.787617892094347,33.97479069659425,82.33082706766918,27.944526993561166,99.99457082200941,43.64943831182144,29.77984666527665
863,LTIM,Mar 2015,4978,3973,1005.0,20.0,99,10,158,936,18.0,769,238.0,63.0,951,16.0,2010,218,734,2978,683,25,104,2166,2978,15.447971072719968,20.188830855765367,37.95656465942744,44.786096256684495,25.822699798522496,LTIM,34.1,26.04,0.1076011846001974,110.4,1.671591672263264,114,0,,0,27.83,OK,24.65,OK,12.1,OK,539.0,Moderate,2.06910405785456,Asset Light,53.6318407960199,Reinvestor,5.964567587431109,0.10363357593107042,5.819860161921422,33.66446428778783,82.33082706766918,27.944526993561166,99.96764787082225,44.208278431550724,29.771418269850887
866,LTIM,Mar 2018,7306,6119,1187.0,16.0,426,16,156,1442,23.0,1112,65.0,33.0,954,17.0,3843,0,1477,5337,681,7,1264,3385,5337,15.22036682179031,16.24692033944703,28.80829015544041,30.751295336787564,20.83567547311224,LTIM,34.1,26.04,0.0,100.8125,1.3689338579726438,-1264,0,,0,27.83,OK,24.65,OK,12.1,OK,392.0,Moderate,6.186695866411169,Moderate,33.02443133951137,Reinvestor,5.916369339522749,0.0794692327145705,5.796861896561635,33.62179077787712,82.33082706766918,27.944526993561166,100.0,44.12115498205279,29.75195028576328
872,LTIM,Mar 2024,35517,29130,6387.0,18.0,702,222,819,6049,24.0,4585,155.0,42.0,960,30.0,19988,2071,5456,27544,4981,551,8744,13269,27544,12.90931103415266,17.982937748120616,22.904386052552702,28.914844492733938,16.64609352309033,LTIM,34.1,26.04,0.1034568888000799,31.93243243243243,1.289464130119082,-6673,0,,0,27.83,OK,24.65,OK,12.1,OK,1752.0,High Quality,11.031337106174508,Capital Intensive,27.430718647252235,Reinvestor,5.885264256979136,0.07630733332253632,5.56334132720377,34.01659331854759,82.33082706766918,27.944526993561166,99.96889392395423,43.495228610408766,29.748429731420536
869,LTIM,Mar 2021,12370,9645,2725.0,22.0,274,79,332,2588,25.0,1938,111.0,36.0,957,18.0,7286,798,2604,10706,1906,66,3730,5004,10706,15.666936135812447,22.029102667744542,26.533406352683457,33.63367069859294,18.1019988791332,LTIM,34.1,26.04,0.1092552026286966,37.962025316455694,1.1554268634410612,-2932,0,,0,27.83,OK,24.65,OK,12.1,OK,743.0,High Quality,13.39531123686338,Capital Intensive,27.26605504587156,Reinvestor,5.9043839740376844,0.08443194703584778,5.841985480780603,33.723684668888396,82.33082706766918,27.944526993561166,99.96715056212514,43.55002067623659,29.738603535367936
861,LTIM,Mar 2013,3851,2981,870.0,23.0,22,21,123,749,25.0,562,174.0,54.0,949,16.0,1323,234,756,2328,699,142,49,1438,2328,14.593612048818487,22.59153466632044,41.97162061239731,55.30832803560076,24.140893470790378,LTIM,34.1,26.04,0.174757281553398,42.47619047619048,1.654209621993127,185,0,,0,27.83,OK,24.65,OK,12.1,OK,384.0,High Quality,5.816670994546871,Moderate,44.13793103448276,Reinvestor,5.985721157112782,0.1217501720666686,5.73353147753192,33.61946840999083,82.33082706766918,27.944526993561166,99.94745624624323,43.591041759972654,29.72813971877139
868,LTIM,Mar 2020,10879,8849,2029.0,19.0,329,83,273,2003,24.0,1520,87.0,32.0,956,17.0,5387,912,2499,8815,1920,59,2219,4617,8815,13.971872414744002,18.650611269418143,28.127313101406365,32.1247625079164,17.243335224049915,LTIM,34.1,26.04,0.1687638786084382,28.40963855421687,1.2341463414634146,-1307,0,,0,27.83,OK,24.65,OK,12.1,OK,1001.0,High Quality,5.910469712289732,Moderate,49.33464760965993,Reinvestor,5.9127815699541895,0.0818339924506848,5.670707813076016,33.798581033221474,82.33082706766918,27.944526993561166,99.94925826493858,43.46321630745801,29.727580619018813
277,BANKBARODA,Mar 2021,74314,43201,38070.0,-6957.0,-9,14687,1357,6373,77.0,1620,3.0,0.0,357,1036.0,81354,1067173,53104,1202667,8441,0,281859,912367,1202667,2.179939177005678,51.22857065963344,1.966258041024396,3.3116932260345884,0.1347006278545931,BANKBARODA,6.33,16.7,12.95270057045758,2.591475454483557,0.0617910028295446,785314,1,,0,9.49,OK,83.02,OK,81.14,OK,-1358.0,Accrual Risk,0.6337971310923918,Asset Light,-3.5671132125032834,Pre-Revenue,5.7749504394175,0.032225244936416875,4.479192239009599,33.113772802749686,29.294389820705614,85.76523031203565,96.10554991923911,43.228601712522,29.56239732554382
636,ICICIBANK,Mar 2017,60940,34836,63841.0,-37737.0,-62,52458,912,13809,18.0,11340,16.0,14.0,723,1165.0,103467,700874,180219,985725,9338,0,304373,672013,985725,18.60846734492944,104.76042008532984,10.837984555394144,7.925577214819008,1.1504222780187172,ICICIBANK,7.6,18.8,6.698467008181054,1.2158107438331618,0.0618225164219229,396501,1,,1,16.31,OK,36.1,OK,36.08,OK,50925.0,High Quality,2.807679684936003,Asset Light,79.76848733572469,Reinvestor,5.821691677202658,0.04016917495027553,6.139212421995675,48.291317827657075,49.01677270098323,39.286775631500745,97.98599178301987,43.21610078371424,29.52464863615965
280,BANKBARODA,Mar 2024,118379,69899,44379.0,4102.0,3,23399,1702,25799,29.0,18869,36.0,21.0,360,1036.0,118677,1453761,81302,1654775,9054,6,407136,1238579,1654775,15.93948250956673,37.4889127294537,15.761863790899902,2.8204469854601983,1.1402758683204666,BANKBARODA,6.33,16.7,12.143718727289434,1.8967477242617208,0.0715378223625568,1046625,1,,0,9.49,OK,83.02,OK,81.14,OK,-7559.0,Accrual Risk,1.0854965830088108,Asset Light,-17.03283084341693,Growth Funded by Debt,5.8476334383468265,0.031379444356215834,5.869524921721827,31.313647394883827,29.294389820705614,85.76523031203565,96.34878409170551,43.22228858852525,29.466237413463347
275,BANKBARODA,Mar 2019,52906,32506,25815.0,-5414.0,-10,7887,948,1525,29.0,1166,4.0,0.0,355,530.0,54466,734456,30217,819670,7368,0,195716,616586,819670,2.203908819415567,48.79408762711223,2.1201541930322207,3.269989815720272,0.1422523698561616,BANKBARODA,6.33,16.7,13.354716706669576,3.271839736274883,0.0645454878182683,538740,1,,0,9.49,OK,83.02,OK,81.14,OK,-3986.0,Accrual Risk,4.795297319774694,Moderate,-15.440635289560332,Growth Funded by Debt,5.7757612507768865,0.03215344231335971,4.481614250876558,32.35087495210116,29.294389820705614,85.76523031203565,95.98467691938696,43.23478431311077,29.436541120619054
221,AXISBANK,Mar 2015,35479,21254,11127.0,3097.0,9,8365,406,11057,33.0,7358,31.0,15.0,289,474.0,44475,406638,15656,467243,2447,105,118527,346164,467243,20.73902872121537,31.36221426759492,16.369663396293575,2.46397704096885,1.574769445449156,AXISBANK,7.06,18.4,9.046652873256358,1.331261207411835,0.0759326517465216,288111,1,,1,14.01,OK,74.58,OK,69.92,OK,-23134.0,Accrual Risk,22.469629921925645,Capital Intensive,-207.90869057248136,Growth Funded by Debt,5.850835668018291,0.030765694141003035,6.354494938455714,26.79228741624961,42.365529207634474,77.40465577018327,97.27996970043257,43.21714990419748,29.400867488934765
222,AXISBANK,Mar 2016,40988,24155,13367.0,3466.0,8,9371,444,12394,34.0,8224,35.0,14.0,290,477.0,53082,472150,20678,546387,3358,216,131399,411414,546387,20.064409095344978,32.611983995315704,15.355029033402417,2.5426614343676825,1.505160261865674,AXISBANK,7.06,18.4,8.815511865419444,1.4272756376053783,0.0750164260862721,340751,1,,1,14.01,OK,74.58,OK,69.92,OK,-25284.0,Accrual Risk,22.47243095540158,Capital Intensive,-189.15239021470788,Distress Signal,5.845490004359242,0.03090116857336039,6.286328016663541,26.168151046807324,42.365529207634474,77.40465577018327,97.34946618201501,43.21802240572135,29.306635312468018
576,HDFCBANK,Mar 2021,128552,59248,52457.0,16848.0,13,27333,1385,42796,26.0,31857,58.0,11.0,664,551.0,209259,1511418,78279,1799507,5248,0,438823,1355435,1799507,24.78141141328023,40.80605513722074,15.183737667413377,3.0476497012597985,1.7703182038191572,HDFCBANK,7.67,17.1,7.20374624660407,1.9196575567994727,0.0714373436724614,1072595,1,,0,21.91,OK,21.46,OK,12.72,OK,40653.0,High Quality,1.4181031800360944,Asset Light,77.4977600701527,Reinvestor,5.844587545243165,0.031770629413676754,6.762957387896754,45.3093974616519,65.2111046847889,24.78454680534918,97.83407097236116,43.222496774563126,29.296667637743383
579,HDFCBANK,Mar 2024,283649,154139,174196.0,-44685.0,-16,124346,3092,76569,15.0,65446,84.0,23.0,667,760.0,455636,3107503,466296,4030194,12604,0,1005682,3011909,4030194,23.07288232992184,61.41252040373843,14.33974005030719,4.887792835880029,1.6238920508541277,HDFCBANK,7.67,17.1,6.808786667718385,1.4007688224792112,0.0703809791786698,2101821,1,,1,21.91,OK,21.46,OK,12.72,OK,35669.0,Accrual Risk,5.852303374945795,Moderate,20.47635996234127,Liquidating Assets,5.840140891793313,0.034938885987192574,6.590319113024923,43.86256226848895,65.2111046847889,24.78454680534918,97.952822298042,43.2177815332135,29.073667729422233
306,BEL,Mar 2024,20268,15217,5051.0,25.0,670,12,443,5266,25.0,3985,5.0,40.0,372,11.0,73,43,33,161,18,0,1,142,161,19.661535425300965,24.921057825143084,4744.047619047619,3977.165354330709,2475.1552795031057,BEL,34.6,26.3,0.5119047619047619,476.75,125.88819875776396,42,0,,0,10.72,OK,20.0,OK,14.87,OK,-1265.0,High Quality,29.228340240773637,Capital Intensive,-25.04454563452781,Reinvestor,30.758898280050236,6.87418647453562,6.245619657604784,33.14077032942788,32.851359167148644,23.3382862803368,99.84608711283816,47.537371075469125,28.877372714441577
104,ADANIENT,Mar 2019,40379,38409,1969.0,5.0,504,1625,390,459,32.0,506,7.0,6.0,176,110.0,14646,11243,16537,42536,9020,5765,1511,26240,42536,1.2531266252259838,4.876297085118502,3.429113580916238,7.57336820646948,1.1895805905585857,ADANIENT,11.6,13.64,0.7619273515857956,1.5218461538461538,0.9492900131653188,9732,0,,0,18.71,OK,42.38,OK,37.42,OK,5723.0,High Quality,6.159142128334035,Moderate,290.655154900965,Liquidating Assets,5.78265758396537,0.0395627609790139,4.385542489861464,35.169358678108196,55.95720069404281,45.507677067855376,99.77091356201926,43.21888178612246,28.86983618609295
639,ICICIBANK,Mar 2020,84836,44666,85361.0,-45190.0,-53,64950,1171,18589,40.0,11225,15.0,0.0,726,1295.0,121665,1014636,239696,1377292,10409,0,443473,923411,1377292,13.231411193361309,100.6188410580414,9.128985035783996,7.503630462835664,0.8150050969583792,ICICIBANK,7.6,18.8,8.251756668835394,1.3134411085450346,0.0615962337688739,571163,1,,1,16.31,OK,36.1,OK,36.08,OK,37470.0,High Quality,49.61926540619548,Capital Intensive,43.89592436827122,Mixed,5.812687707931126,0.03944269039290941,5.595887929051728,44.38538533889154,49.01677270098323,39.286775631500745,97.51896878565533,43.21698796954468,28.83634512925903
272,BANKBARODA,Mar 2016,45799,32107,25391.0,-11700.0,-26,5992,525,-6233,-19.0,-5033,-22.0,0.0,352,462.0,42041,620536,28134,691173,6359,0,128894,555920,691173,-10.98932291098059,55.44007511081029,-11.841517069383338,3.829488159821669,-0.7281823798093965,BANKBARODA,6.33,16.7,14.599816483542336,4.233144192256342,0.0662627157021469,491642,1,,0,9.49,OK,83.02,OK,81.14,OK,-14016.0,High Quality,8.744732417738378,Capital Intensive,-55.20066165176637,Pre-Revenue,5.702203325462377,0.03311675558677868,3.1485045086398133,29.439206214656465,29.294389820705614,85.76523031203565,95.61031646071496,43.24351987089151,28.818543210330684
279,BANKBARODA,Mar 2023,94503,49942,38231.0,6329.0,7,16275,2040,20565,29.0,15005,29.0,19.0,359,1036.0,104019,1342592,78224,1525871,9865,3,397487,1118516,1525871,15.877802821074464,40.45480037670762,14.282994621864736,2.6409062430274783,0.9833727752870328,BANKBARODA,6.33,16.7,12.77989624482414,2.349493087557604,0.0619338069863048,945105,1,,0,9.49,OK,83.02,OK,81.14,OK,-22450.0,Accrual Risk,1.159751542279081,Asset Light,-58.7219795453951,Pre-Revenue,5.839841925007112,0.03107032104579261,5.863292499271631,26.99084987052799,29.294389820705614,85.76523031203565,96.15750648352918,43.22640277238909,28.797072851608508
832,LICI,Mar 2023,784628,750420,34207.0,4.0,7800,77,466,41463,13.0,35997,65.0,5.0,992,6325.0,39908,0,4532258,4578491,20473,331,4243008,314678,4578491,4.587779176883823,4.359645590012082,77.85997015119071,73.98827677200268,0.7862197392110195,LICI,63.79,63.61,0.0,545.5454545454545,0.171372620367715,-4243008,0,,0,7.37,OK,72.56,OK,,OK,1671.0,High Quality,6.735421116758515,Moderate,4.884965065629842,Reinvestor,6.174801137970235,0.15391227362474003,4.722492366467339,33.99307934369883,23.163678426836324,75.40366518078257,100.0,48.16252855236907,28.77768332463991
101,ADANIENT,Mar 2016,34008,32325,1684.0,5.0,1044,1357,314,1056,7.0,1000,9.0,4.0,173,110.0,13268,19169,9132,41679,10473,7705,805,22696,41679,2.9404845918607387,4.951776052693484,7.474958887726117,5.174055980581928,2.399289810216176,ADANIENT,11.6,13.64,1.4328748691882194,2.0103168754605747,0.8159504786583172,18364,0,,0,18.71,OK,42.38,OK,37.42,OK,3287.0,High Quality,5.366384380145848,Moderate,195.19002375296915,Reinvestor,5.803973369254881,0.03543175802138043,4.5560415298183745,34.4621976567308,55.95720069404281,45.507677067855376,99.5691817610022,43.223320613162436,28.76364496562999
831,LICI,Mar 2022,723606,720280,3326.0,0.0,9248,0,436,12138,66.0,4125,57.0,23.0,991,6325.0,5013,1,4242719,4254059,17770,199,3926212,309878,4254059,0.5700616081127022,0.4596424020806903,36.38207796789557,29.332392627215803,0.0969662150901057,LICI,63.79,63.61,8.819897689186806e-05,,0.1700977819066449,-3926211,0,Debt Free,0,7.37,OK,72.56,OK,,OK,8748.0,Accrual Risk,1.731743517881278,Asset Light,263.0186410102225,Distress Signal,5.956272307282509,0.07702624458380866,4.316522203740297,36.0475040351142,23.163678426836324,75.40366518078257,99.9999734814751,43.205052478531506,28.75690562902789
108,ADANIENT,Mar 2023,127540,118722,8818.0,7.0,834,3969,2436,3247,32.0,2422,22.0,6.0,180,114.0,32937,53200,55027,141278,56881,24025,6310,54062,141278,1.899012074643249,6.913909361768857,7.328068742246831,10.223649580874424,1.7143504296493437,ADANIENT,11.6,13.64,1.6096335965628876,2.431846812799194,0.902759099081244,46890,0,,0,18.71,OK,42.38,OK,37.42,OK,2167.0,High Quality,12.120903246040458,Capital Intensive,24.574733499659786,Reinvestor,5.803199469472576,0.04412586872218298,4.450805967573553,34.13706615264924,55.95720069404281,45.507677067855376,99.51603623846387,43.22715113646962,28.699981983807536
105,ADANIENT,Mar 2020,43403,41108,2294.0,5.0,872,1572,472,1122,29.0,1040,10.0,10.0,177,110.0,16837,12419,17509,46875,10476,7347,1952,27099,46875,2.3961477317236133,5.285348939013432,6.136779370980115,7.811755090921474,2.2186666666666666,ADANIENT,11.6,13.64,0.7328140673865581,2.013994910941476,0.9259306666666668,10467,0,,0,18.71,OK,42.38,OK,37.42,OK,1372.0,High Quality,2.4929152362739906,Asset Light,59.80819529206626,Reinvestor,5.796923088017047,0.039973202318872414,4.5010390265548645,33.90628084394849,55.95720069404281,45.507677067855376,99.7796669668698,43.22335403617558,28.695203987367783
833,LICI,Mar 2024,845966,813188,32779.0,4.0,14829,128,466,47014,13.0,40916,66.0,15.0,993,6325.0,76422,0,5233300,5316047,20667,403,4976133,318844,5316047,4.836600998148862,3.87474201090824,49.44710986501021,39.61352073186944,0.7696696436280568,LICI,63.79,63.61,0.0,371.9375,0.1591344094587576,-4976133,0,,0,7.37,OK,72.56,OK,,OK,853.0,Moderate,2.986999477520373,Asset Light,2.6022758473412853,Reinvestor,6.025106232853205,0.09472772176126176,4.747634560645986,33.75561722732498,23.163678426836324,75.40366518078257,100.0,46.5849198055341,28.637325098306047
99,ADANIENT,Mar 2014,54947,45564,9383.0,17.0,1157,5703,3223,1614,-64.0,2646,20.0,7.0,171,110.0,23647,71980,22365,118102,70579,13574,288,33661,118102,4.815549529546654,17.07645549347553,11.1377699204445,9.800808464856846,2.240436233086654,ADANIENT,11.6,13.64,3.0298438355011155,1.84815009644047,0.4652503767929417,71692,0,,0,18.71,OK,42.38,OK,37.42,OK,221.0,High Quality,14.572224143265329,Capital Intensive,2.3553234573164232,Reinvestor,5.823271114870132,0.043397844298337304,4.745507415572249,33.57215016430753,55.95720069404281,45.507677067855376,99.0890258362976,43.22184697256977,28.60468642631178
102,ADANIENT,Mar 2017,36533,34631,1902.0,5.0,749,1257,315,1079,25.0,925,9.0,4.0,174,110.0,14026,20846,12630,47611,13668,7731,1042,25170,47611,2.5319574083705145,5.206251881860236,6.543576683644596,5.437081927848608,1.94282833798912,ADANIENT,11.6,13.64,1.4746745897000566,2.1089896579156724,0.7673226775325029,19804,0,,0,18.71,OK,42.38,OK,37.42,OK,-686.0,Moderate,3.996386828346974,Moderate,-36.067297581493165,Mixed,5.7990663247242225,0.035884621535503126,4.514761911646838,33.30885170519862,55.95720069404281,45.507677067855376,99.55661396295595,43.22421727164266,28.58461239387421
227,AXISBANK,Mar 2021,63346,34107,31749.0,-2510.0,-4,12264,948,8806,25.0,6588,22.0,0.0,295,613.0,102981,850551,46859,1001005,4501,118,225336,771050,1001005,10.400025258106274,50.11997600479904,6.359441666505782,3.3274816720729032,0.6581385707364099,AXISBANK,7.06,18.4,8.210427244821128,2.588470319634703,0.0632824011868072,625215,1,,0,14.01,OK,74.58,OK,69.92,OK,-41655.0,High Quality,85.70075458592493,Capital Intensive,-131.2009827081168,Mixed,5.798096198040682,0.03225242860871137,5.309790614045555,21.41571546348657,42.365529207634474,77.40465577018327,97.53139518104791,43.22857440428583,28.50786278959537
264,BAJFINANCE,Mar 2021,26673,9519,10839.0,6314.0,24,3,325,5992,26.0,4420,73.0,14.0,344,120.0,36798,131634,2918,171470,1316,51,18397,151707,171470,16.5710643722116,40.63659880778315,11.97247954927136,6.43065641463762,2.577710386656558,BAJFINANCE,11.9,22.1,3.5655777669429547,3621.0,0.1555549075640053,113237,0,,0,18.75,OK,23.93,OK,23.31,OK,-1236.0,Accrual Risk,1.608368012597008,Asset Light,-11.40326598394686,Growth Funded by Debt,5.827668833981442,0.037595303079684506,5.9333430938965845,33.149188913015706,56.07287449392713,27.23130262506191,98.92794830337535,76.10977327456949,28.472323707712114
100,ADANIENT,Mar 2015,64465,52015,12450.0,19.0,792,7056,3522,2663,14.0,2298,18.0,8.0,172,110.0,25618,83571,21420,130718,83834,6733,744,39407,130718,3.564725044597844,19.312805398278137,8.931902985074627,11.390772102215024,1.757982833274683,ADANIENT,11.6,13.64,3.248250932835821,1.876700680272109,0.4931608500742055,82827,0,,0,18.71,OK,42.38,OK,37.42,OK,-2933.0,High Quality,17.784844489257736,Capital Intensive,-23.55823293172691,Mixed,5.81164936900347,0.046135355664131565,4.619117889428191,32.65655662513499,55.95720069404281,45.507677067855376,99.02335802183474,43.22210641719544,28.44668512286307
106,ADANIENT,Mar 2021,39537,37031,2506.0,6.0,494,1377,537,1086,31.0,1046,8.0,12.0,178,110.0,17049,16227,18231,51617,10838,8825,5503,26451,51617,2.645623087234742,6.338366593317652,6.0959263360335685,7.506140298328641,2.026464149408141,ADANIENT,11.6,13.64,0.9456844804475786,2.178649237472767,0.7659685762442606,10724,0,,0,18.71,OK,42.38,OK,37.42,OK,-4568.0,High Quality,21.77959885676708,Capital Intensive,-182.2825219473264,Mixed,5.796707851285212,0.039447011688709434,4.526247257083675,32.181922688373064,55.95720069404281,45.507677067855376,99.71566385085336,43.224850281589106,28.432660683180593
300,BEL,Mar 2018,10401,8361,2039.0,20.0,196,6,272,1957,28.0,1431,2.0,34.0,366,10.0,21,48,42,121,11,0,0,110,121,13.758292471877704,19.603884241899816,4616.129032258064,2581.012658227848,1182.6446280991736,BEL,34.6,26.3,1.5483870967741935,372.5,85.95867768595042,48,0,,0,10.72,OK,20.0,OK,14.87,OK,-693.0,Accrual Risk,0.0576867608883761,Asset Light,-33.98724865129966,Pre-Revenue,30.084951323661596,4.470368057457639,5.64912663354398,33.30681963329811,32.851359167148644,23.3382862803368,99.5344510419831,46.59003135081103,28.42262632913152
103,ADANIENT,Mar 2018,35924,33886,2038.0,6.0,363,1250,664,487,23.0,594,7.0,6.0,175,110.0,14979,17637,23679,56405,10555,5526,1461,38864,56405,1.653490702594366,5.673087629439929,3.936642587315263,6.227464401393387,1.0530981295984398,ADANIENT,11.6,13.64,1.1688647359003248,1.9208,0.6368938923854268,16176,0,,0,18.71,OK,42.38,OK,37.42,OK,-4707.0,High Quality,21.2921723638793,Capital Intensive,-230.96172718351323,Mixed,5.785331531807714,0.037245458320581126,4.425997267196403,32.14157154634866,55.95720069404281,45.507677067855376,99.64856090508971,43.22250715616339,28.407828958782115
578,HDFCBANK,Mar 2023,170754,77780,63042.0,29932.0,18,33912,2345,61498,25.0,46149,82.0,23.0,666,558.0,288880,2139212,101783,2530432,8431,0,511582,2010419,2530432,27.026599669700268,36.91977933167012,15.944347321360706,2.5957630782533507,1.8237597374677528,HDFCBANK,7.67,17.1,7.39091618930479,1.859518754423213,0.0674801772977894,1627630,1,,0,21.91,OK,21.46,OK,12.72,OK,17822.0,Accrual Risk,1.752228351898052,Asset Light,28.270042194092827,Mixed,5.848594864071045,0.030992596043941355,6.989822374349863,38.681649810146425,65.2111046847889,24.78454680534918,97.77779514057599,43.22195028174314,28.320060375330566
305,BEL,Mar 2023,17734,13645,4090.0,23.0,281,19,429,3923,25.0,2986,4.0,44.0,371,11.0,64,39,29,144,17,0,0,126,144,16.837712867937295,23.063042742754032,3981.333333333333,3587.7192982456136,2073.611111111111,BEL,34.6,26.3,0.52,230.05263157894737,123.15277777777776,39,0,,0,10.72,OK,20.0,OK,14.87,OK,3907.0,Accrual Risk,15.270102627720764,Capital Intensive,95.52567237163814,Liquidating Assets,26.74049107002584,6.203659816034102,5.960286583912434,34.642181167918814,32.851359167148644,23.3382862803368,99.84365314159933,45.29558482056384,28.291904575623022
379,CHOLAFIN,Mar 2019,7108,3588,1632.0,1888.0,27,1,57,1832,35.0,1197,15.0,8.0,457,156.0,6052,50567,715,57490,167,14,42,57267,57490,16.840180078784467,22.96004501969612,19.281572164948454,2.8745046235138707,2.08210123499739,CHOLAFIN,10.4,20.2,8.145457474226804,1659.0,0.123638893720647,50525,1,,0,20.9,OK,29.59,OK,28.75,OK,-9328.0,Accrual Risk,0.1547552054023635,Asset Light,-571.5686274509804,Growth Funded by Debt,5.8661772387874,0.03147251780462866,5.960535883165545,30.80011379602643,62.290341237709654,32.838038632986624,97.55092944936221,58.280703348630105,28.28111059475645
109,ADANIENT,Mar 2024,96421,85044,11377.0,12.0,1146,4555,3042,4926,33.0,3335,28.0,5.0,181,114.0,38962,65310,56200,160586,65978,35180,8701,50728,160586,3.458790097592848,11.799296833677312,8.534650424813185,10.89897112639626,2.076768834144944,ADANIENT,11.6,13.64,1.671358378544375,2.7492864983534577,0.6004321671876751,56609,0,,0,18.71,OK,42.38,OK,37.42,OK,-8455.0,High Quality,19.463602327293845,Capital Intensive,-74.31660367407929,Mixed,5.809556419412443,0.04528859997149852,4.608413695582317,31.053542191618572,55.95720069404281,45.507677067855376,99.49747763125566,43.23003577171478,28.252572349111155
98,ADANIENT,Mar 2013,46375,40354,6021.0,13.0,1775,3492,2298,2005,39.0,1218,15.0,10.0,170,110.0,21286,69332,21143,111871,48770,29248,323,33529,111871,2.6264150943396225,12.983288409703505,5.692652832305104,6.636319548540694,1.0887540113166057,ADANIENT,11.6,13.64,3.240418769863526,2.2325315005727377,0.4145399612053168,69009,0,,0,18.71,OK,42.38,OK,37.42,OK,-7124.0,High Quality,31.892183288409704,Capital Intensive,-118.3192160770636,Mixed,5.794583179982542,0.037949402477529856,4.524306385962743,31.439926148701215,55.95720069404281,45.507677067855376,99.02571289505627,43.22533992003792,28.251728039843936
641,ICICIBANK,Mar 2022,95407,41167,80798.0,-26558.0,-28,62129,1330,34241,25.0,26538,36.0,14.0,728,1390.0,180663,1252968,317616,1752637,10707,0,567098,1174833,1752637,27.81556908822204,84.68770635278334,14.577073709304432,5.630440251397017,1.5141754966944097,ICICIBANK,7.6,18.8,6.882435334765151,1.3000370197492317,0.0544362580500126,685870,1,,1,16.31,OK,36.1,OK,36.08,OK,18663.0,High Quality,41.34707096963536,Capital Intensive,23.0983440184163,Mixed,5.841391298799394,0.036217535192109886,7.0695437678379385,38.92578873419338,49.01677270098323,39.286775631500745,97.93067857166092,43.21686616402153,28.20991913386749
374,CHOLAFIN,Mar 2014,3279,1769,932.0,578.0,18,1,25,554,34.0,368,5.0,14.0,452,143.0,2144,18075,1182,21544,74,0,39,21431,21544,11.222933821286976,28.42329978652028,16.09094884127678,4.577153521265101,1.708132194578537,CHOLAFIN,10.4,20.2,7.903366856143419,950.0,0.1522001485332343,18036,1,,0,20.9,OK,29.59,OK,28.75,OK,-2530.0,Accrual Risk,2.531259530344617,Asset Light,-271.4592274678112,Growth Funded by Debt,5.849367243211786,0.03440404441318408,5.392941387484846,32.77354590740719,62.290341237709654,32.838038632986624,97.62371811779609,51.83788450179472,28.20327553972162
573,HDFCBANK,Mar 2018,85288,42381,29532.0,13374.0,16,16057,967,28464,35.0,18561,36.0,18.0,661,519.0,109080,944817,48770,1103186,4008,0,238461,860717,1103186,21.76273332708001,34.62620767282619,16.935373497933377,2.8007920972367644,1.6824905319683174,HDFCBANK,7.67,17.1,8.620671721457313,1.840194307778539,0.0773106257693625,706356,1,,0,21.91,OK,21.46,OK,12.72,OK,16372.0,Moderate,0.9872432229621988,Asset Light,55.43816876608425,Mixed,5.853816146545823,0.03134560365782448,6.457935142579969,38.26072063075512,65.2111046847889,24.78454680534918,97.40804819047426,43.22177467679384,28.167567293119845
572,HDFCBANK,Mar 2017,73271,38042,23856.0,11374.0,16,12905,886,23393,35.0,15317,30.0,18.0,660,513.0,91281,741550,59000,892344,4000,0,210777,677567,892344,20.90458708083689,32.558583887213224,16.686275791446064,2.862683357653022,1.7164905014209766,HDFCBANK,7.67,17.1,8.078414711201168,1.849825648973266,0.0821107106676349,530773,1,,0,21.91,OK,21.46,OK,12.72,OK,16136.0,High Quality,1.5640567209400718,Asset Light,67.63916834339369,Reinvestor,5.85250375993068,0.0314521646035291,6.371223778411711,38.192210778109356,65.2111046847889,24.78454680534918,97.57108699816521,43.22186219863667,28.164741733769695
583,HDFCLIFE,Mar 2015,27215,-14,26341.0,874.0,3,79,43,924,15.0,786,4.0,18.0,670,1995.0,546,0,66767,69309,346,6,67024,1932,69309,2.8881131728826013,96.78853573397024,30.932703659976383,1036.6391184573,1.1340518547374798,HDFCLIFE,6.61,11.4,0.0,333.46835443037975,0.3926618476676911,-67024,0,,0,27.96,OK,6.14,OK,5.92,OK,945.0,High Quality,12.911997060444609,Capital Intensive,3.587563114536274,Reinvestor,5.927561942970193,1.8113511976894254,4.550749661208679,33.78232445801739,82.70676691729324,9.608717186726102,100.0,46.23534330892253,28.13600862188601
376,CHOLAFIN,Mar 2016,4214,2048,1266.0,899.0,21,2,22,879,35.0,575,7.0,12.0,454,156.0,3514,22546,1673,27889,120,0,16,27753,27889,13.64499288087328,30.04271476032273,15.66757493188011,4.8291119926762285,2.0617447739252035,CHOLAFIN,10.4,20.2,6.143324250681199,643.5,0.1510989996055792,22530,1,,0,20.9,OK,29.59,OK,28.75,OK,-2946.0,Accrual Risk,3.251067869008068,Moderate,-232.70142180094783,Growth Funded by Debt,5.847136671683337,0.03483785256010633,5.637678279445002,32.65278277731976,62.290341237709654,32.838038632986624,98.1529049101333,49.05266027534191,28.12300102240103
377,CHOLAFIN,Mar 2017,4694,2228,1322.0,1143.0,24,3,39,1107,35.0,718,9.0,12.0,455,156.0,4142,24071,2230,30598,150,0,182,30266,30598,15.296122709842352,28.16361312313592,16.70544439274081,4.660016214882442,2.346558598601216,CHOLAFIN,10.4,20.2,5.600511865984179,448.6666666666667,0.1534087195241519,23889,1,,0,20.9,OK,29.59,OK,28.75,OK,-1690.0,Accrual Risk,4.729441840647635,Moderate,-127.83661119515884,Growth Funded by Debt,5.8526047508877035,0.03454671281153482,5.804516648214431,33.01739453546836,62.290341237709654,32.838038632986624,98.31611070061092,47.282172444606,28.122963908417027
224,AXISBANK,Mar 2018,45780,27163,28895.0,-10277.0,-22,10967,568,122,-99.0,276,1.0,0.0,292,513.0,63694,611425,28071,703703,3697,352,153037,546618,703703,0.6028833551769331,63.11708169506335,0.4298596726213652,4.276736448244015,0.0392210918526708,AXISBANK,7.06,18.4,9.522715591757908,2.632716330810614,0.0650558545295387,458388,1,,0,14.01,OK,74.58,OK,69.92,OK,-48397.0,Accrual Risk,21.85889034512888,Capital Intensive,-167.49264578646824,Growth Funded by Debt,5.766855829946172,0.03388680292881887,4.319838676281876,19.458539927309886,42.365529207634474,77.40465577018327,97.13683333420295,43.22897647626708,28.0713325665249
590,HDFCLIFE,Mar 2022,67126,0,66348.0,778.0,1,766,56,1487,11.0,1327,6.0,27.0,677,2113.0,13501,600,214521,230734,6605,20,216551,7559,230734,1.976879301611894,98.84098560915294,8.498783143332906,409.2019242629826,0.5751211351599678,HDFCLIFE,6.61,11.4,0.0384270526450621,86.61749347258485,0.2909237476921477,-215951,0,,0,27.96,OK,6.14,OK,5.92,OK,5142.0,High Quality,1.1932783124273754,Asset Light,7.750045216133117,Reinvestor,5.809367450429951,0.7310645734727049,4.4586740594098915,35.000696710365894,82.70676691729324,9.608717186726102,99.98844625200259,43.992162237926166,28.070484634906137
373,CHOLAFIN,Mar 2013,2570,1410,688.0,472.0,18,1,22,452,32.0,308,4.0,16.0,451,143.0,1809,15269,1007,18228,73,0,172,17984,18228,11.98443579766537,26.770428015564203,15.778688524590164,3.995122234481157,1.6897081413210446,CHOLAFIN,10.4,20.2,7.822233606557377,706.0,0.140991880623217,15097,1,,0,20.9,OK,29.59,OK,28.75,OK,-3749.0,Accrual Risk,0.1945525291828793,Asset Light,-544.9127906976744,Distress Signal,5.847722080492954,0.03340193516654351,5.469887334026793,32.41967510073271,62.290341237709654,32.838038632986624,97.64811221142034,49.62060975055659,28.04911819984267
585,HDFCLIFE,Mar 2017,30647,9,29674.0,972.0,3,139,41,1061,16.0,887,4.0,25.0,672,1998.0,1828,0,91270,95097,337,16,91723,3020,95097,2.894247397787712,96.82513786014944,23.183481442760066,775.5880815473079,0.9327318422242552,HDFCLIFE,6.61,11.4,0.0,213.50359712230212,0.3222709444041347,-91723,0,,0,27.96,OK,6.14,OK,5.92,OK,1053.0,High Quality,16.892354879759846,Capital Intensive,3.548561029857788,Reinvestor,5.886734688239307,1.3618879748820902,4.551369493797781,33.8136764244824,82.70676691729324,9.608717186726102,100.0,45.145200573604455,28.0351958528584
586,HDFCLIFE,Mar 2018,32260,11,31186.0,1074.0,3,282,44,1300,15.0,1107,6.0,25.0,673,2012.0,2693,0,105778,110483,336,5,106590,3551,110483,3.4314941103533787,96.67079975201489,23.52816153028693,662.826780021254,1.001964103074681,HDFCLIFE,6.61,11.4,0.0,110.59929078014184,0.2919906229917725,-106590,0,,0,27.96,OK,6.14,OK,5.92,OK,2318.0,High Quality,13.7042777433354,Capital Intensive,7.432822420316809,Reinvestor,5.888550656518403,1.1677418087079847,4.605655573292304,34.18090084650309,82.70676691729324,9.608717186726102,100.0,44.210089425054676,28.029810345307922
584,HDFCLIFE,Mar 2016,18141,8,17187.0,953.0,5,108,45,1008,19.0,817,4.0,22.0,671,1995.0,1108,0,73441,76544,335,12,74144,2053,76544,4.503610605810043,94.7411939804862,26.32935868514341,553.8833387044796,1.067359949832776,HDFCLIFE,6.61,11.4,0.0,159.1851851851852,0.2370009406354515,-74144,0,,0,27.96,OK,6.14,OK,5.92,OK,1725.0,High Quality,21.840030869301582,Capital Intensive,10.036655611799617,Reinvestor,5.90330893632856,0.9801690228743766,4.713987555486866,34.008755326931336,82.70676691729324,9.608717186726102,100.0,44.65159875673756,28.02035364556392
587,HDFCLIFE,Mar 2019,38855,14,37640.0,1215.0,3,136,45,1291,1.0,1278,6.0,26.0,674,2017.0,3625,0,124378,130020,370,10,124958,4682,130020,3.289151975292755,96.87298931926392,22.65154200638072,667.1393123006026,0.9829257037378863,HDFCLIFE,6.61,11.4,0.0,276.7867647058824,0.2988386402091986,-124958,0,,0,27.96,OK,6.14,OK,5.92,OK,-314.0,High Quality,26.20512160597092,Capital Intensive,-0.8342189160467587,Reinvestor,5.883932132542529,1.1751668880322432,4.5912726161171555,33.416841811911425,82.70676691729324,9.608717186726102,100.0,45.72026684270873,27.989321794620405
589,HDFCLIFE,Mar 2021,71528,0,70294.0,1235.0,2,445,51,1629,16.0,1361,7.0,30.0,676,2021.0,6619,600,170415,179655,585,14,173564,5493,179655,1.902751370092831,98.27480147634492,15.752314814814811,760.7575757575758,0.7575631070663216,HDFCLIFE,6.61,11.4,0.0694444444444444,157.9685393258427,0.3981408811332832,-172964,0,,0,27.96,OK,6.14,OK,5.92,OK,751.0,High Quality,12.515378592998546,Capital Intensive,1.0683699889037472,Mixed,5.8475831289779485,1.336353631073243,4.4511838045808005,33.726007036774696,82.70676691729324,9.608717186726102,99.97912034476487,44.64054286270019,27.97627985644173
643,ICICIBANK,Mar 2024,159516,74108,99560.0,-14152.0,-9,76522,1935,60434,26.0,46081,63.0,16.0,730,1405.0,254739,1651008,456911,2364063,15714,0,827163,1521186,2364063,28.8880112339828,62.41380175029464,17.99027109750765,5.2203495054405735,1.9492289334082888,ICICIBANK,7.6,18.8,6.445624336310825,1.3009461331381824,0.0674753591592102,823845,1,,1,16.31,OK,36.1,OK,36.08,OK,12547.0,High Quality,90.7350986734873,Capital Intensive,12.602450783447166,Mixed,5.859373939548215,0.03551146364953793,7.177908655358641,37.15033848511943,49.01677270098323,39.286775631500745,98.06201323959014,43.216874425309086,27.97019875407383
638,ICICIBANK,Mar 2019,71982,39178,83775.0,-50971.0,-71,59325,946,7408,23.0,5689,7.0,15.0,725,1289.0,112964,891641,232899,1238794,9660,0,398201,830933,1238794,7.903364730071407,116.38326248228724,4.979300324717951,8.328412337681703,0.4592369675668432,ICICIBANK,7.6,18.8,7.804092671527225,1.4109397387273497,0.0581065132701643,493440,1,,1,16.31,OK,36.1,OK,36.08,OK,18389.0,High Quality,42.06885054596982,Capital Intensive,21.95046254849299,Reinvestor,5.790824838342077,0.04086275416269705,5.057515618730115,38.84624763408772,49.01677270098323,39.286775631500745,97.65356659257499,43.217873958278226,27.962003898573556
660,ICICIPRULI,Mar 2015,34453,17,32798.0,1655.0,5,43,40,1642,0.0,1640,11.0,51.0,746,1432.0,3833,0,95951,101215,209,6,99491,1509,101215,4.760107973180855,95.1963544538937,31.14909781576448,622.9439696106363,1.6203131946845823,ICICIPRULI,8.75,8.07,0.0,762.8604651162791,0.3403942103443165,-99491,0,,0,29.84,OK,-1.81,OK,0.0,OK,-1299.0,Accrual Risk,5.288363858009462,Moderate,-3.9606073541069575,Reinvestor,5.9287020289134,1.0990737937713082,4.739905325013516,33.13090026591112,88.14343551185657,1.733531451213472,100.0,50.13731169172865,27.937400536995597
662,ICICIPRULI,Mar 2017,37816,15,36010.0,1806.0,5,130,58,1863,10.0,1682,12.0,63.0,748,1435.0,4971,0,118335,124741,207,7,121581,2946,124741,4.447852760736196,95.22424370636767,26.256634405245084,562.1292538245395,1.3483938721029975,ICICIPRULI,8.75,8.07,0.0,277.03846153846155,0.3031561395210877,-121581,0,,0,29.84,OK,-1.81,OK,0.0,OK,3434.0,High Quality,1.8404907975460123,Asset Light,9.536239933351846,Reinvestor,5.902925783978903,0.9943663830102636,4.708353505544211,34.50487116664151,88.14343551185657,1.733531451213472,100.0,45.72255406005236,27.90526593075813
107,ADANIENT,Mar 2022,69420,65707,3714.0,5.0,1012,2526,1248,952,50.0,788,7.0,14.0,179,110.0,22147,41604,37726,101586,30123,23544,4292,43627,101586,1.135119562085854,5.3500432152117545,3.5404591813811384,5.815756095269413,0.7756974386234324,ADANIENT,11.6,13.64,1.8692546165251385,1.870942201108472,0.6833618805740949,37312,0,,0,18.71,OK,42.38,OK,37.42,OK,-15656.0,High Quality,24.54768078363584,Capital Intensive,-421.5401184706516,Mixed,5.783244215122139,0.03653660175246554,4.373618469368259,28.96312079796561,55.95720069404281,45.507677067855376,99.43797675606795,43.222054088791936,27.904358415311446
301,BEL,Mar 2019,12164,9255,2909.0,24.0,73,16,338,2628,30.0,1887,3.0,44.0,367,11.0,38,47,30,126,11,0,0,114,126,15.512989148306476,23.914830647813226,3851.020408163265,3030.208333333333,1497.6190476190477,BEL,34.6,26.3,0.9591836734693876,186.375,96.53968253968254,47,0,,0,10.72,OK,20.0,OK,14.87,OK,618.0,Moderate,7.365998026964814,Moderate,21.244413887934,Reinvestor,26.053929394348863,5.2437683020758605,5.826429911604979,33.68739767066501,32.851359167148644,23.3382862803368,99.7116050885074,44.8986778136217,27.903277825400533
382,CHOLAFIN,Mar 2022,10148,4298,2926.0,2924.0,29,84,101,2908,26.0,2154,26.0,8.0,460,164.0,11605,69174,1536,82478,259,37,2055,80127,82478,21.22585731178557,28.83326763894363,18.30231965332653,3.6148894901350337,2.611605519047504,CHOLAFIN,10.4,20.2,5.87764465969921,35.17857142857143,0.123038870971653,67119,1,,0,20.9,OK,29.59,OK,28.75,OK,-3931.0,Accrual Risk,16.160819865983445,Capital Intensive,-134.34723171565278,Distress Signal,5.861017986591867,0.032747271478118435,6.403686520181159,32.366841231319455,62.290341237709654,32.838038632986624,98.23278600511641,43.52472689743806,27.890175194305797
659,ICICIPRULI,Mar 2014,21888,15,20384.0,1504.0,7,129,47,1572,1.0,1561,11.0,70.0,745,1429.0,2954,0,77090,81474,197,5,80101,1171,81474,7.131761695906433,93.12865497076024,35.614875655943415,465.0695870408396,1.915948646193878,ICICIPRULI,8.75,8.07,0.0,158.06976744186048,0.2686501215111569,-80101,0,,0,29.84,OK,-1.81,OK,0.0,OK,3630.0,Accrual Risk,27.46710526315789,Capital Intensive,17.808084772370485,Other,5.952230254629715,0.8272544222473983,4.979549011078188,34.56176917985579,88.14343551185657,1.733531451213472,100.0,44.6414627419861,27.877550091911694
588,HDFCLIFE,Mar 2020,29380,0,28239.0,1141.0,4,369,47,1463,11.0,1297,6.0,0.0,675,2019.0,4788,0,125417,132224,322,8,127256,4637,132224,4.414567733151804,96.11640571817564,19.05391508741002,414.85235786690174,0.9809111810261374,HDFCLIFE,6.61,11.4,0.0,76.53929539295393,0.2221986931268151,-127256,0,,0,27.96,OK,6.14,OK,5.92,OK,-401.0,High Quality,26.51123213070116,Capital Intensive,-1.4200219554516802,Mixed,5.864977813446971,0.7407931772275026,4.704990220835041,33.39158606114795,82.70676691729324,9.608717186726102,100.0,43.900579720959186,27.859640317445386
380,CHOLAFIN,Mar 2020,8712,4592,2421.0,1699.0,20,0,111,1588,34.0,1054,13.0,13.0,458,164.0,8036,55005,853,64058,283,11,33,63732,64058,12.098255280073465,27.789256198347108,12.853658536585366,3.830393165097698,1.6453838708670268,CHOLAFIN,10.4,20.2,6.707926829268293,,0.1360017484154984,54972,1,Debt Free,0,20.9,OK,29.59,OK,28.75,OK,-2129.0,Accrual Risk,0.6198347107438017,Asset Light,-87.938868236266,Growth Funded by Debt,5.832311379771217,0.03311831377475923,5.481388220538548,32.88995459770782,62.290341237709654,32.838038632986624,97.98314752665829,43.205052478531506,27.83119591371522
303,BEL,Mar 2021,14109,10895,3214.0,23.0,125,10,387,2942,30.0,2100,3.0,46.0,369,11.0,48,49,43,152,15,1,0,136,152,14.88411652136934,22.779785952229076,3559.322033898305,2975.925925925926,1381.578947368421,BEL,34.6,26.3,0.8305084745762712,333.9,92.82236842105264,49,0,,0,10.72,OK,20.0,OK,14.87,OK,2498.0,High Quality,18.392515415692117,Capital Intensive,77.7224642190417,Reinvestor,24.51709853611868,5.1503078582336626,5.762885494078801,34.23315412394478,32.851359167148644,23.3382862803368,99.75029347908628,46.23926575491844,27.80981441464386
592,HDFCLIFE,Mar 2024,101482,0,100951.0,531.0,1,525,79,977,-61.0,1574,7.0,27.0,679,2151.0,12515,950,287071,302687,1549,28,291128,9982,302687,1.5510139729213062,99.47675449833469,10.732306013909724,646.4587602459017,0.5200091183301563,HDFCLIFE,6.61,11.4,0.0647756716214373,192.2895238095238,0.3352704278677313,-290178,0,,0,27.96,OK,6.14,OK,5.92,OK,-2893.0,High Quality,13.41518692970182,Capital Intensive,-2.865746748422502,Reinvestor,5.821134903295311,1.1395602584399402,4.4156425088270055,32.66816846456647,82.70676691729324,9.608717186726102,99.98052409084845,44.952424224721916,27.80613781262884
375,CHOLAFIN,Mar 2015,3715,1958,1061.0,696.0,19,0,30,666,33.0,444,6.0,11.0,453,144.0,2531,19950,1243,23868,69,0,25,23775,23868,11.951547779273216,28.559892328398384,16.598130841121495,4.68950276243094,1.860231271995978,CHOLAFIN,10.4,20.2,7.457943925233645,,0.1556477291771409,19925,1,Debt Free,0,20.9,OK,29.59,OK,28.75,OK,-2304.0,Accrual Risk,1.0767160161507403,Asset Light,-217.15362865221488,Growth Funded by Debt,5.852039362828718,0.034597481116642834,5.4665641651006815,32.83915280019508,62.290341237709654,32.838038632986624,97.75764210992563,43.205052478531506,27.802649811064068
664,ICICIPRULI,Mar 2019,41463,23,40922.0,541.0,1,813,57,1274,11.0,1139,8.0,40.0,750,1436.0,5435,0,156215,163086,463,13,159003,3607,163086,2.747027470274703,98.69522224634012,16.57691747926066,595.5756076262553,0.698404522767129,ICICIPRULI,8.75,8.07,0.0,50.33579335793358,0.2542400941834369,-159003,0,,0,29.84,OK,-1.81,OK,0.0,OK,3818.0,High Quality,18.230711718881896,Capital Intensive,9.329944772982747,Reinvestor,5.851927598924662,1.0519524632986814,4.536493660216626,34.61634482518376,88.14343551185657,1.733531451213472,100.0,43.66246347728596,27.799905346139095
635,ICICIBANK,Mar 2016,59294,33996,52252.0,-26955.0,-45,42102,843,14304,24.0,10927,16.0,29.0,722,1163.0,92948,671455,153190,918756,8713,0,286044,623999,918756,18.428508786723786,88.12358754680069,11.610757509749126,6.825276984610079,1.1893255663092268,ICICIBANK,7.6,18.8,7.134713264124279,1.2400123509571992,0.0645372656069729,385411,1,,1,16.31,OK,36.1,OK,36.08,OK,11585.0,High Quality,20.33932607009141,Capital Intensive,22.171400137793768,Mixed,5.825763079128196,0.03827473892972116,6.121028514364453,36.87107374679223,49.01677270098323,39.286775631500745,97.85482691454722,43.21632070835528,27.797109409338365
661,ICICIPRULI,Mar 2016,20849,0,19008.0,1842.0,9,0,0,1842,10.0,1650,12.0,73.0,747,1432.0,3891,1029,98413,104765,212,7,103024,1522,104765,7.91404863542616,91.16984028010936,30.99755776817584,299.2443324937028,1.5749534672839212,ICICIPRULI,8.75,8.07,0.1933120420815329,,0.1990073020569847,-101995,0,Debt Free,0,29.84,OK,-1.81,OK,0.0,OK,3661.0,High Quality,0.1295026140342462,Asset Light,19.26031144781145,Liquidating Assets,5.9279036308353215,0.5417456795362904,5.058595173656808,34.57076835541518,88.14343551185657,1.733531451213472,99.94187744140295,43.205052478531506,27.77697194763076
663,ICICIPRULI,Mar 2018,38832,20,37062.0,1771.0,5,132,44,1839,12.0,1619,11.0,59.0,749,1436.0,5138,0,135245,141819,404,18,138537,2859,141819,4.169241862381541,95.44190358467245,24.627319744447824,563.7663522969273,1.141595977971922,ICICIPRULI,8.75,8.07,0.0,280.81060606060606,0.2738138049203562,-138537,0,,0,29.84,OK,-1.81,OK,0.0,OK,301.0,High Quality,13.877729707457767,Capital Intensive,0.8121526091414387,Reinvestor,5.8943416392959245,0.9971850485254903,4.680201274879285,33.59537384317049,88.14343551185657,1.733531451213472,100.0,45.756832260080934,27.76673426402149
666,ICICIPRULI,Mar 2021,83182,0,83572.0,-390.0,0,1669,60,1219,22.0,956,7.0,30.0,752,1436.0,7673,1200,206911,217220,911,22,211727,4560,217220,1.1492871053833762,100.46885143420452,10.495114721703809,810.6702880977787,0.4401068041616794,ICICIPRULI,8.75,8.07,0.1317378416950269,50.07309766327142,0.382938955897247,-210527,0,,0,29.84,OK,-1.81,OK,0.0,OK,2230.0,High Quality,6.111899208963478,Moderate,2.668357823194371,Mixed,5.819885246357441,1.4222905758677509,4.375050028396362,34.15535479975383,88.14343551185657,1.733531451213472,99.96039077368941,43.66007631117517,27.742759656577807
591,HDFCLIFE,Mar 2023,70207,0,70127.0,80.0,0,1437,76,1441,5.0,1368,6.0,30.0,678,2149.0,10844,950,234126,248069,997,31,238197,8844,248069,1.9485236514877435,99.886051248451,10.52874624797968,502.9548877572975,0.5514594729692142,HDFCLIFE,6.61,11.4,0.0731162933887477,48.80097425191371,0.2830140001370586,-237247,0,,0,27.96,OK,6.14,OK,5.92,OK,-3188.0,High Quality,14.344723460623584,Capital Intensive,-4.546037902662313,Mixed,5.82006243612588,0.8924832355806138,4.4558088635124475,32.58253114875927,82.70676691729324,9.608717186726102,99.9780163408284,43.64851628199295,27.706994106226503
540,HAL,Mar 2024,30381,20631,9749.0,32.0,1899,43,1406,10199,26.0,7595,114.0,31.0,615,5.0,194,123,127,450,240,9,43,158,450,24.999177117277245,32.08913465652875,3816.582914572864,3027.639751552795,1687.7777777777776,HAL,38.9,28.9,0.6180904522613065,270.8837209302326,67.51333333333334,80,0,,0,7.76,OK,24.41,OK,24.77,OK,1814.0,High Quality,21.105296073203647,Capital Intensive,18.607036619140423,Reinvestor,25.872493337452095,5.2393458601702845,6.784961517548672,34.03459166966639,24.291497975708502,27.706785537394747,99.81416057611825,45.66662475287594,27.65306913540562
667,ICICIPRULI,Mar 2022,63564,0,65728.0,-2163.0,-3,3191,67,961,21.0,759,5.0,10.0,753,1437.0,7721,1200,234079,244437,433,54,238101,5848,244437,1.194072116292241,103.40444276634572,8.287835772002621,634.5626568835683,0.3105094564243547,ICICIPRULI,8.75,8.07,0.1310329766324525,20.5969915387026,0.2600424649296137,-236901,0,,0,29.84,OK,-1.81,OK,0.0,OK,1015.0,High Quality,1.283745516329998,Asset Light,1.5442429406037002,Reinvestor,5.808256061206271,1.1190782062735392,4.379575328608532,33.8026451770225,88.14343551185657,1.733531451213472,99.96060270337813,43.392221287098025,27.64486857022224
669,ICICIPRULI,Mar 2024,90307,0,92136.0,-1829.0,-2,2970,113,1028,17.0,851,6.0,10.0,755,1441.0,9564,1200,286796,299001,670,49,289728,8553,299001,0.942341125272681,102.02531365231933,7.732848705134029,754.9037279803359,0.2846144327276497,ICICIPRULI,8.75,8.07,0.109041344843253,31.021548821548823,0.3020290902037117,-288528,0,,0,29.84,OK,-1.81,OK,0.0,OK,105.0,Accrual Risk,8.216417331989769,Capital Intensive,0.1139619692628288,Other,5.8053320776481465,1.3262748000564217,4.354139177450972,33.53847582995622,88.14343551185657,1.733531451213472,99.96721486211149,43.48695123650824,27.62837832823496
658,ICICIPRULI,Mar 2013,20025,14,19280.0,745.0,4,900,41,1591,5.0,1515,11.0,32.0,744,1429.0,2532,0,71260,75220,165,7,73716,1332,75220,7.565543071161048,96.27965043695382,38.24791719262812,486.74577126988135,2.014091996809359,ICICIPRULI,8.75,8.07,0.0,21.426666666666662,0.2662190906673757,-73716,0,,0,29.84,OK,-1.81,OK,0.0,OK,-1077.0,Accrual Risk,7.810237203495631,Moderate,-5.586099585062241,Other,5.966102596204382,0.86457527619639,5.023380438371356,33.19534597475587,88.14343551185657,1.733531451213472,100.0,43.399760703954435,27.620697588605534
378,CHOLAFIN,Mar 2018,5559,2657,1451.0,1451.0,26,0,51,1401,34.0,918,12.0,11.0,456,156.0,4969,38330,711,44167,170,4,23,43970,44167,16.51376146788991,26.101816873538407,17.912195121951218,3.339086411230008,2.078474879434872,CHOLAFIN,10.4,20.2,7.479024390243903,,0.125863201032445,38307,1,Debt Free,0,20.9,OK,29.59,OK,28.75,OK,-7986.0,Accrual Risk,1.0793308148947651,Asset Light,-550.3790489317712,Growth Funded by Debt,5.858962591460232,0.03227240900611998,5.927552923484153,31.18969100895273,62.290341237709654,32.838038632986624,97.75130390900644,43.205052478531506,27.60150157520782
304,BEL,Mar 2022,15368,12024,3344.0,22.0,232,9,401,3166,26.0,2400,3.0,46.0,370,11.0,58,58,35,163,17,0,0,145,163,15.616866215512754,21.759500260281104,3478.260869565217,2633.070866141732,1472.3926380368098,BEL,34.6,26.3,0.8405797101449275,397.3333333333333,94.28220858895706,58,0,,0,10.72,OK,20.0,OK,14.87,OK,-665.0,High Quality,31.70223841749089,Capital Intensive,-19.88636363636364,Reinvestor,24.09002279712947,4.55999899775004,5.836926167042427,33.31494792090015,32.851359167148644,23.3382862803368,99.74726539054518,46.815696608962995,27.584914038434903
302,BEL,Mar 2020,12968,10209,2759.0,21.0,99,8,372,2478,28.0,1825,3.0,37.0,368,11.0,44,44,23,122,14,0,0,108,122,14.073103022825418,21.275447254781,3318.181818181818,2786.868686868687,1495.9016393442623,BEL,34.6,26.3,0.8,357.25,106.29508196721312,44,0,,0,10.72,OK,20.0,OK,14.87,OK,1921.0,High Quality,5.004626773596545,Moderate,69.62667633200435,Reinvestor,23.246636451414847,4.8247995707832585,5.680936657122995,34.065653340145616,32.851359167148644,23.3382862803368,99.75946637169127,46.451451678858646,27.5649008573853
569,HDFCBANK,Mar 2014,42555,23445,13508.0,5602.0,13,8298,689,13211,34.0,8768,18.0,19.0,657,480.0,43687,416677,42776,503620,3026,0,119571,381023,503620,20.60392433321584,31.742450945834804,19.851925645844183,2.9311437275954555,1.7409951947897222,HDFCBANK,7.67,17.1,9.434125025471506,1.6294287780187997,0.0844982327945673,297106,1,,0,21.91,OK,21.46,OK,12.72,OK,3112.0,Accrual Risk,2.582540242039713,Asset Light,23.038199585430856,Mixed,5.86918218124465,0.03157003587833088,6.340843319235978,34.41139585921806,65.2111046847889,24.78454680534918,97.16346959713144,43.21985941004152,27.556233120809868
381,CHOLAFIN,Mar 2021,9583,4576,2913.0,2094.0,22,56,102,2048,26.0,1521,19.0,11.0,459,164.0,9436,63730,1314,74644,228,10,1583,72823,74644,15.871856412396951,30.397579046227698,15.84375,3.972453293331515,2.0376721504742514,CHOLAFIN,10.4,20.2,6.638541666666667,52.410714285714285,0.1283827233267241,62147,1,,0,20.9,OK,29.59,OK,28.75,OK,-10594.0,Accrual Risk,18.21976416571011,Capital Intensive,-363.68005492619295,Growth Funded by Debt,5.848064860885007,0.03336290503869054,5.862691644568151,30.43259907801995,62.290341237709654,32.838038632986624,98.00400935779749,43.681318681318686,27.52900990271174
668,ICICIPRULI,Mar 2023,50478,0,52235.0,-1757.0,-3,2925,84,1085,25.0,813,6.0,11.0,754,1439.0,8651,1200,244562,255851,479,117,248216,7039,255851,1.6106026387733272,103.4807242759222,8.057482656095145,462.66607617360495,0.3177630730386045,ICICIPRULI,8.75,8.07,0.1189296333002973,17.857094017094017,0.1972945190755557,-247016,0,,0,29.84,OK,-1.81,OK,0.0,OK,-1056.0,Accrual Risk,2.2683149094655097,Asset Light,-2.021633004690341,Reinvestor,5.807042431621574,0.8231161903015424,4.421663643951253,33.20144219045739,88.14343551185657,1.733531451213472,99.96424177973607,43.367323313345395,27.528237716685005
665,ICICIPRULI,Mar 2020,21025,0,21344.0,-319.0,-2,1578,61,1198,11.0,1067,7.0,11.0,751,1436.0,5777,0,148818,156031,932,20,150776,4303,156031,5.074910820451843,101.51724137931036,14.792735338971305,295.910162207126,0.6838384679967442,ICICIPRULI,8.75,8.07,0.0,13.524714828897338,0.1347488640077933,-150776,0,,0,29.84,OK,-1.81,OK,0.0,OK,-2201.0,High Quality,51.353151010701545,Capital Intensive,-10.31203148425787,Reinvestor,5.8425275253835975,0.5360050897262221,4.771714570174726,32.86905328673115,88.14343551185657,1.733531451213472,100.0,43.32795415356352,27.491603491792485
1102,SHRIRAMFIN,Mar 2020,16561,4683,3565.0,22.0,14,8313,141,3439,27.0,2512,20.0,5.0,1267,227.0,17915,94735,1389,114266,489,0,2936,110841,114266,15.168166173540246,21.526477869693856,13.84632344835189,3.1583050577176928,2.198379220415521,SHRIRAMFIN,11.3,15.9,5.221860875316944,0.4305304944063515,0.1449337510720599,91799,1,,1,19.21,OK,30.35,OK,20.11,OK,-2519.0,Accrual Risk,0.3321055491818127,Asset Light,-70.65918653576438,Growth Funded by Debt,5.837541296023337,0.03196114968022375,5.791587283475525,32.77673916325085,57.40312319259688,33.59088657751362,98.42995857142077,43.208964791625306,27.477341985941095
1099,SHRIRAMFIN,Mar 2017,10903,3712,1972.0,18.0,1,5219,35,1938,35.0,1266,10.0,7.0,1264,227.0,11105,53080,10034,74446,136,0,1518,72791,74446,11.611483078051911,18.08676511052004,11.17190257677374,3.0615413277029124,1.7005614808048786,SHRIRAMFIN,11.3,15.9,4.684080480056477,0.3780417704541099,0.1464551486983854,51562,0,,1,19.21,OK,30.35,OK,20.11,OK,-2679.0,Accrual Risk,0.0183435751627992,Asset Light,-135.8519269776876,Growth Funded by Debt,5.823450944873136,0.031794547247005686,5.432202336592471,32.730291805524914,57.40312319259688,33.59088657751362,98.5916514085524,43.208487816533726,27.44845160963663
1096,SHRIRAMFIN,Mar 2014,8476,2244,1999.0,24.0,4,4233,33,1970,31.0,1358,11.0,12.0,1261,227.0,8283,38630,5192,52332,155,0,2435,49742,52332,16.021708352996697,23.58423784804153,15.957696827262044,4.240560033941451,2.5949705724986623,SHRIRAMFIN,11.3,15.9,4.539365452408931,0.4731868651074887,0.1619659099594894,36195,0,,1,19.21,OK,30.35,OK,20.11,OK,-4167.0,Accrual Risk,1.321378008494573,Asset Light,-208.45422711355675,Growth Funded by Debt,5.8486651967654355,0.033824516381504174,5.877833429840242,32.298331378673694,57.40312319259688,33.59088657751362,98.63516244689097,43.20935241823897,27.43660012355014
1058,SBILIFE,Mar 2015,23399,22505,794.0,3.0,183,4,34,939,13.0,815,8.0,15.0,1189,1000.0,3056,0,70064,74121,292,7,69385,4437,74121,3.4830548314030514,3.393307406299414,20.09368836291913,19.57593688362919,1.0995534329002576,SBILIFE,13.2,12.0,0.0,244.25,0.3156865125942715,-69385,0,,0,24.32,OK,11.14,OK,11.38,OK,2533.0,High Quality,0.7607162699260652,Asset Light,319.0176322418136,Reinvestor,5.8704559230161175,0.060228119230253584,4.610865524951814,34.24331448344732,72.18045112781955,14.561664190193166,100.0,45.424599027670496,27.42961640857252
1103,SHRIRAMFIN,Mar 2021,17422,4932,3402.0,20.0,14,9089,137,3278,24.0,2499,18.0,18.0,1268,253.0,21464,106546,1647,129910,437,0,3347,126126,129910,14.343932958328551,19.527034783606933,11.50711424229866,2.652362723466627,1.9236394426910937,SHRIRAMFIN,11.3,15.9,4.906110420407975,0.3758389261744966,0.1341082287737664,103199,0,,1,19.21,OK,30.35,OK,20.11,OK,-4264.0,Accrual Risk,0.1434967282745953,Asset Light,-125.33803644914757,Growth Funded by Debt,5.825217028187503,0.03109004617954868,5.708302660607703,32.270172668052346,57.40312319259688,33.59088657751362,98.52489432462,43.20846779886569,27.400561524531035
1064,SBILIFE,Mar 2021,81913,81040,872.0,1.0,867,0,99,1640,11.0,1456,15.0,17.0,1195,1000.0,9400,0,216430,226830,564,1,218756,7509,226830,1.7774956356133946,1.0645440894607694,14.000000000000002,8.384615384615385,0.641890402504078,SBILIFE,13.2,12.0,0.0,,0.3611206630516245,-218756,0,Debt Free,0,24.32,OK,11.14,OK,11.38,OK,4675.0,High Quality,23.44316530953573,Capital Intensive,536.1238532110092,Mixed,5.838350950404697,0.040959521457343405,4.438527342288786,34.86512848500331,72.18045112781955,14.561664190193166,100.0,43.205052478531506,27.38793475741366
1061,SBILIFE,Mar 2018,34068,32736,1332.0,4.0,156,6,59,1422,19.0,1150,12.0,17.0,1192,1000.0,5528,0,115193,121720,511,70,114436,6703,121720,3.3756017377010687,3.9098274040154983,17.61642156862745,20.40441176470588,0.9447913243509694,SBILIFE,13.2,12.0,0.0,248.0,0.2798882681564246,-114436,0,,0,24.32,OK,11.14,OK,11.38,OK,1485.0,High Quality,26.153575202536107,Capital Intensive,111.48648648648648,Reinvestor,5.857404290270032,0.061654541413713605,4.600007930014134,33.93908429034243,72.18045112781955,14.561664190193166,100.0,45.45867599618338,27.382784865845093
1101,SHRIRAMFIN,Mar 2019,15536,4171,3801.0,24.0,20,7564,43,3778,32.0,2576,20.0,11.0,1266,227.0,15736,87914,1542,105419,147,0,4126,101146,105419,16.580844490216272,24.46575695159629,16.13731754682704,3.6591353235076096,2.443582276439731,SHRIRAMFIN,11.3,15.9,5.507360771784752,0.5051560021152829,0.1473738130697502,83788,1,,1,19.21,OK,30.35,OK,20.11,OK,-5611.0,Accrual Risk,0.4891864057672502,Asset Light,-147.61904761904762,Growth Funded by Debt,5.8496115395940524,0.032823451504441374,5.934331325655012,31.87914397519711,57.40312319259688,33.59088657751362,98.34411816394682,43.20964292791236,27.35032374473597
1056,SBILIFE,Mar 2013,14870,14443,427.0,3.0,292,4,25,690,9.0,630,6.0,8.0,1187,1000.0,1736,0,50978,53714,283,3,50047,3382,53714,4.236718224613315,2.8715534633490245,23.026315789473685,15.60672514619883,1.1728785791413785,SBILIFE,13.2,12.0,0.0,179.75,0.276836578917973,-50047,0,,0,24.32,OK,11.14,OK,11.38,OK,903.0,High Quality,1.5265635507733692,Asset Light,211.47540983606555,Reinvestor,5.885906651310981,0.05339415020784642,4.687019422070214,33.770132026614334,72.18045112781955,14.561664190193166,100.0,44.838475169248944,27.338582449180322
1098,SHRIRAMFIN,Mar 2016,10359,3447,1824.0,18.0,3,5088,38,1789,34.0,1184,9.0,19.0,1263,227.0,9949,49790,8048,68013,152,0,1340,66522,68013,11.429674679023073,17.607877208224732,11.635220125786164,3.0417236433979253,1.740843662241042,SHRIRAMFIN,11.3,15.9,4.892885220125786,0.3590801886792453,0.1523091173746195,48450,0,,1,19.21,OK,30.35,OK,20.11,OK,-5543.0,Accrual Risk,0.3475238922675934,Asset Light,-303.89254385964915,Growth Funded by Debt,5.825891961928085,0.03176042625533397,5.41383151184546,31.898884102230635,57.40312319259688,33.59088657751362,98.52887070638124,43.208315509007036,27.315979426533417
1095,SHRIRAMFIN,Mar 2013,7009,1738,2179.0,31.0,7,3092,23,2163,32.0,1463,12.0,11.0,1260,227.0,7111,33386,6550,47274,72,0,3280,43922,47274,20.873163076045085,31.088600370951635,19.937312619242302,5.350653177487477,3.0947243728053477,SHRIRAMFIN,11.3,15.9,4.549741073862088,0.7069857697283312,0.1482633159876465,30106,0,,1,19.21,OK,30.35,OK,20.11,OK,-8400.0,Accrual Risk,0.5849621914681125,Asset Light,-385.497934832492,Growth Funded by Debt,5.869632047775239,0.035735813298078206,6.368048540700125,31.069508470836865,57.40312319259688,33.59088657751362,98.63204283954838,43.21147699368193,27.30442862384162
1063,SBILIFE,Mar 2020,43798,42447,1351.0,3.0,529,0,89,1790,21.0,1422,14.0,0.0,1194,1000.0,7743,0,156837,165580,568,13,158813,6186,165580,3.246723594684689,3.0846157358783506,16.264440123527393,15.452361889511607,0.8587993719048195,SBILIFE,13.2,12.0,0.0,,0.2645126222973789,-158813,0,Debt Free,0,24.32,OK,11.14,OK,11.38,OK,2313.0,High Quality,38.78259281245719,Capital Intensive,171.20651369356034,Reinvestor,5.85028129272224,0.053128376098481,4.586985441549788,34.17944936657416,72.18045112781955,14.561664190193166,100.0,43.205052478531506,27.302935136387134
1062,SBILIFE,Mar 2019,44604,43130,1474.0,3.0,266,8,92,1642,19.0,1327,13.0,15.0,1193,1000.0,6576,0,139157,146734,563,32,139325,6814,146734,2.975069500493229,3.304636355483813,17.51583949313622,19.456177402323124,0.9043575449452752,SBILIFE,13.2,12.0,0.0,217.5,0.303978627993512,-139325,0,,0,24.32,OK,11.14,OK,11.38,OK,-79.0,High Quality,30.382925298179536,Capital Intensive,-5.359565807327002,Reinvestor,5.856874367407796,0.06002192398557383,4.55953616097278,33.485061368571394,72.18045112781955,14.561664190193166,100.0,45.18151665227862,27.296533533307915
632,ICICIBANK,Mar 2013,44885,28285,31684.0,-15085.0,-34,29320,625,13610,26.0,10130,15.0,24.0,719,1154.0,67609,487659,118401,674822,5473,0,255667,413682,674822,22.568786899855187,70.58928372507519,14.731759812689964,5.694239264443175,1.5011365960208765,ICICIBANK,7.6,18.8,7.091880807992671,1.079467939972715,0.0665138362412606,231992,1,,1,16.31,OK,36.1,OK,36.08,OK,-1069.0,High Quality,41.35680071293305,Capital Intensive,-3.373942684004545,Mixed,5.842206272066288,0.036327380800673936,6.539382803971046,33.19766834264215,49.01677270098323,39.286775631500745,97.8677052221506,43.2148618105318,27.291420656673488
1060,SBILIFE,Mar 2017,30548,29479,1068.0,4.0,139,5,48,1154,17.0,955,10.0,16.0,1191,1000.0,4552,0,96687,102240,507,31,95830,5871,102240,3.126227576273405,3.496137226659683,17.201008645533143,19.23631123919308,0.9340766823161188,SBILIFE,13.2,12.0,0.0,241.4,0.2987871674491393,-95830,0,,0,24.32,OK,11.14,OK,11.38,OK,-507.0,High Quality,29.56658373706953,Capital Intensive,-47.47191011235955,Reinvestor,5.855215661688444,0.05964337059832647,4.574809924638741,33.360814686654514,72.18045112781955,14.561664190193166,100.0,45.3987005316007,27.289996440156457
1057,SBILIFE,Mar 2014,17258,16747,511.0,3.0,344,5,35,816,11.0,728,7.0,14.0,1188,1000.0,2356,0,57284,60640,304,4,56275,4058,60640,4.218333526480473,2.9609456483949472,21.69249106078665,15.226460071513706,1.2005277044854883,SBILIFE,13.2,12.0,0.0,171.0,0.2845976253298153,-56275,0,,0,24.32,OK,11.14,OK,11.38,OK,-542.0,Accrual Risk,4.102445242785954,Moderate,-106.0665362035225,Reinvestor,5.878879313542361,0.052739430854833555,4.685161740746198,33.350654327151965,72.18045112781955,14.561664190193166,100.0,44.75896224271889,27.270379807201472
1059,SBILIFE,Mar 2016,19324,18404,920.0,5.0,129,5,37,1007,16.0,844,8.0,14.0,1190,1000.0,3733,0,78696,83429,301,146,77843,5139,83429,4.367625750362244,4.760919064375906,17.832241707162478,19.437988590745828,1.0116386388426086,SBILIFE,13.2,12.0,0.0,209.8,0.2316220978316892,-77843,0,,0,24.32,OK,11.14,OK,11.38,OK,-1426.0,High Quality,37.280066238873935,Capital Intensive,-155.0,Reinvestor,5.858541351967972,0.059990607496785524,4.700246969457708,33.094032675716164,72.18045112781955,14.561664190193166,100.0,45.11154527693216,27.248698657495947
1104,SHRIRAMFIN,Mar 2022,19255,5816,3666.0,19.0,18,9773,135,3549,24.0,2721,20.0,20.0,1269,271.0,25824,114846,1328,142268,418,0,6971,134879,142268,14.13139444300182,19.03921059465074,10.427284920482853,2.601088398691651,1.9125875108949308,SHRIRAMFIN,11.3,15.9,4.401073002490898,0.3769569221324056,0.135343155171929,107875,0,,1,19.21,OK,30.35,OK,20.11,OK,-8893.0,Accrual Risk,0.1765775123344586,Asset Light,-242.58046917621385,Growth Funded by Debt,5.819527880870278,0.031001764885846803,5.686826712093147,30.926392549843822,57.40312319259688,33.59088657751362,98.6767424278241,43.20847795830917,27.211170030013932
1066,SBILIFE,Mar 2023,80636,80514,122.0,0.0,1862,10,68,1906,10.0,1721,17.0,15.0,1197,1001.0,12017,0,301582,314599,867,1,303988,9743,314599,2.1342824544868297,0.1512971873604841,13.220156706099248,0.937163926870487,0.547045604086472,SBILIFE,13.2,12.0,0.0,198.4,0.2563135928594814,-303988,0,,0,24.32,OK,11.14,OK,11.38,OK,-1547.0,High Quality,37.45597499875986,Capital Intensive,-1268.032786885246,Reinvestor,5.834242297959614,0.02813691184996097,4.474578856721449,33.05890686143592,72.18045112781955,14.561664190193166,100.0,45.007951292653004,27.208853047200392
1067,SBILIFE,Mar 2024,131988,131742,246.0,0.0,1917,9,76,2078,9.0,1894,19.0,14.0,1198,1001.0,13907,0,383390,398299,1198,6,384943,12152,398299,1.4349789374791648,0.186380580052732,12.704588140595655,1.650120740541991,0.4755221579767963,SBILIFE,13.2,12.0,0.0,240.33333333333331,0.3313791900054983,-384943,0,,0,24.32,OK,11.14,OK,11.38,OK,-2099.0,High Quality,23.6544231293754,Capital Intensive,-853.2520325203253,Reinvestor,5.8315259932047585,0.02936444142037877,4.403917751819038,32.89866347728144,72.18045112781955,14.561664190193166,100.0,45.389007527223704,27.19651854805933
1065,SBILIFE,Mar 2022,82983,82254,730.0,1.0,1032,0,75,1687,11.0,1506,15.0,13.0,1196,1000.0,10622,0,261715,273337,919,3,264437,7978,273337,1.8148295434004555,0.8796982514490921,12.958182756840475,6.281190844949235,0.5509682187190171,SBILIFE,13.2,12.0,0.0,,0.3035922688841979,-264437,0,Debt Free,0,24.32,OK,11.14,OK,11.38,OK,241.0,High Quality,26.04268344118675,Capital Intensive,33.013698630136986,Reinvestor,5.832862072066042,0.03733796153664348,4.44229974598818,33.57795608402327,72.18045112781955,14.561664190193166,100.0,43.205052478531506,27.194050649893725
539,HAL,Mar 2023,26928,20258,6669.0,25.0,1672,64,1784,6493,10.0,5811,87.0,32.0,614,5.0,172,47,47,271,57,23,35,156,271,21.57976827094474,24.766042780748663,3283.050847457627,2977.2321428571427,2144.280442804428,HAL,38.9,28.9,0.2655367231638418,130.328125,99.36531365313652,12,0,,0,7.76,OK,24.41,OK,24.77,OK,3102.0,High Quality,21.29382055852644,Capital Intensive,46.51372019793072,Reinvestor,23.061546767509107,5.152556830229864,6.43944744344702,34.40849289936019,24.291497975708502,27.706785537394747,99.92016186066024,44.389369121722936,27.19101937086058
1105,SHRIRAMFIN,Mar 2023,30492,8706,8799.0,29.0,16,12987,601,8214,27.0,6020,32.0,22.0,1270,374.0,43138,164202,2858,210573,3714,66,7430,199363,210573,19.74288337924701,28.856749311294767,13.835263835263836,4.236113117074439,2.8588660464541986,SHRIRAMFIN,11.3,15.9,3.773717595146167,0.6787556787556788,0.1448048895157498,156772,0,,1,19.21,OK,30.35,OK,20.11,OK,-12549.0,Accrual Risk,16.646989374262102,Capital Intensive,-142.618479372656,Distress Signal,5.837483027770328,0.03381685992623679,6.253839459404115,29.865070425806152,57.40312319259688,33.59088657751362,98.86536751828375,43.211220461436284,27.130647401880747
1097,SHRIRAMFIN,Mar 2015,9177,2781,1691.0,18.0,2,4706,43,1650,38.0,1028,8.0,22.0,1262,227.0,9039,46695,6193,62154,154,0,3037,58962,62154,11.201917838073443,18.426501035196686,11.094323332613858,3.02174728829006,1.6539563020883612,SHRIRAMFIN,11.3,15.9,5.039391323116771,0.3597535061623459,0.1476493870064678,43658,1,,1,19.21,OK,30.35,OK,20.11,OK,-9656.0,Accrual Risk,0.4903563255966001,Asset Light,-571.0230632761679,Growth Funded by Debt,5.823042213845122,0.031726032073058345,5.390817828031244,30.704896712688257,57.40312319259688,33.59088657751362,98.48482115072899,43.20832162757202,27.129744398452985
568,HDFCBANK,Mar 2013,35861,19695,12631.0,3534.0,10,7133,663,10004,31.0,6903,14.0,19.0,656,476.0,36167,335588,35492,407723,2773,0,110960,293989,407723,19.249323777920303,35.22210758205293,18.838523046693776,3.3933229634286235,1.6930612204854767,HDFCBANK,7.67,17.1,9.158311273640258,1.7721856161502874,0.087954321929349,224628,1,,0,21.91,OK,21.46,OK,12.72,OK,-6749.0,Accrual Risk,2.5152672820055213,Asset Light,-53.43203230148048,Growth Funded by Debt,5.863843007208766,0.03236579049900236,6.2039677428794056,31.54878714337138,65.2111046847889,24.78454680534918,97.24639770021321,43.22115666878232,27.12079062839911
1100,SHRIRAMFIN,Mar 2018,13502,3288,3805.0,28.0,127,6409,37,3896,35.0,2549,20.0,10.0,1265,227.0,13463,82131,1539,97360,122,0,2456,94782,97360,18.87868463931269,28.181010220708043,18.619430241051862,3.970945826071529,2.6181183237469186,SHRIRAMFIN,11.3,15.9,5.999342585829072,0.6135122484006865,0.1386811832374692,79675,1,,1,19.21,OK,30.35,OK,20.11,OK,-13056.0,Accrual Risk,0.6369426751592357,Asset Light,-343.1274638633377,Distress Signal,5.862688703262522,0.03336030956502006,6.166516521175048,29.71789036101209,57.40312319259688,33.59088657751362,98.19619545045433,43.210627581883784,27.03662644386587
538,HAL,Mar 2022,24620,19200,5420.0,22.0,986,65,1110,5231,3.0,5086,76.0,26.0,613,5.0,148,12,36,202,45,1,29,127,202,20.65800162469537,22.014622258326565,3324.183006535948,3284.848484848485,2517.8217821782177,HAL,38.9,28.9,0.0784313725490196,98.55384615384617,121.88118811881188,-17,0,,0,7.76,OK,24.41,OK,24.77,OK,-2609.0,High Quality,51.94557270511779,Capital Intensive,-48.13653136531365,Reinvestor,23.278254082030443,5.682193617335613,6.346307557686293,32.75061252453001,24.291497975708502,27.706785537394747,99.97641827173445,44.10063016178697,27.00968179505938
976,ONGC,Mar 2024,591396,488561,102835.0,17.0,12982,10194,28763,76860,26.0,57101,39.0,31.0,856,6290.0,330780,153181,219523,709774,298454,116022,102207,193091,709774,9.6552901947257,17.388518015001793,16.940398136885513,20.9759898500972,8.044955154739396,ONGC,19.71,14.32,0.4544486308481917,11.361290955463998,0.8332173339682772,50974,0,,0,10.67,OK,29.87,OK,29.67,OK,42060.0,High Quality,9.672537521390066,Capital Intensive,40.90047162930909,Reinvestor,5.853842619165742,0.06263865291691598,5.234538879772551,45.71784391365436,32.70676691729324,33.11540366518078,99.86336227742768,43.308294706306185,26.999438754497444
1167,TATAPOWER,Mar 2021,32703,25782,6921.0,21.0,1775,4010,2745,1941,26.0,1439,4.0,44.0,1461,320.0,22003,46708,29625,98655,52179,3270,13149,30056,98655,4.400207931994006,21.163196037060818,6.446266182860727,10.02593037910504,1.4586184177183112,TATAPOWER,11.1,11.3,2.092371097074766,2.1685785536159603,0.3314885206020982,33559,0,,0,16.86,OK,27.32,OK,24.57,OK,9338.0,High Quality,3.0364186771855795,Moderate,134.92269903193178,Liquidating Assets,5.798553638354916,0.043785446746886225,4.703539235116664,36.218778666728596,50.607287449392715,30.58940069341258,99.37089298531536,43.22475876735531,26.995328365128717
633,ICICIBANK,Mar 2014,49479,29711,32852.0,-13084.0,-26,30085,719,16282,28.0,11677,17.0,24.0,720,1155.0,75275,543055,128278,747762,5507,0,267609,474646,747762,23.599911073384668,66.39584470179268,15.278032186314276,5.303114683971363,1.5615931272249726,ICICIBANK,7.6,18.8,7.105259714771687,1.0911085258434436,0.0661694496377189,275446,1,,1,16.31,OK,36.1,OK,36.08,OK,-8985.0,Moderate,31.83168616989025,Capital Intensive,-27.34993303299647,Mixed,5.8450843417260865,0.03565396415181136,6.643572718108687,30.899685319151406,49.01677270098323,39.286775631500745,97.86368262591265,43.21496759076599,26.957109592735634
577,HDFCBANK,Mar 2022,135936,58584,56557.0,20795.0,15,31759,1681,50873,25.0,38151,69.0,23.0,665,555.0,246772,1784970,90639,2122934,6432,0,449264,1667238,2122934,28.06541313559322,41.60560852165725,15.425327602728371,2.7829101750383924,1.7970883692097823,HDFCBANK,7.67,17.1,7.217044641304831,1.7812903428949274,0.064032136656156,1335706,1,,0,21.91,OK,21.46,OK,12.72,OK,-14011.0,Accrual Risk,1.5087982580037664,Asset Light,-24.77323761868557,Growth Funded by Debt,5.845860376703284,0.03131481555417852,7.094789252825744,29.440657694585397,65.2111046847889,24.78454680534918,97.8300725834511,43.22123940517875,26.949222495149154
274,BANKBARODA,Mar 2018,46056,29160,26093.0,-9197.0,-20,7992,901,-2106,-9.0,-1836,-7.0,0.0,354,530.0,46036,672311,28919,747796,5532,0,175137,567126,747796,-3.986451276706618,56.65494180997048,-3.942790877464245,3.6296890845026337,-0.2455215058652359,BANKBARODA,6.33,16.7,14.437808701627796,3.2623873873873874,0.0615889895105082,497174,1,,0,9.49,OK,83.02,OK,81.14,OK,-60106.0,High Quality,0.8989056800416885,Asset Light,-230.3529682290269,Growth Funded by Debt,5.743818251095887,0.032772752600352,3.8561094829218554,16.059464229728633,29.294389820705614,85.76523031203565,95.65902686021265,43.234698417805326,26.892980215861556
1211,TITAN,Mar 2013,10123,9109,1014.0,10.0,99,51,56,1006,28.0,725,8.0,26.0,1375,89.0,1881,0,3914,5884,464,42,3,5375,5884,7.161908525140769,10.01679344067964,36.80203045685279,51.47208121827411,12.32154996600952,TITAN,22.7,32.9,0.0,21.823529411764707,1.720428280081577,-3,0,,0,20.94,OK,16.78,OK,16.83,OK,411.0,Moderate,1.402746221475847,Asset Light,40.53254437869823,Reinvestor,5.958484852846557,0.1151451346823715,4.982595196620221,33.62730640160708,62.406015037593995,20.14858841010401,100.0,43.40336707175941,26.873271419656078
1166,TATAPOWER,Mar 2020,29136,22331,6805.0,23.0,2280,4494,2634,1958,33.0,1316,4.0,41.0,1460,270.0,19296,51936,18172,89674,47666,1612,14535,25861,89674,4.516749038989566,23.355985722130697,6.725953184094859,9.517216301641913,1.467537970872271,TATAPOWER,11.1,11.3,2.6544004906470406,2.021584334668447,0.3249102303900796,37401,0,,0,16.86,OK,27.32,OK,24.57,OK,6882.0,High Quality,1.692064799560681,Asset Light,101.13152094048496,Reinvestor,5.800027186554234,0.0429095710122004,4.715315128111016,35.50581172563545,50.607287449392715,30.58940069341258,99.20190927375025,43.22342300272315,26.872729198532486
1253,TVSMOTOR,Mar 2016,11377,10558,819.0,7.0,93,70,262,580,26.0,429,9.0,28.0,1339,48.0,1771,1091,2236,5146,2038,47,943,2118,5146,3.7707655796782986,7.198734288476752,23.58438702583837,28.144329896907216,8.336572094830936,TVSMOTOR,,,0.59978009895547,13.028571428571428,2.210843373493976,148,0,,0,17.87,OK,26.48,OK,26.43,OK,331.0,High Quality,5.317746330315549,Moderate,40.415140415140414,Reinvestor,5.8888468840061305,0.07498070394936983,4.639937249705066,33.60408272274411,53.52805089647196,29.757305596830115,99.81966589576359,43.32344560342197,26.872105755455646
1254,TVSMOTOR,Mar 2017,12463,11591,871.0,7.0,163,60,317,658,23.0,509,11.0,23.0,1340,48.0,2169,1311,2601,6128,2362,64,1155,2547,6128,4.084088903153334,6.988686512075744,22.95895354082093,24.688208616780045,8.306135770234988,TVSMOTOR,,,0.591339648173207,17.233333333333334,2.033779373368146,156,0,,0,17.87,OK,26.48,OK,26.43,OK,-20.0,High Quality,5.688838963331461,Moderate,-2.2962112514351323,Reinvestor,5.885551749153331,0.069030145670168,4.671596996424457,33.50218883173284,53.52805089647196,29.757305596830115,99.82220366107761,43.36165508049737,26.861062570805228
1222,TITAN,Mar 2024,51084,45792,5292.0,10.0,534,619,584,4623,24.0,3496,39.0,28.0,1386,89.0,9304,15528,6626,31547,3709,97,2345,25396,31547,6.843630099444054,10.359408033826638,37.2192057915469,21.23510292524377,11.08187783307446,TITAN,22.7,32.9,1.653145959757266,9.411954765751211,1.619298190002219,13183,0,,0,20.94,OK,16.78,OK,16.83,OK,1506.0,Accrual Risk,0.3699788583509513,Asset Light,28.45804988662132,Reinvestor,5.960682766802252,0.06308477946445025,4.950434761731285,33.94518050604397,62.406015037593995,20.14858841010401,99.50295350521958,43.290580714850755,26.857516176080807
1217,TITAN,Mar 2019,19779,17785,1994.0,10.0,178,53,163,1957,29.0,1389,16.0,32.0,1381,89.0,5981,2393,3247,11710,1567,32,108,10003,11710,7.022599726983164,10.081399464078062,22.8830313014827,23.56138485170743,11.861656703672075,TITAN,22.7,32.9,0.3942339373970346,40.9811320754717,1.689069171648164,2285,0,,0,20.94,OK,16.78,OK,16.83,OK,446.0,Moderate,4.029526265230801,Moderate,22.36710130391173,Reinvestor,5.885151748157321,0.06709004289570532,4.968518742890138,33.63746676110963,62.406015037593995,20.14858841010401,99.88146685079433,43.57745587782699,26.85443347870921
1213,TITAN,Mar 2015,11913,10761,1153.0,10.0,67,81,90,1049,22.0,816,9.0,25.0,1377,89.0,2995,100,2684,5868,699,55,3,5111,5868,6.849660035255603,9.678502476286411,26.4591439688716,36.212311557788944,13.905930470347649,TITAN,22.7,32.9,0.0324254215304799,15.061728395061728,2.030163599182004,97,0,,0,20.94,OK,16.78,OK,16.83,OK,385.0,Moderate,0.9905145639217662,Asset Light,33.39115351257589,Reinvestor,5.903992718092788,0.0888717081061573,4.951044056431757,33.619758705976615,62.406015037593995,20.14858841010401,99.9902507446373,43.34192129033633,26.85413577381455
1214,TITAN,Mar 2016,11276,10337,939.0,8.0,69,42,98,868,22.0,675,8.0,29.0,1378,89.0,3418,113,2723,6342,771,107,30,5434,6342,5.9861653068464,8.32742107130188,19.24721984602224,25.939226519337016,10.64333017975402,TITAN,22.7,32.9,0.0322212717422298,24.0,1.7779880163986124,83,0,,0,20.94,OK,16.78,OK,16.83,OK,417.0,Moderate,1.4100744945015964,Asset Light,44.40894568690096,Reinvestor,5.86599625147847,0.07118407903480276,4.863792255028144,33.6290481775218,62.406015037593995,20.14858841010401,99.9903121257489,43.42314507701395,26.843403108951726
1251,TVSMOTOR,Mar 2014,8384,7892,492.0,6.0,44,80,149,307,39.0,187,4.0,37.0,1337,48.0,1113,728,1743,3632,1517,48,439,1628,3632,2.23043893129771,5.868320610687023,16.1068044788975,26.045526733721548,5.148678414096916,TVSMOTOR,,,0.6270456503014643,6.7,2.308370044052864,289,0,,0,17.87,OK,26.48,OK,26.43,OK,235.0,High Quality,2.802958015267176,Asset Light,47.76422764227642,Reinvestor,5.849450779615559,0.07136710085884115,4.48429498531187,33.57621430810855,53.52805089647196,29.757305596830115,99.81146804327223,43.26593666227453,26.842395258546844
1250,TVSMOTOR,Mar 2013,7510,7072,438.0,6.0,130,103,176,290,32.0,198,4.0,30.0,1336,48.0,851,1068,1415,3381,1593,36,348,1404,3381,2.6364846870838883,5.832223701731025,22.024471635150167,22.26741230299949,5.85625554569654,TVSMOTOR,,,1.1879866518353726,5.514563106796117,2.2212363206152026,720,0,,0,17.87,OK,26.48,OK,26.43,OK,344.0,High Quality,1.5978695073235687,Asset Light,78.53881278538812,Reinvestor,5.880628373653857,0.06486215259942192,4.525323867688377,33.60785657055934,53.52805089647196,29.757305596830115,99.64281157531462,43.2551643700922,26.83786636902704
1215,TITAN,Mar 2017,13261,12097,1164.0,9.0,-42,38,111,973,28.0,697,8.0,32.0,1379,89.0,4144,1882,2293,8408,1189,152,431,6636,8408,5.256013875273358,8.777618580800844,16.46586345381526,19.03515944399019,8.289724072312083,TITAN,22.7,32.9,0.4446019371604063,29.526315789473685,1.5771883920076115,1451,0,,0,20.94,OK,16.78,OK,16.83,OK,759.0,High Quality,7.186486690294849,Moderate,65.20618556701031,Reinvestor,5.851342503948849,0.059297038573694276,4.790014123435445,33.728329404661,62.406015037593995,20.14858841010401,99.86632285362715,43.47336376745398,26.837642720997607
1220,TITAN,Mar 2022,28799,25455,3344.0,12.0,177,218,399,2904,24.0,2198,24.0,31.0,1384,89.0,9214,7275,4610,21188,2544,85,294,18265,21188,7.632209451717073,11.61151428869058,23.6267870579383,20.1713113765231,10.37379648857844,TITAN,22.7,32.9,0.782005804579168,16.15137614678899,1.3592127619407213,6981,0,,0,20.94,OK,16.78,OK,16.83,OK,441.0,Accrual Risk,4.04527934997743,Moderate,13.1877990430622,Other,5.889070271187788,0.06125320207045562,5.030116740985835,33.63601528118069,62.406015037593995,20.14858841010401,99.76487663308261,43.351823128236525,26.837438991650792
1164,TATAPOWER,Mar 2018,26840,24545,2295.0,9.0,6586,3761,2346,2773,6.0,2611,9.0,15.0,1458,270.0,16129,48589,16903,81892,44656,1653,12429,23154,81892,9.728017883755587,8.550670640834575,15.92170254283798,3.5314211854496214,3.1883456259463685,TATAPOWER,11.1,11.3,2.962924568571254,2.3613400691305504,0.3277487422458848,36160,0,,0,16.86,OK,27.32,OK,24.57,OK,4852.0,High Quality,5.633383010432191,Moderate,211.41612200435728,Reinvestor,5.848475558660107,0.032603560372159085,5.2418876471373155,34.91651087448763,50.607287449392715,30.58940069341258,99.1091462538956,43.22651042818057,26.83410604680223
1219,TITAN,Mar 2021,21644,19919,1725.0,8.0,180,203,375,1327,27.0,974,11.0,37.0,1383,89.0,7408,5638,3309,16444,2523,32,2824,11065,16444,4.500092404361486,7.969876178155609,12.99186341203148,13.132851161020175,5.923133057650206,TITAN,22.7,32.9,0.7520341469921302,9.38423645320197,1.316224762831428,2814,0,,0,20.94,OK,16.78,OK,16.83,OK,1340.0,High Quality,12.931990389946405,Capital Intensive,77.68115942028986,Reinvestor,5.833039520673198,0.04913477094102128,4.713632058916953,33.8969913724033,62.406015037593995,20.14858841010401,99.7738881225149,43.290328833233694,26.83314691563025
1216,TITAN,Mar 2018,16120,14476,1644.0,10.0,70,53,131,1530,28.0,1102,13.0,29.0,1380,89.0,5001,1691,2740,9521,1474,43,36,7968,9521,6.836228287841191,10.198511166253102,21.650294695481332,24.244211768175784,11.57441445226342,TITAN,22.7,32.9,0.3322200392927308,32.33962264150944,1.6930994643419808,1655,0,,0,20.94,OK,16.78,OK,16.83,OK,47.0,Accrual Risk,0.607940446650124,Asset Light,2.858880778588808,Other,5.878656999391761,0.06826569647719745,4.949686845878701,33.521638662780575,62.406015037593995,20.14858841010401,99.90011238569006,43.49892882585769,26.832257628193133
1252,TVSMOTOR,Mar 2015,10256,9650,605.0,6.0,80,62,179,444,28.0,328,7.0,28.0,1338,48.0,1277,1119,2126,4570,1637,93,539,2301,4570,3.1981279251170043,5.898985959438377,24.754716981132077,24.754500818330605,7.177242888402626,TVSMOTOR,,,0.8445283018867924,11.048387096774194,2.2442013129102847,580,0,,0,17.87,OK,26.48,OK,26.43,OK,-332.0,Accrual Risk,4.046411856474259,Moderate,-54.87603305785124,Mixed,5.89501283948716,0.06914428391266877,4.582075093436829,33.411616484167254,53.52805089647196,29.757305596830115,99.7460781791722,43.30545128898882,26.829532367979983
537,HAL,Mar 2021,22882,17541,5341.0,23.0,360,267,1157,4277,24.0,3239,48.0,31.0,612,5.0,139,6,36,186,45,0,17,124,186,14.155231186085132,23.341491128397863,2249.305555555556,3560.666666666667,1741.3978494623657,HAL,38.9,28.9,0.0416666666666666,21.352059925093634,123.02150537634408,-11,0,,0,7.76,OK,24.41,OK,24.77,OK,13934.0,High Quality,5.200594353640416,Moderate,260.8874742557573,Reinvestor,17.615196001418767,6.157082092693798,5.689235295151257,37.552979017406145,24.291497975708502,27.706785537394747,99.98747220685893,43.39908273819886,26.828387700514405
1218,TITAN,Mar 2020,21052,18589,2463.0,12.0,153,166,348,2102,29.0,1493,17.0,24.0,1382,89.0,6580,3562,3313,13544,2633,18,158,10735,13544,7.091962758882767,11.69960098802964,22.38716449242765,24.073893070081127,11.02333136444182,TITAN,22.7,32.9,0.5341130604288499,15.759036144578314,1.554341405788541,3404,0,,0,20.94,OK,16.78,OK,16.83,OK,-113.0,Accrual Risk,1.116283488504655,Asset Light,-4.587900933820544,Other,5.882539243320267,0.0679724511721563,4.975527528566462,33.475191305054636,62.406015037593995,20.14858841010401,99.83940980955997,43.34825785946275,26.81482379892903
1165,TATAPOWER,Mar 2019,29881,26811,3070.0,10.0,7186,4170,2393,3693,29.0,2606,9.0,15.0,1459,270.0,18035,48506,17262,84073,44305,2576,13542,23651,84073,8.721261001974499,10.27408721261002,14.236547391423109,4.595051713041266,3.099687176620318,TATAPOWER,11.1,11.3,2.649877082764272,2.4594724220623503,0.3554173159040358,34964,0,,0,16.86,OK,27.32,OK,24.57,OK,4302.0,High Quality,0.9102774338208226,Asset Light,140.13029315960912,Reinvestor,5.839597214911618,0.034434860528888354,5.140159925333253,34.75684808230472,50.607287449392715,30.58940069341258,99.2032693133882,43.22740217567416,26.808292127571722
1221,TITAN,Mar 2023,40575,35693,4882.0,12.0,306,300,441,4447,26.0,3274,37.0,27.0,1385,89.0,11762,9367,5802,27020,2998,144,2515,21363,27020,8.069008009858287,12.03203943314849,27.626360644671337,23.008766141954943,12.116950407105849,TITAN,22.7,32.9,0.7903974348156274,17.293333333333333,1.5016654330125834,6852,0,,0,20.94,OK,16.78,OK,16.83,OK,-444.0,Accrual Risk,4.470733210104744,Moderate,-9.09463334698894,Mixed,5.910142271068975,0.06613857459583176,5.074253039441916,33.379103333759105,62.406015037593995,20.14858841010401,99.76235354649735,43.362200311993575,26.807231717147204
1212,TITAN,Mar 2014,10927,9880,1047.0,10.0,117,87,68,1010,27.0,735,8.0,25.0,1376,89.0,2434,807,2781,6111,614,33,3,5461,6111,6.726457399103139,9.58176992770202,29.131985731272295,31.44144144144144,12.027491408934708,TITAN,22.7,32.9,0.3198573127229488,13.379310344827584,1.788087056128293,804,0,,0,20.94,OK,16.78,OK,16.83,OK,-826.0,Accrual Risk,2.4800951770842867,Asset Light,-78.89207258834766,Growth Funded by Debt,5.91807474960899,0.08065748806906892,4.938595049404487,33.26821026718842,62.406015037593995,20.14858841010401,99.90382945003708,43.32663283515678,26.792042937798318
1170,TATAPOWER,Mar 2024,61449,50714,10735.0,17.0,3416,4633,3786,5732,25.0,4280,12.0,17.0,1464,320.0,32036,53689,53010,139054,67210,11561,16316,43968,139054,6.965125551270159,17.469771680580646,13.227840276919272,12.476029984310536,3.0779409438060035,TATAPOWER,11.1,11.3,1.659321300531586,3.054392402331103,0.4419074604110633,37373,0,,0,16.86,OK,27.32,OK,24.57,OK,3569.0,High Quality,14.69023092320461,Capital Intensive,33.24639031206335,Reinvestor,5.834282779325914,0.048003892602492375,4.962711266364617,34.54406112472277,50.607287449392715,30.58940069341258,99.50109678381648,43.23280832752357,26.789242010542374
974,ONGC,Mar 2022,491246,411373,79874.0,16.0,6797,5696,26883,54091,9.0,49294,36.0,29.0,854,6290.0,253213,121986,201771,583260,254402,106719,66642,155496,583260,10.03448374134344,16.259470815029538,18.995541477362497,20.937432009835145,8.451462469567602,ONGC,19.71,14.32,0.4700754904567577,15.216116573033707,0.8422418818365738,55344,0,,0,10.67,OK,29.87,OK,29.67,OK,37051.0,High Quality,8.386226045606477,Capital Intensive,46.38680922452863,Reinvestor,5.864670268485661,0.06257226616222689,5.2728544814021925,44.26375132084674,32.70676691729324,33.11540366518078,99.8586637958768,43.34332424529087,26.788055563255927
1162,TATAPOWER,Mar 2016,29494,27389,2105.0,7.0,4060,3236,1649,1281,53.0,786,2.0,53.0,1456,270.0,11363,38849,19575,70057,36414,1345,11785,20513,70057,2.664948803146403,7.137044822675799,6.7566405914209575,4.169803098133988,1.1219435602438017,TATAPOWER,11.1,11.3,3.3395512765408752,1.9051297898640296,0.4210000428222732,27064,0,,0,16.86,OK,27.32,OK,24.57,OK,5610.0,High Quality,6.11988879094053,Moderate,266.5083135391924,Reinvestor,5.800188865050582,0.03370269100674054,4.52820002352362,35.136555231714254,50.607287449392715,30.58940069341258,98.99590701816322,43.222364757961415,26.777079639962682
1258,TVSMOTOR,Mar 2021,19421,17189,2232.0,11.0,36,881,565,822,26.0,608,13.0,28.0,1344,48.0,3779,12179,5859,21865,4221,1041,468,16135,21865,3.130631790330056,11.49271407239586,15.88711784687745,13.94477071098338,2.780699748456437,TVSMOTOR,,,3.182388293702639,2.5743473325766173,0.8882231877429683,11711,0,,0,17.87,OK,26.48,OK,26.43,OK,269.0,High Quality,4.541475722156429,Moderate,12.051971326164876,Mixed,5.848293347058453,0.05053268907192136,4.575254948328598,33.586084371625304,53.52805089647196,29.757305596830115,99.0431607462856,43.22844606599642,26.772009448801207
1255,TVSMOTOR,Mar 2018,16340,14769,1571.0,10.0,71,338,374,931,29.0,665,14.0,24.0,1341,48.0,2630,6928,3586,13190,3094,313,421,9362,13190,4.069767441860465,9.614443084455324,24.8319641523525,16.3543618571726,5.0416982562547386,TVSMOTOR,,,2.5870052277819267,4.8579881656804735,1.238817285822593,6507,0,,0,17.87,OK,26.48,OK,26.43,OK,-741.0,Moderate,6.701346389228887,Moderate,-47.16740929344367,Mixed,5.895419820968431,0.054681389705459334,4.6701498847566905,33.29288542598033,53.52805089647196,29.757305596830115,99.22217280763495,43.24919794780027,26.763941741972246
383,CHOLAFIN,Mar 2023,12884,5748,3621.0,3515.0,27,220,121,3615,26.0,2665,32.0,6.0,461,164.0,14182,97358,1923,113627,403,60,3562,109602,113627,20.68457000931388,28.104625892579943,18.576606719643102,3.241602807419609,2.345393260404657,CHOLAFIN,10.4,20.2,6.786421302105117,16.581818181818182,0.113388543215961,93796,1,,0,20.9,OK,29.59,OK,28.75,OK,-29253.0,Accrual Risk,16.671841043154302,Capital Intensive,-807.870753935377,Growth Funded by Debt,5.862463084901347,0.03210456713405493,6.34899215938921,25.015966279218294,62.290341237709654,32.838038632986624,97.95954682621625,43.35573463748302,26.74645347883568
1257,TVSMOTOR,Mar 2020,18849,16585,2264.0,12.0,12,855,556,865,25.0,647,13.0,27.0,1343,48.0,3235,11591,4399,19272,3811,1006,371,14085,19272,3.4325428404689906,12.011247281022866,19.70758452634785,15.221191340594324,3.3572021585720218,TVSMOTOR,,,3.5306122448979598,2.6619883040935672,0.9780510585305106,11220,0,,0,17.87,OK,26.48,OK,26.43,OK,-717.0,Moderate,5.782800148548994,Moderate,-31.66961130742049,Mixed,5.868421711162798,0.05273035944562882,4.6057615421983815,33.29985252963922,53.52805089647196,29.757305596830115,98.93846128322933,43.22924247629692,26.724934227752694
822,KOTAKBANK,Mar 2020,33474,15901,22578.0,-5005.0,-15,16892,465,11422,25.0,8593,45.0,0.0,1002,957.0,65680,326477,50059,443173,2675,0,111197,329301,443173,25.670669773555595,67.44936368524826,12.89523838107958,5.743372151589616,1.938971913902697,KOTAKBANK,7.86,15.1,4.899335204165854,1.335721051385271,0.0755325798277422,215280,0,,1,13.86,OK,21.26,OK,20.22,OK,33551.0,High Quality,39.03925434665711,Capital Intensive,148.60040747630435,Reinvestor,5.832530445743936,0.03641197508562321,6.85281247478326,43.247715370591855,41.93175245806825,24.586428925210498,98.52693140880162,43.21719043165418,26.716330118228004
575,HDFCBANK,Mar 2020,122189,62137,45459.0,14593.0,12,24879,1277,38195,29.0,27296,50.0,5.0,663,548.0,175810,1333041,71430,1580830,4776,0,389305,1186750,1580830,22.339163099788035,37.20383995285992,15.477608047267491,3.011728509161593,1.726687879152091,HDFCBANK,7.67,17.1,7.558721464294219,1.8276860002411672,0.0772942062081311,943736,1,,0,21.91,OK,21.46,OK,12.72,OK,-18272.0,Accrual Risk,1.14822119830754,Asset Light,-40.1944609428276,Growth Funded by Debt,5.846135819446673,0.031708782293823685,6.5161804733234545,28.20370649914653,65.2111046847889,24.78454680534918,97.7273416260228,43.22166101140662,26.69564763553713
1256,TVSMOTOR,Mar 2019,20160,17997,2163.0,11.0,25,663,442,1083,33.0,725,15.0,24.0,1342,48.0,3123,9298,4228,16696,3367,745,440,12145,16696,3.5962301587301586,10.729166666666666,22.863450015767896,17.347020611115564,4.34235745088644,TVSMOTOR,,,2.9321980447808262,3.300150829562594,1.2074748442740777,8858,0,,0,17.87,OK,26.48,OK,26.43,OK,-2022.0,Accrual Risk,5.476190476190476,Moderate,-93.48127600554784,Growth Funded by Debt,5.885048582947003,0.05639049459152402,4.622301322830888,32.921016268187046,53.52805089647196,29.757305596830115,99.11838470671138,43.23504158143998,26.690905108485694
1261,TVSMOTOR,Mar 2024,39145,33645,5500.0,14.0,106,1928,975,2703,34.0,1779,36.0,23.0,1347,48.0,6736,26006,9235,42024,5891,1033,1123,33977,42024,4.544641716694342,14.050325712096054,26.22346698113208,16.773406526379993,4.233295259851514,TVSMOTOR,,,3.833431603773585,2.9076763485477177,0.931491528650295,24883,0,,0,17.87,OK,26.48,OK,26.43,OK,-2254.0,Accrual Risk,2.557159279601482,Asset Light,-40.98181818181818,Growth Funded by Debt,5.902751039361306,0.05540287761736957,4.7181335429729065,32.85366759948443,53.52805089647196,29.757305596830115,98.84741348433873,43.231475090631534,26.665667190181548
232,BAJAJFINSV,Mar 2013,8055,4124,3931.0,49.0,2,1204,22,2708,18.0,2214,10.0,2.0,312,80.0,7722,12991,44578,65370,1208,2,43251,20910,65370,27.48603351955307,48.80198634388579,28.37733914380928,18.905400856057327,3.386874713171179,BAJAJFINSV,21.14,11.72,1.6650858754165598,3.266611295681064,0.1232216613125286,-30260,0,,0,18.36,OK,22.48,OK,20.34,OK,-3969.0,Accrual Risk,36.66045934202359,Capital Intensive,-100.96667514627322,Distress Signal,5.914098847564304,0.0590736274208041,7.036245855242799,32.355809983859544,54.94505494505495,25.79494799405646,99.49936356617555,43.23473680126931,26.6356917635721
1160,TATAPOWER,Mar 2014,35726,28810,6916.0,19.0,229,3440,2730,975,99.0,12,-1.0,-114.0,1454,237.0,12164,40173,18810,71383,43394,3389,3019,21582,71383,0.0335889828136371,19.35845042825953,0.0967663898072736,13.15479134172785,0.0168107252427048,TATAPOWER,11.1,11.3,3.2394968147730023,2.07703488372093,0.5004833083507277,37154,0,,0,16.86,OK,27.32,OK,24.57,OK,2874.0,High Quality,10.101886581201368,Capital Intensive,41.555812608444185,Reinvestor,5.765100907461643,0.049172546329491584,4.262314341872624,34.34230541460073,50.607287449392715,30.58940069341258,99.0259900965601,43.2239268924869,26.63072380569045
240,BAJAJFINSV,Mar 2021,60592,40950,19641.0,32.0,-7,9274,498,9862,25.0,7367,28.0,1.0,320,80.0,35750,128461,115554,279845,3182,129,113654,162879,279845,12.158370742012146,32.415170319514125,20.56098241696902,11.955006665002951,2.63252872125641,BAJAJFINSV,21.14,11.72,3.585291655037678,2.1171015742937245,0.2165198592077757,14807,0,,0,18.36,OK,22.48,OK,20.34,OK,863.0,Moderate,6.0800105624504885,Moderate,4.393869965887684,Mixed,5.872917890532874,0.04710682349667417,5.487462585759078,33.75852018718285,54.94505494505495,25.79494799405646,98.92202098708597,43.22429098618105,26.625589594511723
1161,TATAPOWER,Mar 2015,33593,27292,6301.0,19.0,1056,3699,2174,1484,72.0,457,1.0,210.0,1455,270.0,14048,40607,20260,75185,44726,3323,3445,23692,75185,1.360402464799214,18.756883874616737,3.1917865623690456,11.47200728265817,0.607834009443373,TATAPOWER,11.1,11.3,2.836080458164548,1.9889159232224929,0.4468045487796768,37162,0,,0,16.86,OK,27.32,OK,24.57,OK,2116.0,High Quality,11.50537314321436,Capital Intensive,33.58197111569592,Reinvestor,5.7814072119449085,0.046275221900402834,4.3963821741605145,34.1222610573741,50.607287449392715,30.58940069341258,99.14728409652774,43.22312613860896,26.625369510867696
1169,TATAPOWER,Mar 2023,55109,47381,7728.0,14.0,5540,4372,3439,5457,30.0,3810,10.0,19.0,1463,320.0,28468,52923,46386,128096,61747,5376,16670,44303,128096,6.913571285996843,14.023117821045563,13.23468111713214,9.457722950398354,2.97433175118661,TATAPOWER,11.1,11.3,1.8383701542309296,3.034766697163769,0.4302164001998501,36253,0,,0,16.86,OK,27.32,OK,24.57,OK,-97.0,High Quality,13.179335498738862,Capital Intensive,-1.255175983436853,Mixed,5.834318820714083,0.042807138653754115,4.957501967028854,33.47983604082722,50.607287449392715,30.58940069341258,99.44726269578544,43.232629984980356,26.62318072290755
233,BAJAJFINSV,Mar 2014,6023,1531,4491.0,75.0,3,1562,31,2902,24.0,2191,10.0,2.0,313,80.0,9232,19507,45565,74383,1262,1,45314,27805,74383,36.37722065415906,74.5641706790636,23.528780068728523,15.583469239043689,2.9455655190029977,BAJAJFINSV,21.14,11.72,2.094823883161512,2.87708066581306,0.0809728029253996,-25807,0,,0,18.36,OK,22.48,OK,20.34,OK,-6043.0,Accrual Risk,62.49377386684376,Capital Intensive,-134.55800489868625,Distress Signal,5.888553915326295,0.05335410947442133,7.934655618021773,31.753736109337076,54.94505494505495,25.79494799405646,99.37015551339422,43.231197061800295,26.617720174789703
1259,TVSMOTOR,Mar 2022,24355,21601,2755.0,11.0,-5,940,743,1067,31.0,731,16.0,24.0,1345,48.0,4352,15827,6692,26919,5975,552,605,19788,26919,3.001437076575652,11.311845616916443,16.613636363636363,13.620408365056608,2.715554069616256,TVSMOTOR,,,3.5970454545454547,2.925531914893617,0.9047512909097664,15222,0,,0,17.87,OK,26.48,OK,26.43,OK,-3046.0,Accrual Risk,6.039827550810921,Moderate,-110.56261343012704,Growth Funded by Debt,5.852121054629482,0.049974219942347055,4.562200471982619,32.62375317874104,53.52805089647196,29.757305596830115,98.91848700703345,43.23163734758411,26.614564821610834
1168,TATAPOWER,Mar 2022,42816,35785,7031.0,16.0,2486,3859,3122,2535,15.0,2156,5.0,32.0,1462,320.0,22122,51195,38913,112550,57389,4635,14160,36365,112550,5.035500747384155,16.421431240657697,9.60698689956332,9.548189089723916,1.9155930697467796,TATAPOWER,11.1,11.3,2.281213795561893,2.466182948950505,0.3804175921812527,37035,0,,0,16.86,OK,27.32,OK,24.57,OK,443.0,High Quality,14.59734678624813,Capital Intensive,6.300668468212203,Reinvestor,5.81520609020322,0.04296289824397641,4.767732380410883,33.63659587315227,50.607287449392715,30.58940069341258,99.31411421100697,43.227463155517746,26.611293215525922
258,BAJFINANCE,Mar 2015,5392,2274,1752.0,1367.0,25,26,36,1357,34.0,898,18.0,10.0,338,50.0,4750,26655,1325,32780,252,0,326,32201,32780,16.654302670623146,32.49258160237389,18.70833333333333,5.569861707200763,2.7394752898108603,BAJFINANCE,11.9,22.1,5.553125,68.34615384615384,0.1644905430140329,26329,1,,0,18.75,OK,23.93,OK,23.31,OK,-7424.0,Accrual Risk,6.676557863501484,Moderate,-423.7442922374429,Growth Funded by Debt,5.8631570946821,0.03611323440851709,5.941753905501144,31.352837352965086,56.07287449392713,27.23130262506191,98.3303583691226,43.82612707388936,26.534945783643682
1163,TATAPOWER,Mar 2017,27588,22114,5473.0,20.0,1297,3365,1956,1450,24.0,1100,3.0,39.0,1457,270.0,12944,48815,20799,82829,46595,2178,11873,22184,82829,3.9872408293460926,19.838335508191967,8.32450431360678,8.823292331006465,1.3280372816284152,TATAPOWER,11.1,11.3,3.694187982442864,2.011887072808321,0.3330717502324065,36942,0,,0,16.86,OK,27.32,OK,24.57,OK,-359.0,High Quality,26.72538784978976,Capital Intensive,-6.559473780376393,Mixed,5.8084492516770965,0.04171481113720857,4.661810985434303,33.403778492551005,50.607287449392715,30.58940069341258,98.88927945116065,43.22333488184659,26.521950244780292
570,HDFCBANK,Mar 2015,50666,27288,16164.0,7214.0,14,9546,680,16079,33.0,10703,21.0,19.0,658,501.0,62653,509762,34181,607097,3225,0,149454,454417,607097,21.12462006079027,31.90305135593889,16.947461760141874,2.821356010305176,1.7629802156821726,HDFCBANK,7.67,17.1,8.071729423314437,1.6947412528807877,0.0834561857495589,360308,1,,0,21.91,OK,21.46,OK,12.72,OK,-22081.0,Accrual Risk,1.5789681443176884,Asset Light,-136.60603810937886,Growth Funded by Debt,5.853879834300104,0.03138100946486766,6.393457004901125,27.097969089283435,65.2111046847889,24.78454680534918,97.57309704385482,43.22045291701468,26.503158639224157
1260,TVSMOTOR,Mar 2023,31974,27947,4027.0,13.0,136,1368,859,1936,32.0,1309,28.0,18.0,1346,48.0,5457,22376,7144,35025,5748,743,967,27566,35025,4.093951335460061,12.594608119096767,23.77838328792007,14.443527850507516,3.737330478229836,TVSMOTOR,,,4.064668483197093,3.04312865497076,0.9128907922912206,21409,0,,0,17.87,OK,26.48,OK,26.43,OK,-5713.0,Accrual Risk,4.090823794332896,Moderate,-141.86739508318848,Growth Funded by Debt,5.889868965266267,0.05139142150210888,4.672593545629301,31.849533784646827,53.52805089647196,29.757305596830115,98.77788817733058,43.232705971693136,26.501268674848028
1159,TATAPOWER,Mar 2013,33177,27583,5595.0,17.0,375,2642,2052,1277,92.0,123,0.0,-319.0,1453,237.0,12098,37882,17038,67257,41353,2358,3120,20426,67257,0.3707387648069445,16.864092594267113,0.9971625456019456,11.141645259573451,0.1828805923546991,TATAPOWER,11.1,11.3,3.0710985002026754,2.259651778955337,0.4932869441099067,34762,0,,0,16.86,OK,27.32,OK,24.57,OK,-740.0,High Quality,12.134912740754135,Capital Intensive,-13.226094727435209,Reinvestor,5.769844700087653,0.04570642285885754,4.296381632446529,33.293175721966115,50.607287449392715,30.58940069341258,99.07662191856595,43.22558636720392,26.482272193335927
259,BAJFINANCE,Mar 2016,7299,2959,2354.0,1986.0,27,35,56,1965,35.0,1279,24.0,10.0,339,54.0,7373,37025,2522,46973,290,0,1029,45654,46973,17.522948349088914,32.25099328675161,17.220950585700823,5.295599748042832,2.7228407808741197,BAJFINANCE,11.9,22.1,4.985189174633096,68.02857142857142,0.1553871372916356,35996,0,,0,18.75,OK,23.93,OK,23.31,OK,-10557.0,Accrual Risk,9.412248253185368,Capital Intensive,-448.4706881903144,Growth Funded by Debt,5.855320727028969,0.035641025351178315,6.0295261845134664,30.44334002949407,56.07287449392713,27.23130262506191,98.50111795002513,43.8232411416109,26.423007398446885
611,HINDALCO,Mar 2018,115183,3911,101488.0,13695.0,12,2879,4506,8157,25.0,6083,27.0,4.0,698,223.0,54629,52074,40088,147014,85088,2063,10781,49081,147014,5.281161282480921,88.1102245991162,11.089841755997956,94.91423975459664,4.137701171317017,HINDALCO,11.3,10.2,0.9493546269962808,35.2552969781174,0.7834832056810916,41293,0,,0,13.65,OK,27.09,OK,26.93,OK,16231.0,High Quality,4.630023527777537,Moderate,15.99302380577014,Liquidating Assets,5.823018602382582,0.18994143816602702,4.79255514251443,38.21978889675914,41.32446500867554,30.361565131253094,99.71456035877112,43.52542411720766,26.421001038669665
234,BAJAJFINSV,Mar 2015,11335,5823,5511.0,49.0,8,2230,38,3251,26.0,2409,11.0,2.0,314,80.0,11009,26312,50827,88228,1261,3,51367,35598,88228,21.25275694750772,48.619320688134096,21.72423122012805,14.734900136359991,2.730425715192456,BAJAJFINSV,21.14,11.72,2.372801875732708,2.4748878923766817,0.1284739538468513,-25055,0,,0,18.36,OK,22.48,OK,20.34,OK,-7022.0,Accrual Risk,32.721658579620645,Capital Intensive,-127.41789148974776,Distress Signal,5.879046538527568,0.05189309017267289,6.406404593142858,31.4695363392515,54.94505494505495,25.79494799405646,99.28657669446531,43.227542259006555,26.41215227630641
260,BAJFINANCE,Mar 2017,9970,3853,3250.0,2867.0,29,22,71,2817,35.0,1836,33.0,11.0,340,109.0,9491,49250,4881,63731,366,0,4070,59295,63731,18.415245737211634,32.59779338014042,19.125,5.52251486830926,2.8808586088402817,BAJFINANCE,11.9,22.1,5.130208333333333,149.04545454545453,0.1564387817545621,45180,1,,0,18.75,OK,23.93,OK,23.31,OK,-13486.0,Accrual Risk,30.56168505516549,Capital Intensive,-414.9538461538461,Growth Funded by Debt,5.8653523286889495,0.03603171524257234,6.119688349886354,29.59306308712363,56.07287449392713,27.23130262506191,98.45751546950457,44.559457081607114,26.3384764318145
384,CHOLAFIN,Mar 2024,19163,9231,5385.0,4548.0,24,255,198,4605,26.0,3420,41.0,5.0,462,168.0,19425,134475,2618,156686,1563,13,4036,151075,156686,17.846892448990243,28.10102802275218,17.455213596692694,3.495209907313654,2.1827093677801463,CHOLAFIN,10.4,20.2,6.863420609401317,21.211764705882352,0.1223019286981606,130439,1,,0,20.9,OK,29.59,OK,28.75,OK,-38538.0,Accrual Risk,14.898502322183374,Capital Intensive,-715.6545961002786,Growth Funded by Debt,5.856554956136831,0.0325412137982262,6.062259107298687,22.32056805118499,62.290341237709654,32.838038632986624,97.93639567276473,43.39780784866084,26.312416429987106
1106,SHRIRAMFIN,Mar 2024,36388,10278,10523.0,29.0,25,15588,588,9960,26.0,7399,39.0,23.0,1271,376.0,48571,195496,3823,248266,3718,0,9472,235076,248266,20.333626470264925,28.918874354182694,15.116350338120824,4.304889074344531,2.9802711607711085,SHRIRAMFIN,11.3,15.9,3.994034363699512,0.6766743648960739,0.1465685998082701,186024,0,,1,19.21,OK,30.35,OK,20.11,OK,-31359.0,Accrual Risk,0.7090249532813014,Asset Light,-298.0043713769838,Growth Funded by Debt,5.84423251094662,0.03393527456182751,6.3135310790078725,24.40460293315064,57.40312319259688,33.59088657751362,98.799125528637,43.21120154813845,26.311945559253235
616,HINDALCO,Mar 2023,223202,3646,200536.0,22666.0,10,1307,7086,13241,24.0,10097,45.0,7.0,703,222.0,94584,60291,68392,223489,110626,7700,14116,91047,223489,4.523704984722359,89.84507307282192,10.650169820475496,129.29714952578064,4.517895735360577,HINDALCO,11.3,10.2,0.6359407632428328,153.43993879112472,0.9987158204654368,46175,0,,0,13.65,OK,27.09,OK,26.93,OK,11649.0,High Quality,3.386618399476708,Moderate,5.808932062073643,Reinvestor,5.820702163699263,0.24914002867221424,4.716017991458856,36.8896526898826,41.32446500867554,30.361565131253094,99.80879357603472,44.599390601945785,26.282520931744013
634,ICICIBANK,Mar 2015,54964,32318,38766.0,-16120.0,-29,35252,798,18334,29.0,12942,19.0,24.0,721,1160.0,83545,597207,144167,826079,5871,0,274311,545897,826079,23.546321228440437,70.52980132450331,15.278909155303705,5.68489775806849,1.5666782474799628,ICICIBANK,7.6,18.8,7.050433858686028,1.0988596391694088,0.0665360092678787,322896,1,,1,16.31,OK,36.1,OK,36.08,OK,-25448.0,Accrual Risk,23.97023506295029,Capital Intensive,-65.64515296909663,Growth Funded by Debt,5.845088962091243,0.03631129711217095,6.6381577336803055,26.12054250513824,49.01677270098323,39.286775631500745,97.88016695352442,43.21503802661793,26.24141505309541
261,BAJFINANCE,Mar 2018,12746,4696,4115.0,3935.0,31,10,102,3843,35.0,2496,43.0,9.0,341,115.0,15733,66557,2393,84798,470,0,3139,81189,84798,19.58261415345991,32.28463831790366,15.749621403331652,4.993629027364845,2.9434656477747114,BAJFINANCE,11.9,22.1,4.1997097425542655,414.6,0.1503101488242647,63418,0,,0,18.75,OK,23.93,OK,23.31,OK,-19491.0,Accrual Risk,8.434018515612742,Capital Intensive,-473.6573511543135,Distress Signal,5.847568938573592,0.03512110888229189,6.237645059832912,27.84983569247205,56.07287449392713,27.23130262506191,98.73728572222488,46.972602117315645,26.234663701515544
615,HINDALCO,Mar 2022,195059,3768,166712.0,28347.0,15,1253,6729,19103,28.0,13730,61.0,6.0,702,222.0,77969,64486,79178,221855,106874,4945,14119,95917,221855,7.038895923797416,85.46747394378112,17.559565678914453,116.84574248126889,6.188726871154583,HINDALCO,11.3,10.2,0.8247240731030425,133.06225059856345,0.8792184084199139,50367,0,,0,13.65,OK,27.09,OK,26.93,OK,10065.0,High Quality,3.472282745220677,Moderate,6.037357838667883,Reinvestor,5.857104741511821,0.2277018853690646,4.970165391655082,36.42982384839583,41.32446500867554,30.361565131253094,99.75203265792871,44.41421464490494,26.227343028219543
971,ONGC,Mar 2019,421624,346805,74819.0,18.0,9567,5837,23704,54846,38.0,33938,24.0,29.0,851,6290.0,210644,107742,167667,492343,230391,69056,66909,125987,492343,8.049352029296244,17.745431948845418,15.64438953783178,23.04420406805554,6.893161881046344,ONGC,19.71,14.32,0.4966579697050716,14.457084118554052,0.8563623327639471,40833,0,,0,10.67,OK,29.87,OK,29.67,OK,24326.0,High Quality,8.806899038005426,Capital Intensive,32.513131691147976,Reinvestor,5.847014518006192,0.06619958965504516,5.072266901419335,40.56973490170578,32.70676691729324,33.11540366518078,99.85067132064799,43.336426771943785,26.210464590973622
617,HINDALCO,Mar 2024,215962,3858,192090.0,23872.0,11,1519,7521,14012,28.0,10155,45.0,8.0,704,222.0,105924,56356,68221,230723,111810,14867,15444,88602,230723,4.702216130615571,88.94620349876368,9.567011474761175,118.20777590429655,4.401381743475944,HINDALCO,11.3,10.2,0.5309290976579428,126.46543778801843,0.9360228499109322,40912,0,,0,13.65,OK,27.09,OK,26.93,OK,9789.0,High Quality,6.606254804085904,Moderate,5.096048727159144,Reinvestor,5.814995477214507,0.23004695911070386,4.734055645352239,36.34970215631858,41.32446500867554,30.361565131253094,99.84036712220707,44.35426814292352,26.191468038836007
235,BAJAJFINSV,Mar 2016,20533,13795,6739.0,33.0,0,2877,58,3804,27.0,2775,12.0,1.0,315,80.0,13519,36062,54290,103951,1274,11,53698,48969,103951,13.514829786197827,32.82033799249987,20.405912199426428,13.570004631400897,2.6695269886773576,BAJAJFINSV,21.14,11.72,2.651812633281859,2.3423705248522766,0.1975257573279718,-17636,0,,0,18.36,OK,22.48,OK,20.34,OK,-10681.0,Accrual Risk,4.315005113719379,Moderate,-158.4953257159816,Growth Funded by Debt,5.872100893536877,0.04988743758423587,5.62452595307513,30.40734332725647,54.94505494505495,25.79494799405646,99.20268735715223,43.22633804829708,26.164943904226156
236,BAJAJFINSV,Mar 2017,24507,15794,8713.0,36.0,0,3716,73,4925,30.0,3450,14.0,1.0,316,80.0,16071,48282,64181,128614,1645,4,62658,64306,128614,14.077610478638755,35.553107275472314,21.36090644542133,13.522573836388185,2.6824451459405663,BAJAJFINSV,21.14,11.72,2.989412420283574,2.344725511302476,0.190546907801639,-14376,0,,0,18.36,OK,22.48,OK,20.34,OK,-10771.0,Accrual Risk,0.6161504876157833,Asset Light,-123.61987834270629,Distress Signal,5.877132339565247,0.04980577386728968,5.681392112873357,30.381216688535627,54.94505494505495,25.79494799405646,99.10118223004751,43.22635944851017,26.157308632230595
610,HINDALCO,Mar 2017,100184,5742,87867.0,12317.0,12,1198,4457,3315,43.0,1882,8.0,13.0,697,223.0,45836,63817,36268,146144,84687,1814,15157,44486,146144,1.8785434799968057,87.70562165615267,4.086063527215094,79.96923805016564,1.2877709656229472,HINDALCO,11.3,10.2,1.3855489697996048,73.35475792988314,0.685515655791548,48660,0,,0,13.65,OK,27.09,OK,26.93,OK,9811.0,High Quality,2.870717879102452,Asset Light,11.165739128455506,Reinvestor,5.786118765236363,0.16420996163007778,4.44873771898286,36.356088668005896,41.32446500867554,30.361565131253094,99.58341109886835,43.87164121886394,26.10315206787053
536,HAL,Mar 2020,21445,16565,4880.0,23.0,415,359,998,3938,28.0,2842,42.0,39.0,611,5.0,133,2,33,173,50,0,18,104,173,13.252506411750993,22.75588715318256,2059.4202898550725,3485.7142857142853,1642.7745664739884,HAL,38.9,28.9,0.0144927536231884,14.749303621169917,123.95953757225432,-16,0,,0,7.76,OK,24.41,OK,24.77,OK,203.0,Moderate,6.2205642340872,Moderate,4.159836065573771,Mixed,16.614773779021778,6.028033232751687,5.598019494821554,33.56692483656336,24.291497975708502,27.706785537394747,99.99564250673353,43.33908222655432,26.056206778406487
533,HAL,Mar 2017,17950,14714,3236.0,18.0,1044,16,681,3583,27.0,2616,36.0,31.0,608,5.0,128,2,34,170,75,1,22,72,170,14.573816155988858,18.027855153203344,1966.9172932330828,2397.037037037037,1538.8235294117646,HAL,38.9,28.9,0.0150375939849624,267.5,105.58823529411764,-20,0,,0,7.76,OK,24.41,OK,24.77,OK,2598.0,Accrual Risk,16.83008356545961,Capital Intensive,80.28430160692213,Other,16.127416041613525,4.153609018316515,5.731531202078057,34.26218372252349,24.291497975708502,27.706785537394747,99.9954786911972,45.635876232450364,26.02812401871257
612,HINDALCO,Mar 2019,130542,3778,115031.0,15511.0,12,1127,4777,8083,32.0,5495,24.0,5.0,699,222.0,57279,52415,42056,151972,85860,4097,9012,53003,151972,4.209373228539474,88.11800033705627,9.556355541642754,104.65355362276648,3.6157976469349618,HINDALCO,11.3,10.2,0.9115493643588808,102.07897071872227,0.858987181849288,43403,0,,0,13.65,OK,27.09,OK,26.93,OK,6521.0,High Quality,4.179497786153116,Moderate,5.668906642557224,Reinvestor,5.814939335774291,0.20671004958751354,4.684256347683862,35.40101487476631,41.32446500867554,30.361565131253094,99.7259271550103,44.13266364413397,26.01931868300882
609,HINDALCO,Mar 2016,98759,5134,90981.0,7778.0,8,1500,4347,-203,99.0,-702,-1.0,-82.0,696,207.0,40402,67552,32986,141146,85648,4214,12463,38821,141146,-0.7108212922366569,92.12426209256876,-1.7286808342978155,84.1162711143573,-0.4973573462939084,HINDALCO,11.3,10.2,1.663473614223448,60.659333333333336,0.6996939339407422,55089,0,,0,13.65,OK,27.09,OK,26.93,OK,8468.0,Accrual Risk,3.2604623376097366,Moderate,9.307437816687,Reinvestor,5.755483426283887,0.17135009356819697,4.18709542582764,35.96622115909381,41.32446500867554,30.361565131253094,99.49984831996875,43.756275463068135,26.000501858889386
456,DMART,Mar 2018,15033,13680,1353.0,9.0,88,60,159,1222,34.0,806,13.0,0.0,534,624.0,4045,439,540,5648,3400,147,68,2033,5648,5.361537949843678,9.000199560965875,17.262797172842152,26.487862176977288,14.270538243626063,DMART,19.4,14.5,0.0940244163632469,24.016666666666666,2.66165014164306,371,0,,0,18.13,OK,15.89,OK,16.0,OK,1194.0,Moderate,3.086542938867824,Moderate,88.24833702882484,Liquidating Assets,5.8555411983517605,0.07212868953606286,4.800676800687306,33.854608158478385,54.279930595720074,19.266963843486874,99.97172995747817,43.42329653020734,25.96683021872574
613,HINDALCO,Mar 2020,118144,4197,103838.0,14306.0,12,906,5091,5924,36.0,3767,17.0,6.0,700,222.0,58095,68399,41902,168618,89195,7721,9411,62291,168618,3.188481852654388,87.89104821235102,6.459522952140885,81.94545282363711,2.2340438150138184,HINDALCO,11.3,10.2,1.172882692868289,114.62472406181016,0.7006606649349417,58988,0,,0,13.65,OK,27.09,OK,26.93,OK,5518.0,High Quality,6.117111321776815,Moderate,5.314046880718042,Mixed,5.798623482460703,0.16761249881804616,4.581100406306563,35.109848001021845,41.32446500867554,30.361565131253094,99.64735283787985,44.24666930857204,25.956813776244296
461,DMART,Mar 2023,42840,39201,3639.0,8.0,128,67,639,3060,22.0,2378,37.0,0.0,539,648.0,15430,643,1383,18105,11340,829,202,5733,18105,5.550887021475257,8.494397759103641,14.790396815524318,21.763052449016207,13.134493233913282,DMART,19.4,14.5,0.0399925363851225,56.223880597014926,2.3661971830985915,441,0,,0,18.13,OK,15.89,OK,16.0,OK,317.0,High Quality,5.399159663865547,Moderate,8.711184391316296,Reinvestor,5.842515204728723,0.06399377372566123,4.819809572492865,33.60001857894309,54.279930595720074,19.266963843486874,99.98797556264752,43.71596965420523,25.944045885068334
462,DMART,Mar 2024,50789,46683,4106.0,8.0,145,58,731,3461,27.0,2536,39.0,0.0,540,651.0,18047,592,1882,21172,13415,935,107,6716,21172,4.993207190533383,8.084427730414067,13.56294790886726,21.28564022809746,11.978084262233136,DMART,19.4,14.5,0.0316611402289014,73.29310344827586,2.398875873795579,485,0,,0,18.13,OK,15.89,OK,16.0,OK,278.0,High Quality,4.8593199314812265,Moderate,6.770579639551875,Reinvestor,5.83604831453297,0.06317179179461173,4.763458829106413,33.5886970354974,54.279930595720074,19.266963843486874,99.99048053883044,43.871080952776374,25.943666410037217
263,BAJFINANCE,Mar 2020,26374,9608,9159.0,7608.0,29,9,295,7322,28.0,5264,87.0,11.0,343,120.0,32208,129806,2257,164391,1321,0,17544,145526,164391,19.959050580116784,34.72738302874043,16.283098243009157,5.649031048392071,3.2021217706565444,BAJFINANCE,11.9,22.1,4.015280871071517,1020.8888888888888,0.1604345736688748,112262,0,,0,18.75,OK,23.93,OK,23.31,OK,-33170.0,Accrual Risk,33.20694623492834,Capital Intensive,-362.15744076864286,Growth Funded by Debt,5.850379594174376,0.036249543797135415,6.275682068350913,23.878876902890187,56.07287449392713,27.23130262506191,98.79273740425316,52.48206541768267,25.924376358982848
459,DMART,Mar 2021,24143,22398,1745.0,7.0,194,42,414,1483,26.0,1099,17.0,0.0,537,648.0,11536,393,1079,13655,7009,1020,3,5624,13655,4.552044070745144,7.227767883030278,9.020026263952726,13.874532877474754,8.048333943610398,DMART,19.4,14.5,0.0322554169402495,46.16666666666666,1.7680703039179788,390,0,,0,18.13,OK,15.89,OK,16.0,OK,265.0,High Quality,4.59760593132585,Moderate,15.18624641833811,Reinvestor,5.812113651928081,0.05041175745875686,4.718881513637128,33.58492318768216,54.279930595720074,19.266963843486874,99.99030185941344,43.62457782422343,25.921433374124334
460,DMART,Mar 2022,30976,28474,2502.0,8.0,114,54,498,2064,28.0,1492,23.0,0.0,538,648.0,13030,647,1146,15471,9260,1129,6,5076,15471,4.816632231404959,8.077221074380166,10.908027489399034,17.465968586387433,9.64384978346584,DMART,19.4,14.5,0.0473022371691767,48.44444444444444,2.002197660138324,641,0,,0,18.13,OK,15.89,OK,16.0,OK,83.0,Moderate,4.161286157024794,Moderate,3.317346123101519,Reinvestor,5.822060702716259,0.05659529263004142,4.745616817152145,33.53208931826891,54.279930595720074,19.266963843486874,99.98577777658322,43.645276427320134,25.91887475707102
345,BPCL,Mar 2024,448083,404001,44082.0,10.0,3032,4149,6771,36194,26.0,26859,62.0,33.0,424,2136.0,73499,54599,72184,202418,86798,20204,26631,68785,202418,5.994201967046283,9.83790949444634,35.511337343822305,33.84830382235054,13.26907686075349,BPCL,32.1,41.9,0.7218747934157467,11.355507351168956,2.213651947949293,27968,0,,0,9.38,OK,30.23,OK,35.52,OK,25415.0,High Quality,2.3480024906099985,Asset Light,57.65391769883399,Reinvestor,5.951684756652642,0.08480149046561995,4.864604319139988,40.88586723022794,28.97628687102372,33.472015849430406,99.78295604594388,43.308242149585794,25.90911136311174
457,DMART,Mar 2019,20005,18371,1633.0,8.0,48,47,212,1422,37.0,902,14.0,0.0,535,624.0,4963,700,718,7006,4400,377,17,2212,7006,4.508872781804548,8.162959260184955,16.144621442634687,25.974232543343405,12.874678846702825,DMART,19.4,14.5,0.1252908537676749,35.765957446808514,2.8554096488723952,683,0,,0,18.13,OK,15.89,OK,16.0,OK,-151.0,Moderate,4.788802799300175,Moderate,-9.246785058175137,Mixed,5.849650020619155,0.0712443504689017,4.714519271917456,33.464160057594725,54.279930595720074,19.266963843486874,99.9623291704367,43.530064586730965,25.90307346427163
571,HDFCBANK,Mar 2016,63162,34070,20055.0,9037.0,14,11212,738,19511,34.0,12821,25.0,19.0,659,506.0,73798,649587,38321,762212,3667,0,193634,564912,762212,20.298597257844907,31.751686140400874,17.25479112833764,2.7704447216500827,1.6820779520658296,HDFCBANK,7.67,17.1,8.742288436692506,1.7899571887263646,0.0828667089995959,455953,1,,0,21.91,OK,21.46,OK,12.72,OK,-35272.0,Accrual Risk,1.3251638643488173,Asset Light,-175.87634006482173,Growth Funded by Debt,5.855499018012985,0.031293353226658265,6.3099915531893105,23.268674740765686,65.2111046847889,24.78454680534918,97.37148205325113,43.22131816246741,25.90053381692069
637,ICICIBANK,Mar 2018,62162,34262,72806.0,-44906.0,-72,56807,922,10978,17.0,9100,12.0,12.0,724,1286.0,109344,815198,198453,1124281,9465,0,372208,742608,1124281,14.63916862391815,117.12300119043788,8.225616921269095,7.863879683915371,0.8094061893779224,ICICIBANK,7.6,18.8,7.368688420862334,1.280370376890172,0.0552904478506707,442990,1,,1,16.31,OK,36.1,OK,36.08,OK,-31168.0,High Quality,81.32138605578972,Capital Intensive,-42.80965854462544,Mixed,5.807928257357478,0.04006294755732031,5.738134740426816,24.46004946643598,49.01677270098323,39.286775631500745,97.78447829781683,43.216687449469674,25.887653462870997
452,DMART,Mar 2014,4686,4345,341.0,7.0,16,56,57,245,34.0,161,3.0,0.0,530,547.0,409,641,211,1808,1172,89,16,532,1808,3.4357661118224496,7.276995305164319,16.84100418410042,21.35253600500939,8.904867256637168,DMART,19.4,14.5,0.6705020920502092,6.375,2.5918141592920354,625,0,,0,18.13,OK,15.89,OK,16.0,OK,-72.0,High Quality,5.761843790012804,Moderate,-21.114369501466275,Mixed,5.853318956001194,0.063286969239754,4.6060872375648385,33.4870934404719,54.279930595720074,19.266963843486874,99.79840212376321,43.262983325003404,25.86567810269861
454,DMART,Mar 2016,8584,7919,664.0,8.0,17,91,98,492,35.0,320,6.0,0.0,532,562.0,959,1192,389,3102,2094,82,29,897,3102,3.727865796831314,7.735321528424977,21.038790269559502,24.474751197935863,10.31592520954223,DMART,19.4,14.5,0.7836949375410914,7.483516483516484,2.7672469374597037,1163,0,,0,18.13,OK,15.89,OK,16.0,OK,-200.0,High Quality,7.374184529356944,Moderate,-30.120481927710845,Mixed,5.875435250645066,0.06866262650402533,4.635602442311257,33.44993555429115,54.279930595720074,19.266963843486874,99.76436876648258,43.27305662668469,25.864011279525148
453,DMART,Mar 2015,6439,5983,456.0,7.0,20,72,82,323,34.0,212,4.0,0.0,531,562.0,638,904,251,2355,1528,98,15,713,2355,3.292436713775431,7.081845006988663,17.666666666666668,21.673003802281368,9.00212314225053,DMART,19.4,14.5,0.7533333333333333,6.611111111111111,2.7341825902335457,889,0,,0,18.13,OK,15.89,OK,16.0,OK,-252.0,High Quality,7.361391520422426,Moderate,-55.26315789473685,Mixed,5.857669009664976,0.06383873295106803,4.591604522428016,33.43484016303023,54.279930595720074,19.266963843486874,99.77349750000928,43.26512891190978,25.854716340959303
451,DMART,Mar 2013,3341,3126,215.0,6.0,15,43,46,141,34.0,94,2.0,0.0,529,544.0,245,526,176,1492,925,118,16,433,1492,2.8135288835677943,6.435199042202933,11.913814955640053,16.34980988593156,6.3002680965147455,DMART,19.4,14.5,0.6666666666666666,5.348837209302325,2.239276139410188,510,0,,0,18.13,OK,15.89,OK,16.0,OK,-104.0,High Quality,6.914097575576175,Moderate,-48.372093023255815,Mixed,5.827359755955191,0.05467355237338687,4.543213293718498,33.477803968926715,54.279930595720074,19.266963843486874,99.79955530974273,43.253658387108025,25.852891137591843
211,BAJAJ-AUTO,Mar 2018,25210,20364,4846.0,19.0,1404,1,315,5933,29.0,4219,146.0,41.0,304,289.0,20136,121,4595,25141,1878,56,18895,4312,25141,16.735422451408173,19.22253074176914,20.656058751529983,23.58609948408449,16.781353168131737,BAJAJ-AUTO,33.5,26.5,0.0059241126070991,6250.0,1.0027445209021122,-18774,0,,0,10.32,OK,7.18,OK,7.88,OK,2374.0,High Quality,7.7508925029750095,Moderate,48.98885678910442,Reinvestor,5.8734188060597745,0.06713259518145827,5.94995065154961,34.197157421707175,31.694621168305382,10.63893016344725,99.99821881462513,100.0,25.84547177347593
211,BAJAJ-AUTO,Mar 2018,25210,20364,4846.0,19.0,1404,1,315,5933,29.0,4219,146.0,41.0,304,289.0,20136,121,4595,25141,1878,56,18895,4312,25141,16.735422451408173,19.22253074176914,20.656058751529983,23.58609948408449,16.781353168131737,BAJAJ-AUTO,33.5,26.5,0.0059241126070991,6250.0,1.0027445209021122,-18774,0,,0,10.32,OK,7.18,OK,7.88,OK,2374.0,High Quality,7.7508925029750095,Moderate,48.98885678910442,Reinvestor,5.8734188060597745,0.06713259518145827,5.94995065154961,34.197157421707175,31.694621168305382,10.63893016344725,99.99821881462513,100.0,25.84547177347593
972,ONGC,Mar 2020,396728,344623,52105.0,13.0,982,7489,26635,18962,40.0,11456,9.0,58.0,852,6290.0,198814,129473,173787,508364,243892,83832,56755,123884,508364,2.8876207376338447,13.13368353128592,5.585459084171932,15.573395660789592,2.2535033952050103,ONGC,19.71,14.32,0.6312553631328497,7.088663372946989,0.7804014446341597,72718,0,,0,10.67,OK,29.87,OK,29.67,OK,17434.0,High Quality,13.399356738117804,Capital Intensive,33.459360905863164,Reinvestor,5.794018423115606,0.053336765345086,4.55069990310233,38.569014967661026,32.70676691729324,33.11540366518078,99.8102023213954,43.26946852081373,25.841569391888864
209,BAJAJ-AUTO,Mar 2016,22574,17781,4793.0,21.0,1194,1,307,5679,28.0,4061,140.0,39.0,302,289.0,13731,118,3102,17240,2026,52,11067,4095,17240,17.989722689820148,21.23239124656685,28.96576319543509,33.90154194369784,23.55568445475638,BAJAJ-AUTO,33.5,26.5,0.008416547788873,5987.0,1.3093967517401393,-10949,0,,0,10.32,OK,7.18,OK,7.88,OK,3622.0,Moderate,0.3012315052715513,Asset Light,75.56853745044857,Reinvestor,5.917198995936889,0.08489315291553858,6.076691385108049,34.55944681196949,31.694621168305382,10.63893016344725,99.99746942152814,97.6100686082966,25.801260830731223
209,BAJAJ-AUTO,Mar 2016,22574,17781,4793.0,21.0,1194,1,307,5679,28.0,4061,140.0,39.0,302,289.0,13731,118,3102,17240,2026,52,11067,4095,17240,17.989722689820148,21.23239124656685,28.96576319543509,33.90154194369784,23.55568445475638,BAJAJ-AUTO,33.5,26.5,0.008416547788873,5987.0,1.3093967517401393,-10949,0,,0,10.32,OK,7.18,OK,7.88,OK,3622.0,Moderate,0.3012315052715513,Asset Light,75.56853745044857,Reinvestor,5.917198995936889,0.08489315291553858,6.076691385108049,34.55944681196949,31.694621168305382,10.63893016344725,99.99746942152814,97.6100686082966,25.801260830731223
455,DMART,Mar 2017,11898,10929,969.0,8.0,28,122,128,747,36.0,479,8.0,0.0,533,624.0,3218,1497,480,5819,2578,153,26,3063,5819,4.025886703647672,8.144225920322743,12.467464862051015,18.14946619217082,8.23165492352638,DMART,19.4,14.5,0.3896408120770432,8.172131147540984,2.044681216703901,1471,0,,0,18.13,OK,15.89,OK,16.0,OK,-2027.0,Moderate,20.86064884854597,Capital Intensive,-209.18472652218784,Mixed,5.830276694601054,0.057772100967264844,4.665715956754559,32.91956478825811,54.279930595720074,19.266963843486874,99.88284785216743,43.279314200077614,25.791764967342374
458,DMART,Mar 2020,24870,22742,2128.0,9.0,60,69,374,1745,25.0,1301,20.0,0.0,536,648.0,10432,333,663,12076,5948,364,15,5749,12076,5.231202251708886,8.556493767591476,11.74187725631769,18.645404363445195,10.77343491222259,DMART,19.4,14.5,0.0300541516245487,31.71014492753623,2.059456773766148,318,0,,0,18.13,OK,15.89,OK,16.0,OK,-3377.0,Moderate,18.725371934057097,Capital Intensive,-158.6936090225564,Mixed,5.826453891592123,0.05862597985398618,4.787507033605567,32.52766520744551,54.279930595720074,19.266963843486874,99.99096370733001,43.49320864126072,25.76617741291833
342,BPCL,Mar 2021,230171,209170,21001.0,9.0,7489,1723,4334,22432,23.0,17320,37.0,102.0,421,2093.0,51462,54532,52891,160978,64098,17037,26768,53075,160978,7.524840227483046,9.124086005621908,32.340584445896745,19.429718652566912,10.75923418106822,BPCL,32.1,41.9,1.0182429278312015,16.535113174695297,1.4298289207220862,27764,0,,0,9.38,OK,30.23,OK,35.52,OK,20981.0,High Quality,1.0748530440411694,Asset Light,99.90476643969336,Reinvestor,5.934979449639416,0.05997636877507689,5.019267620636269,39.5986948292479,28.97628687102372,33.472015849430406,99.69384791758633,43.35531022013445,25.719956115585
237,BAJAJFINSV,Mar 2018,32862,22074,10788.0,33.0,1,4531,160,6099,32.0,4176,17.0,1.0,317,80.0,20403,65695,75337,161514,1792,28,69428,90266,161514,12.707686689793682,32.82819061530034,20.38763852951228,12.518276126157488,2.585534380920539,BAJAJFINSV,21.14,11.72,3.2072938534394377,2.381152063562128,0.2034622385675545,-3733,0,,0,18.36,OK,22.48,OK,20.34,OK,-20502.0,Accrual Risk,2.805672204978394,Asset Light,-190.0444938820912,Growth Funded by Debt,5.872004617580976,0.048076629670655235,5.5429682007985255,27.55634645084128,54.94505494505495,25.79494799405646,99.0356724654749,43.22669046357001,25.712259206947387
608,HINDALCO,Mar 2015,104281,4178,95437.0,8844.0,8,-832,3493,340,75.0,259,4.0,24.0,695,207.0,38122,68468,34950,141746,71959,14111,12346,43330,141746,0.248367391950595,91.51906867022755,0.6757285606198962,89.36299708793318,0.1827212055366641,HINDALCO,11.3,10.2,1.7863236713715462,-114.71754807692308,0.7356891905238948,56122,0,,1,13.65,OK,27.09,OK,26.93,OK,3270.0,High Quality,3.714003509747701,Moderate,3.4263440803881093,Reinvestor,5.768151205332158,0.1803836158754976,4.284016620396462,34.45726262497242,41.32446500867554,30.361565131253094,99.46291135748903,42.16259213888025,25.703275854858664
607,HINDALCO,Mar 2014,87695,2702,79671.0,8024.0,9,677,3347,2653,20.0,2195,11.0,9.0,694,206.0,40398,64756,32621,137982,61163,23059,12961,40798,137982,2.5029933291521758,90.85010547921776,5.405871342724855,75.61788154897494,1.5907872041280746,HINDALCO,11.3,10.2,1.5948182445079302,117.69571639586412,0.6355539128292096,51795,0,,0,13.65,OK,27.09,OK,26.93,OK,-139.0,High Quality,9.230856947374424,Capital Intensive,-0.1744674975838134,Mixed,5.793072254034234,0.1567180369100731,4.5118352370480785,33.46764360942417,41.32446500867554,30.361565131253094,99.52049072644444,44.27457600432427,25.690343593768095
535,HAL,Mar 2019,20008,15440,4569.0,23.0,376,177,1024,3742,37.0,2346,35.0,28.0,610,5.0,128,8,33,175,59,0,22,93,175,11.72530987604958,22.835865653738505,1763.9097744360904,3240.425531914894,1340.571428571429,HAL,38.9,28.9,0.0601503759398496,27.937853107344637,114.33142857142856,-14,0,,0,7.76,OK,24.41,OK,24.77,OK,-2402.0,Accrual Risk,26.44942023190724,Capital Intensive,-52.57167870431167,Distress Signal,15.05785842023106,5.605708636358369,5.443703962307776,32.81070379358794,24.291497975708502,27.706785537394747,99.98191476478881,43.45892910270657,25.656191874864003
826,KOTAKBANK,Mar 2024,56237,22567,47052.0,-13382.0,-24,38037,792,23863,25.0,18213,92.0,2.0,1006,994.0,128978,520374,117321,767667,3510,0,246446,517711,767667,32.386151466116615,83.66733645109092,14.013018188532914,7.234918028249577,2.372513081844081,KOTAKBANK,7.86,15.1,4.003739266919029,1.2363751084470385,0.0732570242045053,273928,0,,1,13.86,OK,21.26,OK,20.22,OK,6766.0,Moderate,15.859665344879708,Capital Intensive,14.379835076086032,Mixed,5.838419537533117,0.03898003619974062,7.531378140202431,35.47213739128415,41.93175245806825,24.586428925210498,98.79620758415729,43.21628765603568,25.645872636508198
975,ONGC,Mar 2023,632291,556764,75527.0,12.0,-30,7889,24557,43051,24.0,32778,28.0,40.0,855,6290.0,274357,142255,190212,613115,250819,113945,78873,169478,613115,5.184005465837723,11.944974703103476,11.679440720905625,17.859220339463988,5.346142240852043,ONGC,19.71,14.32,0.5068823112308345,9.569907466092026,1.0312763510923726,63382,0,,0,10.67,OK,29.87,OK,29.67,OK,11372.0,High Quality,11.812598945738593,Capital Intensive,15.056867080646654,Reinvestor,5.826124940858188,0.05727237172692838,4.782738035657767,36.809240701819576,32.70676691729324,33.11540366518078,99.84759719819266,43.29201606130304,25.610883468271954
210,BAJAJ-AUTO,Mar 2017,21755,17326,4429.0,20.0,1468,1,307,5588,27.0,4079,141.0,39.0,303,289.0,17567,120,3661,21638,2002,42,15477,4117,21638,18.7497127097219,20.358538267065043,22.843862007168457,24.638406764574988,18.8510952953138,BAJAJ-AUTO,33.5,26.5,0.0067204301075268,5897.0,1.0054071540807838,-15357,0,,0,10.32,OK,7.18,OK,7.88,OK,-343.0,Moderate,16.593886462882097,Capital Intensive,-7.744411831113118,Reinvestor,5.884945382316753,0.06894439959821666,6.153484556048836,33.4084232283236,31.694621168305382,10.63893016344725,99.99797938820305,96.79222136398747,25.589012327355704
210,BAJAJ-AUTO,Mar 2017,21755,17326,4429.0,20.0,1468,1,307,5588,27.0,4079,141.0,39.0,303,289.0,17567,120,3661,21638,2002,42,15477,4117,21638,18.7497127097219,20.358538267065043,22.843862007168457,24.638406764574988,18.8510952953138,BAJAJ-AUTO,33.5,26.5,0.0067204301075268,5897.0,1.0054071540807838,-15357,0,,0,10.32,OK,7.18,OK,7.88,OK,-343.0,Moderate,16.593886462882097,Capital Intensive,-7.744411831113118,Reinvestor,5.884945382316753,0.06894439959821666,6.153484556048836,33.4084232283236,31.694621168305382,10.63893016344725,99.99797938820305,96.79222136398747,25.589012327355704
262,BAJFINANCE,Mar 2019,18487,6723,5454.0,6310.0,34,13,144,6179,35.0,3995,69.0,9.0,342,115.0,19582,101588,2948,124233,695,0,8599,114939,124233,21.609779845296696,29.50181208416725,20.2822764888054,4.496846271179454,3.215731729894634,BAJFINANCE,11.9,22.1,5.157536680712799,422.1538461538461,0.1488090925921454,92989,1,,0,18.75,OK,23.93,OK,23.31,OK,-34441.0,Accrual Risk,29.09612159896143,Capital Intensive,-631.4814814814815,Growth Funded by Debt,5.871449511177477,0.03426577583602944,6.442479962163135,23.509910704954773,56.07287449392713,27.23130262506191,98.44929873631598,47.041245364658515,25.582288459983182
816,KOTAKBANK,Mar 2014,11986,6312,7053.0,-1379.0,-12,5282,208,3695,32.0,2527,16.0,2.0,996,385.0,18699,85937,17176,122197,1264,0,38791,82142,122197,21.08293008509928,58.84365092608043,13.2414588136659,6.715799697203416,2.067972208810364,KOTAKBANK,7.86,15.1,4.503091595053448,1.3330177962892844,0.098087514423431,47146,0,,1,13.86,OK,21.26,OK,20.22,OK,7938.0,High Quality,9.427665609878192,Capital Intensive,112.54785197788176,Reinvestor,5.834354529425889,0.03808624699724524,6.389244442438569,35.81236428662665,41.93175245806825,24.586428925210498,98.64606880004406,43.217165866657176,25.5670242030166
819,KOTAKBANK,Mar 2017,22324,11458,14832.0,-3965.0,-18,11660,362,7332,32.0,5019,27.0,2.0,999,920.0,37572,205230,32465,276188,1759,0,68462,205967,276188,22.48253001254256,66.439706145852,13.03907305414112,6.085622143261585,1.817240430431445,KOTAKBANK,7.86,15.1,5.331757248259379,1.2704974271012006,0.0808290005358668,136768,1,,1,13.86,OK,21.26,OK,20.22,OK,7933.0,High Quality,23.69199068267336,Capital Intensive,53.48570658036677,Mixed,5.833288247581543,0.03700124217332954,6.530666979132878,35.81091280669771,41.93175245806825,24.586428925210498,98.3969163547685,43.216597732083244,25.5557366406814
326,BOSCHLTD,Mar 2018,11690,9597,2093.0,18.0,418,3,467,2041,33.0,1371,449.0,22.0,405,30.0,9951,0,3946,13927,1318,313,5240,7056,13927,11.72797262617622,17.904191616766468,13.7360985873159,20.96984270113215,9.844187549364545,BOSCHLTD,20.6,16.0,0.0,837.0,0.8393767501974582,-5240,0,,0,11.75,OK,26.24,OK,26.3,OK,559.0,High Quality,10.008554319931566,Capital Intensive,26.70807453416149,Reinvestor,5.836960569551305,0.06262806909615198,5.443973019822076,33.67027020750357,35.82995951417004,29.51956414066369,100.0,50.81103185060657,25.552248683463755
653,ICICIGI,Mar 2021,12161,0,10090.0,2072.0,17,12,130,1954,25.0,1473,32.0,25.0,739,455.0,7144,485,31214,39298,717,14,30788,7779,39298,12.112490749116027,82.97015048104596,19.38412949072246,124.8144482929243,3.7482823553361495,ICICIGI,22.5,17.0,0.063824187393078,842.25,0.3094559519568426,-30303,0,,0,15.13,OK,16.09,OK,14.42,OK,407.0,High Quality,11.240851903626346,Capital Intensive,4.033696729435085,Reinvestor,5.8667175683774575,0.24142196186485382,5.482826643121714,33.626145217663925,45.604395604395606,19.465081723625556,99.9808101707906,50.85873960652461,25.544320008612274
545,HAVELLS,Mar 2016,7594,6798,796.0,10.0,949,91,134,1520,14.0,1300,21.0,29.0,646,62.0,2965,134,1225,4387,1224,20,189,2954,4387,17.118777982617857,10.481959441664472,42.94681202510737,25.18190446061373,29.63300661043994,HAVELLS,24.4,18.0,0.0442682523951106,19.17582417582417,1.7310234784590837,-55,0,,0,16.98,OK,13.75,OK,12.89,OK,392.0,Accrual Risk,1.5933631814590463,Asset Light,49.246231155778894,Reinvestor,5.9908590131584685,0.06988016384164374,5.988686800799421,33.62179077787712,50.954308849045695,17.147102526002968,99.98668999579064,43.37930686697101,25.525529645551924
968,ONGC,Mar 2016,124036,84901,39135.0,32.0,1067,3766,16384,20052,35.0,13102,10.0,56.0,848,4278.0,193536,45500,98459,341772,166277,57668,33387,84440,341772,10.563062336740945,31.55132380921668,6.623393693065202,16.08415463146387,3.8335498519480815,ONGC,19.71,14.32,0.2300140536059126,10.67498672331386,0.3629203094460634,12113,0,,0,10.67,OK,29.87,OK,29.67,OK,8036.0,High Quality,30.842658582992037,Capital Intensive,20.534048805417147,Reinvestor,5.799486845556395,0.05421616186369157,5.326264691232644,35.84081329323378,32.70676691729324,33.11540366518078,99.93084235640521,43.30205812825039,25.524497306428607
534,HAL,Mar 2018,18519,15059,3460.0,19.0,761,35,947,3240,39.0,1987,30.0,54.0,609,5.0,125,3,33,166,66,1,24,74,166,10.729521032453157,18.683514228630056,1528.4615384615386,2601.503759398496,1196.987951807229,HAL,38.9,28.9,0.023076923076923,120.6,111.56024096385542,-21,0,,0,7.76,OK,24.41,OK,24.77,OK,-140.0,Accrual Risk,3.207516604568281,Moderate,-4.046242774566474,Other,13.817384881517139,4.505648501006332,5.343084505624498,33.46735331343838,24.291497975708502,27.706785537394747,99.99306152995263,44.30096778590577,25.49176692350729
743,IRCTC,Mar 2022,1879,1005,874.0,47.0,72,11,49,885,26.0,660,8.0,42.0,815,160.0,1710,105,1909,3884,335,26,0,3522,3884,35.125066524747204,46.514103246407664,35.294117647058826,44.25316455696203,16.992790937178167,IRCTC,53.8,40.4,0.0561497326203208,86.0,0.4837796086508754,105,0,,0,14.5,OK,18.53,OK,20.11,OK,282.0,Moderate,12.879191059073976,Capital Intensive,32.265446224256294,Reinvestor,5.950540321295939,0.1027160036351364,7.808131737989024,33.58985821944054,43.78253325621747,21.882119861317484,99.98311762635534,43.98655095642692,25.486249177483266
973,ONGC,Mar 2021,303849,254375,49473.0,16.0,11271,5079,25538,30126,29.0,21360,13.0,28.0,853,6290.0,214691,133187,187580,541748,243746,100309,60320,137372,541748,7.029807568891126,16.28210064867747,9.665989383702671,13.968794470420818,3.942792589912653,ONGC,19.71,14.32,0.6027079251157339,11.959834613112818,0.5608677835451169,72867,0,,0,10.67,OK,29.87,OK,29.67,OK,8044.0,High Quality,12.8817274369835,Capital Intensive,16.259373799850422,Reinvestor,5.815516948426431,0.05057405185089559,4.969247059080164,35.84313566112008,32.70676691729324,33.11540366518078,99.81878559495186,43.31373378720625,25.480562309627985
548,HAVELLS,Mar 2019,10073,8885,1189.0,12.0,124,16,149,1147,31.0,788,13.0,36.0,649,63.0,4135,94,2856,7148,2904,233,0,4012,7148,7.822892881961679,11.803832026208678,18.77084325869461,27.7027027027027,11.024062674874092,HAVELLS,24.4,18.0,0.0223916150547879,82.0625,1.409205372132065,94,0,,0,16.98,OK,13.75,OK,12.89,OK,686.0,Moderate,1.8365928720341504,Asset Light,57.695542472666105,Liquidating Assets,5.863486432075505,0.0742203346961538,5.049384343021244,33.707137797698536,50.954308849045695,17.147102526002968,99.99326757948397,43.95077013948839,25.45496050466553
551,HAVELLS,Mar 2022,13938,12163,1775.0,13.0,159,67,261,1607,26.0,1196,19.0,39.0,652,63.0,5940,616,3904,10523,3434,57,426,6606,10523,8.58085808580858,12.73496914908882,19.923371647509576,26.81673968877474,11.365580157749692,HAVELLS,24.4,18.0,0.102615358987173,28.86567164179105,1.324527226076214,190,0,,0,16.98,OK,13.75,OK,12.89,OK,969.0,High Quality,5.445544554455446,Moderate,54.59154929577464,Reinvestor,5.869558598906672,0.0726949326282606,5.125972916478705,33.789291561676286,50.954308849045695,17.147102526002968,99.96914694422827,43.4673603675023,25.449118159300948
546,HAVELLS,Mar 2017,6130,5315,815.0,13.0,42,13,121,723,32.0,494,8.0,44.0,647,62.0,3214,208,1683,5168,1300,12,162,3694,5168,8.05872756933116,13.2952691680261,15.07936507936508,23.392652123995408,9.558823529411764,HAVELLS,24.4,18.0,0.0634920634920634,65.92307692307692,1.1861455108359134,46,0,,0,16.98,OK,13.75,OK,12.89,OK,547.0,High Quality,3.588907014681892,Moderate,67.11656441717791,Reinvestor,5.8440376518319646,0.06679952822666509,5.073214252607785,33.66678665567412,50.954308849045695,17.147102526002968,99.98091002949931,43.80410810961949,25.439062570145133
744,IRCTC,Mar 2023,3541,2265,1276.0,36.0,148,16,54,1354,26.0,1006,13.0,44.0,816,160.0,2318,84,2526,5089,351,34,0,4704,5089,28.410053657159,36.0350183563965,40.597255851493145,49.8048399687744,19.76812733346433,IRCTC,53.8,40.4,0.0338983050847457,89.0,0.6958145018667715,84,0,,0,14.5,OK,18.53,OK,20.11,OK,495.0,Moderate,8.952273369104773,Capital Intensive,38.793103448275865,Reinvestor,5.978480231686496,0.11227457100230522,7.12961344497651,33.651691264413195,43.78253325621747,21.882119861317484,99.98980789710556,44.01381253123722,25.43485125403875
480,EICHERMOT,Mar 2016,6173,4484,1690.0,27.0,326,2,137,1877,29.0,1338,49.0,20.0,558,27.0,3626,23,1263,4939,790,94,3388,667,4939,21.675036449052325,27.37728819050705,36.627429509991785,45.97388465723613,27.090504150637777,EICHERMOT,31.1,24.2,0.0062961949082945,1008.0,1.2498481473982588,-3365,0,,0,13.3,OK,18.49,OK,18.42,OK,462.0,High Quality,16.215778389761866,Capital Intensive,27.33727810650888,Reinvestor,5.957564956999731,0.1056786442397214,6.449073813919069,33.64211149688222,40.31231925968768,21.842496285289744,99.9981069417427,52.36494161479395,25.428966043309885
652,ICICIGI,Mar 2020,11517,0,9745.0,1772.0,15,15,90,1697,30.0,1194,26.0,13.0,738,454.0,5680,485,30423,37042,664,12,26327,10039,37042,10.367283146652774,84.61404879742989,19.46527551353114,147.22767789696329,3.2233680686787967,ICICIGI,22.5,17.0,0.0790674926638408,650.6666666666666,0.3109173370768317,-25842,0,,0,15.13,OK,16.09,OK,14.42,OK,51.0,High Quality,29.36528609881045,Capital Intensive,0.5233453052847614,Reinvestor,5.867145091198554,0.2800118197355412,5.306482188282102,33.52279984672372,45.604395604395606,19.465081723625556,99.97622701138536,49.11778514849986,25.427600832855752
547,HAVELLS,Mar 2018,8116,7083,1033.0,13.0,97,25,140,965,31.0,661,11.0,4.0,648,63.0,3667,115,2763,6608,2819,24,0,3765,6608,8.144406111384919,12.727944800394283,17.721179624664877,26.86605981794538,10.003026634382566,HAVELLS,24.4,18.0,0.0308310991957104,45.2,1.2282082324455206,115,0,,0,16.98,OK,13.75,OK,12.89,OK,154.0,High Quality,11.65598817151306,Capital Intensive,14.908034849951598,Reinvestor,5.8579562145430835,0.07277984929616088,5.0818716385649605,33.55270033325979,50.954308849045695,17.147102526002968,99.99073010480714,43.615793539006766,25.417067455892465
542,HAVELLS,Mar 2013,7135,6461,674.0,9.0,222,123,110,664,12.0,581,9.0,16.0,643,62.0,1380,982,2034,4458,1500,25,0,2933,4458,8.142957252978276,9.446391030133146,40.29126213592233,27.805280528052805,13.032750112157917,HAVELLS,24.4,18.0,0.680998613037448,7.284552845528455,1.6004934948407357,982,0,,0,16.98,OK,13.75,OK,12.89,OK,494.0,High Quality,2.018220042046251,Asset Light,73.29376854599407,Reinvestor,5.976868084941768,0.07439694751683498,5.081725238706572,33.65140096842741,50.954308849045695,17.147102526002968,99.79524616591611,43.27124860598417,25.4130807610234
550,HAVELLS,Mar 2021,10457,8868,1589.0,15.0,187,90,249,1438,27.0,1044,17.0,39.0,651,63.0,5114,521,3155,8852,3290,90,306,5166,8852,9.983742947308023,15.195562780912308,20.16611937415492,27.88697788697789,11.793944871215544,HAVELLS,24.4,18.0,0.1006374348078037,19.73333333333333,1.1813149570718482,215,0,,0,16.98,OK,13.75,OK,12.89,OK,-103.0,Moderate,7.296547767045998,Moderate,-6.482064191315293,Mixed,5.870837530261754,0.0745376095064289,5.267727379245593,33.47809426491251,50.954308849045695,17.147102526002968,99.9697416408275,43.38437305950596,25.41290022271426
552,HAVELLS,Mar 2023,16911,15290,1621.0,10.0,178,55,296,1447,26.0,1072,17.0,44.0,653,63.0,6563,223,4309,11157,3621,166,201,7170,11157,6.339069244870204,9.58547690852108,16.178690009055238,23.66768871368083,9.608317648113292,HAVELLS,24.4,18.0,0.033655297313613,32.70909090909091,1.5157300349556333,22,0,,0,16.98,OK,13.75,OK,12.89,OK,596.0,Moderate,0.1833126367453137,Asset Light,36.76742751388032,Liquidating Assets,5.849829512960526,0.0672730709999603,4.899451423870706,33.68101115897769,50.954308849045695,17.147102526002968,99.98988096153168,43.502286254796594,25.410542096675663
745,IRCTC,Mar 2024,4270,2804,1466.0,34.0,106,19,57,1496,26.0,1111,14.0,47.0,817,160.0,3070,60,2801,6091,343,443,0,5306,6091,26.01873536299766,34.33255269320843,34.39628482972136,44.559270516717326,18.240026268264653,IRCTC,53.8,40.4,0.0185758513931888,82.73684210526316,0.7010343129207027,60,0,,0,14.5,OK,18.53,OK,20.11,OK,667.0,Moderate,5.035128805620609,Moderate,45.49795361527968,Reinvestor,5.945810033776534,0.10324303992972729,6.887982752824655,33.70162217396857,43.78253325621747,21.882119861317484,99.99441485383184,43.95689801540518,25.409989108344146
549,HAVELLS,Mar 2020,9440,8374,1067.0,11.0,107,51,218,904,19.0,735,12.0,34.0,650,63.0,4249,72,2690,7073,3350,86,0,3638,7073,7.786016949152542,11.302966101694915,17.045454545454543,24.33850364963504,10.39163014279655,HAVELLS,24.4,18.0,0.0166975881261595,23.01960784313725,1.3346529054149583,72,0,,0,16.98,OK,13.75,OK,12.89,OK,279.0,High Quality,5.805084745762712,Moderate,26.14807872539831,Reinvestor,5.85439611532749,0.06842804301842133,5.045658215391069,33.588987331483175,50.954308849045695,17.147102526002968,99.99497958568001,43.414236065638036,25.408267042217314
553,HAVELLS,Mar 2024,18590,16709,1881.0,10.0,249,84,338,1707,26.0,1271,20.0,44.0,654,63.0,7384,303,4683,12433,3988,299,20,8126,12433,6.837009144701453,10.118343195266272,17.067275412917954,24.270967741935483,10.222794176787582,HAVELLS,24.4,18.0,0.040687525177924,25.357142857142858,1.4952143489101584,283,0,,0,16.98,OK,13.75,OK,12.89,OK,335.0,High Quality,8.703604088219473,Capital Intensive,17.809675704412548,Reinvestor,5.854511079912245,0.06831176343152841,4.94976574753896,33.60524390668726,50.954308849045695,17.147102526002968,99.98776660242757,43.43547769419004,25.4014626815441
907,MOTHERSON,Mar 2020,60729,56075,4654.0,8.0,642,593,2721,1983,-5.0,1294,2.0,40.0,917,316.0,10945,13136,20636,45033,20750,852,796,22635,45033,2.1307777174002536,7.6635544797378525,11.490986590888909,19.076115915891297,2.8734483600914884,MOTHERSON,13.7,11.8,1.166503862889619,8.930860033726812,1.3485444007727667,12340,0,,0,12.49,OK,26.08,OK,24.57,OK,4132.0,High Quality,3.655584646544484,Moderate,88.78384185646756,Reinvestor,5.825132058662322,0.05936755515954425,4.474224720657627,34.707497764720905,37.96992481203008,29.361069836552744,99.64927074177876,43.28620891484145,25.395590685867433
898,MARUTI,Mar 2024,141858,123232,18626.0,13.0,4248,194,5256,17424,23.0,13488,429.0,29.0,934,157.0,85479,119,29550,115304,27865,7735,57296,22408,115304,9.50809964894472,13.130031439890594,15.750385351954783,21.720016325578683,11.697772843960314,MARUTI,23.67,15.75,0.0013896025036199,117.90721649484536,1.230295566502463,-57177,0,,0,13.93,OK,19.82,OK,18.86,OK,4936.0,High Quality,8.363997800617518,Capital Intensive,26.500590572318263,Reinvestor,5.847572963483984,0.06391967651093139,5.2196660150677126,34.940895737293744,42.13418160786582,23.159980188211986,99.99958219233487,44.27649794624786,25.38982817042818
543,HAVELLS,Mar 2014,8051,7274,777.0,10.0,35,102,116,594,25.0,446,7.0,42.0,644,62.0,1604,1054,2613,5332,1600,44,0,3688,5332,5.539684511240839,9.650975034157248,26.77070828331333,28.566176470588232,8.364591147786946,HAVELLS,24.4,18.0,0.6326530612244898,7.96078431372549,1.5099399849962492,1054,0,,0,16.98,OK,13.75,OK,12.89,OK,492.0,High Quality,4.670227300956404,Moderate,63.32046332046332,Reinvestor,5.905634213880908,0.07570701602528114,4.818677615150176,33.65082037645584,50.954308849045695,17.147102526002968,99.80978207965381,43.27739365090395,25.377895679683505
544,HAVELLS,Mar 2015,8468,7713,755.0,9.0,48,96,139,569,32.0,385,6.0,49.0,645,62.0,1756,424,2546,4788,1541,38,0,3209,4788,4.546528105810109,8.915918752952292,21.17711771177117,33.675289919714544,8.04093567251462,HAVELLS,24.4,18.0,0.2332233223322332,8.364583333333334,1.7685881370091896,424,0,,0,16.98,OK,13.75,OK,12.89,OK,478.0,High Quality,5.727444496929617,Moderate,63.3112582781457,Reinvestor,5.8761640372976025,0.08450360470661389,4.718324153109927,33.646756232654816,50.954308849045695,17.147102526002968,99.92987743509151,43.28106304996441,25.375902849786755
705,INDUSINDBK,Mar 2021,29000,15472,15997.0,-2469.0,-9,6559,305,3784,25.0,2836,37.0,14.0,778,773.0,42592,307528,12080,362973,1734,75,69695,291469,362973,9.779310344827588,55.16206896551724,6.539836273492448,4.558939619770129,0.7813253327382478,INDUSINDBK,7.93,15.2,7.091617664014758,2.4375667022411958,0.079895749821612,237833,1,,0,11.23,OK,12.95,OK,10.2,OK,44420.0,High Quality,0.7793103448275862,Asset Light,277.6770644495843,Reinvestor,5.799046618142865,0.03437268472596458,5.247070492474659,46.402942440111936,34.32620011567381,16.35463100544824,97.86778434087032,43.22720311420093,25.374664378367566
325,BOSCHLTD,Mar 2017,10435,8473,1963.0,19.0,912,27,456,2391,27.0,1741,570.0,29.0,404,30.0,8769,0,3000,11800,1514,129,3927,6231,11800,16.684235745088642,18.811691423095358,19.786339356745085,22.30935333560632,14.754237288135592,BOSCHLTD,20.6,16.0,0.0,106.48148148148148,0.8843220338983051,-3927,0,,0,11.75,OK,26.24,OK,26.3,OK,2703.0,Moderate,11.940584571154767,Capital Intensive,137.69740193581254,Liquidating Assets,5.868836635839337,0.06493436434738688,5.944778492198361,34.29266480103113,35.82995951417004,29.51956414066369,100.0,44.172670102971345,25.368782371817083
741,IRCTC,Mar 2020,2264,1562,703.0,31.0,77,10,40,730,30.0,513,6.0,39.0,813,160.0,1154,0,1928,3241,285,16,0,2941,3241,22.659010600706715,31.051236749116605,39.04109589041096,53.50076103500761,15.828448009873496,IRCTC,53.8,40.4,0.0,78.0,0.6985498302992903,0,0,,0,14.5,OK,18.53,OK,20.11,OK,417.0,Moderate,0.3533568904593639,Asset Light,59.31721194879089,Liquidating Assets,5.970281507046499,0.11863800327721113,6.548499455375624,33.6290481775218,43.78253325621747,21.882119861317484,100.0,43.913853423599434,25.368771181483996
908,MOTHERSON,Mar 2021,57370,53000,4370.0,8.0,568,512,2926,1500,34.0,1569,2.0,46.0,918,316.0,12245,11930,23258,47749,20099,877,846,25926,47749,2.7348788565452327,7.617221544361165,12.491043706711247,17.8432893716059,3.285932689689836,MOTHERSON,13.7,11.8,0.949765146087095,9.64453125,1.201491130704308,11084,0,,0,12.49,OK,26.08,OK,24.57,OK,3165.0,High Quality,3.28743245598745,Moderate,72.42562929061785,Reinvestor,5.830400921196991,0.05724494266845503,4.53526610387195,34.426781546464774,37.96992481203008,29.361069836552744,99.71443692921312,43.292694181925576,25.36700634167918
327,BOSCHLTD,Mar 2019,12085,9931,2154.0,18.0,600,13,402,2339,32.0,1598,542.0,19.0,406,30.0,9097,0,3583,12710,1176,644,4054,6836,12710,13.223003723624329,17.823748448489862,17.508491289580366,23.60030678207516,12.572777340676634,BOSCHLTD,20.6,16.0,0.0,211.84615384615384,0.9508261211644374,-4054,0,,0,11.75,OK,26.24,OK,26.3,OK,2359.0,Accrual Risk,14.6131568059578,Capital Intensive,109.5171773444754,Liquidating Assets,5.856835652944593,0.06715705652058128,5.595038396500268,34.192802981920366,35.82995951417004,29.51956414066369,100.0,45.130139068982274,25.365124659464318
740,IRCTC,Mar 2019,1870,1487,383.0,20.0,126,2,29,479,36.0,309,4.0,98.0,812,160.0,911,0,1523,2594,182,40,0,2372,2594,16.524064171122994,20.48128342245989,28.851540616246496,35.7609710550887,11.912104857363143,IRCTC,53.8,40.4,0.0,254.5,0.7208943716268311,0,0,,0,14.5,OK,18.53,OK,20.11,OK,146.0,High Quality,18.877005347593585,Capital Intensive,38.1201044386423,Reinvestor,5.9165972072404465,0.0880946150161303,5.928593959852805,33.55037796537349,43.78253325621747,21.882119861317484,100.0,45.5177427416057,25.364067582212765
967,ONGC,Mar 2015,160923,118610,42312.0,26.0,5955,2864,18033,27370,35.0,17703,14.0,44.0,847,4278.0,176177,53944,103448,337847,179933,63393,4749,89771,337847,11.000913480360172,26.293320407896942,9.810201989415644,18.051271549793302,5.23994589266739,ONGC,19.71,14.32,0.2989332520572996,16.85300279329609,0.4763191622243204,49195,0,,0,10.67,OK,29.87,OK,29.67,OK,3892.0,High Quality,18.67849841228413,Capital Intensive,9.198336169408206,Reinvestor,5.816276741425497,0.05760303486836009,5.3705073481597925,34.637826728132005,32.70676691729324,33.11540366518078,99.91012062532566,43.35819894400741,25.35206562671678
910,MOTHERSON,Mar 2023,78788,72537,6251.0,8.0,70,781,3136,2405,31.0,1670,2.0,29.0,920,678.0,21774,13792,25086,61330,23147,1478,6290,30415,61330,2.119612123673656,7.933949332385643,7.438090147871014,17.246992605672663,2.722974074677972,MOTHERSON,13.7,11.8,0.6142882593978265,8.093469910371319,1.2846567748247186,7502,0,,0,12.49,OK,26.08,OK,24.57,OK,2395.0,High Quality,2.853226379651724,Asset Light,38.31386978083506,Reinvestor,5.803779124027233,0.056218271909593595,4.473096493542469,34.20325363740871,37.96992481203008,29.361069836552744,99.81530377017448,43.278599390343686,25.332546202153516
893,MARUTI,Mar 2019,86068,75012,11056.0,13.0,2664,76,3021,10624,28.0,7651,253.0,32.0,929,151.0,46941,160,16717,63969,15437,1607,37504,9421,63969,8.889482734581959,12.845656922433424,16.24692092075087,23.39795140946415,11.960480857915552,MARUTI,23.67,15.75,0.0033976046886944,180.52631578947367,1.345464209226344,-37344,0,,0,13.93,OK,19.82,OK,18.86,OK,3061.0,Moderate,4.113026908955709,Moderate,27.68632416787265,Reinvestor,5.8501889917229395,0.06680865224300132,5.157157885740353,34.39659076394291,42.13418160786582,23.159980188211986,99.99897845227083,44.84552969957266,25.33100412696171
742,IRCTC,Mar 2021,777,589,188.0,24.0,124,8,46,258,27.0,187,2.0,43.0,814,160.0,1296,79,1618,3153,311,24,0,2818,3153,24.066924066924063,24.195624195624195,12.843406593406591,12.247557003257327,5.930859498889946,IRCTC,53.8,40.4,0.0542582417582417,39.0,0.2464319695528068,79,0,,0,14.5,OK,18.53,OK,20.11,OK,-205.0,High Quality,58.301158301158296,Capital Intensive,-109.04255319148936,Reinvestor,5.832257366776892,0.04761052047264337,6.6907620333697935,33.44848407436222,43.78253325621747,21.882119861317484,99.9836863353053,43.559452951065474,25.308755064392415
738,IRCTC,Mar 2017,1520,1206,314.0,21.0,67,3,22,355,35.0,229,11.0,49.0,810,40.0,747,0,1040,1826,170,17,0,1639,1826,15.06578947368421,20.657894736842103,29.09783989834816,39.89834815756036,12.54107338444688,IRCTC,53.8,40.4,0.0,127.0,0.8324205914567361,0,0,,0,14.5,OK,18.53,OK,20.11,OK,432.0,High Quality,6.184210526315789,Moderate,137.5796178343949,Liquidating Assets,5.917894850184284,0.0952181218539421,5.781242632616275,33.633402617308604,43.78253325621747,21.882119861317484,100.0,44.35912581216775,25.30476229793284
1054,RELIANCE,Mar 2024,899041,736543,162498.0,18.0,16179,23118,50832,104727,25.0,79020,51.0,10.0,1185,6766.0,786715,458991,502576,1755048,779985,338855,225672,410536,1755048,8.789365557299389,18.07459281612296,9.958650553699458,12.974182257168223,4.502440958879758,RELIANCE,9.61,9.25,0.5784524141094746,7.728912535686478,0.5122600635424216,233319,0,,0,9.51,OK,14.92,OK,11.95,OK,45207.0,High Quality,12.633572884885115,Capital Intensive,27.820034708119483,Reinvestor,5.817058851833299,0.04886158360674077,5.147041548278232,46.631405380926395,29.352226720647778,18.306092124814263,99.82607842753788,43.27528658762949,25.29906400478392
892,MARUTI,Mar 2018,79809,67692,12118.0,15.0,2155,346,2760,11167,29.0,7881,261.0,31.0,928,151.0,42408,121,17568,60248,13389,2132,36123,8604,60248,9.87482614742698,15.183751206004336,18.517822317253696,28.39268978444236,13.080932147125216,MARUTI,23.67,15.75,0.0028431119152235,41.2514450867052,1.32467467799761,-36002,0,,0,13.93,OK,19.82,OK,18.86,OK,3486.0,High Quality,10.402335576188149,Capital Intensive,28.767123287671232,Reinvestor,5.862153375655273,0.07540831625380247,5.256721884156763,34.519966557902436,42.13418160786582,23.159980188211986,99.99914516996918,43.57991226395298,25.29885731987706
901,MOTHERSON,Mar 2014,30414,28017,2397.0,8.0,311,294,817,1596,31.0,1097,2.0,29.0,911,88.0,2871,4840,7445,15244,5919,647,75,8603,15244,3.6068915630959424,7.881238903136713,37.07333558634674,30.734709578151044,7.19627394384676,MOTHERSON,13.7,11.8,1.6356877323420074,9.210884353741497,1.9951456310679607,4765,0,,0,12.49,OK,26.08,OK,24.57,OK,1323.0,High Quality,4.511080423489182,Moderate,55.19399249061326,Reinvestor,5.959914240638152,0.07944067627358596,4.623378604145762,33.89205634064492,37.96992481203008,29.361069836552744,99.50820261869963,43.28875354949104,25.296434919437196
324,BOSCHLTD,Mar 2016,9701,7823,1878.0,19.0,623,13,386,2102,27.0,1531,488.0,17.0,403,31.0,9504,50,2848,12433,1149,151,4628,6505,12433,15.78187815689104,19.3588289867024,16.056633455689564,19.593114241001565,12.314003056382209,BOSCHLTD,20.6,16.0,0.0052438384897745,192.3846153846154,0.7802622054210568,-4578,0,,0,11.75,OK,26.24,OK,26.3,OK,323.0,Moderate,10.256674569631995,Capital Intensive,17.199148029818957,Reinvestor,5.849186450488428,0.06025769425318891,5.853599794181862,33.60176035485781,35.82995951417004,29.51956414066369,99.99842335062723,44.953288340084654,25.29148688719577
332,BOSCHLTD,Mar 2024,16727,14632,2095.0,13.0,1566,51,430,3181,22.0,2490,844.0,44.0,411,30.0,12034,39,5252,17355,1770,224,5125,10236,17355,14.886112273569676,12.524660728164047,20.639920424403183,17.30975791126167,14.34745030250648,BOSCHLTD,20.6,16.0,0.0032327586206896,71.7843137254902,0.9638144626908672,-5086,0,,0,11.75,OK,26.24,OK,26.3,OK,1536.0,Moderate,1.691875411012136,Asset Light,73.31742243436754,Liquidating Assets,5.873333780288921,0.056326337737886964,5.763087154805736,33.95388938561757,35.82995951417004,29.51956414066369,99.9990280160494,43.85737029147613,25.283748505802453
906,MOTHERSON,Mar 2019,63523,58174,5348.0,8.0,333,423,2058,3200,34.0,2098,3.0,29.0,916,316.0,10647,11534,20257,42754,18423,1067,855,22409,42754,3.3027407395746424,8.418997843300852,19.13709750980571,23.772058496688448,4.907143191280348,MOTHERSON,13.7,11.8,1.0520842834990425,13.430260047281324,1.4857791083875194,10679,0,,0,12.49,OK,26.08,OK,24.57,OK,994.0,High Quality,5.223304944665712,Moderate,18.58638743455497,Reinvestor,5.865416065164767,0.06745276911412823,4.592645692435326,33.79654896132096,37.96992481203008,29.361069836552744,99.68367293750423,43.32709582486511,25.283126149979765
739,IRCTC,Mar 2018,1466,1192,274.0,19.0,99,3,24,346,36.0,221,11.0,21.0,811,40.0,915,0,1365,2319,190,8,0,2122,2319,15.075034106412003,18.69031377899045,23.141361256544503,28.691099476439792,9.529969814575248,IRCTC,53.8,40.4,0.0,124.33333333333331,0.6321690383786115,0,0,,0,14.5,OK,18.53,OK,20.11,OK,64.0,Accrual Risk,2.728512960436562,Asset Light,23.35766423357664,Liquidating Assets,5.8865127754429345,0.07592210154065561,5.782176756279427,33.52657369453895,43.78253325621747,21.882119861317484,100.0,44.33489330122525,25.28098283309405
824,KOTAKBANK,Mar 2022,33741,11554,30699.0,-8512.0,-25,24941,480,15948,25.0,12089,61.0,2.0,1004,992.0,95673,365747,84086,546498,2723,0,164529,379245,546498,35.82881360955514,90.984262469992,12.50607769099467,6.638884804027577,2.2120849481608347,KOTAKBANK,7.86,15.1,3.783654890601562,1.2298624754420433,0.0617403906327196,201218,0,,1,13.86,OK,21.26,OK,20.22,OK,-2595.0,Moderate,32.31380219910495,Capital Intensive,-8.453044073096844,Mixed,5.830480128669529,0.037953819192407166,7.879241843079249,32.75467666833103,41.93175245806825,24.586428925210498,98.86237970111942,43.21622847449172,25.278360617941654
265,BAJFINANCE,Mar 2022,31641,9855,11880.0,9906.0,31,-17,385,9504,26.0,7028,116.0,17.0,345,121.0,43592,165232,3562,212506,1716,34,12246,198510,212506,22.211687367655887,37.546221674409786,16.07759705350811,5.685706764938141,3.30720073786152,BAJFINANCE,11.9,22.1,3.779928167821929,-700.6470588235294,0.1488946194460391,152986,0,,1,18.75,OK,23.93,OK,23.31,OK,-30743.0,Accrual Risk,20.05941657975412,Capital Intensive,-258.7794612794613,Distress Signal,5.849296898495238,0.036312690015410154,6.503299691428856,24.5834252603955,56.07287449392713,27.23130262506191,98.86350020380928,36.83813840861894,25.27754421468882
343,BPCL,Mar 2022,346791,327654,19137.0,6.0,4939,2606,5434,16037,27.0,11682,27.0,29.0,422,2129.0,49776,64534,71089,187529,83901,15433,23616,64578,187529,3.3685995311297003,5.518309298684223,22.50650226375108,16.435215005281737,6.229436513819196,BPCL,32.1,41.9,1.243309893073885,9.23867996930161,1.849265980195063,40918,0,,0,9.38,OK,30.23,OK,35.52,OK,12198.0,High Quality,2.346658361952876,Asset Light,63.74039818153315,Reinvestor,5.883167981721652,0.05482059817960833,4.5993003922411155,37.049025186079724,28.97628687102372,33.472015849430406,99.6261777003835,43.28900613357537,25.277139422974813
911,MOTHERSON,Mar 2024,98692,89370,9322.0,9.0,140,1811,3810,3840,21.0,3020,4.0,20.0,921,678.0,25477,19922,38101,84178,30122,2498,6521,45037,84178,3.060025128683176,9.445547764763102,11.546549416937488,20.231351867526097,3.58763572429851,MOTHERSON,13.7,11.8,0.7616899254444657,5.224737713970182,1.1724203473591674,13401,0,,0,12.49,OK,26.08,OK,24.57,OK,925.0,High Quality,6.732055283102987,Moderate,9.922763355503111,Mixed,5.825424794834943,0.061356576463848456,4.568120500118202,33.77651853830165,37.96992481203008,29.361069836552744,99.77098494823329,43.25253067121605,25.276063700871113
321,BOSCHLTD,Dec 2012,8659,7310,1350.0,16.0,369,6,367,1346,29.0,958,305.0,20.0,400,31.0,5542,230,2098,7902,863,408,1529,5102,7902,11.063633213996996,15.59071486314817,17.19002332675399,23.263829053937616,12.123513034674763,BOSCHLTD,20.6,16.0,0.0412704109097434,286.5,1.0957985320172108,-1299,0,,0,11.75,OK,26.24,OK,26.3,OK,47.0,Moderate,9.516110405358589,Capital Intensive,3.4814814814814814,Reinvestor,5.85515778485958,0.06657772779665923,5.376844861943403,33.521638662780575,35.82995951417004,29.51956414066369,99.98759134790261,45.80853287291563,25.274999870039444
331,BOSCHLTD,Mar 2023,14929,13120,1810.0,13.0,471,12,386,1882,24.0,1424,483.0,99.0,410,30.0,10983,53,5194,16259,1731,366,5023,9140,16259,9.538482148837833,12.124053854913257,12.930173431399256,16.35640701247063,8.758226213174241,BOSCHLTD,20.6,16.0,0.0048124943248887,190.08333333333331,0.9181991512393136,-4970,0,,0,11.75,OK,26.24,OK,26.3,OK,1476.0,Moderate,1.7549735414294323,Asset Light,81.54696132596685,Liquidating Assets,5.83271450320912,0.05468491094062575,5.2227360139450685,33.93647162647035,35.82995951417004,29.51956414066369,99.99855304159853,44.932376149151104,25.274546489041274
903,MOTHERSON,Mar 2016,37216,33668,3548.0,10.0,177,345,1087,2293,23.0,1774,3.0,26.0,913,132.0,4265,6069,9199,19665,7147,1397,590,10531,19665,4.766766981943251,9.533533963886502,40.34569024334774,33.900248423466465,9.021103483346046,MOTHERSON,13.7,11.8,1.3802592676825107,10.797101449275363,1.8924993643529116,5479,0,,0,12.49,OK,26.08,OK,24.57,OK,282.0,High Quality,5.121453138435082,Moderate,7.94813979706877,Reinvestor,5.977154842779404,0.08489092580401722,4.740578184373239,33.58985821944054,37.96992481203008,29.361069836552744,99.58500153792197,43.3031678081628,25.27435687940934
818,KOTAKBANK,Mar 2016,20402,11123,11541.0,-2263.0,-11,7631,345,5024,32.0,3524,19.0,3.0,998,917.0,32447,179679,27761,240804,1761,0,70274,168769,240804,17.27281639054995,56.56798353102637,10.562282699916077,5.417216242730341,1.4634308400192688,KOTAKBANK,7.86,15.1,5.38541541781561,1.5109422094089895,0.0847245062374379,109405,1,,0,13.86,OK,21.26,OK,20.22,OK,2672.0,High Quality,11.533183021272423,Capital Intensive,23.15223984056841,Mixed,5.820239124989304,0.03585041789868858,6.004251607549522,34.283665625471734,41.93175245806825,24.586428925210498,98.3807831120038,43.21878269989013,25.27043149963674
902,MOTHERSON,Mar 2015,34661,31817,2844.0,8.0,212,318,921,1817,29.0,1292,2.0,31.0,912,88.0,3236,5131,8971,17425,6129,956,65,10276,17425,3.7275323851014095,8.2051873863997,38.86883273164862,33.63690124186871,7.414634146341463,MOTHERSON,13.7,11.8,1.5436221419975933,9.61006289308176,1.9891535150645625,5066,0,,0,12.49,OK,26.08,OK,24.57,OK,546.0,High Quality,8.2051873863997,Capital Intensive,19.19831223628692,Mixed,5.969373927980317,0.08443750920640775,4.6355687527320555,33.66649635968834,37.96992481203008,29.361069836552744,99.53588370680953,43.29238096136201,25.268688052951482
710,INFY,Mar 2013,40352,28814,11538.0,29.0,2365,5,1099,12799,26.0,9429,21.0,25.0,782,286.0,37708,0,8281,46275,7139,1140,2116,35880,46275,23.366871530531323,28.59337827121332,24.81707638048113,30.3679528346581,20.376012965964343,INFY,40.0,31.8,0.0,2780.6,0.8720043219881145,-2116,0,,0,12.0,OK,10.72,OK,11.43,OK,4451.0,Moderate,7.241276764472642,Moderate,38.57687640838967,Reinvestor,5.895341383824995,0.07880921481735931,6.620025243823941,34.800102184187,36.552920763447084,14.145616641901931,100.0,68.47289745104275,25.267698594152968
969,ONGC,Mar 2017,282506,229702,52804.0,19.0,12724,3591,20119,41718,30.0,29169,19.0,40.0,849,6417.0,187969,80029,170111,444525,211125,59042,70746,103612,444525,10.325090440557014,18.691284432897,15.005710287777926,19.242388353406337,6.561835667285304,ONGC,19.71,14.32,0.4117014599816859,18.247841826789195,0.6355233113998088,9283,0,,0,10.67,OK,29.87,OK,29.67,OK,1965.0,High Quality,15.509405109979966,Capital Intensive,3.72130899174305,Reinvestor,5.843649597024142,0.05965383383713215,5.302218827439435,34.07842636352025,32.70676691729324,33.11540366518078,99.87621494256325,43.37087411356072,25.26288091839108
482,EICHERMOT,Mar 2018,8965,6156,2809.0,31.0,536,5,223,3116,30.0,1960,72.0,15.0,560,27.0,7003,151,2341,9522,1502,333,5581,2106,9522,21.862799776910204,31.3329615170106,27.880512091038405,39.11711460799332,20.583910943079182,EICHERMOT,31.1,24.2,0.021479374110953,669.0,0.9415038857382902,-5430,0,,0,13.3,OK,18.49,OK,18.42,OK,337.0,High Quality,23.92638036809816,Capital Intensive,11.997152011391954,Reinvestor,5.911481283624067,0.09387303717965796,6.46804635428804,33.60582449865883,40.31231925968768,21.842496285289744,99.99354186026412,49.2843836612295,25.262842730074837
894,MARUTI,Mar 2020,75660,68305,7355.0,10.0,3410,134,3528,7103,20.0,5678,188.0,32.0,930,151.0,49262,184,14031,63628,15744,1415,37488,8980,63628,7.504625958234206,9.721120803595031,11.490903203610388,14.829525979393916,8.923744263531779,MARUTI,23.67,15.75,0.0037237164308987,80.33582089552239,1.1890991387439491,-37304,0,,0,13.93,OK,19.82,OK,18.86,OK,2939.0,Moderate,0.7361882104150145,Asset Light,39.95921142080218,Reinvestor,5.825131619331306,0.05205601171044696,5.017225070348477,34.36117465367689,42.13418160786582,23.159980188211986,99.9988804012201,43.935079475628356,25.260932242668332
614,HINDALCO,Mar 2021,132008,3738,114449.0,17559.0,13,-987,6628,6206,44.0,3483,16.0,19.0,701,222.0,66311,67206,55083,188822,100269,10202,17133,61218,188822,2.638476455972365,86.69853342221684,5.234996167315468,85.5763838521299,1.8445943798921736,HINDALCO,11.3,10.2,1.010115281138683,-115.96960486322187,0.6991134507631526,50073,0,,1,13.65,OK,27.09,OK,26.93,OK,-8048.0,High Quality,19.150354523968243,Capital Intensive,-7.031953097012643,Reinvestor,5.79217198764387,0.17386403484400806,4.525525125921673,31.171692657833926,41.32446500867554,30.361565131253094,99.69629163302203,42.151214458964766,25.26031151314154
481,EICHERMOT,Mar 2017,7033,4859,2174.0,31.0,416,4,154,2433,30.0,1667,61.0,16.0,559,27.0,5318,112,1552,7009,873,374,4987,775,7009,23.70254514431964,30.911417602729983,31.18802619270346,39.83873923401136,23.783706662862038,EICHERMOT,31.1,24.2,0.0209541627689429,647.5,1.003424168925667,-4875,0,,0,13.3,OK,18.49,OK,18.42,OK,-36.0,High Quality,24.79738376226361,Capital Intensive,-1.655933762649494,Mixed,5.9289071254659325,0.09511549050949875,6.653943375021624,33.497544095960244,40.31231925968768,21.842496285289744,99.99369977400127,49.089009041755645,25.258175553752693
891,MARUTI,Mar 2017,68085,57664,10421.0,15.0,2399,89,2604,10127,26.0,7511,249.0,30.0,927,151.0,36924,484,14402,51960,13311,1252,29151,8247,51960,11.031798487185135,15.305867665418226,20.25893459204316,27.745680129928918,14.45535026943803,MARUTI,23.67,15.75,0.0130546190155091,144.04494382022472,1.3103348729792148,-28667,0,,0,13.93,OK,19.82,OK,18.86,OK,1109.0,High Quality,13.472864801351252,Capital Intensive,10.641972939257268,Reinvestor,5.871326532956142,0.07429433085099657,5.373628122836444,33.82993299968648,42.13418160786582,23.159980188211986,99.99607490640251,44.51401648253192,25.25470566963977
905,MOTHERSON,Mar 2018,56303,51174,5128.0,9.0,125,411,1575,3267,31.0,2260,3.0,30.0,915,210.0,9674,10374,16716,36974,14712,2585,792,18885,36974,4.013995701827612,9.10786281370442,22.86523674625657,25.313456412281564,6.112403310434359,MOTHERSON,13.7,11.8,1.0495750708215297,12.781021897810218,1.52277275923622,9582,0,,0,12.49,OK,26.08,OK,24.57,OK,70.0,High Quality,5.672877111343978,Moderate,1.3650546021840877,Reinvestor,5.885057996446674,0.07010666270892693,4.66451443079828,33.52831547045368,37.96992481203008,29.361069836552744,99.68442737504114,43.32119607340461,25.253070135418398
890,MARUTI,Mar 2016,57589,48565,9024.0,16.0,1464,82,2822,7585,28.0,5497,182.0,19.0,926,151.0,30465,231,11879,42726,12530,1007,20676,8513,42726,9.54522565073191,15.66965913629339,17.954664227854717,29.254060362433947,12.865702382624164,MARUTI,23.67,15.75,0.0075450744708649,127.90243902439023,1.347867808828348,-20445,0,,0,13.93,OK,19.82,OK,18.86,OK,1252.0,High Quality,12.554480890447827,Capital Intensive,13.874113475177303,Reinvestor,5.859186342561479,0.07689137642700915,5.223417410910989,33.87144532565404,42.13418160786582,23.159980188211986,99.99773144482708,44.3673264484928,25.23718127548126
323,BOSCHLTD,Mar 2015,12086,10104,1981.0,16.0,537,14,548,1956,32.0,1338,426.0,20.0,402,31.0,7316,111,2973,10431,968,276,2890,6298,10431,11.070660268078768,16.390865464173423,18.211514904042467,26.562080986859748,12.82714984181766,BOSCHLTD,20.6,16.0,0.0151082074316047,179.85714285714286,1.1586616815262198,-2779,0,,0,11.75,OK,26.24,OK,26.3,OK,213.0,High Quality,9.78818467648519,Capital Intensive,10.752145381120648,Reinvestor,5.8605395761751975,0.07225647537394941,5.377554910432437,33.56982779642123,35.82995951417004,29.51956414066369,99.99545746006154,44.83944879692074,25.23600679580567
737,IRCTC,Mar 2016,1367,1176,190.0,14.0,139,0,21,309,39.0,189,19.0,40.0,809,20.0,522,0,895,1437,159,14,0,1264,1437,13.825896122896856,13.89904901243599,34.87084870848708,35.05535055350554,13.152400835073069,IRCTC,53.8,40.4,0.0,,0.9512874043145442,0,0,Debt Free,0,14.5,OK,18.53,OK,20.11,OK,295.0,High Quality,0.5120702267739575,Asset Light,155.26315789473685,Liquidating Assets,5.948310302812749,0.08687971670170666,5.6559576426269755,33.593632067255776,43.78253325621747,21.882119861317484,100.0,43.205052478531506,25.232293027123216
909,MOTHERSON,Mar 2022,63774,59060,4714.0,7.0,575,543,2958,1788,31.0,1182,1.0,34.0,919,452.0,20136,14130,21008,55726,21411,1310,6462,26543,55726,1.8534198889829712,7.391727036096214,5.741208470953954,13.577971081283485,2.121092488246061,MOTHERSON,13.7,11.8,0.6863221293957645,9.740331491712707,1.144420916627786,7668,0,,0,12.49,OK,26.08,OK,24.57,OK,159.0,High Quality,3.6127575500987854,Moderate,3.3729316928298685,Reinvestor,5.794838998356589,0.04990115377659788,4.446199106410525,33.554151813188724,37.96992481203008,29.361069836552744,99.79364556003483,43.29356473707768,25.229100905466158
1196,TCS,Mar 2024,240893,176597,64296.0,27.0,3464,778,4985,61997,26.0,46099,127.0,58.0,1425,362.0,90127,8021,46962,145472,19604,1564,31762,92542,145472,19.136712150207767,26.69068839692312,50.944313673485176,65.26850065983149,31.689259788825343,TCS,64.3,0.52,0.0886406082507266,87.09511568123393,1.6559406621205457,-23741,0,,0,9.94,OK,8.6,OK,9.44,OK,50429.0,Moderate,2.528508507926756,Asset Light,78.43256190120692,Liquidating Assets,6.0329943433705235,0.13889904586695798,6.192588904012592,48.14733101870667,30.59572006940428,12.045567112431897,99.97334869110244,43.99650248245022,25.22148631071591
483,EICHERMOT,Mar 2019,9797,6893,2904.0,30.0,701,7,300,3297,33.0,2203,81.0,15.0,561,27.0,8891,187,2281,11387,1875,450,4923,4140,11387,22.48647545166888,29.641727059303868,24.702848172235928,31.89456342668863,19.34662334240801,EICHERMOT,31.1,24.2,0.020968827091276,515.0,0.8603670852726794,-4736,0,,0,13.3,OK,18.49,OK,18.42,OK,915.0,Moderate,6.7367561498417885,Moderate,31.508264462809915,Reinvestor,5.894739565471519,0.08143764841711718,6.53106564592235,33.77361557844378,40.31231925968768,21.842496285289744,99.99369536492294,47.88495615430051,25.220602499726304
606,HINDALCO,Mar 2013,80193,2079,72494.0,7699.0,10,1111,2822,3909,23.0,3007,16.0,6.0,693,191.0,35139,56951,28309,120590,37929,33834,12601,36226,120590,3.749703839487237,90.39941141994936,8.511180300028306,78.55788298783065,2.493573264781491,HINDALCO,11.3,10.2,1.6119728276252476,65.26012601260126,0.665005390165022,44350,0,,0,13.65,OK,27.09,OK,26.93,OK,-10824.0,Moderate,17.20973152270148,Capital Intensive,-14.930890832344746,Mixed,5.809432765613869,0.1617799686204685,4.637809066738911,30.36583100128891,41.32446500867554,30.361565131253094,99.51533290879527,43.79808374767233,25.216288960827363
656,ICICIGI,Mar 2024,20487,0,17910.0,2577.0,13,112,134,2555,25.0,1919,39.0,28.0,742,493.0,11712,35,51068,63308,930,94,48584,13700,63308,9.366915605017816,87.42129155073948,15.7230643179025,146.3235294117647,3.031212484993997,ICICIGI,22.5,17.0,0.0028676771814829,160.02678571428572,0.3236083907247109,-48549,0,,0,15.13,OK,16.09,OK,14.42,OK,486.0,High Quality,9.37667789329819,Capital Intensive,2.71356783919598,Reinvestor,5.847429020932655,0.2784551069300148,5.205400077179749,33.64907860054111,45.604395604395606,19.465081723625556,99.9991377840034,44.659246541999046,25.212685499934448
965,ONGC,Mar 2013,161984,118482,43501.0,27.0,5488,484,11763,36742,35.0,23994,19.0,34.0,845,4278.0,148250,20686,80211,253424,119644,53385,2128,78267,253424,14.812574081390755,26.85512149348084,15.730882198678277,25.114020806632254,9.467927268135616,ONGC,19.71,14.32,0.1356210007342914,101.21694214876032,0.6391817665256645,18558,0,,0,10.67,OK,29.87,OK,29.67,OK,-1346.0,High Quality,25.44695772421968,Capital Intensive,-3.0941817429484377,Reinvestor,5.847470209919232,0.06976328552445485,5.755656490172268,33.117256354579126,32.70676691729324,33.11540366518078,99.95922323577315,44.12483022535109,25.211631855336694
758,IRFC,Mar 2024,26645,133,26513.0,100.0,10,20101,9,6412,0.0,6412,5.0,31.0,830,13069.0,36110,412039,23865,485082,22,4,54,485003,485082,24.064552448864703,99.50459748545694,13.038085361638096,5.7484746909270665,1.3218383695952436,IRFC,5.73,13.7,8.378352548852153,1.3194865927068304,0.05492885738906,411985,1,,1,14.92,OK,15.42,OK,10.76,OK,7906.0,High Quality,0.0300243948207918,Asset Light,29.81933391166597,Reinvestor,5.833283043862733,0.03642076035536302,6.690522393287332,35.80307481508146,44.9971081550029,18.80138682516097,97.48090557771863,43.2170429060176,25.20694019529503
900,MOTHERSON,Mar 2013,25298,23819,1480.0,6.0,318,250,714,834,46.0,452,1.0,26.0,910,59.0,2230,4904,5546,12739,5277,386,72,7005,12739,1.7867025061269666,5.850264843070598,19.74661424202709,20.575559571805925,3.548159196169244,MOTHERSON,13.7,11.8,2.142420270860638,7.192,1.9858701624931316,4832,0,,0,12.49,OK,26.08,OK,24.57,OK,397.0,High Quality,4.304688117637758,Moderate,26.824324324324323,Reinvestor,5.868627341624726,0.06194921423273832,4.439457650270027,33.623242257806055,37.96992481203008,29.361069836552744,99.35584484860965,43.27040756054342,25.206125454111316
897,MARUTI,Mar 2023,118410,105288,13122.0,11.0,2415,252,4846,10438,21.0,8264,274.0,34.0,933,157.0,74443,1248,24258,100106,27941,4143,49184,18837,100106,6.9791402753145855,11.081834304535093,11.07774798927614,17.300390254192596,8.255249435598266,MARUTI,23.67,15.75,0.0167292225201072,61.65476190476191,1.1828461830459711,-47936,0,,0,13.93,OK,19.82,OK,18.86,OK,1995.0,High Quality,7.448695211553079,Moderate,15.203475080018288,Reinvestor,5.822954885627434,0.05631020902456616,4.964127383775436,34.087135243093854,42.13418160786582,23.159980188211986,99.99497007426056,43.765321113224246,25.205736521283246
889,MARUTI,Mar 2015,50801,43909,6892.0,14.0,817,218,2515,4976,24.0,3809,126.0,20.0,925,151.0,24167,666,9492,34477,12490,1890,13298,6800,34477,7.49788389992323,13.566662073581227,15.66329467883872,27.585654819084212,11.04794500681614,MARUTI,23.67,15.75,0.0273871206513693,35.36238532110092,1.4734750703367463,-12632,0,,0,13.93,OK,19.82,OK,18.86,OK,1958.0,High Quality,8.84037715792996,Capital Intensive,28.40975043528729,Reinvestor,5.847114120906454,0.07401880813025057,5.016543819249371,34.076394291619735,42.13418160786582,23.159980188211986,99.99176559562599,43.52639724949885,25.202495126262214
736,IRCTC,Mar 2015,1059,907,152.0,14.0,82,0,20,214,39.0,131,13.0,20.0,808,20.0,424,0,718,1162,155,16,0,990,1162,12.370160528800756,14.353163361661943,29.504504504504503,34.23423423423424,11.273666092943202,IRCTC,53.8,40.4,0.0,,0.9113597246127366,0,0,Debt Free,0,14.5,OK,18.53,OK,20.11,OK,23.0,Moderate,4.343720491029273,Moderate,15.13157894736842,Reinvestor,5.920037387719043,0.0854659640825718,5.508862879018815,33.51467155912168,43.78253325621747,21.882119861317484,100.0,43.205052478531506,25.20135716201632
895,MARUTI,Mar 2021,70372,64961,5411.0,8.0,3046,102,3034,5321,18.0,4389,145.0,31.0,931,151.0,52350,541,18335,71376,14989,1497,42945,11946,71376,6.236855567555278,7.689137725231626,8.359840764937811,10.201349873685004,6.149125756556826,MARUTI,23.67,15.75,0.0103045656273213,82.91176470588235,0.985933647164313,-42404,0,,0,13.93,OK,19.82,OK,18.86,OK,1565.0,High Quality,10.360654805888704,Capital Intensive,28.922565145074845,Reinvestor,5.808635423948242,0.04408747432092084,4.889123245619699,33.962307969205405,42.13418160786582,23.159980188211986,99.99690175680189,43.95848757059277,25.18599331478472
336,BPCL,Mar 2015,242598,232818,9780.0,4.0,2117,1180,3027,7690,34.0,5082,11.0,34.0,415,723.0,21839,25492,38268,86322,29109,15787,7712,33714,86322,2.0948235352311237,4.031360522345609,22.524598883077743,20.35210388313148,5.887259331340794,BPCL,32.1,41.9,1.1298643737257337,10.082203389830507,2.81038437478279,17780,0,,0,9.38,OK,30.23,OK,35.52,OK,10206.0,High Quality,4.342987163950238,Moderate,104.3558282208589,Reinvestor,5.883263324875624,0.061564480599135184,4.470591731295862,36.4707555823918,28.97628687102372,33.472015849430406,99.66028702836373,43.2966713925197,25.182011001787387
1034,RECLTD,Mar 2017,24338,1888,22450.0,92.0,24,13462,40,8972,30.0,6313,24.0,30.0,1165,1975.0,31696,167852,8723,210245,355,166,2617,207108,210245,25.938861040348428,92.2425836141014,18.749071901636423,11.140167623546692,3.002687340959357,RECLTD,10.0,22.2,4.9850613287398655,1.6694399049175457,0.1157601845466003,165235,0,,0,11.45,OK,24.52,OK,24.57,OK,6704.0,High Quality,0.4149889062371599,Asset Light,29.86191536748329,Reinvestor,5.86337172833937,0.045703878746952885,6.879911854059728,35.45413904016535,34.962406015037594,27.815750371471022,98.50115638907083,43.22022299881792,25.179130616055218
207,BAJAJ-AUTO,Mar 2014,20137,15974,4163.0,21.0,674,1,181,4655,31.0,3380,117.0,43.0,300,289.0,9878,59,5081,15308,2660,144,8448,4056,15308,16.785022595222724,20.673387297015445,33.24481164551982,40.70995501662429,22.07995819179514,BAJAJ-AUTO,33.5,26.5,0.0058030884233303,4837.0,1.3154559707342566,-8389,0,,0,10.32,OK,7.18,OK,7.88,OK,1430.0,High Quality,10.28951680985251,Capital Intensive,34.35022820081672,Reinvestor,5.939743426355892,0.09661550161096329,5.954962496735592,33.923118011124146,31.694621168305382,10.63893016344725,99.99825520260768,87.1597982643464,25.175757582110013
207,BAJAJ-AUTO,Mar 2014,20137,15974,4163.0,21.0,674,1,181,4655,31.0,3380,117.0,43.0,300,289.0,9878,59,5081,15308,2660,144,8448,4056,15308,16.785022595222724,20.673387297015445,33.24481164551982,40.70995501662429,22.07995819179514,BAJAJ-AUTO,33.5,26.5,0.0058030884233303,4837.0,1.3154559707342566,-8389,0,,0,10.32,OK,7.18,OK,7.88,OK,1430.0,High Quality,10.28951680985251,Capital Intensive,34.35022820081672,Reinvestor,5.939743426355892,0.09661550161096329,5.954962496735592,33.923118011124146,31.694621168305382,10.63893016344725,99.99825520260768,87.1597982643464,25.175757582110013
647,ICICIGI,Mar 2015,4234,12,4456.0,-221.0,-5,992,54,705,17.0,585,13.0,15.0,733,447.0,2439,0,11760,14646,381,9,10200,4056,14646,13.816721776098252,105.24326877657062,20.27027027027027,154.4005544005544,3.9942646456370334,ICICIGI,22.5,17.0,0.0,4.486895161290323,0.2890891711047385,-10200,0,,0,15.13,OK,16.09,OK,14.42,OK,73.0,Accrual Risk,4.03873405762872,Moderate,1.6382405745062838,Other,5.871386255675345,0.29236168138812924,5.65503062100363,33.52918635841103,45.604395604395606,19.465081723625556,100.0,43.24582575456669,25.17406414288258
650,ICICIGI,Mar 2018,6912,59,7174.0,-262.0,-4,1569,51,1196,28.0,862,19.0,17.0,736,454.0,4087,485,24723,29750,368,38,18193,11151,29750,12.471064814814817,103.79050925925924,18.982602950891877,142.73776362912852,2.8974789915966386,ICICIGI,22.5,17.0,0.1068046685752037,4.569789674952199,0.2323361344537815,-17708,0,,0,15.13,OK,16.09,OK,14.42,OK,494.0,High Quality,27.43055555555556,Capital Intensive,6.885977139671034,Reinvestor,5.864602101061725,0.2722813339238895,5.519058749861353,33.65140096842741,45.604395604395606,19.465081723625556,99.96788735693411,43.246579032895205,25.172599888942184
328,BOSCHLTD,Mar 2020,9842,8358,1483.0,15.0,-105,10,383,985,34.0,650,220.0,48.0,407,30.0,9240,74,3977,13320,1342,487,4042,7450,13320,6.604348709611868,15.068075594391384,7.011866235167206,15.871147260273974,4.87987987987988,BOSCHLTD,20.6,16.0,0.0079827400215749,137.8,0.7388888888888889,-3968,0,,0,11.75,OK,26.24,OK,26.3,OK,463.0,High Quality,8.870148343832554,Capital Intensive,31.22049898853675,Reinvestor,5.801533537080754,0.053849417564684095,4.926256580187917,33.64240179286801,35.82995951417004,29.51956414066369,99.99759985322346,44.45726748148485,25.17217662414754
241,BAJAJFINSV,Mar 2022,68406,46951,21455.0,31.0,8,9629,563,11271,26.0,8314,29.0,1.0,321,80.0,40167,161179,131987,333413,3586,113,119222,210493,333413,12.153904628248984,31.36420781802765,20.657440306109773,10.651554417006745,2.493604028637156,BAJAJFINSV,21.14,11.72,4.004745695331329,2.2289957420292867,0.2051689646174564,41957,0,,0,18.36,OK,22.48,OK,20.34,OK,-32225.0,Accrual Risk,2.112387802239569,Asset Light,-150.19808902353765,Distress Signal,5.873426084865204,0.04486261157897994,5.487011307415055,24.153206609459005,54.94505494505495,25.79494799405646,98.79590498431024,43.22530778992257,25.172038477886332
821,KOTAKBANK,Mar 2019,29831,15187,19758.0,-5114.0,-17,16148,458,10576,33.0,7204,38.0,2.0,1001,954.0,56827,291763,45626,395171,2697,0,103487,288987,395171,24.149374811437767,66.2331132043847,12.467766220729995,5.652507266610212,1.823008267307065,KOTAKBANK,7.86,15.1,5.049462626122774,1.2225043349021552,0.0754888390089353,188276,1,,1,13.86,OK,21.26,OK,20.22,OK,-1501.0,Accrual Risk,11.139418725486909,Capital Intensive,-7.596922765462091,Mixed,5.830278282327823,0.03625552895720986,6.699093266612112,33.07226047678213,41.93175245806825,24.586428925210498,98.4817930419117,43.21616160965879,25.169721216425412
330,BOSCHLTD,Mar 2022,11782,10319,1462.0,12.0,391,29,324,1500,19.0,1217,413.0,51.0,409,30.0,10658,73,4650,15410,1211,606,5528,8066,15410,10.329315905618742,12.408759124087592,11.386601796407184,13.58609794628752,7.897469175859831,BOSCHLTD,20.6,16.0,0.0068300898203592,63.89655172413793,0.764568462037638,-5455,0,,0,11.75,OK,26.24,OK,26.3,OK,238.0,Accrual Risk,0.2800882702427431,Asset Light,16.27906976744186,Reinvestor,5.824582100940775,0.04991514616283497,5.302645789441952,33.57708519606591,35.82995951417004,29.51956414066369,99.99794641714229,43.78569268684755,25.16953782965146
655,ICICIGI,Mar 2023,17876,0,16612.0,1264.0,7,991,142,2113,18.0,1729,35.0,31.0,741,491.0,9953,35,44607,55086,883,25,42836,11342,55086,9.672186171402998,92.92906690534797,16.554959785522787,158.5265769634507,3.1387285335656974,ICICIGI,22.5,17.0,0.0033512064343163,16.769929364278507,0.3245107649856588,-42801,0,,0,15.13,OK,16.09,OK,14.42,OK,605.0,High Quality,9.426046095323338,Capital Intensive,3.641945581507344,Reinvestor,5.8518119134622495,0.29946563860832054,5.236246133277485,33.68362382284978,45.604395604395606,19.465081723625556,99.99899240269643,43.35744403984078,25.158605712699185
896,MARUTI,Mar 2022,88330,82578,5752.0,7.0,1861,127,2789,4697,17.0,3880,128.0,47.0,932,151.0,55182,426,18896,74656,13747,2936,42035,15937,74656,4.392618589380732,6.511943846937621,7.012090434279725,10.315823454509584,5.197171024432062,MARUTI,23.67,15.75,0.0076988415592865,59.94488188976378,1.1831600942991856,-41609,0,,0,13.93,OK,19.82,OK,18.86,OK,1601.0,Accrual Risk,0.2705762481603079,Asset Light,27.83379694019472,Reinvestor,5.801534718287593,0.04428456859479439,4.702772370198221,33.97275862469374,42.13418160786582,23.159980188211986,99.99768521213247,43.74978310590907,25.157523551442985
646,ICICIGI,Mar 2014,4352,9,4578.0,-225.0,-5,817,50,533,3.0,520,12.0,0.0,732,445.0,1949,0,12350,14744,373,17,9290,5064,14744,11.948529411764708,105.19301470588236,21.72096908939014,191.2280701754386,3.52685838307108,ICICIGI,22.5,17.0,0.0,5.597307221542228,0.2951709169831796,-9290,0,,0,15.13,OK,16.09,OK,14.42,OK,-111.0,High Quality,16.222426470588236,Capital Intensive,-2.4246395806028835,Mixed,5.8790293517907735,0.35576925917099256,5.4662591742376785,33.475771897026206,45.604395604395606,19.465081723625556,100.0,43.25591628171695,25.155166577551377
904,MOTHERSON,Mar 2017,42376,38204,4171.0,10.0,346,375,1059,3083,30.0,2172,3.0,18.0,914,140.0,8132,10349,13322,31944,12193,1935,474,17343,31944,5.12554276005286,9.842835567302249,26.25725338491296,22.399441490789968,6.799398948159278,MOTHERSON,13.7,11.8,1.251088007736944,12.045333333333334,1.3265715001252192,9875,0,,0,12.49,OK,26.08,OK,24.57,OK,-2345.0,High Quality,14.501132716632055,Capital Intensive,-56.22152960920642,Mixed,5.9029290451114225,0.06508947314543992,4.7768306731379555,32.82725066477781,37.96992481203008,29.361069836552744,99.62383907770686,43.31451073045876,25.15492788026363
654,ICICIGI,Mar 2022,16026,0,15010.0,1016.0,6,809,141,1684,24.0,1271,26.0,35.0,740,491.0,8702,255,41401,50848,941,11,38412,11485,50848,7.93086234868339,93.660302009235,13.8257369737844,158.86960203217612,2.4996066708621774,ICICIGI,22.5,17.0,0.0277384966822582,18.56118665018541,0.3151746381371932,-38157,0,,0,15.13,OK,16.09,OK,14.42,OK,944.0,Moderate,0.8423811306626731,Asset Light,6.289140572951365,Liquidating Assets,5.837432834913613,0.30005624018078697,5.060294114856692,33.78203416203161,45.604395604395606,19.465081723625556,99.99165994843648,43.373721538008866,25.153754889591738
817,KOTAKBANK,Mar 2015,13319,6966,9718.0,-3366.0,-25,8152,237,4550,33.0,3105,20.0,2.0,997,386.0,21770,104258,22049,148464,1385,0,45589,101490,148464,23.312561003078308,72.96343569337037,14.014262502256724,7.687439682313668,2.091416100872939,KOTAKBANK,7.86,15.1,4.70563278570139,1.1890333660451422,0.0897119840500053,58669,0,,1,13.86,OK,21.26,OK,20.22,OK,-2165.0,Moderate,33.5385539454914,Capital Intensive,-22.27824655278864,Mixed,5.838426093276642,0.039759162930793915,6.6145374380510145,32.879503942219486,41.93175245806825,24.586428925210498,98.58517134070841,43.21585745255164,25.1442473104489
322,BOSCHLTD,Dec 2013,8757,7468,1289.0,15.0,353,0,384,1257,30.0,885,282.0,20.0,401,31.0,6263,183,2414,8891,938,440,2202,5311,8891,10.106200753682767,14.71965284914925,14.061010486177311,19.90118882198549,9.95388595208638,BOSCHLTD,20.6,16.0,0.0290753098188751,,0.9849285794623776,-2019,0,Debt Free,0,11.75,OK,26.24,OK,26.3,OK,211.0,High Quality,9.660842754367934,Capital Intensive,16.369278510473233,Reinvestor,5.838672387910371,0.060788120010822635,5.280101124968182,33.56924720444966,35.82995951417004,29.51956414066369,99.99125801279384,43.205052478531506,25.139607654041235
645,ICICIGI,Mar 2013,4012,8,4191.0,-178.0,-4,586,49,351,0.0,353,8.0,0.0,731,437.0,1433,0,10767,12637,390,10,7800,4436,12637,8.798604187437686,104.46161515453636,18.877005347593585,224.11764705882356,2.793384505816254,ICICIGI,22.5,17.0,0.0,7.145051194539249,0.3174804146553771,-7800,0,,0,15.13,OK,16.09,OK,14.42,OK,22.0,High Quality,23.978065802592223,Capital Intensive,0.5249343832020997,Mixed,5.8640457535822,0.41239671178621723,5.147975065409892,33.514381263135895,45.604395604395606,19.465081723625556,100.0,43.26998092775264,25.133248009417073
887,MARUTI,Mar 2013,44304,39944,4361.0,10.0,797,198,1890,3070,20.0,2470,82.0,10.0,923,151.0,18877,1569,6920,27517,10022,1966,7421,8107,27517,5.575117370892019,9.843355001805708,12.980870296405298,21.17298635723649,8.97626921539412,MARUTI,23.67,15.75,0.0824574311540887,26.05050505050505,1.6100592361085877,-5852,0,,0,13.93,OK,19.82,OK,18.86,OK,940.0,High Quality,7.039996388587938,Moderate,21.55468929144692,Reinvestor,5.832981602766165,0.0629778305966091,4.8222579274922595,33.78087297808846,42.13418160786582,23.159980188211986,99.97520776862936,43.4417784092917,25.129627639872385
648,ICICIGI,Mar 2016,6033,0,5269.0,764.0,13,0,57,708,28.0,507,11.0,26.0,734,448.0,2789,0,12440,15676,510,10,11426,3730,15676,8.403779214321233,87.33631692358695,15.66265060240964,162.77417361754712,3.234243429446288,ICICIGI,22.5,17.0,0.0,,0.3848558305690227,-11426,0,Debt Free,0,15.13,OK,16.09,OK,14.42,OK,201.0,High Quality,5.138405436764463,Moderate,3.814765610172708,Reinvestor,5.847110727550103,0.306778915368045,5.108079986713802,33.56634424459178,45.604395604395606,19.465081723625556,100.0,43.205052478531506,25.120704492758158
329,BOSCHLTD,Mar 2021,9718,8555,1163.0,12.0,-241,14,341,567,15.0,482,164.0,70.0,408,30.0,9793,54,4898,14774,1241,488,5157,7888,14774,4.959868285655484,11.967483021197776,4.906851267433575,11.774830414093348,3.262488154866658,BOSCHLTD,20.6,16.0,0.0054973022498218,65.85714285714286,0.6577771761202111,-5103,0,,0,11.75,OK,26.24,OK,26.3,OK,372.0,High Quality,4.764354805515538,Moderate,31.986242476354253,Reinvestor,5.7904431360197215,0.04679660600293904,4.760090100367583,33.61598485816138,35.82995951417004,29.51956414066369,99.99834714242992,43.80350895412916,25.116615397197045
239,BAJAJFINSV,Mar 2020,54351,36094,18258.0,34.0,0,9500,457,8302,28.0,5994,21.0,2.0,319,80.0,31222,127212,92791,251304,3216,45,91821,156223,251304,11.028315946348734,33.59275818292212,19.148936170212767,11.518225519512471,2.385159010600707,BAJAJFINSV,21.14,11.72,4.064021468276788,1.921894736842105,0.2162759048801451,35391,0,,0,18.36,OK,22.48,OK,20.34,OK,-33317.0,Accrual Risk,18.30325109013633,Capital Intensive,-182.4789133530507,Growth Funded by Debt,5.865478437876576,0.04635479790184262,5.373276229592118,23.83620339297948,54.94505494505495,25.79494799405646,98.77808271338851,43.22251710424682,25.110149797840137
181,APOLLOHOSP,Mar 2022,14663,12474,2189.0,15.0,368,379,601,1578,30.0,1108,73.0,16.0,249,72.0,5551,4068,3570,13261,8296,46,816,4104,13261,7.556434563186251,14.928732183045762,19.704783923172684,22.587968217934165,8.355327652514893,APOLLOHOSP,17.2,13.81,0.723457229237062,6.746701846965699,1.1057235502601614,3252,0,,0,12.72,OK,23.16,OK,19.97,OK,949.0,High Quality,5.094455432039828,Moderate,43.35312928277752,Reinvestor,5.868406956012406,0.06541406802684913,5.022460069430176,33.78348564196054,38.635049161364954,26.468548786527986,99.7824802596568,43.26636105090614,25.108497176741924
888,MARUTI,Mar 2014,44542,39232,5310.0,12.0,724,184,2116,3734,24.0,2854,94.0,13.0,924,151.0,21345,2004,7975,31476,11034,2640,10527,7275,31476,6.407435678685286,11.92133267477886,13.276888723483438,22.595744680851062,9.067225822849156,MARUTI,23.67,15.75,0.0932266468180126,32.79347826086956,1.4151099250222392,-8523,0,,0,13.93,OK,19.82,OK,18.86,OK,-2.0,High Quality,11.218625117866283,Capital Intensive,-0.0376647834274952,Reinvestor,5.8345411940888265,0.06542745711017185,4.90635950832062,33.507414159477,42.13418160786582,23.159980188211986,99.97196982048226,43.50305309883111,25.100237816175515
238,BAJAJFINSV,Mar 2019,42605,27569,15037.0,35.0,2,6657,226,8155,34.0,5374,20.0,1.0,318,80.0,23660,99754,84934,208428,2097,66,81679,124587,208428,12.61354301138364,35.29397957986152,22.636899747262003,12.176300063160964,2.578348398487728,BAJAJFINSV,21.14,11.72,4.201937657961246,2.259125732311852,0.2044111155890763,18075,0,,0,18.36,OK,22.48,OK,20.34,OK,-33979.0,Accrual Risk,16.20232367093064,Capital Intensive,-225.96927578639355,Growth Funded by Debt,5.883854988898158,0.0474878342181768,5.533455455367905,23.644027450388418,54.94505494505495,25.79494799405646,98.73661586150438,43.22558158691728,25.09621765425904
1181,TATASTEEL,Mar 2022,243959,180469,63490.0,26.0,1300,5462,9101,50227,17.0,41749,33.0,16.0,1436,1221.0,113222,75561,92417,282422,133288,22046,13140,113948,282422,17.113121467131773,26.02486483384503,36.48016916718366,33.41508599818951,14.782488616325924,TATASTEEL,7.02,6.55,0.6602500808262629,11.861955327718784,0.8638101847589778,62421,0,,0,9.59,OK,16.57,OK,14.87,OK,33476.0,High Quality,4.470013403891637,Moderate,52.72641360844228,Reinvestor,5.956789106809988,0.08405560000017762,5.988115238345604,43.22594317165782,29.583574320416428,19.940564635958395,99.80148456558466,43.312844339385876,25.08283149476999
173,APOLLOHOSP,Mar 2014,4357,3681,676.0,16.0,18,119,168,407,25.0,315,23.0,25.0,241,70.0,2907,1344,1029,5350,2681,491,322,1855,5350,7.229745237548772,15.515262795501492,10.581121934833725,15.64452672992363,5.887850467289719,APOLLOHOSP,17.2,13.81,0.4514612025529056,5.831932773109243,0.814392523364486,1022,0,,0,12.72,OK,23.16,OK,19.97,OK,17.0,High Quality,8.170759697039246,Capital Intensive,2.514792899408284,Reinvestor,5.820338380659274,0.05345923488189822,4.98944975538493,33.51292978320696,38.635049161364954,26.468548786527986,99.86426049863665,43.25804836905911,25.063969386712532
823,KOTAKBANK,Mar 2021,32820,12967,29812.0,-9958.0,-30,23588,461,13168,25.0,9990,50.0,2.0,1003,991.0,83348,327110,67405,478854,2554,0,156946,319355,478854,30.438756855575868,90.83485679463742,11.845053889659589,7.245612457437009,2.086230876216968,KOTAKBANK,7.86,15.1,3.878514091938486,1.262591148041377,0.0685386359934343,170164,0,,1,13.86,OK,21.26,OK,20.22,OK,-6291.0,Accrual Risk,34.040219378427786,Capital Intensive,-21.102240708439552,Reinvestor,5.826997484042262,0.038998449275840855,7.334603704617401,31.681742704861875,41.93175245806825,24.586428925210498,98.83385866627438,43.21652588621057,25.059701542990787
182,APOLLOHOSP,Mar 2023,16612,14548,2065.0,12.0,75,381,615,1144,22.0,844,57.0,26.0,250,72.0,6126,4332,3886,14416,8520,610,574,4712,14416,5.080664579821816,12.430772935227546,13.61729590190384,19.610636277302945,5.854605993340733,APOLLOHOSP,17.2,13.81,0.6989351403678606,5.616797900262467,1.152330743618202,3758,0,,0,12.72,OK,23.16,OK,19.97,OK,520.0,High Quality,5.158921261738502,Moderate,25.181598062954,Reinvestor,5.836334650283013,0.06028786272522174,4.772295958634152,33.658948664057874,38.635049161364954,26.468548786527986,99.78985324341856,43.25609339724896,25.05970066828067
172,APOLLOHOSP,Mar 2013,3769,3157,612.0,16.0,33,103,142,399,26.0,303,22.0,25.0,240,70.0,2677,1213,854,4814,2341,403,527,1543,4814,8.039267710267975,16.23772884054126,11.03021477975974,15.454545454545451,6.294142085583713,APOLLOHOSP,17.2,13.81,0.4415726246814707,6.262135922330097,0.7829248026589115,686,0,,0,12.72,OK,23.16,OK,19.97,OK,-290.0,High Quality,19.44812947731494,Capital Intensive,-47.38562091503268,Mixed,5.82270445398427,0.05313213563986776,5.071247931676734,33.42380891557031,38.635049161364954,26.468548786527986,99.86723366802944,43.26195770750448,25.05959605913231
179,APOLLOHOSP,Mar 2020,11247,9656,1591.0,14.0,222,533,620,660,34.0,432,33.0,18.0,247,70.0,3270,3596,4354,11289,7432,236,434,3187,11289,3.841024273139504,14.145994487418868,12.934131736526949,22.93829296424452,3.826733988838692,APOLLOHOSP,17.2,13.81,1.0766467065868264,3.401500938086304,0.996279564177518,3162,0,,0,12.72,OK,23.16,OK,19.97,OK,1004.0,High Quality,2.569574108651196,Asset Light,63.10496543054682,Reinvestor,5.832735357783582,0.06601723778004995,4.647036537479582,33.799451921178836,38.635049161364954,26.468548786527986,99.67628782657253,43.23596256929517,25.055920175281635
488,EICHERMOT,Mar 2024,16536,12206,4329.0,26.0,1521,51,598,5202,23.0,4001,146.0,35.0,566,27.0,18018,419,4650,23115,2914,555,13527,6119,23115,24.19569424286405,26.179245283018872,22.172346910501524,23.44562391681109,17.309106640709494,EICHERMOT,31.1,24.2,0.0232197284566361,114.70588235294116,0.7153796236210254,-13108,0,,0,13.3,OK,18.49,OK,18.42,OK,890.0,Moderate,17.138364779874212,Capital Intensive,20.55902055902056,Reinvestor,5.881407463653594,0.06689073212686268,6.703773612303834,33.7663581787991,40.31231925968768,21.842496285289744,99.99301859308248,44.247406809513755,25.05138503509265
183,APOLLOHOSP,Mar 2024,19059,16665,2394.0,13.0,105,449,687,1362,33.0,935,63.0,26.0,251,72.0,6864,5333,4474,16742,9664,873,986,5219,16742,4.905818773282963,12.56099480560365,13.480392156862743,19.51259271334257,5.5847568988173455,APOLLOHOSP,17.2,13.81,0.7688869665513264,5.565701559020044,1.1383944570541151,4347,0,,0,12.72,OK,23.16,OK,19.97,OK,383.0,High Quality,8.064431502177449,Capital Intensive,15.998329156223893,Reinvestor,5.835613364466743,0.060119056744771485,4.754628668856382,33.61917811400504,38.635049161364954,26.468548786527986,99.76882103522014,43.255629075005864,25.049716846392485
174,APOLLOHOSP,Mar 2015,5129,4392,737.0,14.0,47,118,212,455,29.0,335,24.0,24.0,242,70.0,3102,1992,1296,6459,3244,533,311,2372,6459,6.531487619418989,14.369272762721778,10.561160151324083,14.271882261812548,5.1865613872116425,APOLLOHOSP,17.2,13.81,0.6279949558638083,6.6440677966101696,0.7940857717912989,1681,0,,0,12.72,OK,23.16,OK,19.97,OK,-289.0,High Quality,14.798206278026909,Capital Intensive,-39.21302578018996,Mixed,5.82023321077288,0.05109589163029265,4.918894333306258,33.424099211556104,38.635049161364954,26.468548786527986,99.81118261838313,43.26542839562552,25.038398362251883
474,DRREDDY,Mar 2023,24670,18200,6470.0,26.0,971,143,1250,6048,25.0,4507,54.0,15.0,552,83.0,23203,1347,7576,32209,9219,1030,4986,16974,32209,18.269152817186868,26.22618565058776,19.35497723954307,26.265578695246216,13.992983327641342,DRREDDY,26.5,21.4,0.0578459160010306,52.03496503496503,0.7659349871154025,-3639,0,,0,12.26,OK,21.88,OK,21.67,OK,1779.0,High Quality,16.65585731657884,Capital Intensive,27.49613601236476,Reinvestor,5.866563977945861,0.07174597414347804,6.10492639474627,34.02443131016384,37.304800462695205,25.200594353640415,99.98260763992678,43.677904175882276,25.034011984525783
487,EICHERMOT,Mar 2023,14442,10996,3446.0,24.0,908,28,526,3800,23.0,2914,107.0,35.0,565,27.0,14963,288,3919,19198,2690,472,12321,3715,19198,20.17726076720676,23.8609610857222,19.43962641761174,22.555308286424925,15.178664444212938,EICHERMOT,31.1,24.2,0.019212808539026,155.5,0.7522658610271903,-12033,0,,0,13.3,OK,18.49,OK,18.42,OK,426.0,Moderate,16.597424179476526,Capital Intensive,12.362159024956473,Reinvestor,5.867009957356297,0.06535783596492528,6.297731110784903,33.63166084139388,40.31231925968768,21.842496285289744,99.99422334181513,44.61811077286564,25.006918941810046
175,APOLLOHOSP,Mar 2016,6150,5465,684.0,11.0,92,180,264,332,29.0,235,17.0,35.0,243,70.0,3262,2834,1195,7360,3997,562,352,2448,7360,3.8211382113821135,11.121951219512196,7.052821128451381,11.093091144988646,3.192934782608696,APOLLOHOSP,17.2,13.81,0.8505402160864346,4.311111111111111,0.8355978260869565,2482,0,,0,12.72,OK,23.16,OK,19.97,OK,-291.0,High Quality,14.4390243902439,Capital Intensive,-42.54385964912281,Mixed,5.801749310459516,0.04562282507246235,4.645027150908859,33.42351861958453,38.635049161364954,26.468548786527986,99.7442705947528,43.24422837122188,24.999853459930407
180,APOLLOHOSP,Mar 2021,10560,9420,1140.0,11.0,103,449,573,221,38.0,137,10.0,29.0,248,72.0,4531,4160,2629,11392,6778,234,1343,3037,11392,1.2973484848484849,10.795454545454543,2.976319791440365,13.009243409791168,1.2025983146067416,APOLLOHOSP,17.2,13.81,0.9037584184227676,2.7683741648106905,0.9269662921348316,2817,0,,0,12.72,OK,23.16,OK,19.97,OK,385.0,High Quality,8.333333333333332,Capital Intensive,33.771929824561404,Reinvestor,5.780272011985976,0.04892194995823962,4.390010886467185,33.619758705976615,38.635049161364954,26.468548786527986,99.72826963562777,43.23020922499715,24.99859511093886
178,APOLLOHOSP,Mar 2019,9617,8548,1070.0,11.0,26,327,396,373,47.0,200,17.0,35.0,246,70.0,3264,3673,2159,9166,4982,822,462,2901,9166,2.0796506186960597,11.126130810023916,5.9988002399520095,15.270443841872414,2.181976871045167,APOLLOHOSP,17.2,13.81,1.1016796640671866,3.3516819571865444,1.0492035784420686,3211,0,,0,12.72,OK,23.16,OK,19.97,OK,194.0,High Quality,7.393157949464491,Moderate,18.13084112149533,Reinvestor,5.796196136463443,0.05281515967556779,4.469058584356251,33.564312172691274,38.635049161364954,26.468548786527986,99.66876124145998,43.23550985467025,24.995275032445193
475,DRREDDY,Mar 2024,28011,20078,7933.0,28.0,909,171,1470,7201,23.0,5578,67.0,12.0,553,83.0,28171,2002,8523,38780,10426,1419,4930,22004,38780,19.9136053693192,28.321016743422227,19.74233736816026,26.219592808038072,14.383702939659615,DRREDDY,26.5,21.4,0.0708572237559283,51.707602339181285,0.7223053120165034,-2928,0,,0,12.26,OK,21.88,OK,21.67,OK,509.0,Moderate,14.401485130841454,Capital Intensive,6.416235976301525,Reinvestor,5.868604808651233,0.07166679818879544,6.271090058258899,33.65575540821422,37.304800462695205,25.200594353640415,99.97869556859763,43.67492936834187,24.995085225085006
484,EICHERMOT,Mar 2020,9154,6971,2183.0,24.0,572,19,382,2355,22.0,1827,67.0,19.0,562,27.0,9954,249,2220,12450,2378,312,5749,4011,12450,19.958488092637097,23.847498361372075,18.30477908025248,21.339198435972627,14.674698795180724,EICHERMOT,31.1,24.2,0.0249474000601142,145.0,0.7352610441767068,-5500,0,,0,13.3,OK,18.49,OK,18.42,OK,186.0,Moderate,16.473672711383003,Capital Intensive,8.520384791571232,Reinvestor,5.861030944234167,0.06326400535179312,6.275625231818791,33.56198980480498,40.31231925968768,21.842496285289744,99.99249913918334,44.522695261029575,24.988208267540486
1180,TATASTEEL,Mar 2021,156294,125790,30504.0,20.0,180,7607,9234,13844,41.0,8190,6.0,40.0,1435,1198.0,73041,88501,81169,243909,135775,19007,10682,78445,243909,5.240124380974318,19.517063994779072,11.031937391398053,18.74400884846995,3.357809674919745,TATASTEEL,7.02,6.55,1.19210926871321,4.033653214144866,0.6407881627984208,77819,0,,0,9.59,OK,16.57,OK,14.87,OK,34890.0,High Quality,6.037979704915096,Moderate,114.37844217151849,Reinvestor,5.822713529669827,0.05879575159727087,4.7884085699151155,43.6364216955608,29.583574320416428,19.940564635958395,99.64157204031993,43.241707058150254,24.982247168512824
471,DRREDDY,Mar 2020,17517,15040,2477.0,14.0,670,98,1163,1886,-7.0,2026,24.0,21.0,549,83.0,15516,2210,5414,23223,6850,1535,2678,12160,23223,11.565907404235883,14.140549180795798,12.988012052054618,13.908697849401989,8.724109718813246,DRREDDY,26.5,21.4,0.1416757484454131,32.11224489795919,0.7542953106833742,-468,0,,0,12.26,OK,21.88,OK,21.67,OK,2489.0,High Quality,2.825826340126734,Asset Light,100.48445700444088,Reinvestor,5.833019229545853,0.05047058081594901,5.427597143868298,34.230541460072686,37.304800462695205,25.200594353640415,99.95740277272884,43.49686260073569,24.978463764854435
177,APOLLOHOSP,Mar 2018,8243,7442,801.0,10.0,24,295,359,171,65.0,60,8.0,59.0,245,70.0,3182,3427,1917,8596,4773,712,352,2759,8596,0.7278903311901006,9.717335921387845,1.8450184501845015,11.992813295403504,0.6979990693345742,APOLLOHOSP,17.2,13.81,1.0538130381303814,2.796610169491525,0.9589343880874824,3075,0,,0,12.72,OK,23.16,OK,19.97,OK,132.0,High Quality,4.91325973553318,Moderate,16.479400749063668,Reinvestor,5.774311681162807,0.04717191685981288,4.332470002781415,33.546313821572475,38.635049161364954,26.468548786527986,99.68315315797432,43.2304658109818,24.976256418510236
470,DRREDDY,Mar 2019,15448,12270,3178.0,21.0,381,89,1135,2336,17.0,1950,23.0,17.0,548,83.0,13941,3838,4557,22418,7191,2934,2587,9707,22418,12.622993267736923,20.572242361470742,13.904734740444953,17.791960586720414,8.698367383352663,DRREDDY,26.5,21.4,0.2736737022247575,39.98876404494382,0.6890891248104202,1251,0,,0,12.26,OK,21.88,OK,21.67,OK,2101.0,High Quality,4.9779906784049714,Moderate,66.11076148521082,Reinvestor,5.837849039514826,0.05715656760834994,5.534410356264717,34.11790661758729,37.304800462695205,25.200594353640415,99.91771533928899,43.56843803939247,24.97325295848471
467,DRREDDY,Mar 2016,15568,11983,3585.0,23.0,295,83,939,2859,26.0,2131,25.0,16.0,545,85.0,12484,3352,4408,20330,6563,772,3833,9162,20330,13.688335046248715,23.028006166495373,16.95441164770467,22.51742980968532,10.482046237088047,DRREDDY,26.5,21.4,0.2666878828864667,46.74698795180723,0.7657648794884407,-481,0,,0,12.26,OK,21.88,OK,21.67,OK,1653.0,High Quality,10.341726618705035,Capital Intensive,46.10878661087866,Reinvestor,5.853916450210956,0.0652926189007376,5.642057787369397,33.98785401595467,37.304800462695205,25.200594353640415,99.91981574487919,43.62985131493305,24.97101423241999
206,BAJAJ-AUTO,Mar 2013,20025,16370,3656.0,18.0,790,1,168,4277,29.0,3133,108.0,42.0,299,289.0,7776,116,4461,12642,2355,294,6059,3934,12642,15.645443196004994,18.257178526841447,38.84686918784873,44.688913335778025,24.78247112798608,BAJAJ-AUTO,33.5,26.5,0.0143831370117792,4446.0,1.5840056953013764,-5943,0,,0,10.32,OK,7.18,OK,7.88,OK,824.0,Moderate,6.961298377028714,Moderate,22.5382932166302,Reinvestor,5.969258211696491,0.10346625175818265,5.839813727260909,33.74719864373715,31.694621168305382,10.63893016344725,99.99567546483512,83.60670634740333,24.965054523245897
206,BAJAJ-AUTO,Mar 2013,20025,16370,3656.0,18.0,790,1,168,4277,29.0,3133,108.0,42.0,299,289.0,7776,116,4461,12642,2355,294,6059,3934,12642,15.645443196004994,18.257178526841447,38.84686918784873,44.688913335778025,24.78247112798608,BAJAJ-AUTO,33.5,26.5,0.0143831370117792,4446.0,1.5840056953013764,-5943,0,,0,10.32,OK,7.18,OK,7.88,OK,824.0,Moderate,6.961298377028714,Moderate,22.5382932166302,Reinvestor,5.969258211696491,0.10346625175818265,5.839813727260909,33.74719864373715,31.694621168305382,10.63893016344725,99.99567546483512,83.60670634740333,24.965054523245897
176,APOLLOHOSP,Mar 2017,7256,6522,734.0,10.0,60,257,314,222,41.0,131,16.0,38.0,244,70.0,3244,3125,1665,8103,4591,347,406,2759,8103,1.8054024255788312,10.115766262403527,3.952926976463488,11.399285603354558,1.616685178329014,APOLLOHOSP,17.2,13.81,0.9429692214846108,3.0894941634241246,0.8954708132790324,2719,0,,0,12.72,OK,23.16,OK,19.97,OK,-529.0,High Quality,15.87651598676957,Capital Intensive,-72.0708446866485,Mixed,5.7854173271153275,0.04615001373906145,4.441347183123672,33.3544281749672,38.635049161364954,26.468548786527986,99.71648023971606,43.23312730395224,24.963390728957165
486,EICHERMOT,Mar 2022,10298,8120,2178.0,21.0,496,19,452,2203,24.0,1677,61.0,34.0,564,27.0,12581,108,3424,16140,2424,505,7721,5490,16140,16.284715478733737,21.149737813167604,13.301078680203046,17.1280276816609,10.390334572490708,EICHERMOT,31.1,24.2,0.0085659898477157,140.73684210526315,0.6380421313506816,-7613,0,,0,13.3,OK,18.49,OK,18.42,OK,544.0,Moderate,9.545542823849292,Capital Intensive,24.97704315886134,Reinvestor,5.834668640366304,0.056013444689674174,5.904408977724385,33.66591576771676,40.31231925968768,21.842496285289744,99.99742448922734,44.48395512840441,24.960551663294563
339,BPCL,Mar 2018,235895,220578,15317.0,6.0,2927,1186,2885,14174,31.0,9792,21.0,46.0,418,1967.0,34652,37659,46078,120356,45539,9875,23725,41217,120356,4.150999385319739,6.493143135717163,26.74021682733008,20.62117989175799,8.13586360463957,BPCL,32.1,41.9,1.0284005570878505,15.382799325463743,1.9599770680315065,13934,0,,0,9.38,OK,30.23,OK,35.52,OK,4002.0,High Quality,2.9954004959833824,Asset Light,26.12783182085265,Reinvestor,5.905473567766286,0.06202776077395825,4.678357964279534,34.669759286568585,28.97628687102372,33.472015849430406,99.69079385331118,43.34483892339919,24.94147510420207
485,EICHERMOT,Mar 2021,8720,6937,1783.0,20.0,482,16,451,2203,25.0,1347,49.0,34.0,563,27.0,11411,219,2901,14559,2433,314,3902,7909,14559,15.44724770642202,20.44724770642202,11.7765343591537,15.295530582482629,9.252009066556768,EICHERMOT,31.1,24.2,0.0191467039692253,141.5625,0.5989422350436157,-3683,0,,0,13.3,OK,18.49,OK,18.42,OK,66.0,High Quality,18.63532110091743,Capital Intensive,3.701626472237801,Reinvestor,5.826636484673862,0.05285835263667557,5.819787069393473,33.52715428651052,40.31231925968768,21.842496285289744,99.99424321728016,44.49145803989277,24.92981193610107
466,DRREDDY,Mar 2015,15023,11515,3508.0,23.0,260,108,760,2900,19.0,2336,27.0,15.0,544,85.0,9768,4314,4290,18457,5377,529,2248,10303,18457,15.549490780802769,23.35086201158224,23.708515173043743,24.761770311286792,12.656444709324374,DRREDDY,26.5,21.4,0.4378361920227342,34.888888888888886,0.8139459283740587,2066,0,,0,12.26,OK,21.88,OK,21.67,OK,154.0,High Quality,15.775810424016507,Capital Intensive,4.389965792474344,Reinvestor,5.889500860798016,0.06915680012318046,5.830118218070199,33.55270033325979,37.304800462695205,25.200594353640415,99.86835709015986,43.52209449669579,24.919737596412347
472,DRREDDY,Mar 2021,19048,15173,3874.0,20.0,335,97,1229,2884,32.0,1952,23.0,21.0,550,83.0,17558,3031,5915,26588,8206,1565,2212,14605,26588,10.24779504409912,20.33809323813524,11.06513236211099,18.74032507739938,7.341657890777794,DRREDDY,26.5,21.4,0.1718156567088033,43.39175257731959,0.7164134195877839,819,0,,0,12.26,OK,21.88,OK,21.67,OK,1315.0,High Quality,11.838513229735405,Capital Intensive,33.9442436757873,Reinvestor,5.822888419418384,0.05878940908418585,5.29440851620154,33.88973397275862,37.304800462695205,25.200594353640415,99.94834069586447,43.599361648210454,24.917554784985654
815,KOTAKBANK,Mar 2013,10838,6024,6603.0,-1789.0,-17,5112,179,3144,30.0,2238,15.0,2.0,995,373.0,14894,85561,15006,115835,620,0,40907,74308,115835,20.64956634065326,60.92452482007751,14.65906857928866,6.548776133613679,1.9320585315319203,KOTAKBANK,7.86,15.1,5.60430994956442,1.288341158059468,0.0935641213795484,44654,1,,1,13.86,OK,21.26,OK,20.22,OK,-6157.0,High Quality,83.36408931537184,Capital Intensive,-93.2454944722096,Mixed,5.841823293824139,0.037798675072366464,6.3454552146391245,31.720642366957353,41.93175245806825,24.586428925210498,98.3149687420807,43.21675988148539,24.916848244698592
711,INFY,Mar 2014,50133,36743,13390.0,27.0,2664,9,1317,14728,28.0,10656,23.0,34.0,783,286.0,44244,0,12436,56966,8378,961,4331,43296,56966,21.255460475136136,26.70895418187621,23.92993487536492,30.06961598922075,18.705894744233404,INFY,40.0,31.8,0.0,1783.7777777777778,0.8800512586455078,-4331,0,,0,12.0,OK,10.72,OK,11.43,OK,7262.0,Moderate,5.11240101330461,Moderate,54.23450336071696,Reinvestor,5.89066742414279,0.0782955549536803,6.4066777710187175,35.61612420023456,36.552920763447084,14.145616641901931,100.0,59.4145829231476,24.915098962946125
465,DRREDDY,Mar 2014,13415,10164,3251.0,24.0,170,127,648,2646,26.0,1963,23.0,16.0,543,85.0,7780,4477,3563,15906,4641,639,1067,9559,15906,14.632873648900484,24.23406634364517,24.958677685950413,26.340949602981688,12.341254872375204,DRREDDY,26.5,21.4,0.5692307692307692,26.937007874015748,0.84339243052936,3410,0,,0,12.26,OK,21.88,OK,21.67,OK,366.0,High Quality,11.956764815505032,Capital Intensive,11.258074438634264,Reinvestor,5.896087419027827,0.07187574359966442,5.737498664846953,33.61424308224666,37.304800462695205,25.200594353640415,99.82885107216494,43.449834230305925,24.913403316401187
712,INFY,Mar 2015,53319,38436,14883.0,28.0,3430,12,1017,17284,28.0,12372,27.0,55.0,784,572.0,50164,0,15553,66289,11346,776,2270,51897,66289,23.20373600405109,27.91312665278793,24.385052034058656,29.334200567644277,18.663730030623483,INFY,40.0,31.8,0.0,1526.0833333333333,0.804341595136448,-2270,0,,0,12.0,OK,10.72,OK,11.43,OK,9352.0,Moderate,1.8736285376694983,Asset Light,62.83679365719277,Liquidating Assets,5.893065236936065,0.07702935739554556,6.603541218976967,36.22284281052961,36.552920763447084,14.145616641901931,100.0,57.072864131340204,24.908940211859015
344,BPCL,Mar 2023,473187,462288,10899.0,2.0,2036,3745,6369,2821,24.0,2131,5.0,40.0,423,2129.0,51393,69376,65210,188109,86675,16249,26778,58406,188109,0.4503504956814113,2.3033177158290488,3.98154030118456,8.868329834496901,1.1328538241126156,BPCL,32.1,41.9,1.2962146407084938,3.4539385847797064,2.5154936765386027,42598,0,,0,9.38,OK,30.23,OK,35.52,OK,4660.0,High Quality,1.6496649316232272,Asset Light,42.75621616662079,Reinvestor,5.785568078179672,0.04179235421731128,4.3044259976327,34.8607740452165,28.97628687102372,33.472015849430406,99.61027098675436,43.2364390802379,24.899252478427172
825,KOTAKBANK,Mar 2023,42151,14411,33485.0,-5746.0,-14,25991,599,19646,25.0,14925,75.0,2.0,1005,993.0,110821,418807,89809,620430,3075,0,195338,422017,620430,35.40841261180043,79.44058266707789,13.348060171356002,6.310530491631504,2.4055896716793197,KOTAKBANK,7.86,15.1,3.745568533457349,1.2877919279750685,0.067938365327273,223469,0,,1,13.86,OK,21.26,OK,20.22,OK,-11623.0,Accrual Risk,24.62812270171526,Capital Intensive,-34.71106465581604,Growth Funded by Debt,5.834916165247275,0.03738847691597288,7.83676243566752,30.133884508645014,41.93175245806825,24.586428925210498,98.87383101321062,43.216754890526374,24.88277417651745
464,DRREDDY,Mar 2013,11833,9164,2669.0,23.0,146,100,550,2165,29.0,1527,18.0,17.0,542,85.0,6284,3682,3329,13380,4051,565,197,8567,13380,12.904588861658077,22.555564945491422,23.97550635892605,26.55457168440951,11.41255605381166,DRREDDY,26.5,21.4,0.5781127335531481,28.15,0.8843796711509716,3485,0,,0,12.26,OK,21.88,OK,21.67,OK,-59.0,Moderate,12.144004056452294,Capital Intensive,-2.210565754964406,Reinvestor,5.890907520311883,0.07224354627272739,5.5628641754121775,33.490867288287134,37.304800462695205,25.200594353640415,99.82618055828372,43.4608569221682,24.876977377028687
473,DRREDDY,Mar 2022,21545,17778,3768.0,17.0,555,96,1165,3061,29.0,2182,26.0,23.0,551,83.0,19129,3384,7149,29746,8122,1293,2616,17715,29746,10.127639823624971,17.488976560686933,11.35748490526754,16.675517790759425,7.335440059167619,DRREDDY,26.5,21.4,0.1761399125546533,45.03125,0.7242990654205608,768,0,,0,12.26,OK,21.88,OK,21.67,OK,246.0,High Quality,11.90531445811093,Capital Intensive,6.528662420382165,Reinvestor,5.824428696805727,0.055234338211783036,5.282267435208803,33.57940756395221,37.304800462695205,25.200594353640415,99.94704053467906,43.61426007542369,24.8702821553284
1195,TCS,Mar 2023,225458,166199,59259.0,26.0,3449,779,5022,56907,26.0,42303,115.0,100.0,1424,366.0,90058,7688,44747,142859,20515,1234,37163,83947,142859,18.763139919630262,26.283831134845517,46.7829337344068,60.39933953033268,29.61171504770438,TCS,64.3,0.52,0.0850216756613288,80.49807445442876,1.5781854835887132,-29475,0,,0,9.94,OK,8.6,OK,9.44,OK,42513.0,Moderate,0.243060791810448,Asset Light,71.74100136688098,Liquidating Assets,6.011069856752073,0.13051559380510191,6.154841308109717,45.84934799521592,30.59572006940428,12.045567112431897,99.97443678483536,43.93655390480648,24.865998459894158
477,EICHERMOT,Dec 2012,6390,5840,550.0,9.0,136,4,82,600,21.0,475,12.0,17.0,555,27.0,1728,23,2694,4471,992,504,638,2337,4471,7.433489827856025,8.607198748043817,27.065527065527068,30.93363329583802,10.624021471706554,EICHERMOT,31.1,24.2,0.0131054131054131,171.5,1.4292104674569448,-615,0,,0,13.3,OK,18.49,OK,18.42,OK,-277.0,High Quality,12.097026604068857,Capital Intensive,-50.36363636363637,Reinvestor,5.9071874848006845,0.0797831721177041,5.0100371219844915,33.42758276338555,40.31231925968768,21.842496285289744,99.99605963429408,44.76350583852061,24.862460376491338
337,BPCL,Mar 2016,187815,174844,12971.0,7.0,1913,680,2072,12132,33.0,8089,19.0,25.0,416,656.0,27138,23388,35241,86422,25358,17459,9401,34203,86422,4.306897745121529,6.906264142906584,29.103403612290425,25.342893986167013,9.359885214412996,BPCL,32.1,41.9,0.8414765776786357,21.88823529411765,2.173231353127676,13987,0,,0,9.38,OK,30.23,OK,35.52,OK,1886.0,High Quality,4.916007773607007,Moderate,14.540127977796624,Reinvestor,5.917924162954004,0.07015734669389323,4.694110709815844,34.055492980643066,28.97628687102372,33.472015849430406,99.74699573204268,43.40395506651022,24.862166975765724
479,EICHERMOT,Dec 2014,8738,7621,1118.0,13.0,105,10,220,993,29.0,702,23.0,22.0,557,27.0,2489,58,3829,6403,2309,419,1078,2597,6403,8.033875028610666,12.794689860379949,27.90143084260731,43.43434343434344,10.963610807434016,EICHERMOT,31.1,24.2,0.0230524642289348,122.3,1.3646728096204903,-1020,0,,0,13.3,OK,18.49,OK,18.42,OK,-167.0,High Quality,13.893339436942092,Capital Intensive,-14.937388193202148,Reinvestor,5.911591495355647,0.10130620275852942,5.070703028304986,33.45951532182213,40.31231925968768,21.842496285289744,99.99306888392195,44.3164160116316,24.853476189154538
468,DRREDDY,Mar 2017,14196,11724,2472.0,17.0,172,79,1027,1554,19.0,1292,16.0,26.0,546,83.0,12179,4918,4474,21654,6931,3324,2110,9290,21654,9.101155255001409,17.413355874894336,10.536617191322788,14.38882421420256,5.966565068809458,DRREDDY,26.5,21.4,0.4010764964932311,33.46835443037975,0.655583264062067,2808,0,,0,12.26,OK,21.88,OK,21.67,OK,254.0,High Quality,13.313609467455622,Capital Intensive,10.275080906148869,Reinvestor,5.8201039046758645,0.05129723580967133,5.178546329822999,33.5817299318385,37.304800462695205,25.200594353640415,99.87940951883641,43.50918582789205,24.84719915695223
478,EICHERMOT,Dec 2013,6810,6094,715.0,11.0,93,8,130,671,22.0,525,15.0,21.0,556,27.0,2028,84,3197,5337,1656,464,825,2391,5337,7.709251101321586,10.499265785609396,25.547445255474454,33.42683496961197,9.83698707138842,EICHERMOT,31.1,24.2,0.0408759124087591,101.0,1.2759977515458123,-741,0,,0,13.3,OK,18.49,OK,18.42,OK,-74.0,High Quality,11.600587371512482,Capital Intensive,-10.34965034965035,Reinvestor,5.8991893772456265,0.0840758287287156,5.0379014123798145,33.48651284850033,40.31231925968768,21.842496285289744,99.98770996059737,44.12285883047844,24.84044855005415
335,BPCL,Mar 2014,264421,255007,9414.0,4.0,1344,1982,2611,6166,34.0,4053,9.0,31.0,414,723.0,18717,33152,35868,88460,27580,9372,6985,44523,88460,1.5327829484042492,3.5602316003645704,20.84876543209877,17.90006084575601,4.581731856206195,BPCL,32.1,41.9,1.705349794238683,5.4278506559031285,2.9891589418946416,26167,0,,0,9.38,OK,30.23,OK,35.52,OK,2707.0,High Quality,2.602289530710496,Asset Light,28.7550456766518,Reinvestor,5.874434093080251,0.05734268864961284,4.413800355449327,34.293825984974276,28.97628687102372,33.472015849430406,99.48725753307028,43.25437639743653,24.828628161342344
469,DRREDDY,Mar 2018,14281,11930,2351.0,16.0,155,79,1077,1350,32.0,947,11.0,35.0,547,83.0,12489,5071,4706,22349,6968,3470,2298,9612,22349,6.631188292136406,16.462432602758913,7.532612153993,13.325398174913564,4.237326054857041,DRREDDY,26.5,21.4,0.4033566656061088,31.72151898734177,0.6389995078079556,2773,0,,0,12.26,OK,21.88,OK,21.67,OK,320.0,High Quality,10.384426860864084,Capital Intensive,13.61122926414292,Reinvestor,5.804277119040596,0.04946628772958049,4.928968585075893,33.600889466900455,37.304800462695205,25.200594353640415,99.87872394714907,43.49331199952148,24.82169595149625
966,ONGC,Mar 2014,174121,124991,49130.0,28.0,7170,624,16262,39413,32.0,26665,21.0,31.0,846,4278.0,167874,49113,103711,324976,155923,72034,4746,92273,324976,15.314063208917936,28.216010705199256,15.489218829871277,22.20414435179536,8.205221308650485,ONGC,19.71,14.32,0.285288582183187,90.22435897435898,0.5357964895869234,44367,0,,0,10.67,OK,29.87,OK,29.67,OK,-10363.0,High Quality,36.54527598623945,Capital Intensive,-21.093018522287807,Mixed,5.8461969915702365,0.06475322134373636,5.806329445456758,30.499657450736773,32.70676691729324,33.11540366518078,99.91422312776552,44.02493851582861,24.813872729841485
1192,TCS,Mar 2020,156949,114840,42109.0,27.0,4592,924,3529,42248,23.0,32447,86.0,85.0,1421,375.0,83751,8174,27827,120127,20928,906,26356,71937,120127,20.673594607165384,26.829734499741956,38.56952666238737,45.62188515709643,27.010580469003635,TCS,64.3,0.52,0.0971637781423103,50.54220779220779,1.3065255937466185,-18182,0,,0,9.94,OK,8.6,OK,9.44,OK,41337.0,Moderate,5.713958037324226,Moderate,98.1666627086846,Liquidating Assets,5.967797015512239,0.10507259098809646,6.347883150176903,45.507959915930286,30.59572006940428,12.045567112431897,99.97078605487906,43.66433920479992,24.811083397744397
1039,RECLTD,Mar 2022,39276,4838,34438.0,88.0,62,22051,18,12431,19.0,10036,38.0,30.0,1170,1975.0,49339,333043,26503,410860,628,6,2190,408035,410860,25.55250025460841,87.68204501476728,19.558015356432943,8.959899260323086,2.4426812052767364,RECLTD,10.0,22.2,6.490295046186226,1.5645548954695931,0.095594606435282,330853,1,,0,11.45,OK,24.52,OK,24.57,OK,-1106.0,Accrual Risk,0.7307261431917711,Asset Light,-3.211568616063651,Growth Funded by Debt,5.86763369677518,0.0419500133851492,6.840872038947439,33.186927391168034,34.962406015037594,27.815750371471022,98.04858222968332,43.21926988864074,24.790103724475973
334,BPCL,Mar 2013,242181,235472,6709.0,3.0,1492,2518,2463,3220,40.0,1936,4.0,42.0,413,723.0,16052,33157,29696,79628,24721,7463,7470,39974,79628,0.7994021000821699,2.770242091658718,11.540983606557376,13.436273331731154,2.4313055709047067,BPCL,32.1,41.9,1.9765722801788372,3.256949960285941,3.041405033405334,25687,0,,0,9.38,OK,30.23,OK,35.52,OK,2322.0,High Quality,1.4881431656488329,Asset Light,34.61022507080042,Reinvestor,5.82539547102001,0.04965718643621801,4.339695907528843,34.18206203044624,28.97628687102372,33.472015849430406,99.40570987229266,43.23464900686343,24.787187644234294
395,CIPLA,Mar 2022,21763,106,17211.0,4553.0,21,99,1052,3493,27.0,2547,31.0,16.0,473,161.0,20680,1056,4960,26857,9683,766,2551,13857,26857,11.703349722005235,79.08376602490466,12.221102634230602,78.59980819290314,9.483561082771716,CIPLA,22.8,16.8,0.0506693536778465,174.06060606060606,0.8103287783445656,-1495,0,,0,9.51,OK,27.16,OK,26.69,OK,1468.0,High Quality,8.537425906354823,Capital Intensive,8.529428853640114,Reinvestor,5.828978720023819,0.1618521531174611,5.441484999138193,33.93414925858405,29.352226720647778,30.430906389301633,99.98476539564476,44.78677455641425,24.74093149039688
720,INFY,Mar 2023,146767,111637,35130.0,24.0,2701,284,4225,33322,28.0,24108,58.0,73.0,792,2069.0,73338,8299,40890,124596,29225,288,19478,75605,124596,16.426035825492104,23.93589839677857,31.970506716883047,41.968317683320194,19.34893576037754,INFY,40.0,31.8,0.1100560955879427,133.20774647887325,1.1779431121384314,-11179,0,,0,12.0,OK,10.72,OK,11.43,OK,21396.0,Moderate,0.7297280723868445,Asset Light,60.90520922288643,Reinvestor,5.9330296723212355,0.09878208078386497,5.918688688328255,39.71916766334955,36.552920763447084,14.145616641901931,99.96690976001342,44.41553679384682,24.736898233490415
1111,SIEMENS,Sep 2016,10837,9815,1021.0,9.0,3156,11,228,3938,26.0,2914,82.0,41.0,1276,71.0,6732,25,5157,11986,1227,79,110,10570,11986,26.889360524130296,9.421426594075852,42.83404380420402,14.953134153485648,24.311696979809778,SIEMENS,25.6,19.1,0.0036748493311774,379.7272727272728,0.9041381611880528,-85,0,,0,11.19,OK,19.85,OK,19.64,OK,750.0,Accrual Risk,2.1869521085171173,Asset Light,73.45739471106758,Liquidating Assets,5.990264886838262,0.05226883342129023,6.975955048609343,33.72571674078891,34.21052631578947,23.189697870232788,99.9988950939461,46.65570696285404,24.732916908486683
340,BPCL,Mar 2019,298226,283113,15112.0,5.0,2975,1764,3418,12905,34.0,8528,18.0,48.0,419,1967.0,36798,44839,53322,136926,49315,13654,24907,49050,136926,2.859576294488073,5.067297955241997,21.999226106023475,18.075690158365628,6.228181645560376,BPCL,32.1,41.9,1.1566877337804722,10.253401360544215,2.1780085593678336,19932,0,,0,9.38,OK,30.23,OK,35.52,OK,-294.0,High Quality,3.5043892886602777,Moderate,-1.9454737956590789,Mixed,5.880495366028114,0.057645077476714775,4.547866153105572,33.42264773162717,28.97628687102372,33.472015849430406,99.65222212821698,43.2982271012817,24.730986427637717
1194,TCS,Mar 2022,191754,138697,53057.0,28.0,4018,784,4604,51687,26.0,38449,105.0,41.0,1423,366.0,88773,7818,43967,140924,21298,1205,30485,87936,140924,20.051211448001087,27.669305464292798,43.13375739014349,54.72219643759605,27.28350032641708,TCS,64.3,0.52,0.0877057180358765,72.79974489795919,1.3606908688371038,-22667,0,,0,9.94,OK,8.6,OK,9.44,OK,39211.0,High Quality,0.3848681122688444,Asset Light,73.90353770473264,Reinvestor,5.991843946333069,0.12074100313117327,6.284994460745757,44.89079065014689,30.59572006940428,12.045567112431897,99.97362978177176,43.86659770910045,24.727790317675506
393,CIPLA,Mar 2020,17132,197,13926.0,3206.0,19,344,1175,2178,29.0,1500,19.0,21.0,471,161.0,15602,2816,4843,23423,9683,825,1471,11444,23423,8.755545178613122,81.28648143824422,9.515955084692,74.95559502664298,6.403961917773129,CIPLA,22.8,16.8,0.1786461967899511,40.53779069767442,0.731417837168595,1345,0,,0,9.51,OK,27.16,OK,26.69,OK,3182.0,High Quality,0.6654214335745973,Asset Light,22.84934654602901,Liquidating Assets,5.814726483477514,0.15557774864202908,5.143624169031499,34.43171657822315,29.352226720647778,30.430906389301633,99.94628697762819,43.573427149781224,24.718500017269275
267,BAJFINANCE,Mar 2024,54972,18886,16099.0,19987.0,36,6,683,19310,25.0,14451,233.0,15.0,347,124.0,76572,293346,5700,375742,3250,43,30881,341568,375742,26.287928399912687,29.28581823473769,18.841921351830603,4.350587230638684,3.845990067652804,BAJFINANCE,11.9,22.1,3.824788776468134,2689.1666666666665,0.1463025160881668,262465,0,,0,18.75,OK,23.93,OK,23.31,OK,-79931.0,Accrual Risk,13.044822818889616,Capital Intensive,-496.49667681222434,Growth Funded by Debt,5.863860911388771,0.03401395511735201,6.91518335593594,10.304346311499204,56.07287449392713,27.23130262506191,98.85001209760202,67.64202523210201,24.717670997802735
970,ONGC,Mar 2018,322706,265817,56889.0,18.0,10429,4999,23112,39208,34.0,26068,17.0,38.0,850,6417.0,197602,106550,148664,459232,226058,61512,67335,104328,459232,8.077940912161534,17.628739471841243,12.777241335365824,18.317668537426464,5.676433698000139,ONGC,19.71,14.32,0.5222552801454766,13.46629325865173,0.7027079994425476,39215,0,,0,10.67,OK,29.87,OK,29.67,OK,-10006.0,High Quality,20.69933623793794,Capital Intensive,-17.58863752219234,Mixed,5.8319087710380355,0.05806170245315522,5.0751556643127795,30.603293117662766,32.70676691729324,33.11540366518078,99.84297505320401,43.327423265560924,24.711487746827565
397,CIPLA,Mar 2024,25774,90,19483.0,6291.0,24,552,1051,5702,27.0,4154,51.0,25.0,475,161.0,26545,559,5267,32533,9607,1153,5449,16323,32533,16.11701714906495,75.59168153953597,15.554557028383137,71.45791307537137,12.768573448498447,CIPLA,22.8,16.8,0.0209316258518684,35.33876811594203,0.7922417237881536,-4890,0,,0,9.51,OK,27.16,OK,26.69,OK,1152.0,Moderate,11.569799022270503,Capital Intensive,5.912847097469589,Reinvestor,5.846541229895004,0.14955563350017034,5.887463904553023,33.84241572707533,29.352226720647778,30.430906389301633,99.99370655010931,43.52618263543043,24.71103859512826
574,HDFCBANK,Mar 2019,105161,53713,34856.0,16592.0,16,18947,1221,34318,35.0,22446,41.0,18.0,662,545.0,153128,1080235,58898,1292806,4369,0,289446,998991,1292806,21.34441475451926,33.145367579235646,14.60633943503413,2.8248459366500582,1.7362233776761555,HDFCBANK,7.67,17.1,7.02943913374503,1.8405024542143875,0.0813432177759076,790789,1,,0,21.91,OK,21.46,OK,12.72,OK,-64375.0,Accrual Risk,1.429237074580881,Asset Light,-184.68843240761996,Growth Funded by Debt,5.841545487078652,0.03138701822683581,6.415666153765462,14.820190666403466,65.2111046847889,24.78454680534918,97.88647937523118,43.221777476979554,24.693267700607453
394,CIPLA,Mar 2021,19160,161,14907.0,4252.0,22,266,1068,3290,27.0,2389,30.0,17.0,472,161.0,18165,2014,4514,24855,9516,969,2710,11661,24855,12.468684759916492,77.80271398747391,13.03612354032522,73.28908554572271,9.611748139207403,CIPLA,22.8,16.8,0.109898504856488,56.12406015037594,0.7708710521021928,-696,0,,0,9.51,OK,27.16,OK,26.69,OK,1381.0,High Quality,12.390396659707724,Capital Intensive,9.264104112162071,Reinvestor,5.833272707886264,0.15270844488059007,5.518818257278728,33.90889350782057,29.352226720647778,30.430906389301633,99.96695714235146,43.715062566680686,24.689239756136082
396,CIPLA,Mar 2023,22753,110,17726.0,5027.0,22,293,1172,4038,30.0,2833,35.0,24.0,474,161.0,23246,803,5089,29300,9160,1093,3662,15384,29300,12.45110534874522,77.90621017008746,12.103216986371596,73.21767864518793,9.668941979522184,CIPLA,22.8,16.8,0.0343059768445336,60.57337883959045,0.7765529010238907,-2859,0,,0,9.51,OK,27.16,OK,26.69,OK,862.0,High Quality,10.442579000571351,Capital Intensive,4.862913234796344,Reinvestor,5.82835763222438,0.15258550043254288,5.517041946153894,33.75822989119707,29.352226720647778,30.430906389301633,99.98968532364614,43.75549437811432,24.670007435437128
721,INFY,Mar 2024,153670,117245,36425.0,24.0,4711,470,4678,35988,27.0,26248,63.0,,793,2071.0,86045,8359,39545,136020,27622,293,24623,83482,136020,17.08075746730006,23.703390381987376,29.788006718416632,37.75589530966572,19.297162182032054,INFY,40.0,31.8,0.0948635889055336,87.52340425531915,1.129760329363329,-16264,0,,0,12.0,OK,10.72,OK,11.43,OK,20117.0,Moderate,3.314244810307802,Moderate,55.22855181880576,Reinvestor,5.921531036601436,0.09152936515285497,5.984845018860714,39.34787909752784,36.552920763447084,14.145616641901931,99.9714776459577,44.00039442278449,24.665070184790647
386,CIPLA,Mar 2013,8279,34,6065.0,2214.0,27,245,330,2095,26.0,1545,19.0,10.0,464,161.0,8858,967,1672,11658,3610,378,2532,5138,11658,18.661674115231307,73.25763981157145,17.130502272979268,60.73502904065692,13.252702007205352,CIPLA,22.8,16.8,0.107218095132498,24.86530612244898,0.7101561159718648,-1565,0,,0,9.51,OK,27.16,OK,26.69,OK,-665.0,Moderate,24.918468414059667,Capital Intensive,-10.964550700741963,Mixed,5.854844194520293,0.13109356541923103,6.144588698657212,33.31494792090015,29.352226720647778,30.430906389301633,99.96776305319679,43.431008279544265,24.649677074012544
387,CIPLA,Mar 2014,10173,146,8026.0,2147.0,21,251,373,1880,25.0,1404,17.0,12.0,465,161.0,9890,1248,2102,13400,6496,442,709,5753,13400,13.80123857269242,78.89511451882434,13.968759327430105,71.03283476413841,10.477611940298509,CIPLA,22.8,16.8,0.1241667495771565,32.059760956175296,0.7591791044776119,539,0,,0,9.51,OK,27.16,OK,26.69,OK,298.0,High Quality,12.43487663422786,Capital Intensive,3.712932967854473,Reinvestor,5.838186356996323,0.1488237571974605,5.6534661211355814,33.59450295521314,29.352226720647778,30.430906389301633,99.96266715151113,43.496385669100604,24.644531694265808
811,JSWSTEEL,Mar 2022,146371,107257,39114.0,27.0,1600,4968,6001,29745,30.0,20938,85.0,25.0,1016,301.0,66996,72237,56951,196485,99880,16905,4940,74760,196485,14.304746158733629,26.722506507436584,31.112828209281247,28.031877535224396,10.656284194722245,JSWSTEEL,13.36,11.66,1.0734059467732588,8.19524959742351,0.7449474514593989,67297,0,,0,18.35,OK,-3.31,OK,-3.81,OK,11522.0,High Quality,10.07576637448675,Capital Intensive,29.457483254077825,Reinvestor,5.9285109402568406,0.07478708969871398,5.704343031505857,36.852785099687644,54.91613649508387,0.24764735017335313,99.67726221621808,43.27952428186127,24.643188238352728
388,CIPLA,Mar 2015,11345,168,9183.0,2163.0,19,164,505,1654,24.0,1229,15.0,14.0,466,161.0,10641,1703,3166,15670,6830,581,640,7620,15670,10.832966064345529,80.94314676068753,11.377522680985004,73.43462614954018,7.84301212507977,CIPLA,22.8,16.8,0.1576559896315497,56.109756097560975,0.7239948947032546,1063,0,,0,9.51,OK,27.16,OK,26.69,OK,223.0,Moderate,8.373732921992067,Capital Intensive,2.428400304911249,Mixed,5.824534267061752,0.15295902863469205,5.353537106065373,33.5727307562791,29.352226720647778,30.430906389301633,99.95259804098664,43.71493258301205,24.619559111215345
390,CIPLA,Mar 2017,14394,159,11898.0,2496.0,17,208,1323,1222,15.0,1035,13.0,16.0,468,161.0,12383,4113,4213,20869,9492,1683,973,8721,20869,7.190496040016674,82.65944143393081,8.250956632653061,71.42942906885995,4.959509320044084,CIPLA,22.8,16.8,0.3278858418367347,57.28365384615385,0.6897311802194642,3140,0,,0,9.51,OK,27.16,OK,26.69,OK,1078.0,High Quality,9.0593302765041,Capital Intensive,9.060346276685156,Reinvestor,5.808061761188246,0.1495065913147164,4.985483821285216,33.82093382412708,29.352226720647778,30.430906389301633,99.90141553598994,43.725600016776355,24.612583244490047
391,CIPLA,Mar 2018,15156,114,12329.0,2826.0,19,280,1323,1669,15.0,1417,18.0,17.0,469,161.0,14068,4098,4346,22673,9950,981,1259,10483,22673,9.349432567959884,81.3473211929269,9.958535385480358,67.27233044142523,6.249724341728047,CIPLA,22.8,16.8,0.2880033733923677,44.1,0.668460283156177,2839,0,,0,9.51,OK,27.16,OK,26.69,OK,629.0,High Quality,5.5027711797308,Moderate,5.1017925216968125,Reinvestor,5.817058245062441,0.14234912904706415,5.203633504174583,33.69059092650867,29.352226720647778,30.430906389301633,99.91340687954097,43.605797628242996,24.61068951941902
719,INFY,Mar 2022,121641,90150,31491.0,26.0,2295,200,3476,30110,26.0,22146,53.0,59.0,791,2098.0,73252,5474,35905,116729,25800,416,20324,70189,116729,18.20603250548746,25.88847510296693,29.39084273390843,38.96243689993072,18.97214916601701,INFY,40.0,31.8,0.0726476443264764,168.93,1.0420803742000702,-14850,0,,0,12.0,OK,10.72,OK,11.43,OK,17400.0,High Quality,5.331261663419406,Moderate,55.25388206154139,Reinvestor,5.919438553677224,0.09360672166532334,6.098548404563195,38.55914490414427,36.552920763447084,14.145616641901931,99.97815724815258,44.74015175609978,24.595680084451224
962,NTPC,Mar 2023,176207,128611,47596.0,27.0,2561,11447,14792,23917,28.0,17121,17.0,42.0,868,9697.0,137326,222913,77253,447189,240424,89179,13935,103651,447189,9.716413082340656,27.01141271345633,11.645116750440408,12.866009255655031,3.828582545635067,NTPC,10.58,12.52,1.5161777408976826,4.381672053813226,0.3940325007994382,208978,0,,0,11.17,OK,13.63,OK,13.9,OK,21007.0,High Quality,14.837662521920242,Capital Intensive,44.136061853937306,Reinvestor,5.825944102904871,0.04867533732150718,5.240715040293208,39.60624252487837,34.15268941584731,17.028231797919762,99.54413533352619,43.24486957202793,24.57851616525968
715,INFY,Mar 2018,70522,51700,18822.0,27.0,3311,0,1863,20270,21.0,16029,37.0,59.0,787,1088.0,63835,0,14426,79349,12574,1606,12163,53006,79349,22.729077451008195,26.68954368849437,24.689247262141308,28.991266577330062,20.200632648174523,INFY,40.0,31.8,0.0,,0.888757262221326,-12163,0,Debt Free,0,12.0,OK,10.72,OK,11.43,OK,17751.0,Moderate,6.427781401548454,Moderate,94.30985017532674,Liquidating Assets,5.894667908238647,0.07643891263684517,6.5555793583632695,38.66103879515554,36.552920763447084,14.145616641901931,100.0,43.205052478531506,24.576664197070613
392,CIPLA,Mar 2019,16362,168,13265.0,3097.0,19,477,1326,2079,27.0,1492,19.0,16.0,470,161.0,14851,4316,4433,23762,9608,676,2554,10923,23762,9.118689646742451,81.07199608849774,9.938715694111377,68.63100165562915,6.278932749768538,CIPLA,22.8,16.8,0.2875033306687983,27.849056603773583,0.6885784024913728,1762,0,,0,9.51,OK,27.16,OK,26.69,OK,3.0,High Quality,10.316587214276982,Capital Intensive,0.0226159065209197,Reinvestor,5.816953823797244,0.14468841392369236,5.180318091960726,33.50886563940594,29.352226720647778,30.430906389301633,99.91355722590424,43.45812219186491,24.573948713247532
810,JSWSTEEL,Mar 2021,79839,59661,20178.0,25.0,473,3957,4679,12015,34.0,7873,33.0,25.0,1015,302.0,46462,62392,39161,148317,64917,32566,8581,42253,148317,9.861095454602388,25.273362642317664,16.835600034214355,18.485470336032837,5.30822495061254,JSWSTEEL,13.36,11.66,1.3341886921563595,5.218852666161233,0.5382997228908352,53811,0,,0,18.35,OK,-3.31,OK,-3.81,OK,11087.0,High Quality,9.646914415260714,Capital Intensive,54.94598077113688,Reinvestor,5.853290483904534,0.058350614300000284,5.255334466672846,36.72650634587025,54.91613649508387,0.24764735017335313,99.59885344128394,43.252477192659015,24.557225620850573
820,KOTAKBANK,Mar 2018,25131,12467,16805.0,-4141.0,-16,13682,383,9158,33.0,6258,33.0,2.0,1000,953.0,49535,249840,37392,337720,2543,0,90977,244201,337720,24.90151605586725,66.86960327881899,12.395024560291551,5.595548866572547,1.853014331398792,KOTAKBANK,7.86,15.1,4.948502614482649,1.2270866832334455,0.0744137155039677,158863,0,,1,13.86,OK,21.26,OK,20.22,OK,-15867.0,Accrual Risk,21.78584218694043,Capital Intensive,-94.41832787860756,Growth Funded by Debt,5.829895038407721,0.036157461137407615,6.775093358248258,28.901868344964527,41.93175245806825,24.586428925210498,98.51214838930407,43.21620325033607,24.55473272921949
341,BPCL,Mar 2020,284572,275597,8975.0,3.0,1393,2637,4080,3652,0.0,3666,7.0,106.0,420,1967.0,34565,65476,48852,150860,60175,17757,27029,45900,150860,1.2882504251999494,3.1538591287969298,10.035037775101282,8.798329542780959,2.4300676123558262,BPCL,32.1,41.9,1.792291689477718,3.931740614334471,1.8863316982632905,38447,0,,0,9.38,OK,30.23,OK,35.52,OK,-3254.0,High Quality,3.912893749209339,Moderate,-36.25626740947075,Mixed,5.817461302615963,0.041671831590454414,4.389091573276849,32.56337161369733,28.97628687102372,33.472015849430406,99.46111697117793,43.24078095882897,24.55318229503838
717,INFY,Mar 2020,90791,68524,22267.0,25.0,2803,170,2893,22007,24.0,16639,39.0,45.0,789,2122.0,63328,4633,21717,91800,23789,954,8792,58265,91800,18.32670639160269,24.52555870075228,25.422459893048128,31.772327097869667,18.125272331154683,INFY,40.0,31.8,0.0707868601986249,147.47058823529412,0.98900871459695,-4159,0,,0,12.0,OK,10.72,OK,11.43,OK,16672.0,High Quality,0.3645735810818253,Asset Light,74.87313064175686,Reinvestor,5.898530884162531,0.0812271886735152,6.110741894111563,38.34780942649125,36.552920763447084,14.145616641901931,99.9787167245998,44.54514596969689,24.5511306663563
812,JSWSTEEL,Mar 2023,165960,147490,18470.0,11.0,1561,6902,7474,5655,27.0,4139,17.0,25.0,1017,301.0,65394,80853,63991,210539,104452,22166,4806,79115,210539,2.4939744516751023,11.129187756085804,6.300327269959662,12.60337909763354,1.9659065541301133,JSWSTEEL,13.36,11.66,1.2307329324910572,2.9022022602144304,0.7882625071839422,76047,0,,0,18.35,OK,-3.31,OK,-3.81,OK,12593.0,High Quality,6.465413352615087,Moderate,68.18083378451543,Reinvestor,5.7977847502000595,0.048223155255394806,4.510923924818109,37.16369210046563,54.91613649508387,0.24764735017335313,99.6299591778361,43.231425346542004,24.54108180524364
1190,TCS,Mar 2018,123104,90588,32516.0,26.0,3642,52,2014,34092,24.0,25880,67.0,37.0,1419,191.0,84937,247,19751,105126,11973,1278,36008,55867,105126,21.02287496750715,26.41343904341045,30.40127807536885,38.08609077598828,24.618077354793297,TCS,64.3,0.52,0.002901513015694,695.3461538461538,1.1710138310218214,-35761,0,,0,9.94,OK,8.6,OK,9.44,OK,28171.0,Moderate,2.521445282037952,Asset Light,86.63734776725305,Liquidating Assets,5.924762094533136,0.09209787742618825,6.383176174710899,41.68592296705721,30.59572006940428,12.045567112431897,99.99912761068343,49.52379620924307,24.529361454166377
718,INFY,Mar 2021,100472,72583,27889.0,28.0,2201,195,3267,26628,27.0,19423,45.0,59.0,790,2124.0,74227,5325,25835,107511,25505,922,14205,66879,107511,19.331754120551,27.7579823234334,25.43909051616875,34.14589353053529,18.066058356819305,INFY,40.0,31.8,0.0697436837762439,154.30769230769232,0.9345276297309112,-8880,0,,0,12.0,OK,10.72,OK,11.43,OK,15851.0,High Quality,7.338362926984633,Moderate,56.83602854171895,Reinvestor,5.898618503625162,0.0853138639497411,6.21229691461401,38.109476422160036,36.552920763447084,14.145616641901931,99.97903037336211,44.60727604441539,24.529095896816035
1112,SIEMENS,Sep 2017,11065,10008,1056.0,10.0,818,8,198,1669,32.0,1137,32.0,22.0,1277,71.0,7619,0,5448,13138,1365,143,0,11630,13138,10.275643922277451,9.543605964753729,14.785435630689204,13.732119635890768,8.654285279342364,SIEMENS,25.6,19.1,0.0,234.25,0.8422134267011722,0,0,,0,11.19,OK,19.85,OK,19.64,OK,1894.0,Moderate,11.9385449615906,Capital Intensive,179.3560606060606,Liquidating Assets,5.842489066420729,0.05016655822380861,5.29722250534147,34.05781534852936,34.21052631578947,23.189697870232788,100.0,45.33372711163614,24.526493342783073
961,NTPC,Mar 2022,132669,92307,40362.0,30.0,4809,9376,13788,22007,23.0,16960,17.0,41.0,867,9697.0,125677,210707,69751,415831,224923,91126,10626,89156,415831,12.7836947591374,30.42308301110282,12.528255056362376,11.66258766011425,4.078580000048096,NTPC,10.58,12.52,1.5564805649533884,4.817726109215017,0.3190454776098944,200081,0,,0,11.17,OK,13.63,OK,13.9,OK,18897.0,High Quality,17.254219146899427,Capital Intensive,46.81878995094396,Reinvestor,5.830596971485459,0.04660335264322299,5.550648434103097,38.993717994867566,34.15268941584731,17.028231797919762,99.53201760289967,43.24883207877882,24.517107909233204
338,BPCL,Mar 2017,201251,187468,13783.0,7.0,2721,696,2108,13700,31.0,9507,20.0,49.0,417,1311.0,29508,35725,42541,109086,33684,16834,21327,37241,109086,4.723951682227666,6.84866162155716,30.847853596807163,20.712611204616493,8.715142181398162,BPCL,32.1,41.9,1.1591875141957884,23.71264367816092,1.844883853106723,14398,0,,0,9.38,OK,30.23,OK,35.52,OK,-6233.0,Moderate,7.589527505453389,Moderate,-45.22237538997316,Mixed,5.9271149051842285,0.062185182146534755,4.73625191357515,31.69857987203753,28.97628687102372,33.472015849430406,99.65147052665039,43.42053381505894,24.50470194161883
1131,SUNPHARMA,Mar 2024,48497,35479,13018.0,28.0,865,238,2557,11088,13.0,9610,40.0,34.0,1321,240.0,63427,3274,18367,85308,23211,5354,15026,41717,85308,19.815658700538176,26.84289749881436,15.094161810671148,19.446975695015013,11.2650630655976,SUNPHARMA,17.3,16.7,0.0514238145350024,58.33193277310925,0.5684929901064378,-11752,0,,0,8.91,OK,21.65,OK,23.52,OK,11372.0,High Quality,1.5732931933934058,Asset Light,87.35596865878014,Reinvestor,5.844115609322572,0.06000608099536399,6.261193039769427,36.809240701819576,27.61711972238288,24.972758791480928,99.98453855413553,43.73512592823944,24.474321361959706
389,CIPLA,Mar 2016,13790,207,11310.0,2480.0,18,208,754,1727,19.0,1383,17.0,12.0,467,161.0,11356,5202,4331,21049,9368,2061,759,8862,21049,10.029006526468455,82.01595358955765,12.00833550403751,67.64758657814463,6.570383391134971,CIPLA,22.8,16.8,0.4516801250325605,54.46153846153846,0.6551380113069505,4443,0,,0,9.51,OK,27.16,OK,26.69,OK,-2792.0,High Quality,32.871646120377086,Capital Intensive,-24.68611847922193,Mixed,5.827857743288443,0.142995224287997,5.27230103637376,32.69748835913097,29.352226720647778,30.430906389301633,99.86419467586373,43.69995491354935,24.47006206568787
1119,SIEMENS,Sep 2024,22240,19136,3104.0,14.0,925,60,330,3639,25.0,2718,76.0,16.0,1284,71.0,15286,279,9663,25299,3112,103,1,22082,25299,12.221223021582734,13.9568345323741,17.698769290877124,19.85162445638271,10.743507648523655,SIEMENS,25.6,19.1,0.0181676108614963,67.15,0.8790861298865568,278,0,,0,11.19,OK,19.85,OK,19.64,OK,1168.0,Moderate,2.2571942446043165,Asset Light,37.628865979381445,Reinvestor,5.857838144318678,0.06070278283015513,5.493813492642969,33.84706046284792,34.21052631578947,23.189697870232788,99.99453759830223,43.815257394702165,24.44142546678986
1110,SIEMENS,Sep 2015,10563,9565,998.0,9.0,943,30,224,1688,30.0,1174,33.0,30.0,1275,71.0,5046,25,5433,10576,1394,32,114,9037,10576,11.114266780270755,9.448073463978035,22.94313074066836,19.40879035394788,11.100605143721634,SIEMENS,25.6,19.1,0.0048856752003126,64.7,0.9987708018154312,-89,0,,0,11.19,OK,19.85,OK,19.64,OK,1220.0,Accrual Risk,6.115686831392597,Moderate,122.2444889779559,Liquidating Assets,5.885468385755782,0.05994033558916609,5.381961129273736,33.86215585410885,34.21052631578947,23.189697870232788,99.99853103852166,43.79299377527375,24.435858993684064
1118,SIEMENS,Sep 2023,19554,17067,2487.0,13.0,496,23,321,2640,26.0,1962,55.0,18.0,1283,71.0,13016,175,8384,21646,3038,50,1,18556,21646,10.03375268487266,12.718625345197914,14.991976770841292,18.752827627808777,9.064030305830178,SIEMENS,25.6,19.1,0.0133720485978451,129.69565217391303,0.9033539684006284,174,0,,0,11.19,OK,19.85,OK,19.64,OK,641.0,Moderate,3.8815587603559374,Moderate,25.7740249296341,Reinvestor,5.843577241143951,0.058810935283303216,5.272780611820938,33.694074478338116,34.21052631578947,23.189697870232788,99.99597946579105,44.38362171996831,24.42260836381248
1191,TCS,Mar 2019,146463,106957,39506.0,27.0,4311,198,2056,41563,24.0,31562,84.0,36.0,1420,375.0,89071,62,24393,113901,12290,963,29330,71318,113901,21.549469831971216,26.973365286795985,35.28609440332715,44.136836930777136,27.710028884733237,TCS,64.3,0.52,0.0006931556469825,221.2979797979798,1.2858798430215714,-29268,0,,0,9.94,OK,8.6,OK,9.44,OK,30238.0,Moderate,1.1231505567959144,Asset Light,76.54027236369159,Liquidating Assets,5.950498050341975,0.1025157171686068,6.436385938503005,42.28596476967916,30.59572006940428,12.045567112431897,99.99979159094656,45.21602962240883,24.41426894696905
1141,TATACONSUM,Mar 2021,11602,10058,1544.0,13.0,91,73,255,1311,24.0,930,9.0,44.0,1409,92.0,14442,1634,4050,20218,12023,113,806,7276,20218,8.015859334597483,13.30805033614894,6.398789046374019,9.549727857496288,4.599861509545949,TATACONSUM,10.6,8.32,0.1124260355029585,22.3972602739726,0.5738450885349689,828,0,,0,11.08,OK,20.53,OK,19.14,OK,1310.0,High Quality,2.9822444406136874,Asset Light,84.84455958549223,Reinvestor,5.798303502135964,0.04296554760913622,5.068882632992228,33.88828249282969,33.89242336610758,23.863298662704306,99.96619719720513,43.4085806740331,24.406793673608345
807,JSWSTEEL,Mar 2018,71933,57017,14916.0,21.0,-177,3701,3387,7651,20.0,6113,26.0,16.0,1012,302.0,27696,39393,24579,91970,57848,5950,1469,26703,91970,8.49818581179709,20.735962631893567,21.83370240731481,22.13351931266786,6.646732630205501,JSWSTEEL,13.36,11.66,1.4069933566683337,3.982437179140773,0.7821354789605306,37924,0,,0,18.35,OK,-3.31,OK,-3.81,OK,7850.0,High Quality,6.296136682746445,Moderate,52.62805041566103,Reinvestor,5.879623294222486,0.06463162306137411,5.117619298794294,35.78681823987738,54.91613649508387,0.24764735017335313,99.57696347864285,43.24124164822701,24.404328137101903
1117,SIEMENS,Sep 2022,16138,14278,1860.0,12.0,487,36,317,1993,23.0,1543,43.0,23.0,1282,71.0,11539,182,8317,20109,3107,52,1,16949,20109,9.561283926137069,11.525591770975335,13.290267011197244,15.773405698778834,7.673181162663484,SIEMENS,25.6,19.1,0.0156761412575366,65.19444444444444,0.8025262320354071,181,0,,0,11.19,OK,19.85,OK,19.64,OK,944.0,Moderate,0.2106828603296567,Asset Light,50.752688172043015,Reinvestor,5.834611678421971,0.05368113155535874,5.2250400189136075,33.78203416203161,34.21052631578947,23.189697870232788,99.99528670108181,43.797486886677675,24.399794424159225
1115,SIEMENS,Sep 2020,9946,8944,1003.0,10.0,315,30,252,1036,26.0,769,22.0,32.0,1280,71.0,9421,0,6368,15860,1196,88,0,14576,15860,7.731751457872511,10.08445606273879,8.1015592077539,10.566793088916985,4.848675914249685,SIEMENS,25.6,19.1,0.0,43.93333333333333,0.6271122320302648,0,0,,0,11.19,OK,19.85,OK,19.64,OK,1591.0,Moderate,8.757289362557811,Capital Intensive,158.62412761714856,Liquidating Assets,5.807274651649828,0.04471667421690852,5.04017496029702,33.96985566483587,34.21052631578947,23.189697870232788,100.0,43.60428309630909,24.39529528434193
1114,SIEMENS,Sep 2019,13084,11594,1490.0,11.0,398,12,199,1678,34.0,1099,31.0,23.0,1279,71.0,8978,0,6309,15358,1219,58,0,14081,15358,8.399571996331396,11.38795475389789,12.144988396507902,16.465907835119904,7.15587967183227,SIEMENS,25.6,19.1,0.0,157.33333333333334,0.8519338455528064,0,0,,0,11.19,OK,19.85,OK,19.64,OK,138.0,High Quality,8.674717211861815,Capital Intensive,9.261744966442953,Reinvestor,5.828577707472489,0.0548734433947794,5.107654868486171,33.5480555974872,34.21052631578947,23.189697870232788,100.0,44.63477062413861,24.394508776741205
1143,TATACONSUM,Mar 2023,13783,11927,1856.0,13.0,328,130,304,1794,25.0,1320,12.0,65.0,1411,93.0,16184,1600,4886,22762,13070,295,1433,7965,22762,9.577015163607342,13.465863745193356,8.109602506604412,10.38205515466801,5.799138915736754,TATACONSUM,10.6,8.32,0.0982982122012655,16.8,0.6055267551181794,167,0,,0,11.08,OK,20.53,OK,19.14,OK,627.0,High Quality,6.050932307915549,Moderate,33.7823275862069,Reinvestor,5.807317028265421,0.04439860266934771,5.226629581376969,33.6900103345371,33.89242336610758,23.863298662704306,99.97044496795371,43.357717297469215,24.392204487375032
1113,SIEMENS,Sep 2018,12795,11468,1327.0,10.0,280,8,198,1402,36.0,901,25.0,28.0,1278,71.0,8228,0,6037,14336,1381,62,0,12893,14336,7.041813208284486,10.371238765142634,10.85672972647307,15.98987829859019,6.284877232142858,SIEMENS,25.6,19.1,0.0,200.875,0.8925083705357143,0,0,,0,11.19,OK,19.85,OK,19.64,OK,-74.0,Accrual Risk,1.3599062133645956,Asset Light,-5.5764883195177095,Reinvestor,5.821790437291498,0.05405384209316151,4.970460168586927,33.48651284850033,34.21052631578947,23.189697870232788,100.0,45.03044209187151,24.390241417132586
987,PFC,Mar 2022,76262,8215,23338.0,31.0,79,44709,35,23382,20.0,18768,42.0,23.0,1058,2640.0,69036,660476,58848,791000,719,53,3774,786454,791000,24.60989745876059,30.602396999816424,26.18449690272895,3.1875894622974466,2.372692793931732,PFC,9.96,19.49,9.214744126346336,0.523764790087007,0.0964121365360303,656702,1,,1,9.56,OK,24.41,OK,23.81,OK,4357.0,Accrual Risk,0.717264168262044,Asset Light,18.669123318193503,Reinvestor,5.902545723102041,0.0320115699467594,6.745626765015864,34.77281436152301,29.496818970503185,27.706785537394747,97.2294302016917,43.20981202953416,24.382861918625693
716,INFY,Mar 2019,82675,62505,20170.0,24.0,2882,0,2011,21041,27.0,15410,35.0,60.0,788,2170.0,62778,0,19118,84066,15710,1388,11261,55707,84066,18.639250075597214,24.396734200181434,23.726673646609598,31.055613721746628,18.33083529607689,INFY,40.0,31.8,0.0,,0.9834534770299528,-11261,0,Debt Free,0,12.0,OK,10.72,OK,11.43,OK,14209.0,Moderate,0.764439068642274,Asset Light,70.44620723847298,Reinvestor,5.889596529834859,0.07999319126184257,6.142322862180799,37.6328104134976,36.552920763447084,14.145616641901931,100.0,43.205052478531506,24.38069901130561
1137,TATACONSUM,Mar 2017,6780,5988,791.0,12.0,88,43,126,662,30.0,455,6.0,38.0,1405,63.0,6202,787,2499,9551,4573,63,1451,3465,9551,6.710914454277287,11.666666666666666,7.262569832402235,11.216676120249575,4.763899068160402,TATACONSUM,10.6,8.32,0.1256185155626496,20.44186046511628,0.7098733116951105,-664,0,,0,11.08,OK,20.53,OK,19.14,OK,886.0,High Quality,2.1386430678466075,Asset Light,112.01011378002528,Liquidating Assets,5.802854384430249,0.045835606840843125,4.937024512966273,33.765196994855955,33.89242336610758,23.863298662704306,99.96223065333619,43.390811581308704,24.374829566153885
1138,TATACONSUM,Mar 2018,6815,5976,839.0,12.0,73,52,116,753,25.0,556,8.0,30.0,1406,63.0,6968,1068,2362,10461,4798,135,1161,4366,10461,8.158473954512106,12.31107850330154,7.907836723083488,10.359303617730584,5.31497944747156,TATACONSUM,10.6,8.32,0.1518987341772152,17.53846153846154,0.6514673549373865,-93,0,,0,11.08,OK,20.53,OK,19.14,OK,325.0,Moderate,0.4548789435069699,Asset Light,38.73659117997616,Reinvestor,5.806254012802851,0.04435943033264008,5.083293123392055,33.602340946829386,33.89242336610758,23.863298662704306,99.95432905791607,43.36442783896099,24.36328099993815
1142,TATACONSUM,Mar 2022,12425,10707,1719.0,14.0,88,87,278,1456,26.0,1015,10.0,60.0,1410,92.0,15050,1412,4521,21075,12599,247,797,7431,21075,8.169014084507042,13.835010060362174,6.703209615638621,10.384197172888728,4.816132858837485,TATACONSUM,10.6,8.32,0.0932505613525293,20.770114942528732,0.5895610913404508,615,0,,0,11.08,OK,20.53,OK,19.14,OK,199.0,High Quality,10.599597585513076,Capital Intensive,11.57649796393252,Reinvestor,5.799907360662445,0.04440229067773179,5.0843581505414175,33.56576365262021,33.89242336610758,23.863298662704306,99.97196263017007,43.39379449263963,24.360184886644493
1193,TCS,Mar 2021,164177,117631,46546.0,28.0,1916,637,4065,43760,26.0,32562,88.0,43.0,1422,370.0,86063,7795,35764,129992,21021,926,29373,78672,129992,19.833472410873632,28.351108864213625,37.67311096456215,49.39720677505625,25.04923379900302,TCS,64.3,0.52,0.0901854615713905,76.0784929356358,1.2629777217059512,-21578,0,,0,9.94,OK,8.6,OK,9.44,OK,30846.0,High Quality,4.845989389500356,Moderate,66.26992652429854,Reinvestor,5.963074194174302,0.1115727307371199,6.262993025646948,42.46246472903773,30.59572006940428,12.045567112431897,99.97288420463443,43.89639232073821,24.357524168804183
1108,SIEMENS,Sep 2011,11955,10784,1171.0,10.0,299,26,154,1290,33.0,868,,24.0,1273,68.0,3748,0,6341,10158,1169,249,0,8739,10158,7.26056043496445,9.795064826432457,22.746331236897277,30.68658280922432,8.544989171096674,SIEMENS,25.6,19.1,0.0,56.53846153846154,1.17690490253987,0,0,,0,11.19,OK,19.85,OK,19.64,OK,267.0,Accrual Risk,2.208281053952321,Asset Light,22.801024765157983,Liquidating Assets,5.88443153544408,0.07935781426728575,4.992563476171714,33.585503779653735,34.21052631578947,23.189697870232788,100.0,43.71882831149495,24.353646260485547
1144,TATACONSUM,Mar 2024,15206,12922,2284.0,15.0,-81,87,377,1696,23.0,1215,12.0,64.0,1412,95.0,15962,3477,8345,27879,19358,190,871,7461,27879,7.990266999868472,15.020386689464685,7.566793298872766,11.692433705334288,4.358119014311847,TATACONSUM,10.6,8.32,0.21654107242947,25.32183908045977,0.5454284586965099,2606,0,,0,11.08,OK,20.53,OK,19.14,OK,26.0,High Quality,12.567407602262264,Capital Intensive,1.138353765323993,Mixed,5.804457204508516,0.04665473991151902,5.066296656223911,33.51554244707904,33.89242336610758,23.863298662704306,99.93489323771334,43.43515688200699,24.35011445810455
1134,TATACONSUM,Mar 2014,7738,6986,752.0,10.0,170,87,129,707,26.0,510,7.0,29.0,1402,62.0,5787,1438,2625,9911,5181,60,611,4060,9911,6.590850348927371,9.7182734556733,8.719439220379552,10.319747495540003,5.145797598627787,TATACONSUM,10.6,8.32,0.2458539921354077,10.597701149425289,0.7807486631016043,827,0,,0,11.08,OK,20.53,OK,19.14,OK,421.0,Moderate,0.0129232359782889,Asset Light,55.98404255319149,Reinvestor,5.810529990567913,0.04429132479139425,4.9248926386987915,33.63020936146495,33.89242336610758,23.863298662704306,99.92607980904685,43.30135581943228,24.34627727391144
1139,TATACONSUM,Mar 2019,7252,6466,786.0,11.0,124,78,123,735,36.0,457,6.0,39.0,1407,63.0,7269,1141,2408,10881,4913,424,1188,4355,10881,6.301709873138445,10.83838940981798,6.232951445717403,9.276525433730674,4.199981619336459,TATACONSUM,10.6,8.32,0.1556192034915439,11.666666666666666,0.6664828600312471,-47,0,,0,11.08,OK,20.53,OK,19.14,OK,263.0,Accrual Risk,0.7308328736900165,Asset Light,33.460559796437664,Liquidating Assets,5.797429776518581,0.042495162801176975,4.895676447167711,33.58434259571059,33.89242336610758,23.863298662704306,99.95321043543709,43.31106971390492,24.337529748951408
1109,SIEMENS,Sep 2014,10678,10559,119.0,1.0,985,31,229,844,28.0,603,17.0,35.0,1274,71.0,4304,0,5915,10290,1356,41,8,8886,10290,5.647124929762128,1.1144409065368046,13.782857142857145,2.72,5.860058309037901,SIEMENS,25.6,19.1,0.0,35.61290322580645,1.037706511175899,-8,0,,0,11.19,OK,19.85,OK,19.64,OK,738.0,High Quality,1.2174564525191984,Asset Light,620.1680672268908,Liquidating Assets,5.837206919882271,0.031206500297687585,4.829533929324568,33.722233188959464,34.21052631578947,23.189697870232788,100.0,43.528673753699,24.33644616557566
1140,TATACONSUM,Mar 2020,9637,8345,1292.0,13.0,-163,69,242,809,34.0,460,5.0,54.0,1408,92.0,13723,1586,3072,18473,11656,95,1323,5399,18473,4.77326968973747,13.406661824219157,3.329714078899747,8.389065645087982,2.490120716721702,TATACONSUM,10.6,8.32,0.1148027506333695,16.36231884057971,0.5216802901531965,263,0,,0,11.08,OK,20.53,OK,19.14,OK,460.0,High Quality,6.454290754384144,Moderate,35.60371517027864,Reinvestor,5.782133891564353,0.04096718366944577,4.7412352503058734,33.64153090491065,33.89242336610758,23.863298662704306,99.96548259731291,43.35374000491235,24.33157742572688
1133,TATACONSUM,Mar 2013,7351,6581,770.0,10.0,56,84,105,637,26.0,445,6.0,36.0,1401,62.0,4748,1389,2595,8794,4434,91,578,3691,8794,6.0535981499115765,10.474765338049243,9.251559251559252,12.421358283594127,5.060268364794178,TATACONSUM,10.6,8.32,0.2887733887733887,9.833333333333334,0.835910848305663,811,0,,0,11.08,OK,20.53,OK,19.14,OK,197.0,Accrual Risk,0.3264861923547816,Asset Light,25.58441558441558,Cash Accumulator,5.813333497739524,0.04790976189498315,4.870606004826064,33.56518306064864,33.89242336610758,23.863298662704306,99.91317536129917,43.29440986263195,24.330239292573033
642,ICICIBANK,Mar 2023,121067,50543,87864.0,-17341.0,-14,65112,1515,46256,26.0,35461,49.0,16.0,729,1397.0,213101,1399894,344099,1958490,11070,0,639552,1307868,1958490,29.290392922926973,72.57469004765956,16.53208887728557,5.442544313896501,1.810629617715689,ICICIBANK,7.6,18.8,6.526373206276982,1.3492136626121145,0.0618165014883915,760342,1,,1,16.31,OK,36.1,OK,36.08,OK,-71460.0,Accrual Risk,55.910363682919375,Capital Intensive,-81.33023763998908,Growth Funded by Debt,5.851691416672978,0.03589402636938682,7.218567302200511,12.763443607101802,49.01677270098323,39.286775631500745,98.03773471624665,43.217313041597635,24.31271034337615
524,GRASIM,Mar 2021,76404,57769,18635.0,24.0,1130,5723,4033,10009,30.0,6987,63.0,14.0,602,132.0,65362,79078,122777,267349,85023,5769,88017,88540,267349,9.144809172294645,24.39008428878069,10.6681528078908,12.88977118667515,2.613437865860729,GRASIM,9.3,6.9,1.2074083122118056,3.453608247422681,0.2857837508275699,-8939,0,,0,14.97,OK,5.54,OK,0.61,OK,7929.0,High Quality,9.35291346002827,Capital Intensive,42.54896699758519,Reinvestor,5.820796908176508,0.048716249298808044,5.182957338711468,35.80975162275456,45.141700404858305,9.014363546310054,99.63697212226697,43.23643607839904,24.308875049704174
1116,SIEMENS,Sep 2021,13198,11746,1452.0,11.0,321,24,297,1452,25.0,1089,31.0,26.0,1281,71.0,10276,4,7664,18015,3264,35,3,14713,18015,8.25125018942264,11.001666919230187,10.52478979414323,14.027630180658871,6.04496253122398,SIEMENS,25.6,19.1,0.000386585483715,73.875,0.7326117124618373,1,0,,0,11.19,OK,19.85,OK,19.64,OK,-967.0,High Quality,18.101227458705864,Capital Intensive,-66.59779614325069,Reinvestor,5.820041591305062,0.05067535191946751,5.092667695531369,33.22727853319245,34.21052631578947,23.189697870232788,99.9998837664887,43.876368758235266,24.30526155658257
1135,TATACONSUM,Mar 2015,7993,7201,792.0,10.0,-77,82,133,500,43.0,273,4.0,6.0,1403,62.0,5431,1324,2641,9458,4922,47,622,3867,9458,3.415488552483423,9.908670086325534,4.96996176952485,11.61801378905677,2.886445337280609,TATACONSUM,10.6,8.32,0.2410340433278718,8.71951219512195,0.8451046732924509,702,0,,0,11.08,OK,20.53,OK,19.14,OK,211.0,High Quality,2.5897660452896285,Asset Light,26.641414141414145,Reinvestor,5.790775637588634,0.0465266078197753,4.604038292131601,33.56924720444966,33.89242336610758,23.863298662704306,99.92752900876553,43.28428835653707,24.30159943788548
1053,RELIANCE,Mar 2023,876396,734078,142318.0,16.0,12020,19571,40303,94464,22.0,74088,49.0,9.0,1184,6766.0,709106,451664,438346,1605882,724805,293752,235560,351765,1605882,8.45371270521545,16.239006111392566,10.349336194179966,12.189602718888326,4.613539475503181,RELIANCE,9.61,9.25,0.6309284341334763,7.886055899034285,0.5457412188442239,216104,0,,0,9.51,OK,14.92,OK,11.95,OK,22031.0,High Quality,10.611755416501216,Capital Intensive,15.480121980353855,Mixed,5.819117203202829,0.04751073799433449,5.113125514946405,39.90350561432437,29.352226720647778,18.306092124814263,99.81030061816841,43.276714579481435,24.28515472326027
1050,RELIANCE,Mar 2020,596679,507413,89266.0,15.0,8570,22027,22203,53606,26.0,39880,29.0,10.0,1181,6339.0,442827,355133,358716,1163015,532658,109106,276767,244484,1163015,6.683660728800578,14.960472884080051,8.878677370949715,11.098608850688612,3.429018542323186,RELIANCE,9.61,9.25,0.7906497820404929,4.441639805693013,0.5130449736245878,78366,0,,0,9.51,OK,14.92,OK,11.95,OK,22380.0,High Quality,12.150084048542013,Capital Intensive,25.071135706764053,Reinvestor,5.811368946575879,0.045632325152660316,4.934270661014932,40.00481891336406,29.352226720647778,18.306092124814263,99.76227767400536,43.245414510479286,24.274748855078457
242,BAJAJFINSV,Mar 2023,82072,52204,29868.0,36.0,1,12380,678,16811,27.0,12210,40.0,2.0,322,159.0,46248,212265,146729,405401,4336,191,136176,264698,405401,14.87718101179452,36.39243590993274,26.31068588790485,11.546669140842456,3.011832728582317,BAJAJFINSV,21.14,11.72,4.573986683043507,2.4126817447495963,0.2024464665849369,76089,0,,0,18.36,OK,22.48,OK,20.34,OK,-53425.0,Accrual Risk,16.99117847743445,Capital Intensive,-178.87036293022632,Growth Funded by Debt,5.903210557545757,0.046403770554327026,5.762184695701989,17.998931710772304,54.94505494505495,25.79494799405646,98.62475298411466,43.22697697982416,24.264004628187156
525,GRASIM,Mar 2022,95701,75270,20431.0,21.0,1648,4776,4161,13143,15.0,11206,111.0,9.0,603,132.0,75567,74744,138706,289149,88996,6615,96766,96771,289149,11.709386526786554,21.34878423422953,14.803365962562252,13.580558749825515,3.875510549924088,GRASIM,9.3,6.9,0.9873842454986196,4.622906197654942,0.3309746877907238,-22022,0,,0,14.97,OK,5.54,OK,0.61,OK,5985.0,Moderate,1.1003019822154418,Asset Light,29.293720326954137,Reinvestor,5.842583533479006,0.049905609081032705,5.442094987913529,35.24541622638442,45.141700404858305,9.014363546310054,99.70312610611917,43.2470617129143,24.260672115053442
1136,TATACONSUM,Mar 2016,6637,6271,366.0,6.0,38,117,117,170,99.0,-37,0.0,-999.0,1404,63.0,6184,1354,2294,9895,4662,39,1366,3828,9895,-0.5574807895133344,5.514539701672443,-0.5922842964623019,4.815155900539403,-0.3739262253663466,TATACONSUM,10.6,8.32,0.2167440371378261,3.452991452991453,0.6707427993936331,-12,0,,0,11.08,OK,20.53,OK,19.14,OK,261.0,Accrual Risk,2.184722012957662,Asset Light,71.31147540983606,Liquidating Assets,5.761470601464182,0.03481382373331498,4.202589712764857,33.58376200373902,33.89242336610758,23.863298662704306,99.93483221291619,43.236430473469866,24.2564021922766
1033,RECLTD,Mar 2016,24125,1680,22445.0,93.0,4,14282,20,8147,30.0,5691,22.0,30.0,1164,987.0,27906,169212,8840,206945,254,78,2352,204261,206945,23.589637305699483,93.03626943005182,19.69681237670024,11.329850331894702,2.750006040252241,RECLTD,10.0,22.2,5.856505035821825,1.5718386780562947,0.1165768682500181,166860,1,,0,11.45,OK,24.52,OK,24.57,OK,-14034.0,Accrual Risk,3.133678756476684,Moderate,-62.52617509467587,Growth Funded by Debt,5.868364957428638,0.04603046393280034,6.642534605531686,29.4339808869123,34.962406015037594,27.815750371471022,98.23914199315679,43.2193360777687,24.226905025452567
808,JSWSTEEL,Mar 2019,84757,65827,18930.0,22.0,196,3917,4041,11168,33.0,7524,32.0,16.0,1013,301.0,34494,47396,32606,114797,62644,11889,1894,38370,114797,8.877142890852673,22.334438453461072,21.623796522488863,23.03171880132861,6.55417824507609,JSWSTEEL,13.36,11.66,1.3621497341572064,4.882818483533316,0.7383206878228525,45502,0,,0,18.35,OK,-3.31,OK,-3.81,OK,3246.0,High Quality,13.434878535106243,Capital Intensive,17.147385103011093,Mixed,5.878517392134627,0.06617809321401537,5.1559110065655345,34.45029552131353,54.91613649508387,0.24764735017335313,99.59044647767925,43.24942358565617,24.209425058571632
213,BAJAJ-AUTO,Mar 2020,29919,24809,5109.0,17.0,1832,3,246,6692,22.0,5212,180.0,67.0,306,289.0,21373,126,4722,26510,1699,60,19914,4837,26510,17.42036832781844,17.076105484808984,24.06056689133044,23.448687350835325,19.660505469634103,BAJAJ-AUTO,33.5,26.5,0.0058166374296002,2313.6666666666665,1.1285929837797055,-19788,0,,0,10.32,OK,7.18,OK,7.88,OK,5616.0,Moderate,5.902603696647615,Moderate,109.9236641221374,Liquidating Assets,5.891355666967982,0.066896006577965,6.0191609890474105,35.13829700762898,31.694621168305382,10.63893016344725,99.99825112886813,64.22978478501219,24.20772308606477
213,BAJAJ-AUTO,Mar 2020,29919,24809,5109.0,17.0,1832,3,246,6692,22.0,5212,180.0,67.0,306,289.0,21373,126,4722,26510,1699,60,19914,4837,26510,17.42036832781844,17.076105484808984,24.06056689133044,23.448687350835325,19.660505469634103,BAJAJ-AUTO,33.5,26.5,0.0058166374296002,2313.6666666666665,1.1285929837797055,-19788,0,,0,10.32,OK,7.18,OK,7.88,OK,5616.0,Moderate,5.902603696647615,Moderate,109.9236641221374,Liquidating Assets,5.891355666967982,0.066896006577965,6.0191609890474105,35.13829700762898,31.694621168305382,10.63893016344725,99.99825112886813,64.22978478501219,24.20772308606477
706,INDUSINDBK,Mar 2022,30822,15822,15840.0,-839.0,-3,7334,321,6174,25.0,4611,60.0,14.0,779,775.0,46923,341005,13273,401975,1754,95,70971,329155,401975,14.960093439750828,51.39186295503212,9.6670719946329,4.075090750521607,1.147086261583432,INDUSINDBK,7.93,15.2,7.149251540945113,2.1593946004908644,0.0766764102245164,270034,1,,0,11.23,OK,12.95,OK,10.2,OK,16249.0,High Quality,1.138796963208098,Asset Light,102.5820707070707,Reinvestor,5.8155226522288235,0.03353962053017244,5.770562579735239,38.2250142245033,34.32620011567381,16.35463100544824,97.85045573395587,43.22467531101359,24.200853202594832
960,NTPC,Mar 2021,111531,77487,34044.0,31.0,5021,9224,12450,17390,14.0,14969,15.0,41.0,866,9697.0,116042,210208,62075,398022,203245,97506,10589,86681,398022,13.421380602702389,30.524248863544667,11.90481871177598,10.13374133419855,3.7608473903452575,NTPC,10.58,12.52,1.671780434073756,4.235147441457069,0.2802131540467612,199619,0,,0,11.17,OK,13.63,OK,13.9,OK,11410.0,High Quality,18.85933058970152,Capital Intensive,33.51545059334978,Reinvestor,5.827312358690078,0.04397106968063835,5.615083382864313,36.82027194927949,34.15268941584731,17.028231797919762,99.49735073307087,43.24353807480083,24.193047189873766
520,GRASIM,Mar 2017,36068,28682,7387.0,20.0,1076,702,1808,5952,29.0,4246,66.0,8.0,598,93.0,31294,9213,22147,62747,34786,1297,14200,12464,62747,11.772208051458357,20.480758567150936,13.527893713958008,18.194581280788174,6.766857379635679,GRASIM,9.3,6.9,0.2935291681269315,12.055555555555555,0.5748163258801218,-4987,0,,0,14.97,OK,5.54,OK,0.61,OK,3779.0,High Quality,9.728845514029056,Capital Intensive,51.157438743739,Reinvestor,5.835863629347177,0.05784977762914375,5.4484427871695065,34.60502328173806,45.141700404858305,9.014363546310054,99.91174545521999,43.3146036217507,24.189273414869024
523,GRASIM,Mar 2020,68252,57880,10373.0,15.0,7076,6890,4004,6554,-1.0,6639,65.0,6.0,601,132.0,56501,84777,102772,244181,87736,3904,66337,86204,244181,9.72718748168552,15.19808943327668,11.722847103279006,7.335407679796337,2.718884761713647,GRASIM,9.3,6.9,1.4969540727137889,2.532510885341074,0.2795139670981771,18440,0,,0,14.97,OK,5.54,OK,0.61,OK,5256.0,High Quality,16.650061536658267,Capital Intensive,50.67000867637135,Reinvestor,5.826353630058269,0.039153053718374596,5.241803739182676,35.03379045274562,45.141700404858305,9.014363546310054,99.54991525684828,43.22806589018439,24.189118507021576
713,INFY,Mar 2016,62441,45362,17079.0,27.0,3120,0,1459,18740,28.0,13489,29.0,41.0,785,1144.0,60600,0,13354,75098,13386,960,1892,58860,75098,21.602793036626576,27.35222049614837,21.84665716506867,27.66098730240995,17.961863165463793,INFY,40.0,31.8,0.0,,0.8314602253056007,-1892,0,Debt Free,0,12.0,OK,10.72,OK,11.43,OK,9143.0,Moderate,1.4173379670408863,Asset Light,53.533579249370575,Reinvestor,5.879691547161937,0.07414851142941555,6.44177398027063,36.16217094950011,36.552920763447084,14.145616641901931,100.0,43.205052478531506,24.18797798813079
982,PFC,Mar 2017,27581,5538,5275.0,19.0,30,16768,41,5264,58.0,2236,7.0,59.0,1053,2640.0,34205,202993,19700,259537,296,105,3145,255990,259537,8.107030201950618,19.12548493528153,6.068666033383091,2.199401262518867,0.8615341935831885,PFC,9.96,19.49,5.5093771203691135,0.3163764312977099,0.1062700115975756,199848,1,,1,9.56,OK,24.41,OK,23.81,OK,1128.0,Moderate,2.418331460063087,Asset Light,21.38388625592417,Mixed,5.796564228701016,0.030310162213352077,5.078094990810262,33.83544862341644,29.496818970503185,27.706785537394747,98.34351191439565,43.20792745178152,24.170750457938418
1120,SUNPHARMA,Mar 2013,11131,6346,4784.0,43.0,-90,43,336,4315,20.0,3469,14.0,9.0,1310,104.0,14886,260,5128,20377,5647,563,2412,11756,20377,31.165214266463032,42.97906746923008,23.14209472981988,31.37049180327869,17.024095794277862,SUNPHARMA,17.3,16.7,0.0173448965977318,109.16279069767442,0.5462531285272612,-2152,0,,0,8.91,OK,21.65,OK,23.52,OK,982.0,Moderate,21.33680711526368,Capital Intensive,20.52675585284281,Reinvestor,5.88651663979208,0.08053533091005852,7.408008573990123,33.79306540949152,27.61711972238288,24.972758791480928,99.99478496136088,44.19703567356695,24.169109829083375
1124,SUNPHARMA,Mar 2017,31578,21476,10102.0,32.0,610,400,1265,9048,13.0,7846,29.0,12.0,1314,240.0,36400,9832,14624,61095,17675,2801,1192,39427,61095,24.84641205902844,31.99062638545823,21.413755458515286,21.737820623170943,12.842294786807432,SUNPHARMA,17.3,16.7,0.2683406113537118,26.78,0.5168671740731647,8640,0,,0,8.91,OK,21.65,OK,23.52,OK,2896.0,Moderate,13.256064348597125,Capital Intensive,28.66759057612354,Reinvestor,5.8774107778471,0.06395033096482806,6.769525376382772,34.34869192628804,27.61711972238288,24.972758791480928,99.91931882391064,43.448407469671494,24.14060308361605
806,JSWSTEEL,Mar 2017,55604,43296,12308.0,22.0,18,3768,3430,5128,33.0,3467,15.0,19.0,1011,301.0,22346,43334,22024,88005,58730,4363,1366,23546,88005,6.235162937918135,22.135098194374507,15.30887093213229,18.653854897622043,3.939548889267655,JSWSTEEL,13.36,11.66,1.9134543206605727,3.271231422505308,0.6318277370603943,41968,0,,0,18.35,OK,-3.31,OK,-3.81,OK,2794.0,High Quality,9.161211423638589,Capital Intensive,22.700682482937925,Reinvestor,5.8452468175586025,0.058640529515885755,4.888952213903938,34.31908173573776,54.91613649508387,0.24764735017335313,99.42468736206062,43.234778785246995,24.139994617330572
1122,SUNPHARMA,Mar 2015,27392,19498,7894.0,29.0,283,579,1195,6403,14.0,5476,22.0,14.0,1312,207.0,25431,8996,14089,48723,12682,2039,2716,31286,48723,19.99123831775701,28.81863317757009,21.358920352601608,22.792631518161343,11.239045214785625,SUNPHARMA,17.3,16.7,0.3508854044777283,14.122625215889464,0.5621985509923445,6280,0,,0,8.91,OK,21.65,OK,23.52,OK,4114.0,High Quality,5.483352803738318,Moderate,52.115530782873066,Reinvestor,5.87712187571285,0.06576644596642502,6.278934477427447,34.70227243697674,27.61711972238288,24.972758791480928,99.8945003256755,43.3333874798118,24.136486497187345
1121,SUNPHARMA,Mar 2014,16080,9078,7003.0,44.0,-1968,44,409,4581,15.0,3879,15.0,10.0,1311,207.0,18318,2561,8009,29095,6817,842,2786,18650,29095,24.12313432835821,43.55099502487562,20.939271255060728,33.21160959878593,13.332187661110156,SUNPHARMA,17.3,16.7,0.1382456140350877,114.4318181818182,0.5526722804605603,-225,0,,0,8.91,OK,21.65,OK,23.52,OK,1783.0,High Quality,13.532338308457712,Capital Intensive,25.46051692131944,Mixed,5.874910928585172,0.08370526560072951,6.6964417977113,34.025592494106995,27.61711972238288,24.972758791480928,99.95843410107297,44.24491633587912,24.130167298022666
1031,RECLTD,Mar 2014,17223,572,16650.0,97.0,6,10035,5,6617,28.0,4741,18.0,20.0,1162,987.0,19816,126173,5968,152944,73,10,1690,151170,152944,27.527143935435173,96.67305347500437,22.78998221410373,11.32838014369693,3.099827387802072,RECLTD,10.0,22.2,6.065134836321684,1.6597907324364722,0.1126098441259546,124483,1,,0,11.45,OK,24.52,OK,24.57,OK,-17108.0,Accrual Risk,0.7896417581141497,Asset Light,-102.75075075075075,Distress Signal,5.88466151330711,0.046027932644155306,7.040399856100191,28.541611026602727,34.962406015037594,27.815750371471022,98.17641388954735,43.220135314938766,24.129047453213445
1128,SUNPHARMA,Mar 2021,33498,25028,8470.0,25.0,-3449,141,2080,2799,18.0,2272,12.0,62.0,1318,240.0,46223,3869,17291,67622,21553,1567,9612,34890,67622,6.782494477282226,25.28509164726253,4.889912403417773,16.82826035126758,3.359853302179764,SUNPHARMA,17.3,16.7,0.0832705593698211,35.60992907801418,0.4953713288574724,-5743,0,,0,8.91,OK,21.65,OK,23.52,OK,6577.0,High Quality,1.2149979103230044,Asset Light,77.65053128689492,Liquidating Assets,5.790353892570942,0.0554973218961938,4.944257314448686,35.417271449970386,27.61711972238288,24.972758791480928,99.97496328777935,43.528646727048155,24.11403578153241
400,COALINDIA,Mar 2014,70608,59,52842.0,17766.0,25,7169,1996,22880,34.0,15112,24.0,121.0,478,6316.0,36088,178,62356,104938,14784,4316,3775,82063,104938,21.40267391796964,74.83854520734195,35.63814734459013,124.0946878962942,14.400884331700622,COALINDIA,63.6,52.0,0.0041977171964908,7.374389733575115,0.6728544473879815,-3597,0,,0,7.87,OK,15.52,OK,15.71,OK,23105.0,Moderate,12.151597552685248,Capital Intensive,43.724688694599,Liquidating Assets,5.9523528629552676,0.24018271826196408,6.421552949355608,40.215283503059716,24.6096009253904,18.90044576523031,99.99873788481514,43.27206497099891,24.10580072775754
1188,TCS,Mar 2016,108646,77969,30677.0,28.0,3084,33,1888,31840,24.0,24338,62.0,35.0,1417,197.0,70875,245,16974,88291,11774,1670,22822,52025,88291,22.40119286490069,28.2357380851573,34.2441467807294,43.01498941346383,27.565663544415624,TCS,64.3,0.52,0.0034472084646555,1023.060606060606,1.23054444960415,-22577,0,,0,9.94,OK,8.6,OK,9.44,OK,14099.0,Moderate,4.6113064447839776,Moderate,45.95951364214232,Reinvestor,5.945008485091216,0.10058418222203658,6.522448269256261,37.60087785506102,30.59572006940428,12.045567112431897,99.99896353805057,52.501800227730534,24.083301279545864
1123,SUNPHARMA,Mar 2016,28487,20313,8174.0,29.0,-42,523,1038,6571,14.0,5658,19.0,5.0,1313,241.0,32742,8497,13948,55428,15872,2175,1830,35550,55428,19.861691297784954,28.693790149892934,17.154291604766094,19.705882352941178,10.20783719419788,SUNPHARMA,17.3,16.7,0.2576175605615013,15.548757170172085,0.5139460200620625,6667,0,,0,8.91,OK,21.65,OK,23.52,OK,2737.0,High Quality,13.862463579878542,Capital Intensive,33.48421825299731,Reinvestor,5.854969530080624,0.060451852145156026,6.2658444023092645,34.302534864547894,27.61711972238288,24.972758791480928,99.92254289180262,43.34634701413215,24.074814775912973
518,GRASIM,Mar 2015,31734,26590,5144.0,16.0,530,667,1563,3443,30.0,2582,37.0,9.0,596,92.0,23048,11930,18963,54033,31828,2755,7255,12194,54033,8.136383689418288,16.209743492783765,11.158167675021607,14.667807242657544,4.778561249606722,GRASIM,9.3,6.9,0.5155574762316335,8.506746626686656,0.5873077563711065,4675,0,,0,14.97,OK,5.54,OK,0.61,OK,2235.0,High Quality,7.433667359929413,Moderate,43.44867807153966,Reinvestor,5.823378581696959,0.05177757334275365,5.081061013155008,34.15680627968277,45.141700404858305,9.014363546310054,99.84498886205039,43.28235491505008,24.074534614931114
1127,SUNPHARMA,Mar 2020,32838,25855,6983.0,21.0,382,303,2053,5010,16.0,4172,16.0,25.0,1317,240.0,45025,8315,14615,68194,22847,1220,10143,33984,68194,12.704793227358548,21.264997868323285,9.216834198608195,13.03284807764091,6.117840279203449,SUNPHARMA,17.3,16.7,0.1836960123715895,24.306930693069308,0.4815379652168812,-1828,0,,0,8.91,OK,21.65,OK,23.52,OK,4330.0,High Quality,6.775686704427796,Moderate,62.007733066017465,Reinvestor,5.813150546658418,0.048962591168520274,5.542675830965273,34.764976369906755,27.61711972238288,24.972758791480928,99.94476866454802,43.42593421503084,24.07064430829088
963,NTPC,Mar 2024,178501,127045,51456.0,29.0,5190,12301,16204,28142,24.0,21332,21.0,36.0,869,9697.0,151013,237131,81437,479278,258934,87664,15885,116795,479278,11.950633329785267,28.82672926202094,13.273598407068633,12.933810240774582,4.450861504179203,NTPC,10.58,12.52,1.475521125007778,4.604991464108609,0.3724372910920175,221246,0,,0,11.17,OK,13.63,OK,13.9,OK,8644.0,High Quality,18.00606159069137,Capital Intensive,16.798818407960198,Reinvestor,5.834523858854059,0.048792073304026386,5.4664717645769825,36.017313252592345,34.15268941584731,17.028231797919762,99.55635943769462,43.24689891829805,24.065374961566135
517,GRASIM,Mar 2014,28331,23416,4915.0,17.0,576,447,1457,3586,20.0,2954,44.0,9.0,595,92.0,21523,9681,16441,47736,25209,4045,7611,10872,47736,10.42674102573153,17.348487522501856,13.66643534582466,15.704882413087931,6.188201776437071,GRASIM,9.3,6.9,0.447883414295628,12.284116331096197,0.5934933802580862,2070,0,,0,14.97,OK,5.54,OK,0.61,OK,1213.0,High Quality,8.245384914051746,Capital Intensive,24.679552390640897,Reinvestor,5.836593544471108,0.05356315195570445,5.312490108060393,33.86012378220834,45.141700404858305,9.014363546310054,99.86533622162521,43.31668059731106,24.05908697214844
519,GRASIM,Mar 2016,34487,28576,5911.0,17.0,1320,718,1834,4679,26.0,3455,51.0,9.0,597,93.0,27336,12505,19642,59576,34271,1788,10601,12916,59576,10.018267753066374,17.13979180560791,12.596157351708046,14.80192317323584,5.799315160467302,GRASIM,9.3,6.9,0.4559043348281016,10.071030640668525,0.5788740432388881,1904,0,,0,14.97,OK,5.54,OK,0.61,OK,1353.0,High Quality,13.0918896975672,Capital Intensive,22.889527998646592,Reinvestor,5.830954718912386,0.05200848672697557,5.271215937306712,33.90076522021854,45.141700404858305,9.014363546310054,99.86292459522765,43.296569863607324,24.058807781092973
805,JSWSTEEL,Mar 2016,41546,35124,6422.0,15.0,-1966,3601,3323,-2468,-80.0,-481,-1.0,-67.0,1010,301.0,18665,42204,20737,81907,56140,7271,1195,17302,81907,-1.1577528522601457,15.457565108554377,-2.536117262469683,10.498610429949322,-0.5872513948746749,JSWSTEEL,13.36,11.66,2.225245175577349,1.237434046098306,0.5072338139597348,41009,0,,1,18.35,OK,-3.31,OK,-3.81,OK,3040.0,Accrual Risk,9.283685553362538,Capital Intensive,47.33727810650888,Reinvestor,5.7512293977107065,0.0445992810894882,4.141935238471294,34.390494548241385,54.91613649508387,0.24764735017335313,99.33094213005235,43.21629727880502,24.0501995053201
750,IRFC,Mar 2016,7507,38,7468.0,99.0,1,5519,0,1950,56.0,849,188.0,40.0,822,4526.0,6999,87503,9372,108400,12,0,8,108381,108400,11.309444518449448,99.48048488077794,7.366594360086768,7.541301450094923,0.783210332103321,IRFC,5.73,13.7,7.592451193058569,1.353324877695235,0.0692527675276752,87495,1,,1,14.92,OK,15.42,OK,10.76,OK,-16376.0,Accrual Risk,0.0266418009857466,Asset Light,-219.2822710230316,Distress Signal,5.803402444063977,0.03950755021319704,5.401682858532404,28.75410768819889,44.9971081550029,18.80138682516097,97.71720020847086,43.21735040099682,24.040182599627304
701,INDUSINDBK,Mar 2017,14406,8343,5684.0,379.0,3,4171,191,4360,34.0,2868,48.0,13.0,774,598.0,20048,149026,8976,178648,1307,28,36702,140611,178648,19.90837151187005,39.455782312925166,13.891310665504214,3.349992927530765,1.605391608078456,INDUSINDBK,7.93,15.2,7.218153637508476,1.3634619995204986,0.0806390219873718,112324,1,,1,11.23,OK,12.95,OK,10.2,OK,11284.0,High Quality,1.978342357351104,Asset Light,198.52216748768475,Reinvestor,5.837778313948857,0.032291187242070175,6.270561203274956,36.783694655070306,34.32620011567381,16.35463100544824,97.8297391448503,43.21744251896516,24.035435336950073
1030,RECLTD,Mar 2013,13634,365,13270.0,97.0,4,8083,4,5186,26.0,3833,15.0,21.0,1161,987.0,16543,107762,5277,130570,72,9,638,129851,130570,28.11353968021124,97.33020390200969,21.86537364517969,10.591258819397886,2.9355901049245614,RECLTD,10.0,22.2,6.147290359383914,1.6422120499814423,0.1044190855479819,107124,1,,0,11.45,OK,24.52,OK,24.57,OK,-19907.0,Accrual Risk,1.1148599090509022,Asset Light,-150.01507159005274,Distress Signal,5.879790156090646,0.044758797957156565,7.099652198220893,27.729072562384605,34.962406015037594,27.815750371471022,98.15171243198765,43.21997557408316,24.00975616794288
1129,SUNPHARMA,Mar 2022,38654,28397,10258.0,27.0,-3505,127,2144,4481,24.0,3389,14.0,73.0,1319,240.0,47771,1290,20474,69776,22665,1287,12849,32975,69776,8.767527293423708,26.538003828840484,7.0587990252233865,20.806880184986102,4.856970878238935,SUNPHARMA,17.3,16.7,0.026868842556914,53.173228346456696,0.5539727126805778,-11559,0,,0,8.91,OK,21.65,OK,23.52,OK,3429.0,High Quality,14.37367413463031,Capital Intensive,33.42756872684734,Reinvestor,5.801780805376996,0.06234748925793035,5.144834901497434,34.50341968671257,27.61711972238288,24.972758791480928,99.99192142476416,43.68824779268897,24.00909069638622
802,JSWSTEEL,Mar 2013,38210,31698,6512.0,17.0,-307,1967,2237,1999,42.0,929,4.0,30.0,1007,284.0,16781,21625,18823,57513,34717,5898,1750,15148,57513,2.431300706621303,17.042658989793246,5.443891004980955,16.831222538123548,1.6152869785961437,JSWSTEEL,13.36,11.66,1.2672135950776442,3.154550076258261,0.6643715333924504,19875,0,,0,18.35,OK,-3.31,OK,-3.81,OK,411.0,High Quality,14.218790892436534,Capital Intensive,6.311425061425062,Reinvestor,5.793272562967466,0.05550242202552714,4.504591057949623,33.62730640160708,54.91613649508387,0.24764735017335313,99.61899064516729,43.2337184794971,24.009059565701
804,JSWSTEEL,Mar 2015,52972,43608,9364.0,18.0,103,3493,3434,2539,32.0,1722,7.0,19.0,1009,303.0,21987,38754,24610,85654,52176,8265,599,24613,85654,3.2507739938080498,17.677263459941102,7.7254374158815615,15.339754930869535,2.010413991173792,JSWSTEEL,13.36,11.66,1.738627187079408,2.71027769825365,0.6184416372848903,38155,0,,0,18.35,OK,-3.31,OK,-3.81,OK,504.0,High Quality,13.916786226685796,Capital Intensive,5.3823152498932085,Reinvestor,5.805293030814063,0.05293449567133966,4.587394714019313,33.65430392828528,54.91613649508387,0.24764735017335313,99.47725211801949,43.229681291274055,24.008560125725342
402,COALINDIA,Mar 2016,77861,388,59147.0,18714.0,24,5939,2826,21440,33.0,14267,23.0,121.0,480,6316.0,28517,1199,77528,113560,22082,4553,2906,84018,113560,18.323679377351947,75.96486045645446,40.95828668216921,164.15130994671404,12.563402606551602,COALINDIA,63.6,52.0,0.0344213820227944,9.963125105236571,0.6856375484325467,-1707,0,,0,7.87,OK,15.52,OK,15.71,OK,21308.0,Moderate,10.472508701403784,Capital Intensive,36.02549579860348,Liquidating Assets,5.980382344863347,0.3091499924573341,6.110436029538727,39.69362161660028,24.6096009253904,18.90044576523031,99.98965062511333,43.29558930533179,24.007808393259147
516,GRASIM,Mar 2013,27909,21986,5924.0,21.0,824,324,1252,5171,28.0,3778,57.0,8.0,594,92.0,19565,9550,14916,44123,20561,6084,8011,9467,44123,13.536851911569745,21.226127772403167,19.21961642163097,20.2828089156709,8.56242775876527,GRASIM,9.3,6.9,0.4858320191280459,20.82716049382716,0.6325272533599257,1539,0,,0,14.97,OK,5.54,OK,0.61,OK,-1445.0,High Quality,20.376939338564625,Capital Intensive,-24.392302498311956,Mixed,5.865850821136239,0.06144517236053239,5.626751178135827,33.0885170519862,45.141700404858305,9.014363546310054,99.85392632711321,43.3943128764944,23.98268948767088
996,PIDILITIND,Mar 2018,6078,4737,1341.0,22.0,153,16,120,1359,29.0,966,19.0,32.0,1067,51.0,3523,125,1500,5199,1342,228,1246,2383,5199,15.893385982230996,22.063178677196447,27.02853945159485,36.25304136253041,18.580496249278703,PIDILITIND,29.7,22.8,0.0349748181309457,93.375,1.169070975187536,-1121,0,,0,12.08,OK,11.95,OK,11.55,OK,835.0,Moderate,0.6416584402764067,Asset Light,62.26696495152871,Liquidating Assets,5.906992613277638,0.08894183442904074,5.8648670993678875,33.75039189958081,36.78426836321573,15.364041604754828,99.98948422511941,44.05356899450225,23.960446439342572
998,PIDILITIND,Mar 2020,7294,5718,1576.0,22.0,97,34,170,1470,24.0,1122,22.0,32.0,1069,51.0,4405,288,1779,6523,1807,259,1186,3270,6523,15.382506169454349,21.606800109679188,25.17953321364452,33.22091062394604,17.200674536256326,PIDILITIND,29.7,22.8,0.0646319569120287,49.20588235294117,1.11819714855128,-898,0,,0,12.08,OK,11.95,OK,11.55,OK,1383.0,High Quality,1.4121195503153277,Asset Light,87.75380710659898,Liquidating Assets,5.897251009983815,0.0837212795909184,5.813245262547154,33.90947409979215,36.78426836321573,15.364041604754828,99.98056730112407,43.65219575948876,23.956202935564104
955,NTPC,Mar 2016,73396,54829,18568.0,25.0,1188,3366,5771,10618,-2.0,10781,11.0,26.0,861,8245.0,83330,99424,33666,224665,92929,75046,6473,50217,224665,14.688811379366722,25.29838138318165,11.772863772863772,9.721516866580451,4.798700287094118,NTPC,10.58,12.52,1.0857111657111658,5.869281045751634,0.3266908508223354,92951,0,,0,11.17,OK,13.63,OK,13.9,OK,4963.0,High Quality,26.107689792359256,Capital Intensive,26.72878069797501,Reinvestor,5.826617145963825,0.04326132441423839,5.743150891304202,34.94873372891,34.15268941584731,17.028231797919762,99.67356244252024,43.25838775996866,23.943311606430083
994,PIDILITIND,Mar 2016,5361,4188,1173.0,22.0,81,13,100,1141,29.0,807,16.0,26.0,1065,51.0,2587,80,996,3714,1137,158,706,1713,3714,15.05316172355904,21.88024622271964,30.591357088703564,43.15673289183223,21.72859450726979,PIDILITIND,29.7,22.8,0.0303260045489006,96.46153846153848,1.4434571890145396,-626,0,,0,12.08,OK,11.95,OK,11.55,OK,416.0,High Quality,9.158739041223653,Capital Intensive,35.464620630861035,Reinvestor,5.9257635375268825,0.10082822829576027,5.779966661947496,33.62875788153602,36.78426836321573,15.364041604754828,99.99088197011719,44.08161696089362,23.939257743737215
1126,SUNPHARMA,Mar 2019,29066,22689,6377.0,22.0,-258,555,1753,3810,16.0,3208,11.0,25.0,1316,240.0,41169,10514,12666,64590,21837,1411,7903,33439,64590,11.036950388770386,21.939723388151105,7.747108116593012,12.281647824663445,4.96671311348506,SUNPHARMA,17.3,16.7,0.2539061556666425,11.025225225225226,0.4500077411363988,2611,0,,0,8.91,OK,21.65,OK,23.52,OK,1886.0,Moderate,1.0665382233537466,Asset Light,29.575035283048457,Reinvestor,5.805407204236032,0.04766921616157345,5.374148696592344,34.055492980643066,27.61711972238288,24.972758791480928,99.92365878890948,43.30524081262415,23.937932589915793
1002,PIDILITIND,Mar 2024,12383,9675,2708.0,22.0,63,51,341,2379,27.0,1747,34.0,47.0,1073,51.0,8356,382,3286,12076,5451,148,2235,4242,12076,14.108051360736493,21.868690947266412,20.780302129178065,30.81124132438275,14.466710831401125,PIDILITIND,29.7,22.8,0.0454383252051861,54.333333333333336,1.0254223252732693,-1853,0,,0,12.08,OK,11.95,OK,11.55,OK,955.0,High Quality,14.285714285714285,Capital Intensive,35.2658788774003,Reinvestor,5.874073389950349,0.07957244439722774,5.684468010978995,33.78522741787526,36.78426836321573,15.364041604754828,99.98633819346766,43.698789888984805,23.923703477304525
813,JSWSTEEL,Mar 2024,175006,146849,28157.0,16.0,1500,8105,8172,13380,33.0,8973,36.0,25.0,1018,305.0,77364,87984,62245,227898,112461,29676,7246,78515,227898,5.127252779904689,16.089162657280323,11.5528718021347,16.99757927716371,3.937287733986257,JSWSTEEL,13.36,11.66,1.1328071688833383,3.659099321406539,0.7679137157851319,80738,0,,0,18.35,OK,-3.31,OK,-3.81,OK,-2389.0,High Quality,8.266573717472543,Capital Intensive,-8.48456866853713,Reinvestor,5.825458104710917,0.055788845848813794,4.777003462047487,32.81447764140317,54.91613649508387,0.24764735017335313,99.65940222686794,43.238303415161134,23.923503370677317
995,PIDILITIND,Mar 2017,5617,4355,1262.0,22.0,115,14,115,1248,31.0,863,17.0,28.0,1066,51.0,3420,98,1202,4770,1275,148,1443,1904,4770,15.364073348762686,22.467509346626315,24.863151829443964,35.360044830484725,18.09224318658281,PIDILITIND,29.7,22.8,0.0282339383462978,98.35714285714286,1.1775681341719078,-1345,0,,0,12.08,OK,11.95,OK,11.55,OK,-85.0,Moderate,15.64892291258679,Capital Intensive,-6.735340729001585,Mixed,5.89558413516686,0.08740432243904848,5.811382718680488,33.48331959265668,36.78426836321573,15.364041604754828,99.99151098546015,44.09884268124079,23.915638492690597
564,HCLTECH,Mar 2022,85651,65122,20529.0,24.0,1067,319,4326,16951,20.0,13523,50.0,84.0,639,543.0,61371,6343,20664,88921,35077,129,6351,47364,88921,15.78849050215409,23.96819651842944,21.841586717059148,30.076036157463705,15.207881152933505,HCLTECH,29.6,23.3,0.1024485576767774,67.69905956112852,0.9632257846852824,-8,0,,0,10.29,OK,9.09,OK,8.97,OK,18497.0,High Quality,1.8645433211521167,Asset Light,90.10180719957134,Liquidating Assets,5.879664833194177,0.07830660884392185,5.85426793842956,38.87759960055273,31.607865818392135,12.530955918771669,99.96919709588376,43.82024680413584,23.908661343300935
997,PIDILITIND,Mar 2019,7078,5707,1371.0,19.0,130,26,133,1342,31.0,928,18.0,36.0,1068,51.0,4097,113,1643,5904,1448,242,1548,2666,5904,13.111048318734106,19.36987849675049,22.372227579556416,32.17554564656184,15.718157181571817,PIDILITIND,29.7,22.8,0.027242044358727,57.73076923076923,1.1988482384823849,-1435,0,,0,12.08,OK,11.95,OK,11.55,OK,332.0,Moderate,7.247810115851935,Moderate,24.215900802334065,Reinvestor,5.882460547274445,0.08192142804730235,5.58372586565073,33.6043730187299,36.78426836321573,15.364041604754828,99.9918092152848,43.7296630399452,23.890084834593253
859,LT,Mar 2024,221113,191248,29865.0,14.0,3847,9512,3682,20517,24.0,15547,95.0,36.0,973,30.0,19988,2071,5456,27544,4981,551,8744,13269,27544,7.031246466738726,13.506668535997433,77.66510140873214,135.2030422382181,56.44423467905896,LT,17.18,10.49,0.1034568888000799,3.5441547518923464,8.027628521638107,-6673,0,,0,10.43,OK,8.19,OK,7.58,OK,20445.0,High Quality,0.9854689683555468,Asset Light,68.45806127574083,Liquidating Assets,6.173774459993474,0.25930846777709987,4.969392452474134,39.44309618086601,32.012724117987275,11.639425458147597,99.96889392395423,43.23725889183418,23.889367982754663
1187,TCS,Mar 2015,94648,70167,24482.0,26.0,3720,104,1799,26298,24.0,20060,51.0,78.0,1416,196.0,50439,358,22325,73318,11638,2766,1662,57252,73318,21.19432000676189,25.866368016228552,39.61686580428557,48.0105112466417,27.36026623748602,TCS,64.3,0.52,0.0070702083539054,271.1730769230769,1.2909244660247143,-1304,0,,0,9.94,OK,8.6,OK,9.44,OK,17562.0,Moderate,1.9091792747865777,Asset Light,71.73433543011191,Reinvestor,5.973314986314639,0.10918519514779136,6.400499834050717,38.60617285384178,30.59572006940428,12.045567112431897,99.99787422141468,45.66925418622452,23.88527052857963
856,LT,Mar 2021,135979,112519,23460.0,17.0,8111,11750,2904,16918,24.0,12921,82.0,44.0,970,18.0,7286,798,2604,10706,1906,66,3730,5004,10706,9.502202545981364,17.252664014296325,176.90306681270536,289.5581337941249,120.68933308425184,LT,17.18,10.49,0.1092552026286966,2.6868936170212767,12.70119559125724,-2932,0,,0,10.43,OK,8.19,OK,7.58,OK,17324.0,High Quality,4.22859412115106,Moderate,73.84484228473998,Reinvestor,6.696615795414404,0.5250685188714753,5.219070142458781,38.537082409224446,32.012724117987275,11.639425458147597,99.96715056212514,43.22946879564743,23.88287205043723
1189,TCS,Mar 2017,117966,85655,32311.0,27.0,4221,32,1987,34513,24.0,26357,67.0,35.0,1418,197.0,86017,289,15830,102333,11701,1541,41980,47111,102333,22.342878456504412,27.390095451231712,30.571600900085837,37.35246176433187,25.75610995475555,TCS,64.3,0.52,0.0033521237850001,1141.625,1.152765969921726,-41691,0,,0,9.94,OK,8.6,OK,9.44,OK,8328.0,Moderate,14.321923266025804,Capital Intensive,25.77450403887221,Reinvestor,5.925659450829843,0.09083475560975302,6.516555891442055,35.925579721083615,30.59572006940428,12.045567112431897,99.99899212687932,53.57921759280294,23.881413751003898
1130,SUNPHARMA,Mar 2023,43886,32235,11650.0,27.0,459,172,2529,9408,9.0,8513,35.0,33.0,1320,240.0,55755,6886,17831,80712,24065,4973,14824,36849,80712,19.39798569019733,26.546051132479608,15.20314313778016,18.527059048043128,10.547378332837743,SUNPHARMA,17.3,16.7,0.1229752656487186,70.40116279069767,0.5437357518089008,-7938,0,,0,8.91,OK,21.65,OK,23.52,OK,-2261.0,Moderate,16.451715809141866,Capital Intensive,-19.40772532188841,Mixed,5.844689784159488,0.0584222194418676,6.218989281771916,32.85163552758392,27.61711972238288,24.972758791480928,99.96302539145161,43.84480133391519,23.879720404110195
999,PIDILITIND,Mar 2021,7293,5606,1686.0,23.0,74,37,201,1522,26.0,1126,22.0,38.0,1070,51.0,5542,331,2890,8814,4418,294,516,3586,8814,15.439462498286026,23.118058412176055,20.13230824244592,28.46049966239028,12.775130474245518,PIDILITIND,29.7,22.8,0.0591811192562131,47.567567567567565,0.827433628318584,-185,0,,0,12.08,OK,11.95,OK,11.55,OK,-296.0,High Quality,23.14548196901138,Capital Intensive,-17.556346381969156,Reinvestor,5.870659394231024,0.07552506754750123,5.8190004132486015,33.422067139655596,36.78426836321573,15.364041604754828,99.98220618832241,43.63730807912734,23.878278547748266
1125,SUNPHARMA,Mar 2018,26489,20858,5631.0,21.0,-135,518,1500,3479,26.0,2542,9.0,23.0,1315,240.0,38074,10385,15598,64297,18853,2465,7143,35837,64297,9.596436256559326,21.257880629695343,6.634650519392389,11.562865767264215,3.953528158389972,SUNPHARMA,17.3,16.7,0.2710497468288354,10.61003861003861,0.4119787859464672,3242,0,,0,8.91,OK,21.65,OK,23.52,OK,803.0,High Quality,11.718071652384008,Capital Intensive,14.260344521399396,Reinvestor,5.799546152839505,0.046431657009007685,5.228591985187365,33.741102428035624,27.61711972238288,24.972758791480928,99.91850427617887,43.301467932300774,23.87451132697021
1000,PIDILITIND,Mar 2022,9921,8065,1856.0,19.0,39,42,240,1614,25.0,1207,24.0,42.0,1071,51.0,6353,416,2675,9494,4703,225,459,4107,9494,12.166112287067836,18.70779155327084,18.847595252966894,27.21407624633431,12.71329260585633,PIDILITIND,29.7,22.8,0.0649594003747657,45.11904761904762,1.044975774173162,-43,0,,0,12.08,OK,11.95,OK,11.55,OK,397.0,Moderate,5.624433020864832,Moderate,21.39008620689655,Reinvestor,5.863890804686513,0.07337904471535976,5.488244829969186,33.623242257806055,36.78426836321573,15.364041604754828,99.98046884966887,43.6150579092103,23.872863124066797
1001,PIDILITIND,Mar 2023,11799,9813,1986.0,17.0,55,48,270,1723,25.0,1289,25.0,44.0,1072,51.0,7161,391,2902,10505,4914,406,881,4304,10505,10.924654631748451,16.831934909738113,17.872989462007766,26.121267920557678,12.270347453593528,PIDILITIND,29.7,22.8,0.0542151968940654,42.520833333333336,1.1231794383626843,-490,0,,0,12.08,OK,11.95,OK,11.55,OK,659.0,High Quality,7.619289770319519,Moderate,33.18227593152064,Reinvestor,5.858756034025106,0.07149750784108333,5.362801774870891,33.69929980608228,36.78426836321573,15.364041604754828,99.983699277477,43.591447438169226,23.869911600740522
991,PIDILITIND,Mar 2013,3678,3120,558.0,15.0,107,16,69,581,27.0,424,8.0,31.0,1062,51.0,1600,111,853,2616,646,428,294,1248,2616,11.52800435019032,15.171288743882544,25.681405208964264,31.66855845629966,16.207951070336392,PIDILITIND,29.7,22.8,0.0672319806178073,41.5625,1.4059633027522935,-183,0,,0,12.08,OK,11.95,OK,11.55,OK,328.0,High Quality,3.915171288743882,Moderate,58.78136200716846,Reinvestor,5.899895153514723,0.08104852557139361,5.423767230800657,33.60321183478675,36.78426836321573,15.364041604754828,99.97978555970452,43.582738879549275,23.8678941206274
751,IRFC,Mar 2017,9047,26,9021.0,100.0,0,6888,0,2133,56.0,934,143.0,40.0,823,6526.0,5483,106395,11245,129650,12,0,8,129630,129650,10.323864264397038,99.71261191555212,7.7775002081772,7.618830444917402,0.7204010798303123,IRFC,5.73,13.7,8.85960529602798,1.3096689895470384,0.0697801774006941,106387,1,,1,14.92,OK,15.42,OK,10.76,OK,-19453.0,Accrual Risk,0.0221067757267602,Asset Light,-215.64128145438423,Distress Signal,5.805567326843196,0.03964103534425185,5.302094928502619,27.860866939931956,44.9971081550029,18.80138682516097,97.33620874095395,43.216953691576606,23.858456793091573
992,PIDILITIND,Mar 2014,4283,3611,672.0,16.0,38,16,81,612,27.0,450,9.0,31.0,1063,51.0,1901,46,930,2928,729,458,260,1481,2928,10.506654214335748,15.689936960074713,23.05327868852459,33.63363363363364,15.368852459016392,PIDILITIND,29.7,22.8,0.0235655737704918,44.375,1.462773224043716,-214,0,,0,12.08,OK,11.95,OK,11.55,OK,295.0,Moderate,2.311463927153864,Asset Light,43.898809523809526,Reinvestor,5.886048707005988,0.0844318832194529,5.320564934034687,33.593632067255776,36.78426836321573,15.364041604754828,99.99291460879726,43.60829660593394,23.85698908583816
993,PIDILITIND,Mar 2015,4844,4073,771.0,16.0,40,16,118,678,25.0,514,10.0,29.0,1064,51.0,2219,58,986,3315,978,462,370,1505,3315,10.611065235342693,15.91659785301404,22.6431718061674,33.118556701030926,15.5052790346908,PIDILITIND,29.7,22.8,0.0255506607929515,50.6875,1.461236802413273,-312,0,,0,12.08,OK,11.95,OK,11.55,OK,116.0,High Quality,9.000825763831543,Capital Intensive,15.045395590142672,Reinvestor,5.883888033626963,0.08354505227305387,5.331115142819435,33.54166908579988,36.78426836321573,15.364041604754828,99.99231775856724,43.66565950293062,23.85264533522359
803,JSWSTEEL,Mar 2014,51220,42051,9169.0,18.0,-1630,3048,3183,1308,70.0,402,2.0,74.0,1008,303.0,20871,35527,20939,77640,47046,9400,663,20531,77640,0.7848496680983992,17.90121046466224,1.898554831396996,16.170790638613074,0.517774343122102,JSWSTEEL,13.36,11.66,1.6778596391801266,2.473425196850393,0.6597114889232355,34864,0,,0,18.35,OK,-3.31,OK,-3.81,OK,-3024.0,High Quality,10.96837172979305,Capital Intensive,-32.98069582288145,Mixed,5.774593740885948,0.05436532694437985,4.338225457433883,32.630139690428365,54.91613649508387,0.24764735017335313,99.49552291649404,43.22752896721205,23.827276217670704
1032,RECLTD,Mar 2015,20544,1149,19395.0,94.0,6,11840,8,7552,29.0,5344,20.0,20.0,1163,987.0,24085,150979,7404,183456,110,10,1596,181740,183456,26.012461059190027,94.4071261682243,21.31461391193363,11.016694026162874,2.912960055817199,RECLTD,10.0,22.2,6.021817166560306,1.638597972972973,0.1119832548403977,149383,1,,0,11.45,OK,24.52,OK,24.57,OK,-23747.0,Accrual Risk,0.7350077881619937,Asset Light,-122.43877287960814,Distress Signal,5.876888444500185,0.04549128874283472,6.887348765966649,26.61433597696211,34.962406015037594,27.815750371471022,98.18943808489432,43.21994273227291,23.82472425244423
521,GRASIM,Mar 2018,55894,44281,11612.0,21.0,410,3663,2724,5635,35.0,3688,39.0,15.0,599,131.0,57230,67070,83467,207899,69257,2290,65995,70356,207899,6.598203742798869,20.775038465667155,6.429455553424801,9.332079626459644,1.773938306581561,GRASIM,9.3,6.9,1.1692613448161644,3.282009282009282,0.2688517020283887,1075,0,,0,14.97,OK,5.54,OK,0.61,OK,-2594.0,Accrual Risk,2.7659498336136257,Asset Light,-22.338959696865317,Distress Signal,5.7984650705179215,0.0425908129345761,4.925635662183024,32.754966964316814,45.141700404858305,9.014363546310054,99.64844165786278,43.234876725721385,23.822031849926155
212,BAJAJ-AUTO,Mar 2019,30358,25160,5198.0,17.0,2028,4,266,6956,29.0,4928,170.0,35.0,305,289.0,22944,125,5476,28834,1764,48,20603,6420,28834,16.2329534224916,17.12234007510376,21.21120819523953,22.25361760424694,17.09093431365749,BAJAJ-AUTO,33.5,26.5,0.0053802780527697,1806.5,1.0528542692654506,-20478,0,,0,10.32,OK,7.18,OK,7.88,OK,2214.0,Moderate,0.8992687265300744,Asset Light,42.59330511735283,Reinvestor,5.876343645110291,0.0648384016508244,5.899178682155816,34.150710063981236,31.694621168305382,10.63893016344725,99.99838232774832,59.62106411013677,23.814706336201326
212,BAJAJ-AUTO,Mar 2019,30358,25160,5198.0,17.0,2028,4,266,6956,29.0,4928,170.0,35.0,305,289.0,22944,125,5476,28834,1764,48,20603,6420,28834,16.2329534224916,17.12234007510376,21.21120819523953,22.25361760424694,17.09093431365749,BAJAJ-AUTO,33.5,26.5,0.0053802780527697,1806.5,1.0528542692654506,-20478,0,,0,10.32,OK,7.18,OK,7.88,OK,2214.0,Moderate,0.8992687265300744,Asset Light,42.59330511735283,Reinvestor,5.876343645110291,0.0648384016508244,5.899178682155816,34.150710063981236,31.694621168305382,10.63893016344725,99.99838232774832,59.62106411013677,23.814706336201326
953,NTPC,Mar 2014,78330,58603,19727.0,25.0,2792,3263,4770,14486,21.0,11403,12.0,42.0,859,8245.0,79084,81455,31334,200118,84208,53825,3300,58785,200118,14.557640750670242,25.184475935146175,13.057518121128147,11.687719215091478,5.698138098521873,NTPC,10.58,12.52,0.9327371205441491,6.901317805700276,0.3914190627529757,78155,0,,0,11.17,OK,13.63,OK,13.9,OK,1022.0,High Quality,19.799565938976126,Capital Intensive,5.180716784103006,Reinvestor,5.833385426553483,0.04664662276322684,5.729896758686511,33.80467724892301,34.15268941584731,17.028231797919762,99.7195566951716,43.267766075748106,23.776799834147724
566,HCLTECH,Mar 2024,109913,85715,24198.0,22.0,1495,553,4173,20967,25.0,15710,58.0,90.0,641,543.0,67720,5758,24985,99006,35063,108,7137,56698,99006,14.293122742532727,22.015594151738192,23.01393141233172,32.690722902959976,15.867725188372422,HCLTECH,29.6,23.3,0.0843502336551279,46.46112115732369,1.1101650405025958,-1379,0,,0,10.29,OK,9.09,OK,8.97,OK,15840.0,High Quality,6.012027694631208,Moderate,65.45995536821225,Reinvestor,5.885841403456926,0.0828084317256581,5.703168543731206,38.10628316631637,31.607865818392135,12.530955918771669,99.97463866531281,43.62725358859852,23.770125102689274
196,ASIANPAINT,Mar 2024,35495,27910,7585.0,21.0,821,205,853,7348,24.0,5558,57.0,58.0,264,96.0,18632,2474,8698,29901,7147,2698,4588,15468,29901,15.658543456824903,21.3692069305536,29.677488252883386,35.77492689368928,18.58800709006388,ASIANPAINT,41.75,31.45,0.1321016659547202,41.00487804878049,1.187084044011906,-2114,0,,0,11.5,OK,10.79,OK,11.38,OK,3556.0,High Quality,7.17847584166784,Moderate,46.88200395517469,Reinvestor,5.92094876325602,0.088118643406397,5.841137442760018,34.540287276907534,35.106998264893,14.21495789995047,99.96028138372786,43.57767166203626,23.76921835260012
196,ASIANPAINT,Mar 2024,35495,27910,7585.0,21.0,821,205,853,7348,24.0,5558,57.0,58.0,277,96.0,18632,2474,8698,29901,7147,2698,4588,15468,29901,15.658543456824903,21.3692069305536,29.677488252883386,35.77492689368928,18.58800709006388,ASIANPAINT,41.75,31.45,0.1321016659547202,41.00487804878049,1.187084044011906,-2114,0,,0,11.5,OK,10.79,OK,11.38,OK,3556.0,High Quality,7.17847584166784,Moderate,46.88200395517469,Reinvestor,5.92094876325602,0.088118643406397,5.841137442760018,34.540287276907534,35.106998264893,14.21495789995047,99.96028138372786,43.57767166203626,23.76921835260012
196,ASIANPAINT,Mar 2024,35495,27910,7585.0,21.0,821,205,853,7348,24.0,5558,57.0,58.0,277,96.0,18632,2474,8698,29901,7147,2698,4588,15468,29901,15.658543456824903,21.3692069305536,29.677488252883386,35.77492689368928,18.58800709006388,ASIANPAINT,41.75,31.45,0.1321016659547202,41.00487804878049,1.187084044011906,-2114,0,,0,11.5,OK,10.79,OK,11.38,OK,3556.0,High Quality,7.17847584166784,Moderate,46.88200395517469,Reinvestor,5.92094876325602,0.088118643406397,5.841137442760018,34.540287276907534,35.106998264893,14.21495789995047,99.96028138372786,43.57767166203626,23.76921835260012
196,ASIANPAINT,Mar 2024,35495,27910,7585.0,21.0,821,205,853,7348,24.0,5558,57.0,58.0,264,96.0,18632,2474,8698,29901,7147,2698,4588,15468,29901,15.658543456824903,21.3692069305536,29.677488252883386,35.77492689368928,18.58800709006388,ASIANPAINT,41.75,31.45,0.1321016659547202,41.00487804878049,1.187084044011906,-2114,0,,0,11.5,OK,10.79,OK,11.38,OK,3556.0,High Quality,7.17847584166784,Moderate,46.88200395517469,Reinvestor,5.92094876325602,0.088118643406397,5.841137442760018,34.540287276907534,35.106998264893,14.21495789995047,99.96028138372786,43.57767166203626,23.76921835260012
403,COALINDIA,Mar 2017,78164,410,65716.0,12448.0,16,5316,2907,14446,36.0,9280,15.0,133.0,481,6207.0,18311,3014,91054,118587,23811,8585,1483,84708,118587,11.872473261347936,84.0745100046057,37.84974304592544,238.68952491646084,7.825478340796208,COALINDIA,63.6,52.0,0.1229300921771759,12.364936042136945,0.6591278976616324,1531,0,,0,7.87,OK,15.52,OK,15.71,OK,16916.0,High Quality,0.5821094109820377,Asset Light,25.741067624322845,Liquidating Assets,5.9640047911784055,0.4374857643399779,5.458574082582386,38.41864164702331,24.6096009253904,18.90044576523031,99.96303897362537,43.31741502151063,23.76018226792263
952,NTPC,Mar 2013,71518,53370,18149.0,25.0,4777,2491,3823,16611,24.0,12586,13.0,38.0,858,8245.0,72995,70419,27116,178776,71833,46555,4923,55465,178776,17.598366844710423,25.37682821107973,15.492368291482029,11.966978550564097,7.040094867319999,NTPC,10.58,12.52,0.8668020679468242,9.203532717784022,0.4000425112990558,65496,0,,0,11.17,OK,13.63,OK,13.9,OK,-337.0,High Quality,23.553511004222717,Capital Intensive,-1.85685161716899,Mixed,5.846213584702791,0.04712743602643497,6.037146844357274,33.41016500423832,34.15268941584731,17.028231797919762,99.73938119196406,43.28868674376649,23.753348794140976
193,ASIANPAINT,Mar 2021,21713,16857,4856.0,22.0,332,92,791,4304,26.0,3207,33.0,55.0,274,96.0,12710,1093,6456,20355,5859,183,4737,9577,20355,14.769953484087877,22.36448210749321,25.042948617835396,34.93776530685661,15.755342667649227,ASIANPAINT,41.75,31.45,0.0853506168983289,56.391304347826086,1.0667157946450505,-3644,0,,0,11.5,OK,10.79,OK,11.38,OK,3142.0,High Quality,2.491594897066274,Asset Light,64.70345963756178,Reinvestor,5.896531405624939,0.08667726493388762,5.751349893074188,34.42010473879167,35.106998264893,14.21495789995047,99.97433788304882,43.71749106590782,23.74680209554792
193,ASIANPAINT,Mar 2021,21713,16857,4856.0,22.0,332,92,791,4304,26.0,3207,33.0,55.0,261,96.0,12710,1093,6456,20355,5859,183,4737,9577,20355,14.769953484087877,22.36448210749321,25.042948617835396,34.93776530685661,15.755342667649227,ASIANPAINT,41.75,31.45,0.0853506168983289,56.391304347826086,1.0667157946450505,-3644,0,,0,11.5,OK,10.79,OK,11.38,OK,3142.0,High Quality,2.491594897066274,Asset Light,64.70345963756178,Reinvestor,5.896531405624939,0.08667726493388762,5.751349893074188,34.42010473879167,35.106998264893,14.21495789995047,99.97433788304882,43.71749106590782,23.74680209554792
193,ASIANPAINT,Mar 2021,21713,16857,4856.0,22.0,332,92,791,4304,26.0,3207,33.0,55.0,274,96.0,12710,1093,6456,20355,5859,183,4737,9577,20355,14.769953484087877,22.36448210749321,25.042948617835396,34.93776530685661,15.755342667649227,ASIANPAINT,41.75,31.45,0.0853506168983289,56.391304347826086,1.0667157946450505,-3644,0,,0,11.5,OK,10.79,OK,11.38,OK,3142.0,High Quality,2.491594897066274,Asset Light,64.70345963756178,Reinvestor,5.896531405624939,0.08667726493388762,5.751349893074188,34.42010473879167,35.106998264893,14.21495789995047,99.97433788304882,43.71749106590782,23.74680209554792
193,ASIANPAINT,Mar 2021,21713,16857,4856.0,22.0,332,92,791,4304,26.0,3207,33.0,55.0,261,96.0,12710,1093,6456,20355,5859,183,4737,9577,20355,14.769953484087877,22.36448210749321,25.042948617835396,34.93776530685661,15.755342667649227,ASIANPAINT,41.75,31.45,0.0853506168983289,56.391304347826086,1.0667157946450505,-3644,0,,0,11.5,OK,10.79,OK,11.38,OK,3142.0,High Quality,2.491594897066274,Asset Light,64.70345963756178,Reinvestor,5.896531405624939,0.08667726493388762,5.751349893074188,34.42010473879167,35.106998264893,14.21495789995047,99.97433788304882,43.71749106590782,23.74680209554792
410,COALINDIA,Mar 2024,142324,819,94352.0,47971.0,34,8396,6735,48813,23.0,37369,61.0,42.0,488,6163.0,76567,6523,147217,236470,75668,18960,7110,134731,236470,26.25628846856468,66.29380849329698,45.16982956605826,105.7129732333927,15.802850255846408,COALINDIA,63.6,52.0,0.0788468512027076,11.24178180085755,0.6018691588785047,-587,0,,0,7.87,OK,15.52,OK,15.71,OK,13617.0,Accrual Risk,3.151963126387679,Moderate,14.432126505002543,Reinvestor,6.002571118047395,0.20853409962054034,6.91198629993134,37.46095518991163,24.6096009253904,18.90044576523031,99.97629335099937,43.30720870371991,23.745575425497044
401,COALINDIA,Mar 2015,74120,9,56777.0,17343.0,23,6570,2320,21584,36.0,13727,22.0,95.0,479,6316.0,34037,408,70505,111267,16115,5159,2813,87179,111267,18.519967620075555,76.60145709660011,34.01729735087849,139.2924609307917,12.336991201344514,COALINDIA,63.6,52.0,0.0101107724332763,8.645357686453577,0.6661453980065968,-2405,0,,0,7.87,OK,15.52,OK,15.71,OK,15276.0,High Quality,1.2061521856449002,Asset Light,26.90526093312433,Liquidating Assets,5.943813314892392,0.26634940247986616,6.130269969699006,37.94255623033245,24.6096009253904,18.90044576523031,99.99696002402702,43.283614500308545,23.737498765481813
408,COALINDIA,Mar 2022,109715,541,84995.0,24721.0,23,3866,4429,23616,26.0,17378,28.0,60.0,486,6163.0,36980,3514,132780,179436,46677,12897,8921,110942,179436,15.839219796746114,77.46889668687052,40.27999907285075,182.1698780461667,9.68479012015426,COALINDIA,63.6,52.0,0.0814500614236376,21.99120538023797,0.6114436344992086,-5407,0,,0,7.87,OK,15.52,OK,15.71,OK,15392.0,High Quality,23.43799845053092,Capital Intensive,18.109300547091006,Reinvestor,5.976808744799985,0.340173365450661,5.859393878625214,37.976230564683746,24.6096009253904,18.90044576523031,99.97551065149976,43.40489077541223,23.731712893812805
522,GRASIM,Mar 2019,77200,60560,16640.0,22.0,-1846,6060,3571,5163,47.0,2745,25.0,27.0,600,132.0,57888,84487,98620,241127,87129,2766,62747,88484,241127,3.5556994818652847,21.55440414507772,4.731127197518097,11.676619394135026,1.1384042434070012,GRASIM,9.3,6.9,1.4561702861082386,2.441254125412541,0.3201632334827705,21740,0,,0,14.97,OK,5.54,OK,0.61,OK,-3871.0,Accrual Risk,2.865284974093264,Asset Light,-23.263221153846157,Growth Funded by Debt,5.789517322929881,0.046627511706022376,4.618205901686762,32.38425899046668,45.141700404858305,9.014363546310054,99.56217759705878,43.22723662252181,23.72573577429757
565,HCLTECH,Mar 2023,101456,78828,22628.0,22.0,1358,353,4145,19488,24.0,14845,55.0,88.0,640,543.0,64862,4794,23051,93250,34619,40,5495,53096,93250,14.631958681595965,22.303264469326606,22.69704151058788,32.23407740851009,15.919571045576408,HCLTECH,29.6,23.3,0.0732971485360446,67.94900849858357,1.088,-701,0,,0,10.29,OK,9.09,OK,8.97,OK,14436.0,High Quality,3.52172370288598,Moderate,63.79706558246421,Reinvestor,5.8841718494839625,0.08202220479453634,5.737406212000493,37.69870760227128,31.607865818392135,12.530955918771669,99.97796196364743,43.82251813802157,23.72217903642499
809,JSWSTEEL,Mar 2020,73326,61513,11813.0,16.0,-289,4265,4246,3013,-30.0,3919,17.0,15.0,1014,301.0,36298,61423,33798,131820,62085,27191,1259,41285,131820,5.344625371628072,16.1102473883752,10.707942839968306,12.051376221664524,2.972993475952056,JSWSTEEL,13.36,11.66,1.678269898084647,2.7019929660023445,0.5562585343650432,60164,0,,0,18.35,OK,-3.31,OK,-3.81,OK,-6804.0,High Quality,26.714944221694896,Capital Intensive,-57.597562007957336,Mixed,5.82100654441223,0.047272747264035256,4.798967869680384,31.532820864153088,54.91613649508387,0.24764735017335313,99.49539956516547,43.22960600632471,23.715096814337745
195,ASIANPAINT,Mar 2023,34489,28229,6260.0,18.0,431,144,858,5689,26.0,4195,43.0,60.0,276,96.0,15896,1933,7854,25779,5770,1020,4262,14728,25779,12.16329844298182,18.15071472063557,26.23186593296648,34.92329149232915,16.272935334962565,ASIANPAINT,41.75,31.45,0.1208729364682341,46.46527777777778,1.3378719112455877,-2329,0,,0,11.5,OK,10.79,OK,11.38,OK,2911.0,Moderate,3.717127199976805,Moderate,46.501597444089455,Reinvestor,5.9027952897565585,0.08665234472134668,5.48796050516986,34.35304636607485,35.106998264893,14.21495789995047,99.96365749253371,43.627291360605,23.7057634671318
195,ASIANPAINT,Mar 2023,34489,28229,6260.0,18.0,431,144,858,5689,26.0,4195,43.0,60.0,263,96.0,15896,1933,7854,25779,5770,1020,4262,14728,25779,12.16329844298182,18.15071472063557,26.23186593296648,34.92329149232915,16.272935334962565,ASIANPAINT,41.75,31.45,0.1208729364682341,46.46527777777778,1.3378719112455877,-2329,0,,0,11.5,OK,10.79,OK,11.38,OK,2911.0,Moderate,3.717127199976805,Moderate,46.501597444089455,Reinvestor,5.9027952897565585,0.08665234472134668,5.48796050516986,34.35304636607485,35.106998264893,14.21495789995047,99.96365749253371,43.627291360605,23.7057634671318
195,ASIANPAINT,Mar 2023,34489,28229,6260.0,18.0,431,144,858,5689,26.0,4195,43.0,60.0,263,96.0,15896,1933,7854,25779,5770,1020,4262,14728,25779,12.16329844298182,18.15071472063557,26.23186593296648,34.92329149232915,16.272935334962565,ASIANPAINT,41.75,31.45,0.1208729364682341,46.46527777777778,1.3378719112455877,-2329,0,,0,11.5,OK,10.79,OK,11.38,OK,2911.0,Moderate,3.717127199976805,Moderate,46.501597444089455,Reinvestor,5.9027952897565585,0.08665234472134668,5.48796050516986,34.35304636607485,35.106998264893,14.21495789995047,99.96365749253371,43.627291360605,23.7057634671318
195,ASIANPAINT,Mar 2023,34489,28229,6260.0,18.0,431,144,858,5689,26.0,4195,43.0,60.0,276,96.0,15896,1933,7854,25779,5770,1020,4262,14728,25779,12.16329844298182,18.15071472063557,26.23186593296648,34.92329149232915,16.272935334962565,ASIANPAINT,41.75,31.45,0.1208729364682341,46.46527777777778,1.3378719112455877,-2329,0,,0,11.5,OK,10.79,OK,11.38,OK,2911.0,Moderate,3.717127199976805,Moderate,46.501597444089455,Reinvestor,5.9027952897565585,0.08665234472134668,5.48796050516986,34.35304636607485,35.106998264893,14.21495789995047,99.96365749253371,43.627291360605,23.7057634671318
192,ASIANPAINT,Mar 2020,20211,16054,4157.0,21.0,355,102,780,3629,24.0,2774,28.0,43.0,260,96.0,10034,1118,4889,16138,6272,140,2019,7707,16138,13.72519914897828,20.568007520657066,27.38400789733465,36.9576813655761,17.189242781013757,ASIANPAINT,41.75,31.45,0.1103652517275419,44.23529411764706,1.2523856735654977,-901,0,,0,11.5,OK,10.79,OK,11.38,OK,2520.0,High Quality,2.5629607639404286,Asset Light,60.62063988453211,Reinvestor,5.908865420686718,0.09015504457536584,5.645782719629501,34.239540635632096,35.106998264893,14.21495789995047,99.96681680695346,43.607027071812865,23.705083335638648
192,ASIANPAINT,Mar 2020,20211,16054,4157.0,21.0,355,102,780,3629,24.0,2774,28.0,43.0,273,96.0,10034,1118,4889,16138,6272,140,2019,7707,16138,13.72519914897828,20.568007520657066,27.38400789733465,36.9576813655761,17.189242781013757,ASIANPAINT,41.75,31.45,0.1103652517275419,44.23529411764706,1.2523856735654977,-901,0,,0,11.5,OK,10.79,OK,11.38,OK,2520.0,High Quality,2.5629607639404286,Asset Light,60.62063988453211,Reinvestor,5.908865420686718,0.09015504457536584,5.645782719629501,34.239540635632096,35.106998264893,14.21495789995047,99.96681680695346,43.607027071812865,23.705083335638648
192,ASIANPAINT,Mar 2020,20211,16054,4157.0,21.0,355,102,780,3629,24.0,2774,28.0,43.0,260,96.0,10034,1118,4889,16138,6272,140,2019,7707,16138,13.72519914897828,20.568007520657066,27.38400789733465,36.9576813655761,17.189242781013757,ASIANPAINT,41.75,31.45,0.1103652517275419,44.23529411764706,1.2523856735654977,-901,0,,0,11.5,OK,10.79,OK,11.38,OK,2520.0,High Quality,2.5629607639404286,Asset Light,60.62063988453211,Reinvestor,5.908865420686718,0.09015504457536584,5.645782719629501,34.239540635632096,35.106998264893,14.21495789995047,99.96681680695346,43.607027071812865,23.705083335638648
192,ASIANPAINT,Mar 2020,20211,16054,4157.0,21.0,355,102,780,3629,24.0,2774,28.0,43.0,273,96.0,10034,1118,4889,16138,6272,140,2019,7707,16138,13.72519914897828,20.568007520657066,27.38400789733465,36.9576813655761,17.189242781013757,ASIANPAINT,41.75,31.45,0.1103652517275419,44.23529411764706,1.2523856735654977,-901,0,,0,11.5,OK,10.79,OK,11.38,OK,2520.0,High Quality,2.5629607639404286,Asset Light,60.62063988453211,Reinvestor,5.908865420686718,0.09015504457536584,5.645782719629501,34.239540635632096,35.106998264893,14.21495789995047,99.96681680695346,43.607027071812865,23.705083335638648
1043,RELIANCE,Mar 2013,395957,362802,33155.0,8.0,7757,3463,11232,26217,20.0,20886,15.0,13.0,1174,2936.0,179119,107219,73083,362357,133487,49952,42848,136070,362357,5.274815194579209,8.373383978563329,11.472357254675783,11.461451772368063,5.763928943003723,RELIANCE,9.61,9.25,0.5889374090247452,11.814034074501876,1.0927262340730275,64371,0,,0,9.51,OK,14.92,OK,11.95,OK,9317.0,High Quality,6.970706415090527,Moderate,28.101342180666567,Mixed,5.82503390885661,0.04625704800716905,4.791913902234585,36.212682451027064,29.352226720647778,18.306092124814263,99.82292593520067,43.31240886977602,23.703219470561802
434,DIVISLAB,Mar 2022,8960,5075,3885.0,43.0,112,2,312,3684,20.0,2960,112.0,27.0,512,53.0,11675,4,1628,13360,4325,470,72,8493,13360,33.035714285714285,43.359375,25.2387448840382,33.1145584725537,22.15568862275449,DIVISLAB,16.5,12.2,0.0003410641200545,1998.5,0.6706586826347305,-68,0,,0,9.81,OK,5.92,OK,5.82,OK,-283.0,Moderate,24.497767857142858,Capital Intensive,-7.284427284427284,Reinvestor,5.897562970317697,0.08353816834461536,7.597013197684623,33.42584098747082,30.219780219780223,9.390787518573552,99.99989745326215,61.36580489799628,23.695902494332607
563,HCLTECH,Mar 2021,75379,55331,20048.0,27.0,927,511,4611,15853,30.0,11169,41.0,24.0,638,543.0,59370,6864,19270,86047,37145,312,6862,41728,86047,14.817124132716009,26.596266864776663,18.64203094487006,30.022313071866066,12.980115518263274,HCLTECH,29.6,23.3,0.1145661208752691,41.04696673189824,0.8760212442037492,2,0,,0,10.29,OK,9.09,OK,8.97,OK,13953.0,High Quality,7.515355735682353,Moderate,69.59796488427773,Reinvestor,5.862807776463164,0.07821411140940603,5.756116249984975,37.5584946411361,31.607865818392135,12.530955918771669,99.96555374408076,43.57805412996409,23.68596865340199
857,LT,Mar 2022,156521,132207,24314.0,16.0,2364,9235,2948,14495,29.0,10419,62.0,36.0,971,30.0,14258,258,6027,20572,3473,503,6048,10548,20572,6.656614767347513,15.5340177995285,72.92133258678611,167.15248178193318,50.64650981917169,LT,17.18,10.49,0.018057110862262,2.8887926367081755,7.608448376433988,-5790,0,,0,10.43,OK,8.19,OK,7.58,OK,15579.0,High Quality,2.2904274825742235,Asset Light,64.07419593649749,Reinvestor,6.148781621660906,0.3143172439696171,4.9315378025737235,38.03051591402594,32.012724117987275,11.639425458147597,99.99457082200941,43.23130349072387,23.677717349357984
409,COALINDIA,Mar 2023,138252,684,94020.0,44232.0,32,6560,6833,43275,27.0,31723,52.0,47.0,487,6163.0,54680,4331,156222,221396,64547,17622,7139,132087,221396,22.94578016954547,68.00624945751237,52.13911214108443,144.25998097400804,14.328623823375308,COALINDIA,63.6,52.0,0.0711832092434626,14.33719512195122,0.6244557263907207,-2808,0,,0,7.87,OK,15.52,OK,15.71,OK,12269.0,High Quality,16.972629690709716,Capital Intensive,13.049351201871945,Reinvestor,6.039289212716299,0.2749022034739257,6.577476078678251,37.06963620107061,24.6096009253904,18.90044576523031,99.97859755550752,43.33533731766052,23.667207930779107
1179,TATASTEEL,Mar 2020,139817,122354,17463.0,12.0,-2884,7533,8441,-1395,-99.0,1174,1.0,74.0,1434,1145.0,72431,116328,59245,249149,134551,19497,6285,88816,249149,0.8396689959017859,12.489897508886616,1.5956290094596066,9.19569887943382,0.4712039783422771,TATASTEEL,7.02,6.55,1.5810590409916276,1.93535112173105,0.5611782507656061,110043,0,,0,9.59,OK,16.57,OK,14.87,OK,6157.0,High Quality,10.021671184476851,Capital Intensive,35.25740136288152,Reinvestor,5.77299775752786,0.04235600011478167,4.343764674924409,35.29534713593981,29.583574320416428,19.940564635958395,99.52462766537495,43.22263938499461,23.664872432948776
495,GAIL,Mar 2018,54496,46695,7802.0,14.0,948,295,1527,6928,31.0,4805,7.0,43.0,573,2255.0,39424,3876,15798,61353,30480,5938,10452,14482,61353,8.817160892542573,14.31664709336465,11.528587538088724,17.126550323784436,7.831727869867815,GAIL,14.7,14.0,0.0929964730439789,29.661016949152543,0.8882369240297948,-6576,0,,0,13.41,OK,3.94,OK,5.15,OK,6109.0,High Quality,4.881092190252496,Moderate,78.30043578569598,Reinvestor,5.825330161569481,0.05601090105667331,5.149850127173732,35.281412928622025,40.630422209369584,7.429420505200595,99.97203902614852,43.47458782270119,23.663515131558697
188,ASIANPAINT,Mar 2016,14271,11546,2725.0,19.0,213,49,276,2614,32.0,1803,18.0,41.0,269,96.0,6429,323,3711,10559,3416,107,2712,4324,10559,12.634013033424427,19.09466750753276,27.632183908045977,39.79264018691589,17.075480632635667,ASIANPAINT,41.75,31.45,0.0495019157088122,59.95918367346939,1.351548442087319,-2389,0,,0,11.5,OK,10.79,OK,11.38,OK,1377.0,High Quality,6.068250297806741,Moderate,50.53211009174312,Reinvestor,5.910172951290874,0.095036119722387,5.535523848189619,33.907732323877426,35.106998264893,14.21495789995047,99.9851164057579,43.749913068957866,23.653944698574477
188,ASIANPAINT,Mar 2016,14271,11546,2725.0,19.0,213,49,276,2614,32.0,1803,18.0,41.0,256,96.0,6429,323,3711,10559,3416,107,2712,4324,10559,12.634013033424427,19.09466750753276,27.632183908045977,39.79264018691589,17.075480632635667,ASIANPAINT,41.75,31.45,0.0495019157088122,59.95918367346939,1.351548442087319,-2389,0,,0,11.5,OK,10.79,OK,11.38,OK,1377.0,High Quality,6.068250297806741,Moderate,50.53211009174312,Reinvestor,5.910172951290874,0.095036119722387,5.535523848189619,33.907732323877426,35.106998264893,14.21495789995047,99.9851164057579,43.749913068957866,23.653944698574477
188,ASIANPAINT,Mar 2016,14271,11546,2725.0,19.0,213,49,276,2614,32.0,1803,18.0,41.0,256,96.0,6429,323,3711,10559,3416,107,2712,4324,10559,12.634013033424427,19.09466750753276,27.632183908045977,39.79264018691589,17.075480632635667,ASIANPAINT,41.75,31.45,0.0495019157088122,59.95918367346939,1.351548442087319,-2389,0,,0,11.5,OK,10.79,OK,11.38,OK,1377.0,High Quality,6.068250297806741,Moderate,50.53211009174312,Reinvestor,5.910172951290874,0.095036119722387,5.535523848189619,33.907732323877426,35.106998264893,14.21495789995047,99.9851164057579,43.749913068957866,23.653944698574477
188,ASIANPAINT,Mar 2016,14271,11546,2725.0,19.0,213,49,276,2614,32.0,1803,18.0,41.0,269,96.0,6429,323,3711,10559,3416,107,2712,4324,10559,12.634013033424427,19.09466750753276,27.632183908045977,39.79264018691589,17.075480632635667,ASIANPAINT,41.75,31.45,0.0495019157088122,59.95918367346939,1.351548442087319,-2389,0,,0,11.5,OK,10.79,OK,11.38,OK,1377.0,High Quality,6.068250297806741,Moderate,50.53211009174312,Reinvestor,5.910172951290874,0.095036119722387,5.535523848189619,33.907732323877426,35.106998264893,14.21495789995047,99.9851164057579,43.749913068957866,23.653944698574477
954,NTPC,Mar 2015,79957,62605,17352.0,22.0,2338,3669,5565,10456,4.0,9992,10.0,21.0,860,8245.0,73849,102252,35366,219712,91853,67555,1902,58403,219712,12.496716985379642,21.70166464474655,12.171413257972567,9.412734748787608,4.547771628313429,NTPC,10.58,12.52,1.2455477866835578,5.366584900517852,0.3639173099330032,100350,0,,0,11.17,OK,13.63,OK,13.9,OK,-1088.0,High Quality,19.981990319796893,Capital Intensive,-6.2701705855232825,Reinvestor,5.8287169284833205,0.04272968045889836,5.5216507727400765,33.192152718912205,34.15268941584731,17.028231797919762,99.62550483954637,43.253819663778614,23.652902080949502
189,ASIANPAINT,Mar 2017,15062,12068,2994.0,20.0,338,37,335,2960,32.0,2016,20.0,51.0,270,96.0,7508,560,4241,12405,3304,258,2652,6192,12405,13.384676669764971,19.87783826849024,26.512361914781696,36.67319941205292,16.251511487303507,ASIANPAINT,41.75,31.45,0.0736454497632824,90.05405405405405,1.2141878274889155,-2092,0,,0,11.5,OK,10.79,OK,11.38,OK,846.0,Moderate,4.521311910768822,Moderate,28.256513026052104,Reinvestor,5.904273100119915,0.08966523929753759,5.61137463495651,33.75358515542447,35.106998264893,14.21495789995047,99.97785724095002,44.02339092238679,23.64993361245575
189,ASIANPAINT,Mar 2017,15062,12068,2994.0,20.0,338,37,335,2960,32.0,2016,20.0,51.0,257,96.0,7508,560,4241,12405,3304,258,2652,6192,12405,13.384676669764971,19.87783826849024,26.512361914781696,36.67319941205292,16.251511487303507,ASIANPAINT,41.75,31.45,0.0736454497632824,90.05405405405405,1.2141878274889155,-2092,0,,0,11.5,OK,10.79,OK,11.38,OK,846.0,Moderate,4.521311910768822,Moderate,28.256513026052104,Reinvestor,5.904273100119915,0.08966523929753759,5.61137463495651,33.75358515542447,35.106998264893,14.21495789995047,99.97785724095002,44.02339092238679,23.64993361245575
189,ASIANPAINT,Mar 2017,15062,12068,2994.0,20.0,338,37,335,2960,32.0,2016,20.0,51.0,270,96.0,7508,560,4241,12405,3304,258,2652,6192,12405,13.384676669764971,19.87783826849024,26.512361914781696,36.67319941205292,16.251511487303507,ASIANPAINT,41.75,31.45,0.0736454497632824,90.05405405405405,1.2141878274889155,-2092,0,,0,11.5,OK,10.79,OK,11.38,OK,846.0,Moderate,4.521311910768822,Moderate,28.256513026052104,Reinvestor,5.904273100119915,0.08966523929753759,5.61137463495651,33.75358515542447,35.106998264893,14.21495789995047,99.97785724095002,44.02339092238679,23.64993361245575
189,ASIANPAINT,Mar 2017,15062,12068,2994.0,20.0,338,37,335,2960,32.0,2016,20.0,51.0,257,96.0,7508,560,4241,12405,3304,258,2652,6192,12405,13.384676669764971,19.87783826849024,26.512361914781696,36.67319941205292,16.251511487303507,ASIANPAINT,41.75,31.45,0.0736454497632824,90.05405405405405,1.2141878274889155,-2092,0,,0,11.5,OK,10.79,OK,11.38,OK,846.0,Moderate,4.521311910768822,Moderate,28.256513026052104,Reinvestor,5.904273100119915,0.08966523929753759,5.61137463495651,33.75358515542447,35.106998264893,14.21495789995047,99.97785724095002,44.02339092238679,23.64993361245575
957,NTPC,Mar 2018,88083,65598,22485.0,26.0,5576,4447,7460,16154,35.0,10502,11.0,40.0,863,8245.0,95318,130049,48880,282492,128245,83386,8876,61985,282492,11.922845497996208,25.52705970505092,10.140687311105316,9.624933650668629,3.717627401837928,NTPC,10.58,12.52,1.2557477091239149,6.31009669440072,0.3118070600229387,121173,0,,0,11.17,OK,13.63,OK,13.9,OK,-1008.0,High Quality,23.475585527286764,Capital Intensive,-4.482988659106071,Mixed,5.818017923706148,0.043095032780209014,5.463663943867801,33.215376397775174,34.15268941584731,17.028231797919762,99.62243805910506,43.26239353622972,23.6491406499857
714,INFY,Mar 2017,68484,49880,18604.0,27.0,3050,0,1703,19951,28.0,14353,31.0,41.0,786,1144.0,67838,0,14166,83148,14179,1365,16423,51181,83148,20.95818001284972,27.16546930669937,20.80687715635963,26.969354324316484,17.26199066724395,INFY,40.0,31.8,0.0,,0.8236397748592871,-16423,0,Debt Free,0,12.0,OK,10.72,OK,11.43,OK,-3133.0,Moderate,21.4123006833713,Capital Intensive,-16.84046441625457,Reinvestor,5.874213402118513,0.07295769605854649,6.376639074772854,32.59849742797757,36.552920763447084,14.145616641901931,100.0,43.205052478531506,23.64597266605903
499,GAIL,Mar 2022,92770,77608,15161.0,16.0,2925,202,2420,15464,20.0,12304,18.0,36.0,577,4440.0,59674,9216,23254,96584,44572,15490,16408,20114,96584,13.262908267758974,16.342567640400993,19.19081635836167,20.67503068321287,12.739170048869378,GAIL,14.7,14.0,0.1437439560782356,89.53465346534654,0.9605110577321296,-7192,0,,0,13.41,OK,3.94,OK,5.15,OK,3930.0,Moderate,5.917861377600517,Moderate,25.921772970120703,Reinvestor,5.865699086228348,0.062120478085348915,5.599070550079656,34.64885797559191,40.630422209369584,7.429420505200595,99.95678093087132,44.01867102971826,23.645898578119603
1183,TATASTEEL,Mar 2024,229171,206923,22248.0,10.0,-6005,7508,9882,-1147,99.0,-4910,-4.0,-101.0,1438,1247.0,90788,87082,90195,269312,148814,34356,6258,79885,269312,-2.1425049417247384,9.70803461170916,-5.334926929972293,12.42093156986774,-1.823164211026616,TATASTEEL,7.02,6.55,0.9461835171402184,2.16342567927544,0.8509498277091255,80824,0,,0,9.59,OK,16.57,OK,14.87,OK,6048.0,Accrual Risk,6.219373306395661,Moderate,27.184466019417474,Reinvestor,5.7364836965247825,0.04790902720291317,4.042430990309816,35.26370487348901,29.583574320416428,19.940564635958395,99.71551380697043,43.22471194219888,23.64426316069781
858,LT,Mar 2023,183341,156175,27166.0,15.0,2891,9445,3502,17109,26.0,12531,75.0,32.0,972,30.0,16562,1541,5348,23481,3679,902,5458,13442,23481,6.834805089968965,14.817198553515034,75.52434908389586,149.81525395687422,53.36655168008176,LT,17.18,10.49,0.0928760848601735,3.1823186871360507,7.8080575784676975,-3917,0,,0,10.43,OK,8.19,OK,7.58,OK,14729.0,High Quality,4.389634615279725,Moderate,54.21850842965471,Reinvestor,6.162495774464539,0.284466964939763,4.949543038888316,37.7837643261069,32.012724117987275,11.639425458147597,99.97207522290684,43.23397081818471,23.63946103628193
191,ASIANPAINT,Mar 2019,19240,15475,3765.0,20.0,274,110,622,3306,33.0,2208,22.0,47.0,272,96.0,9375,1320,5459,16249,6497,210,2569,6974,16249,11.476091476091476,19.56860706860707,23.3132720937599,34.89018626633305,13.588528524832295,ASIANPAINT,41.75,31.45,0.1393728222996515,36.71818181818182,1.1840728660225244,-1249,0,,0,11.5,OK,10.79,OK,11.38,OK,1552.0,High Quality,4.771309771309771,Moderate,41.22177954847277,Reinvestor,5.887418498281338,0.08659534597602815,5.418521695845848,33.95853412139017,35.106998264893,14.21495789995047,99.95809518670579,43.53871763204309,23.632345613889996
191,ASIANPAINT,Mar 2019,19240,15475,3765.0,20.0,274,110,622,3306,33.0,2208,22.0,47.0,259,96.0,9375,1320,5459,16249,6497,210,2569,6974,16249,11.476091476091476,19.56860706860707,23.3132720937599,34.89018626633305,13.588528524832295,ASIANPAINT,41.75,31.45,0.1393728222996515,36.71818181818182,1.1840728660225244,-1249,0,,0,11.5,OK,10.79,OK,11.38,OK,1552.0,High Quality,4.771309771309771,Moderate,41.22177954847277,Reinvestor,5.887418498281338,0.08659534597602815,5.418521695845848,33.95853412139017,35.106998264893,14.21495789995047,99.95809518670579,43.53871763204309,23.632345613889996
191,ASIANPAINT,Mar 2019,19240,15475,3765.0,20.0,274,110,622,3306,33.0,2208,22.0,47.0,259,96.0,9375,1320,5459,16249,6497,210,2569,6974,16249,11.476091476091476,19.56860706860707,23.3132720937599,34.89018626633305,13.588528524832295,ASIANPAINT,41.75,31.45,0.1393728222996515,36.71818181818182,1.1840728660225244,-1249,0,,0,11.5,OK,10.79,OK,11.38,OK,1552.0,High Quality,4.771309771309771,Moderate,41.22177954847277,Reinvestor,5.887418498281338,0.08659534597602815,5.418521695845848,33.95853412139017,35.106998264893,14.21495789995047,99.95809518670579,43.53871763204309,23.632345613889996
191,ASIANPAINT,Mar 2019,19240,15475,3765.0,20.0,274,110,622,3306,33.0,2208,22.0,47.0,272,96.0,9375,1320,5459,16249,6497,210,2569,6974,16249,11.476091476091476,19.56860706860707,23.3132720937599,34.89018626633305,13.588528524832295,ASIANPAINT,41.75,31.45,0.1393728222996515,36.71818181818182,1.1840728660225244,-1249,0,,0,11.5,OK,10.79,OK,11.38,OK,1552.0,High Quality,4.771309771309771,Moderate,41.22177954847277,Reinvestor,5.887418498281338,0.08659534597602815,5.418521695845848,33.95853412139017,35.106998264893,14.21495789995047,99.95809518670579,43.53871763204309,23.632345613889996
190,ASIANPAINT,Mar 2018,16825,13621,3204.0,19.0,336,41,360,3138,33.0,2098,21.0,41.0,271,96.0,8314,533,4820,13763,3732,1405,2141,6485,13763,12.469539375928678,19.043090638930163,24.94649227110583,35.826903723582696,15.24376952699266,ASIANPAINT,41.75,31.45,0.0633769322235434,86.34146341463415,1.2224805638305605,-1608,0,,0,11.5,OK,10.79,OK,11.38,OK,557.0,High Quality,9.2481426448737,Capital Intensive,17.384519350811487,Reinvestor,5.896023219418897,0.08820813423451908,5.518904611930491,33.66968961553199,35.106998264893,14.21495789995047,99.98094464567649,43.989653899901256,23.625340975906195
190,ASIANPAINT,Mar 2018,16825,13621,3204.0,19.0,336,41,360,3138,33.0,2098,21.0,41.0,271,96.0,8314,533,4820,13763,3732,1405,2141,6485,13763,12.469539375928678,19.043090638930163,24.94649227110583,35.826903723582696,15.24376952699266,ASIANPAINT,41.75,31.45,0.0633769322235434,86.34146341463415,1.2224805638305605,-1608,0,,0,11.5,OK,10.79,OK,11.38,OK,557.0,High Quality,9.2481426448737,Capital Intensive,17.384519350811487,Reinvestor,5.896023219418897,0.08820813423451908,5.518904611930491,33.66968961553199,35.106998264893,14.21495789995047,99.98094464567649,43.989653899901256,23.625340975906195
190,ASIANPAINT,Mar 2018,16825,13621,3204.0,19.0,336,41,360,3138,33.0,2098,21.0,41.0,258,96.0,8314,533,4820,13763,3732,1405,2141,6485,13763,12.469539375928678,19.043090638930163,24.94649227110583,35.826903723582696,15.24376952699266,ASIANPAINT,41.75,31.45,0.0633769322235434,86.34146341463415,1.2224805638305605,-1608,0,,0,11.5,OK,10.79,OK,11.38,OK,557.0,High Quality,9.2481426448737,Capital Intensive,17.384519350811487,Reinvestor,5.896023219418897,0.08820813423451908,5.518904611930491,33.66968961553199,35.106998264893,14.21495789995047,99.98094464567649,43.989653899901256,23.625340975906195
190,ASIANPAINT,Mar 2018,16825,13621,3204.0,19.0,336,41,360,3138,33.0,2098,21.0,41.0,258,96.0,8314,533,4820,13763,3732,1405,2141,6485,13763,12.469539375928678,19.043090638930163,24.94649227110583,35.826903723582696,15.24376952699266,ASIANPAINT,41.75,31.45,0.0633769322235434,86.34146341463415,1.2224805638305605,-1608,0,,0,11.5,OK,10.79,OK,11.38,OK,557.0,High Quality,9.2481426448737,Capital Intensive,17.384519350811487,Reinvestor,5.896023219418897,0.08820813423451908,5.518904611930491,33.66968961553199,35.106998264893,14.21495789995047,99.98094464567649,43.989653899901256,23.625340975906195
498,GAIL,Mar 2021,57372,50127,7245.0,13.0,2833,179,2174,7725,20.0,6143,9.0,36.0,576,4440.0,48742,7873,19975,81030,41160,13400,13058,13413,81030,10.70731367217458,12.628111273792095,11.550900680681432,11.866350012284006,7.581142786622238,GAIL,14.7,14.0,0.148038810123726,56.30167597765363,0.7080340614587189,-5185,0,,0,13.41,OK,3.94,OK,5.15,OK,4353.0,High Quality,8.087568848915847,Capital Intensive,60.08281573498965,Reinvestor,5.825447719736087,0.04695417938031271,5.340840563507683,34.77165317757986,40.630422209369584,7.429420505200595,99.95548960983804,43.71667659573496,23.61571167111376
494,GAIL,Mar 2017,48552,42531,6021.0,12.0,1212,509,1541,5183,35.0,3374,5.0,56.0,572,1691.0,37614,6553,12433,58291,30092,4126,10125,13948,58291,6.949250288350635,12.40113692535838,8.584149599287622,13.129661127829388,5.788200579849376,GAIL,14.7,14.0,0.1667217911207225,14.210216110019646,0.8329244651833044,-3572,0,,0,13.41,OK,3.94,OK,5.15,OK,5690.0,High Quality,0.6879222277146152,Asset Light,94.50257432320213,Reinvestor,5.809817208863125,0.0491292785184829,4.9611071508536435,35.159778910577224,40.630422209369584,7.429420505200595,99.9498722533295,43.334183435049475,23.614143729395707
185,ASIANPAINT,Mar 2013,10504,8767,1737.0,17.0,114,42,155,1655,30.0,1160,12.0,40.0,253,96.0,3288,251,3149,6784,2441,59,296,3989,6784,11.043412033511045,16.536557501904035,34.2789598108747,47.785419532324624,17.099056603773587,ASIANPAINT,41.75,31.45,0.0741725768321513,44.07142857142857,1.5483490566037736,-45,0,,0,11.5,OK,10.79,OK,11.38,OK,724.0,High Quality,4.407844630616908,Moderate,41.681059297639614,Reinvestor,5.945191899685591,0.10879764469581188,5.374801613309845,33.71816904515844,35.106998264893,14.21495789995047,99.97769875121695,43.60553799419718,23.608106458843075
185,ASIANPAINT,Mar 2013,10504,8767,1737.0,17.0,114,42,155,1655,30.0,1160,12.0,40.0,266,96.0,3288,251,3149,6784,2441,59,296,3989,6784,11.043412033511045,16.536557501904035,34.2789598108747,47.785419532324624,17.099056603773587,ASIANPAINT,41.75,31.45,0.0741725768321513,44.07142857142857,1.5483490566037736,-45,0,,0,11.5,OK,10.79,OK,11.38,OK,724.0,High Quality,4.407844630616908,Moderate,41.681059297639614,Reinvestor,5.945191899685591,0.10879764469581188,5.374801613309845,33.71816904515844,35.106998264893,14.21495789995047,99.97769875121695,43.60553799419718,23.608106458843075
185,ASIANPAINT,Mar 2013,10504,8767,1737.0,17.0,114,42,155,1655,30.0,1160,12.0,40.0,266,96.0,3288,251,3149,6784,2441,59,296,3989,6784,11.043412033511045,16.536557501904035,34.2789598108747,47.785419532324624,17.099056603773587,ASIANPAINT,41.75,31.45,0.0741725768321513,44.07142857142857,1.5483490566037736,-45,0,,0,11.5,OK,10.79,OK,11.38,OK,724.0,High Quality,4.407844630616908,Moderate,41.681059297639614,Reinvestor,5.945191899685591,0.10879764469581188,5.374801613309845,33.71816904515844,35.106998264893,14.21495789995047,99.97769875121695,43.60553799419718,23.608106458843075
185,ASIANPAINT,Mar 2013,10504,8767,1737.0,17.0,114,42,155,1655,30.0,1160,12.0,40.0,253,96.0,3288,251,3149,6784,2441,59,296,3989,6784,11.043412033511045,16.536557501904035,34.2789598108747,47.785419532324624,17.099056603773587,ASIANPAINT,41.75,31.45,0.0741725768321513,44.07142857142857,1.5483490566037736,-45,0,,0,11.5,OK,10.79,OK,11.38,OK,724.0,High Quality,4.407844630616908,Moderate,41.681059297639614,Reinvestor,5.945191899685591,0.10879764469581188,5.374801613309845,33.71816904515844,35.106998264893,14.21495789995047,99.97769875121695,43.60553799419718,23.608106458843075
757,IRFC,Mar 2023,23722,134,23588.0,99.0,41,17447,14,6167,0.0,6167,5.0,32.0,829,13069.0,31612,418935,26744,490359,19,0,14,490326,490359,25.996964842761997,99.4351235140376,13.802287325708914,5.087831308669244,1.2576500074435262,IRFC,5.73,13.7,9.376133031937512,1.354330257350834,0.048376801486258,418921,1,,1,14.92,OK,15.42,OK,10.76,OK,-28588.0,Accrual Risk,0.0,Asset Light,-121.19721892487703,Distress Signal,5.837309288997843,0.03528330115492967,6.885782951198125,25.20901310976672,44.9971081550029,18.80138682516097,97.18090587790343,43.21735953707439,23.60786304771044
981,PFC,Mar 2016,27861,2042,9162.0,33.0,25,16657,20,9167,33.0,6184,19.0,30.0,1052,1320.0,34708,200660,10531,247220,198,47,2230,244745,247220,22.19590108036323,32.88467750619145,17.164427667369825,3.870918677752992,2.501415743062859,PFC,9.96,19.49,5.569557011213501,0.5515398931380201,0.1126971927837553,198430,1,,1,9.56,OK,24.41,OK,23.81,OK,-15271.0,Accrual Risk,7.081583575607479,Moderate,-166.67758131412356,Growth Funded by Debt,5.855022932551001,0.03318808835883893,6.501704566457686,29.07488475249364,29.496818970503185,27.706785537394747,98.32541780502562,43.2100644272174,23.606380870891574
1182,TATASTEEL,Mar 2023,243353,211053,32300.0,13.0,1569,6299,9335,18235,56.0,8075,7.0,50.0,1437,1221.0,101861,84893,97421,285396,146621,31213,8410,99151,285396,3.3182249653795104,13.272899861518042,7.833569391358336,17.183136055326507,2.829401953776507,TATASTEEL,7.02,6.55,0.8235482431462331,5.376885219876171,0.8526853915261602,76483,0,,0,9.59,OK,16.57,OK,14.87,OK,3504.0,High Quality,7.470218160450045,Moderate,10.84829721362229,Reinvestor,5.8058627307895705,0.056108327236491846,4.594210295611659,34.525191885646606,29.583574320416428,19.940564635958395,99.75238619123594,43.2539132647542,23.605038232749028
187,ASIANPAINT,Mar 2015,13615,11372,2243.0,16.0,142,42,266,2077,31.0,1427,15.0,42.0,255,96.0,4646,418,3754,8914,2660,196,1588,4471,8914,10.48108703635696,16.47447668013221,30.09278785322649,43.468992248062015,16.008525914292125,ASIANPAINT,41.75,31.45,0.0881484605651623,56.785714285714285,1.527372672201032,-1170,0,,0,11.5,OK,10.79,OK,11.38,OK,723.0,Moderate,3.4153507161219245,Moderate,32.23361569326795,Reinvestor,5.923136794789711,0.10136585916773103,5.317981499229513,33.717878749172655,35.106998264893,14.21495789995047,99.97349666368804,43.721075144583715,23.603686107516417
187,ASIANPAINT,Mar 2015,13615,11372,2243.0,16.0,142,42,266,2077,31.0,1427,15.0,42.0,268,96.0,4646,418,3754,8914,2660,196,1588,4471,8914,10.48108703635696,16.47447668013221,30.09278785322649,43.468992248062015,16.008525914292125,ASIANPAINT,41.75,31.45,0.0881484605651623,56.785714285714285,1.527372672201032,-1170,0,,0,11.5,OK,10.79,OK,11.38,OK,723.0,Moderate,3.4153507161219245,Moderate,32.23361569326795,Reinvestor,5.923136794789711,0.10136585916773103,5.317981499229513,33.717878749172655,35.106998264893,14.21495789995047,99.97349666368804,43.721075144583715,23.603686107516417
187,ASIANPAINT,Mar 2015,13615,11372,2243.0,16.0,142,42,266,2077,31.0,1427,15.0,42.0,255,96.0,4646,418,3754,8914,2660,196,1588,4471,8914,10.48108703635696,16.47447668013221,30.09278785322649,43.468992248062015,16.008525914292125,ASIANPAINT,41.75,31.45,0.0881484605651623,56.785714285714285,1.527372672201032,-1170,0,,0,11.5,OK,10.79,OK,11.38,OK,723.0,Moderate,3.4153507161219245,Moderate,32.23361569326795,Reinvestor,5.923136794789711,0.10136585916773103,5.317981499229513,33.717878749172655,35.106998264893,14.21495789995047,99.97349666368804,43.721075144583715,23.603686107516417
187,ASIANPAINT,Mar 2015,13615,11372,2243.0,16.0,142,42,266,2077,31.0,1427,15.0,42.0,268,96.0,4646,418,3754,8914,2660,196,1588,4471,8914,10.48108703635696,16.47447668013221,30.09278785322649,43.468992248062015,16.008525914292125,ASIANPAINT,41.75,31.45,0.0881484605651623,56.785714285714285,1.527372672201032,-1170,0,,0,11.5,OK,10.79,OK,11.38,OK,723.0,Moderate,3.4153507161219245,Moderate,32.23361569326795,Reinvestor,5.923136794789711,0.10136585916773103,5.317981499229513,33.717878749172655,35.106998264893,14.21495789995047,99.97349666368804,43.721075144583715,23.603686107516417
186,ASIANPAINT,Mar 2014,12220,10217,2004.0,16.0,124,48,246,1834,31.0,1263,13.0,42.0,254,96.0,3943,249,3787,8075,2562,72,1424,4019,8075,10.335515548281506,16.399345335515548,31.27011636543699,46.73507462686567,15.640866873065017,ASIANPAINT,41.75,31.45,0.0616489230007427,44.333333333333336,1.513312693498452,-1175,0,,0,11.5,OK,10.79,OK,11.38,OK,816.0,High Quality,4.795417348608838,Moderate,40.7185628742515,Reinvestor,5.929339622599082,0.10698921898774001,5.303272232166601,33.744876275850864,35.106998264893,14.21495789995047,99.98146420108664,43.60791797295045,23.60289646512346
186,ASIANPAINT,Mar 2014,12220,10217,2004.0,16.0,124,48,246,1834,31.0,1263,13.0,42.0,254,96.0,3943,249,3787,8075,2562,72,1424,4019,8075,10.335515548281506,16.399345335515548,31.27011636543699,46.73507462686567,15.640866873065017,ASIANPAINT,41.75,31.45,0.0616489230007427,44.333333333333336,1.513312693498452,-1175,0,,0,11.5,OK,10.79,OK,11.38,OK,816.0,High Quality,4.795417348608838,Moderate,40.7185628742515,Reinvestor,5.929339622599082,0.10698921898774001,5.303272232166601,33.744876275850864,35.106998264893,14.21495789995047,99.98146420108664,43.60791797295045,23.60289646512346
186,ASIANPAINT,Mar 2014,12220,10217,2004.0,16.0,124,48,246,1834,31.0,1263,13.0,42.0,267,96.0,3943,249,3787,8075,2562,72,1424,4019,8075,10.335515548281506,16.399345335515548,31.27011636543699,46.73507462686567,15.640866873065017,ASIANPAINT,41.75,31.45,0.0616489230007427,44.333333333333336,1.513312693498452,-1175,0,,0,11.5,OK,10.79,OK,11.38,OK,816.0,High Quality,4.795417348608838,Moderate,40.7185628742515,Reinvestor,5.929339622599082,0.10698921898774001,5.303272232166601,33.744876275850864,35.106998264893,14.21495789995047,99.98146420108664,43.60791797295045,23.60289646512346
186,ASIANPAINT,Mar 2014,12220,10217,2004.0,16.0,124,48,246,1834,31.0,1263,13.0,42.0,267,96.0,3943,249,3787,8075,2562,72,1424,4019,8075,10.335515548281506,16.399345335515548,31.27011636543699,46.73507462686567,15.640866873065017,ASIANPAINT,41.75,31.45,0.0616489230007427,44.333333333333336,1.513312693498452,-1175,0,,0,11.5,OK,10.79,OK,11.38,OK,816.0,High Quality,4.795417348608838,Moderate,40.7185628742515,Reinvestor,5.929339622599082,0.10698921898774001,5.303272232166601,33.744876275850864,35.106998264893,14.21495789995047,99.98146420108664,43.60791797295045,23.60289646512346
649,ICICIGI,Mar 2017,7520,0,6601.0,919.0,12,-2,7,910,23.0,702,16.0,22.0,735,451.0,3450,485,18965,23351,516,11,14806,8018,23351,9.335106382978724,87.77925531914894,17.9953857985132,150.5015959872321,3.006295233608839,ICICIGI,22.5,17.0,0.1243270956165085,-3306.5,0.3220418825746221,-14321,0,,1,15.13,OK,16.09,OK,14.42,OK,-362.0,High Quality,26.46276595744681,Capital Intensive,-5.484017573094985,Mixed,5.859400886665611,0.2856486706497431,5.202185915201863,33.40290760459364,45.604395604395606,19.465081723625556,99.96261894074284,13.158253441773821,23.599252031239146
194,ASIANPAINT,Mar 2022,29101,24298,4804.0,17.0,296,95,816,4188,26.0,3085,32.0,61.0,275,96.0,13716,1587,7560,22958,5519,426,3248,13765,22958,10.60101027456101,16.50802377925157,22.335650159281784,31.19683096304955,13.437581670877256,ASIANPAINT,41.75,31.45,0.114900086880973,53.68421052631579,1.2675755727850857,-1661,0,,0,11.5,OK,10.79,OK,11.38,OK,669.0,Accrual Risk,1.089309645716642,Asset Light,13.925895087427143,Reinvestor,5.882267836881957,0.08023633128972092,5.330099139580063,33.70220276594015,35.106998264893,14.21495789995047,99.96545333151191,43.69289118566328,23.592089646429
194,ASIANPAINT,Mar 2022,29101,24298,4804.0,17.0,296,95,816,4188,26.0,3085,32.0,61.0,262,96.0,13716,1587,7560,22958,5519,426,3248,13765,22958,10.60101027456101,16.50802377925157,22.335650159281784,31.19683096304955,13.437581670877256,ASIANPAINT,41.75,31.45,0.114900086880973,53.68421052631579,1.2675755727850857,-1661,0,,0,11.5,OK,10.79,OK,11.38,OK,669.0,Accrual Risk,1.089309645716642,Asset Light,13.925895087427143,Reinvestor,5.882267836881957,0.08023633128972092,5.330099139580063,33.70220276594015,35.106998264893,14.21495789995047,99.96545333151191,43.69289118566328,23.592089646429
194,ASIANPAINT,Mar 2022,29101,24298,4804.0,17.0,296,95,816,4188,26.0,3085,32.0,61.0,262,96.0,13716,1587,7560,22958,5519,426,3248,13765,22958,10.60101027456101,16.50802377925157,22.335650159281784,31.19683096304955,13.437581670877256,ASIANPAINT,41.75,31.45,0.114900086880973,53.68421052631579,1.2675755727850857,-1661,0,,0,11.5,OK,10.79,OK,11.38,OK,669.0,Accrual Risk,1.089309645716642,Asset Light,13.925895087427143,Reinvestor,5.882267836881957,0.08023633128972092,5.330099139580063,33.70220276594015,35.106998264893,14.21495789995047,99.96545333151191,43.69289118566328,23.592089646429
194,ASIANPAINT,Mar 2022,29101,24298,4804.0,17.0,296,95,816,4188,26.0,3085,32.0,61.0,275,96.0,13716,1587,7560,22958,5519,426,3248,13765,22958,10.60101027456101,16.50802377925157,22.335650159281784,31.19683096304955,13.437581670877256,ASIANPAINT,41.75,31.45,0.114900086880973,53.68421052631579,1.2675755727850857,-1661,0,,0,11.5,OK,10.79,OK,11.38,OK,669.0,Accrual Risk,1.089309645716642,Asset Light,13.925895087427143,Reinvestor,5.882267836881957,0.08023633128972092,5.330099139580063,33.70220276594015,35.106998264893,14.21495789995047,99.96545333151191,43.69289118566328,23.592089646429
404,COALINDIA,Mar 2018,85244,430,75956.0,9288.0,11,4975,3063,10770,35.0,7038,11.0,146.0,482,6207.0,13971,1538,103754,125471,27574,10273,1704,85920,125471,8.25629956360565,89.10421847871991,34.87957181088314,349.7697550193406,5.60926429214719,COALINDIA,63.6,52.0,0.0762216275151154,15.269748743718592,0.6793920507527635,-166,0,,0,7.87,OK,15.52,OK,15.71,OK,13368.0,High Quality,9.088029656046173,Capital Intensive,17.59966296276792,Reinvestor,5.948356261015209,0.6287375548066632,5.09317790940869,37.388671489450644,24.6096009253904,18.90044576523031,99.97708266922274,43.343811611102,23.588649225530858
752,IRFC,Mar 2018,9267,38,9229.0,100.0,1,6638,0,2592,21.0,2055,3.0,18.0,824,6526.0,7402,134006,13534,161468,11,0,14,161443,161468,22.17546131434121,99.58994280781268,14.754451464675476,6.238592886016738,1.2726979958877302,IRFC,5.73,13.7,9.621338311315336,1.3904790599578187,0.0573921767780612,133992,1,,1,14.92,OK,15.42,OK,10.76,OK,-28074.0,Accrual Risk,0.0215819574835437,Asset Light,-304.19330371654564,Distress Signal,5.842325824432953,0.03726461872930034,6.499639230854566,25.35822524646129,44.9971081550029,18.80138682516097,97.10718073349193,43.21768802816992,23.5852250183666
501,GAIL,Mar 2024,133228,118914,14314.0,11.0,2672,719,3672,12595,21.0,9903,15.0,37.0,579,6575.0,70422,21794,25944,124735,55188,23627,21910,24010,124735,7.433122166511544,10.743987750322754,12.86154006000234,14.489174115050965,7.939231170080571,GAIL,14.7,14.0,0.2830499889606088,23.624478442280942,1.068088347296268,-116,0,,0,13.41,OK,3.94,OK,5.15,OK,4360.0,High Quality,6.174377758429158,Moderate,30.459689814167945,Reinvestor,5.832352904062971,0.05147001271328988,5.009999971653914,34.773685249480366,40.630422209369584,7.429420505200595,99.9148961989532,43.41973264066773,23.56551324485395
1186,TCS,Mar 2014,81809,56657,25153.0,31.0,1637,39,1349,25402,24.0,19332,49.0,33.0,1415,196.0,48999,297,17337,66829,9544,3168,3434,50682,66829,23.630651884267014,30.74600594066668,39.29667649151337,50.82235512810151,28.927561388020173,TCS,64.3,0.52,0.0060371989023274,686.9230769230769,1.224154184560595,-3137,0,,0,9.94,OK,8.6,OK,9.44,OK,5299.0,Moderate,11.553741030937918,Capital Intensive,21.06706953444917,Reinvestor,5.971628049191373,0.11402647227103746,6.646678922510227,35.04627318013446,30.59572006940428,12.045567112431897,99.99818481330401,49.447254095352605,23.56506562815865
266,BAJFINANCE,Mar 2023,41411,12701,12693.0,16018.0,39,-5,485,15528,26.0,11508,190.0,16.0,346,121.0,54251,216690,4164,275226,2308,80,22752,250087,275226,27.7897177078554,30.65127623095313,21.16530567203708,4.682692520530359,4.181291011750343,BAJFINANCE,11.9,22.1,3.985323328183624,-2546.4,0.1504618023006547,193938,0,,1,18.75,OK,23.93,OK,23.31,OK,-52506.0,Accrual Risk,25.09961121441163,Capital Intensive,-413.6610730323801,Growth Funded by Debt,5.876101804838448,0.0345857556191732,7.066931615810194,18.265713721710654,56.07287449392713,27.23130262506191,98.80174464986071,20.06542777954473,23.545287631987517
956,NTPC,Mar 2017,82042,60445,21598.0,26.0,1592,3753,6010,13426,20.0,10714,11.0,37.0,862,8245.0,89593,113773,36990,248601,104532,86896,7614,49560,248601,13.059164818020038,26.32554057677775,10.950755330239785,10.206463747158702,4.309717177324307,NTPC,10.58,12.52,1.1628712770089331,6.179056754596323,0.3300147626115743,106159,0,,0,11.17,OK,13.63,OK,13.9,OK,-4313.0,High Quality,29.838375466224612,Capital Intensive,-19.96944161496435,Mixed,5.822285816978466,0.04409627910514896,5.578483298728789,32.25594816474878,34.15268941584731,17.028231797919762,99.6503629406063,43.26120275118902,23.520181608039273
496,GAIL,Mar 2019,76190,66252,9938.0,13.0,1719,159,1667,9831,33.0,6553,10.0,25.0,574,2255.0,43749,2224,20199,68426,32700,9738,10722,15267,68426,8.600866255414097,13.04370652316577,14.244413529258326,20.606286804346023,9.57676906439073,GAIL,14.7,14.0,0.0483436222937135,73.31446540880503,1.1134656417151376,-8498,0,,0,13.41,OK,3.94,OK,5.15,OK,2283.0,High Quality,7.482609266307914,Moderate,22.97242906017307,Reinvestor,5.839638658143486,0.06200211868057695,5.12799464143363,34.17074048700054,40.630422209369584,7.429420505200595,99.98546466640514,43.871275073004725,23.51865103953079
215,BAJAJ-AUTO,Mar 2022,33145,27886,5259.0,16.0,2671,9,270,7652,19.0,6166,213.0,66.0,308,289.0,29570,123,5129,35111,1836,77,26634,6564,35111,18.60310755770101,15.866646553024587,20.650390167118797,17.540524314588755,17.561447979265758,BAJAJ-AUTO,33.5,26.5,0.0041193609966844,881.1111111111111,0.9440061519182024,-26511,0,,0,10.32,OK,7.18,OK,7.88,OK,4473.0,Moderate,0.8327047820184039,Asset Light,85.05419281232174,Liquidating Assets,5.873388940773526,0.05672365855523661,6.138670842440601,34.806488695874314,31.694621168305382,10.63893016344725,99.99876144394145,51.21187796911365,23.515346271621848
215,BAJAJ-AUTO,Mar 2022,33145,27886,5259.0,16.0,2671,9,270,7652,19.0,6166,213.0,66.0,308,289.0,29570,123,5129,35111,1836,77,26634,6564,35111,18.60310755770101,15.866646553024587,20.650390167118797,17.540524314588755,17.561447979265758,BAJAJ-AUTO,33.5,26.5,0.0041193609966844,881.1111111111111,0.9440061519182024,-26511,0,,0,10.32,OK,7.18,OK,7.88,OK,4473.0,Moderate,0.8327047820184039,Asset Light,85.05419281232174,Liquidating Assets,5.873388940773526,0.05672365855523661,6.138670842440601,34.806488695874314,31.694621168305382,10.63893016344725,99.99876144394145,51.21187796911365,23.515346271621848
433,DIVISLAB,Mar 2021,6969,4102,2867.0,41.0,57,2,256,2666,26.0,1984,75.0,27.0,511,53.0,9242,5,1471,10771,3704,711,0,6356,10771,28.46893384990673,41.13933132443679,21.34480903711673,30.827956989247312,18.419831027759727,DIVISLAB,16.5,12.2,0.0005379236148466,1462.0,0.6470151332281125,5,0,,0,9.81,OK,5.92,OK,5.82,OK,2022.0,Moderate,1.076194575979337,Asset Light,70.52668294384374,Liquidating Assets,5.8770475293777285,0.07960122450356376,7.1355629924551565,34.09497323471011,30.219780219780223,9.390787518573552,99.99983826410146,56.49052660275342,23.502886466692246
407,COALINDIA,Mar 2021,90026,642,71398.0,18628.0,21,3742,3718,18009,29.0,12702,21.0,78.0,485,6163.0,30355,5884,118649,161051,42405,10490,5950,102206,161051,14.109257325661476,79.3081998533757,34.78284681526918,168.3835668128862,7.886942645497388,COALINDIA,63.6,52.0,0.1611260200449093,19.08578300374132,0.5589906302972351,-66,0,,0,7.87,OK,15.52,OK,15.71,OK,10774.0,Moderate,0.2021638193410792,Asset Light,15.090058545057284,Liquidating Assets,5.947846659415967,0.3164368580194658,5.684589867672119,36.63564370231888,24.6096009253904,18.90044576523031,99.95155471722957,43.378488645588085,23.50271079989382
1175,TATASTEEL,Mar 2016,101965,102590,-625.0,-1.0,10346,4221,5306,193,99.0,-497,0.0,-203.0,1430,970.0,42762,81987,51165,176884,72200,35996,10714,57974,176884,-0.4874221546609131,-0.6129554258814298,-1.136467575230952,-0.4971404481422856,-0.2809751023269488,TATASTEEL,7.02,6.55,1.8747599012165008,2.3030087656953326,0.5764512335768074,71273,0,,0,9.59,OK,16.57,OK,14.87,OK,2661.0,Accrual Risk,8.624528024322071,Capital Intensive,-425.76,Reinvestor,5.7586035383293535,0.02566740598432376,4.209668785622676,34.28047236962807,29.583574320416428,19.940564635958395,99.43632149844085,43.225980360449775,23.48674006885837
405,COALINDIA,Mar 2019,99586,264,74579.0,25007.0,25,5834,3450,27127,36.0,17464,28.0,46.0,483,6163.0,20292,2210,104356,133021,32618,9658,3170,87576,133021,17.536601530335588,74.88904062820076,66.01398601398601,260.1744287458573,13.128754106494464,COALINDIA,63.6,52.0,0.0835380835380835,12.787795680493655,0.7486487096022433,-960,0,,0,7.87,OK,15.52,OK,15.71,OK,8460.0,Moderate,7.928825336894745,Moderate,11.343675833679722,Reinvestor,6.112389840636006,0.4744772822866993,6.030905769842096,35.96389879120751,24.6096009253904,18.90044576523031,99.97488285208078,43.32125762806573,23.47653743566284
626,HINDUNILVR,Mar 2020,39783,118,29922.0,9861.0,25,424,1002,9165,26.0,6756,31.0,80.0,713,216.0,8013,0,11924,20153,5479,597,1255,12822,20153,16.982128044642185,75.21303069150139,82.09989063069631,363.6164783084215,33.52354488165534,HINDUNILVR,27.2,20.2,0.0,70.62971698113208,1.974048528755024,-1255,0,,0,9.51,OK,9.75,OK,8.21,OK,9414.0,High Quality,4.501922931905588,Moderate,31.46180068177261,Liquidating Assets,6.197139420265314,0.6525780763709484,5.97487901152428,36.24084116164842,29.352226720647778,13.184744923229323,100.0,43.84687824963544,23.474483872946063
1048,RELIANCE,Mar 2018,390823,326508,64315.0,16.0,9869,8052,16706,49426,27.0,36080,27.0,10.0,1179,5922.0,287584,239843,277924,811273,403885,187022,82862,137504,811273,9.231800584919515,16.456298631349743,12.292764032081116,12.05870827544441,4.447331539444798,RELIANCE,9.61,9.25,0.8171655775350418,9.21311475409836,0.4817404252329363,156981,0,,0,9.51,OK,14.92,OK,11.95,OK,3267.0,High Quality,17.448307801741453,Capital Intensive,5.079685920858275,Reinvestor,5.829356272513914,0.04728537118830965,5.191747383639881,34.45639173701506,29.352226720647778,18.306092124814263,99.75430524838312,43.28877381756644,23.472466577175005
958,NTPC,Mar 2019,100287,77576,22710.0,23.0,2818,5605,8669,11255,-25.0,14034,14.0,44.0,864,9895.0,101462,173058,62509,346923,150985,118397,8132,69409,346923,13.993837685841632,22.645008824673187,12.602710202322262,7.984810927693688,4.045278058819968,NTPC,10.58,12.52,1.5540828147310004,4.554504906333631,0.2890756738526993,164926,0,,0,11.17,OK,13.63,OK,13.9,OK,-5377.0,High Quality,23.99413682730563,Capital Intensive,-23.676794363716425,Mixed,5.8309892430096095,0.040271160277752606,5.67292729329811,31.947073235871294,34.15268941584731,17.028231797919762,99.53273852735063,43.24644013727415,23.471717198165198
493,GAIL,Mar 2016,52053,47517,4536.0,9.0,731,822,1496,2949,37.0,1874,3.0,37.0,571,1268.0,35135,9052,13608,59063,29946,3688,9844,15584,59063,3.6001767429350853,8.71419514725376,5.147927368623465,9.97910020899791,3.172883192523237,GAIL,14.7,14.0,0.2486608246573084,6.407542579075426,0.8813131740683676,-792,0,,0,13.41,OK,3.94,OK,5.15,OK,3056.0,High Quality,1.736691449099956,Asset Light,67.3721340388007,Reinvestor,5.791713260313092,0.043704817152650136,4.622700105324795,34.39513928401398,40.630422209369584,7.429420505200595,99.92523588703366,43.263279045654734,23.45634018633993
497,GAIL,Mar 2020,72518,63495,9022.0,12.0,3796,309,2080,10429,9.0,9515,14.0,31.0,575,4510.0,44758,6912,18754,74934,38230,11666,9893,15145,74934,13.120880333158665,12.44104911883946,19.31273849151579,16.059095763616945,12.697840766541225,GAIL,14.7,14.0,0.1402939027360558,41.48220064724919,0.9677582939653562,-2981,0,,0,13.41,OK,3.94,OK,5.15,OK,46.0,Moderate,11.444055269036651,Capital Intensive,0.509864774994458,Mixed,5.866341440499278,0.0541730168923645,5.584719341281495,33.52134836679478,40.630422209369584,7.429420505200595,99.95781824818162,43.5820091839452,23.452909262383937
399,COALINDIA,Mar 2013,68303,46,50216.0,18087.0,26,8752,1813,24979,31.0,17356,27.0,51.0,477,6316.0,42156,1305,61206,110983,13466,3496,2395,91626,110983,25.41030408620412,73.51946473800565,35.80623865324311,100.88193342306688,15.638431111071066,COALINDIA,63.6,52.0,0.0269227595312757,5.740630712979891,0.6154365983979528,-1090,0,,0,7.87,OK,15.52,OK,15.71,OK,7276.0,Moderate,2.683630294423378,Asset Light,14.489405767086188,Reinvestor,5.953238462372093,0.20021628273552927,6.826503830969119,35.62018834403558,24.6096009253904,18.90044576523031,99.99190521370733,43.25721868974492,23.451742157251665
771,ITC,Mar 2024,70866,44634,26233.0,37.0,2804,80,1816,27140,24.0,20751,16.0,84.0,843,1248.0,73259,303,16944,91754,27820,2861,31114,29959,91754,29.282025230717128,37.0177518132814,27.851074395694365,35.06616762464911,22.61590775334045,ITC,34.76,29.47,0.0040667319849141,362.9625,0.7723477995509732,-30811,0,,0,8.75,OK,5.96,OK,5.92,OK,18742.0,Moderate,2.205571077808822,Asset Light,71.44436396904662,Liquidating Assets,5.911326189312302,0.08689834093593715,7.217721788968201,38.94872211707057,27.154424522845577,9.430411094601288,99.99877726775038,46.50336226089327,23.442998660512234
1174,TATASTEEL,Mar 2015,139504,136095,3409.0,2.0,5994,4848,5944,-1388,99.0,-3939,-3.0,-20.0,1429,971.0,30378,80701,47059,159109,68100,28678,3455,58876,159109,-2.8235749512558783,2.4436575295332035,-12.564994098695331,3.0423917893797414,-2.475661339082013,TATASTEEL,7.02,6.55,2.574276691441513,1.939562706270627,0.8767825830091321,77246,0,,0,9.59,OK,16.57,OK,14.87,OK,2859.0,Accrual Risk,6.466481247849525,Moderate,83.86623643297155,Reinvestor,5.698391642155368,0.03176157663209496,3.973612289675655,34.33795097481392,29.583574320416428,19.940564635958395,99.22599985892123,43.22267765647027,23.442136543529287
560,HCLTECH,Mar 2018,50569,39323,11246.0,22.0,1230,69,1383,11024,21.0,8722,31.0,19.0,635,278.0,36108,557,11046,47989,18753,320,2660,26256,47989,17.24772093575115,22.238921078130872,23.97075798383994,30.44149094551065,18.174998437141845,HCLTECH,29.6,23.3,0.0153080855274006,180.81159420289856,1.0537623205317883,-2103,0,,0,10.29,OK,9.09,OK,8.97,OK,6092.0,Moderate,4.421681267179498,Moderate,54.17037168771118,Reinvestor,5.890882503205164,0.07893582866534163,6.001715838000272,35.27647789686364,31.607865818392135,12.530955918771669,99.99539736330705,44.84812207917578,23.438997240682756
1046,RELIANCE,Mar 2016,272583,230802,41781.0,15.0,12212,3691,11565,38737,23.0,29861,22.0,10.0,1177,2948.0,228608,194714,172727,598997,184910,228697,84015,101375,598997,10.954828437576811,15.327808410649231,12.89580058387604,9.801534238862692,4.985166870618717,RELIANCE,9.61,9.25,0.8408937794745116,14.628285017610404,0.4550657181922447,110699,0,,0,9.51,OK,14.92,OK,11.95,OK,1948.0,High Quality,13.275222592751565,Capital Intensive,4.662406356956511,Reinvestor,5.832533407744012,0.043399093895839604,5.365850686262136,34.073491331761865,29.352226720647778,18.306092124814263,99.74717096025094,43.33798250731619,23.43427679487879
697,INDUSINDBK,Mar 2013,6983,4750,1947.0,286.0,4,1363,73,1576,33.0,1061,20.0,15.0,770,523.0,7107,63576,2100,73307,741,16,19654,52896,73307,15.194042675068022,27.881999140770443,13.905635648754917,2.7343201415611045,1.447337907703221,INDUSINDBK,7.93,15.2,8.332372214941023,1.4314013206162877,0.095256933171457,43922,1,,1,11.23,OK,12.95,OK,10.2,OK,-660.0,Accrual Risk,2.491765716740656,Asset Light,-33.89830508474576,Growth Funded by Debt,5.837853786005767,0.031231155924622826,5.7942019738703125,33.316399400829084,34.32620011567381,16.35463100544824,97.49473034840175,43.21805989659337,23.43414043278677
1185,TCS,Mar 2013,62989,44950,18040.0,29.0,1178,48,1080,18090,22.0,14076,36.0,31.0,1414,196.0,38350,332,13054,51932,9828,1895,1897,38312,51932,22.346758957913288,28.63992125609233,36.51740777253152,46.40156386645404,27.104675344681507,TCS,64.3,0.52,0.0086130856638821,400.375,1.2129130401294,-1565,0,,0,9.94,OK,8.6,OK,9.44,OK,5577.0,Moderate,9.585800695359508,Capital Intensive,30.914634146341463,Reinvestor,5.956985300696774,0.1064149986245885,6.51694799660163,35.12697546418328,30.59572006940428,12.045567112431897,99.99741032906792,46.84333681675678,23.430967006182883
959,NTPC,Mar 2020,109464,77878,31586.0,29.0,8209,8189,10356,21250,44.0,11902,12.0,27.0,865,9895.0,108945,202984,55746,377569,187803,98508,9307,81951,377569,10.872981071402467,28.85514872469488,10.015146415348369,9.814681316495973,3.152271505340746,NTPC,10.58,12.52,1.708044429485022,4.859567712785444,0.2899178693166017,193677,0,,0,11.17,OK,13.63,OK,13.9,OK,-5738.0,High Quality,27.066432799824604,Capital Intensive,-18.16627619831571,Mixed,5.817356503761471,0.04342172980624816,5.3575804213677465,31.84227638500215,34.15268941584731,17.028231797919762,99.48644734507931,43.24921230144746,23.418242619388952
700,INDUSINDBK,Mar 2016,11872,7355,4188.0,329.0,3,3297,157,3469,34.0,2286,38.0,12.0,773,595.0,17101,117996,7205,142897,1218,37,34054,107587,142897,19.255390835579515,35.27628032345013,12.918173598553343,3.0864015564661145,1.599753668726425,INDUSINDBK,7.93,15.2,6.667947558770344,1.2711555959963603,0.0830808204510941,83942,1,,1,11.23,OK,12.95,OK,10.2,OK,-3185.0,Accrual Risk,2.1731805929919137,Asset Light,-76.05062082139446,Growth Funded by Debt,5.832651281350384,0.03183735021255563,6.204580788555968,32.583402036716635,34.32620011567381,16.35463100544824,97.99516797539579,43.21660371299011,23.414479906888193
1052,RELIANCE,Mar 2022,694673,586092,108581.0,16.0,19600,14584,29782,83815,19.0,67845,45.0,9.0,1183,6765.0,772720,319158,399979,1498622,627798,172506,394264,304054,1498622,9.76646566082171,15.630519683361811,8.703823678454365,9.883192265367368,4.527158950022088,RELIANCE,9.61,9.25,0.4094472632571505,8.789152495885903,0.4635411731577409,-75106,0,,0,9.51,OK,14.92,OK,11.95,OK,1492.0,High Quality,15.714156156925633,Capital Intensive,1.374089389488032,Mixed,5.810447719123106,0.04353968816504963,5.24577260172779,33.94111636224294,29.352226720647778,18.306092124814263,99.8768927052096,43.284921191293435,23.409433055826025
699,INDUSINDBK,Mar 2015,9692,6272,3133.0,288.0,3,2548,127,2709,34.0,1794,34.0,12.0,772,529.0,10115,94752,6390,111787,1120,38,22878,87751,111787,18.51011143210896,32.32562938505985,16.85456595264938,2.972598580591294,1.6048377718339342,INDUSINDBK,7.93,15.2,8.901916572717024,1.2307692307692308,0.0867006002486872,71874,1,,1,11.23,OK,12.95,OK,10.2,OK,-1697.0,Accrual Risk,2.8477094510936856,Asset Light,-54.165336737950845,Growth Funded by Debt,5.8533904070144205,0.031641410549157936,6.129274051453341,33.015362463567854,34.32620011567381,16.35463100544824,97.32348713482845,43.216236714351126,23.407648138100196
630,HINDUNILVR,Mar 2024,61896,334,47237.0,14659.0,24,817,1216,13926,26.0,10282,44.0,96.0,717,235.0,50983,1484,25787,78489,53744,1025,4625,19095,78489,16.611735814915342,76.31672482874498,20.074973642078955,89.63037455884027,13.099924830230988,HINDUNILVR,27.2,20.2,0.0289741887617634,57.847001223990205,0.7885945801322478,-3141,0,,0,9.51,OK,9.75,OK,8.21,OK,10145.0,High Quality,8.601525138942742,Capital Intensive,21.47680843406652,Reinvestor,5.870357323356236,0.18084397160211135,5.93745273872108,36.45304752725879,29.352226720647778,13.184744923229323,99.99128841656228,43.73071926233805,23.399702367785416
1177,TATASTEEL,Mar 2018,123249,101816,21433.0,17.0,10898,5455,5742,21135,16.0,17743,12.0,9.0,1432,1145.0,59726,92147,55704,208722,96105,16614,17899,78103,208722,14.396060008600475,17.38999910749783,29.14852721328712,14.006848867453504,8.500780943072604,TATASTEEL,7.02,6.55,1.5138078888140494,5.926856095325389,0.5904935751861328,74248,0,,0,9.59,OK,16.57,OK,14.87,OK,-3707.0,Accrual Risk,9.517318598933866,Capital Intensive,-17.29575887649886,Mixed,5.918161899426211,0.050639571804904415,5.713569836988109,32.43186753213577,29.583574320416428,19.940564635958395,99.54484786992647,43.25891095547571,23.39876958601751
492,GAIL,Mar 2015,60557,54926,5631.0,9.0,945,652,1433,4492,32.0,3160,5.0,24.0,570,1268.0,32754,18291,17355,69669,33976,13806,1272,20615,69669,5.21822415245141,9.29867727925756,9.288107695020868,10.764054823848756,4.53573325295325,GAIL,14.7,14.0,0.5376227147140086,10.085889570552148,0.8692101221490189,17019,0,,0,13.41,OK,3.94,OK,5.15,OK,1405.0,High Quality,4.638604950707598,Moderate,24.95116320369384,Reinvestor,5.813526055465887,0.04505630855113095,4.78619566191822,33.91586061147947,40.630422209369584,7.429420505200595,99.83835457221082,43.296704889550206,23.39718817024435
72,ABB,Mar 2024,5849,4396,1453.0,25.0,248,12,71,1618,26.0,1201,565.0,73.0,147,21.0,3678,83,1411,5193,225,10,0,4958,5193,20.53342451701145,24.84185330825782,32.46823465801568,38.41882601797991,23.127286732139417,ABB,46.0,34.9,0.0224384968910516,141.75,1.1263238975544,83,0,,0,8.19,OK,16.73,OK,16.74,OK,1095.0,High Quality,84.51017267909045,Capital Intensive,75.36132140399174,Reinvestor,5.935651982647317,0.09267076254465915,6.33371966722042,33.82586885588546,25.53499132446501,20.09905894006934,99.99325348366125,44.49316188831842,23.394255637991908
768,ITC,Mar 2021,49257,32193,17065.0,35.0,2577,58,1646,17938,25.0,13383,11.0,101.0,840,1231.0,59116,271,13143,73761,23298,4011,24871,21580,73761,27.16974237164261,34.64482205574842,22.17674449434106,28.151704114289483,18.14373449383821,ITC,34.76,29.47,0.0044906954778199,338.6551724137931,0.6677919225607029,-24600,0,,0,8.75,OK,5.96,OK,5.92,OK,18267.0,Moderate,11.653166047465335,Capital Intensive,107.04365660709054,Liquidating Assets,5.881430632595016,0.07499340046860051,7.004286224783855,38.81083152382169,27.154424522845577,9.430411094601288,99.99864979590386,46.28247691774995,23.38423967321032
559,HCLTECH,Mar 2017,47568,37178,10390.0,22.0,1069,89,828,10542,18.0,8606,30.0,40.0,634,285.0,32664,582,12231,45762,15235,448,1306,28773,45762,18.091994618230743,21.84241506895392,26.11915384381924,30.98625152843637,18.805996241423014,HCLTECH,29.6,23.3,0.0176636620231266,128.75280898876406,1.039465058345352,-724,0,,0,10.29,OK,9.09,OK,8.97,OK,5105.0,High Quality,8.177766565758493,Capital Intensive,49.13378248315688,Reinvestor,5.9022014591699685,0.07987376727749361,6.0870254493394365,34.98995575889177,31.607865818392135,12.530955918771669,99.99468911910544,44.37505392329287,23.38261728616252
72,ABB,Mar 2024,5849,4396,1453.0,25.0,248,12,71,1618,26.0,1201,565.0,73.0,147,21.0,3678,83,1411,5193,225,10,0,4958,5193,20.53342451701145,24.84185330825782,32.46823465801568,38.41882601797991,23.127286732139417,ABB,46.0,34.9,0.0224384968910516,141.75,1.1263238975544,83,0,,0,8.19,OK,16.73,OK,16.74,OK,797.0,High Quality,7.112326893486067,Moderate,54.852030282174816,Reinvestor,5.935651982647317,0.09267076254465915,6.33371966722042,33.7393606521209,25.53499132446501,20.09905894006934,99.99325348366125,44.49316188831842,23.381279407427222
1176,TATASTEEL,Mar 2017,112299,99156,13144.0,12.0,-3789,5072,5673,-1391,99.0,-4169,-4.0,-23.0,1431,970.0,36849,83014,51614,172447,92007,15784,12457,52200,172447,-3.712410618082084,11.704467537555988,-11.023559586451254,10.87782311123617,-2.4175543790265994,TATASTEEL,7.02,6.55,2.195034242047648,1.8444400630914823,0.6512087771895133,70557,0,,0,9.59,OK,16.57,OK,14.87,OK,1334.0,Accrual Risk,8.45065405747157,Capital Intensive,10.149117468046256,Reinvestor,5.706512784860832,0.04525218848981148,3.8837999138372505,33.89524959648858,29.583574320416428,19.940564635958395,99.34002556187298,43.22181325878587,23.380676682199194
491,GAIL,Mar 2014,61765,53777,7988.0,13.0,1247,669,1644,6922,32.0,4786,7.0,28.0,569,1268.0,31188,18537,15872,66865,27779,18490,1282,19314,66865,7.7487250060714,12.932890795758114,14.746117821050037,15.664895181691604,7.157705825170119,GAIL,14.7,14.0,0.5711424698052748,13.804185351270553,0.9237269124355044,17255,0,,0,13.41,OK,3.94,OK,5.15,OK,149.0,Moderate,7.230632235084594,Moderate,1.8652979469203803,Reinvestor,5.842281918118023,0.05349430415449561,5.041890052014247,33.551248853330854,40.630422209369584,7.429420505200595,99.82827628682067,43.33049375574783,23.37390463926068
561,HCLTECH,Mar 2019,60427,46501,13926.0,23.0,943,174,2073,12622,20.0,10120,37.0,11.0,636,271.0,41095,4195,12788,58349,22888,235,2305,32921,58349,16.747480430933194,23.04598937561024,24.46453609244307,30.565615328899717,17.343913348986273,HCLTECH,29.6,23.3,0.101411787458299,85.45402298850574,1.035613292430033,1890,0,,0,10.29,OK,9.09,OK,8.97,OK,5715.0,Moderate,5.388319790821983,Moderate,41.03834554071521,Reinvestor,5.893484003595189,0.07914953915677424,5.951169049763557,35.1670363102219,31.607865818392135,12.530955918771669,99.96950881851173,43.9815895587124,23.37202243946777
627,HINDUNILVR,Mar 2021,47028,117,35402.0,11626.0,25,170,1074,10605,25.0,7999,34.0,119.0,714,235.0,47439,0,21066,68740,51443,745,2709,13843,68740,17.00901590541805,75.27855745513311,16.778537567646936,74.25850568444015,11.636601687518183,HINDUNILVR,27.2,20.2,0.0,208.39411764705883,0.6841431480942682,-2709,0,,0,9.51,OK,9.75,OK,8.21,OK,7935.0,High Quality,2.611210342774517,Asset Light,22.41398791028756,Reinvestor,5.852989846783437,0.15437753880551672,5.977595894686852,35.81149339866928,29.352226720647778,13.184744923229323,100.0,45.0987697546191,23.37150548228581
1035,RECLTD,Mar 2018,22658,3379,19279.0,85.0,18,13333,7,5958,25.0,4451,17.0,41.0,1166,1975.0,30613,204367,5416,242370,132,129,2948,239162,242370,19.6442757524936,85.08694500838556,13.658401865717442,8.13614399358528,1.8364484053306929,RECLTD,10.0,22.2,6.271234810359641,1.4473111827795695,0.0934851673061847,201419,1,,1,11.45,OK,24.52,OK,24.57,OK,-32464.0,Accrual Risk,0.2030188013063818,Asset Light,-168.39047668447537,Distress Signal,5.836551219586169,0.0405317171723663,6.243875654434256,24.083825868855886,34.962406015037594,27.815750371471022,98.11444642136024,43.21820447255922,23.366667804841818
67,ABB,Mar 2019,3679,3074,605.0,16.0,113,2,17,699,36.0,450,212.0,31.0,142,21.0,1987,0,932,2941,105,1,0,2835,2941,12.231584669747214,16.444686055993476,22.41035856573705,30.12948207171315,15.300918055083304,ABB,46.0,34.9,0.0,359.0,1.2509350561033663,0,0,,0,8.19,OK,16.73,OK,16.74,OK,242.0,High Quality,6.985593911388964,Moderate,40.0,Reinvestor,5.882661442724632,0.07839862906015538,5.494860485100615,33.578246380009055,25.53499132446501,20.09905894006934,100.0,46.46735426416466,23.363234824487797
629,HINDUNILVR,Mar 2023,60580,114,46433.0,14147.0,23,448,1137,13344,24.0,10143,43.0,91.0,716,235.0,50069,1219,21554,73077,52678,1132,2882,16385,73077,16.743149554308353,76.64740838560581,20.16340648854962,90.12091687207656,13.879880126441972,HINDUNILVR,27.2,20.2,0.024232665394402,103.69642857142856,0.8289886010646305,-1663,0,,0,9.51,OK,9.75,OK,8.21,OK,8507.0,Moderate,2.449653350940905,Asset Light,18.321021687162148,Reinvestor,5.870823237256784,0.1816885601991931,5.9507314364525055,35.97754270253951,29.352226720647778,13.184744923229323,99.99271403633637,44.14736179355199,23.35083354833356
1172,TATASTEEL,Mar 2013,134712,130746,3965.0,3.0,1445,3968,5575,-4133,78.0,-7272,-6.0,-11.0,1427,971.0,33201,68529,44176,146876,68002,14277,3258,61340,146876,-5.398182789951898,2.943316111408041,-21.280580592297788,3.86072190144205,-4.951115226449522,TATASTEEL,7.02,6.55,2.0054137890670725,1.3634072580645162,0.9171818404640648,65271,0,,1,9.59,OK,16.57,OK,14.87,OK,936.0,Accrual Risk,9.723706870954333,Capital Intensive,23.60655737704918,Reinvestor,5.652473037690415,0.033170532113909926,3.713461110469339,33.779711794145314,29.583574320416428,19.940564635958395,99.39703818131918,43.217442021519055,23.342480703879037
406,COALINDIA,Mar 2020,96080,503,74500.0,21581.0,22,6444,3451,24071,31.0,16700,27.0,44.0,484,6163.0,25994,6434,111430,150020,36784,8328,1973,102936,150020,17.38134887593672,77.53955037468776,51.93270516528283,193.05019305019303,11.131849086788428,COALINDIA,63.6,52.0,0.2000808533134309,11.56455617628802,0.64044794027463,4461,0,,0,7.87,OK,15.52,OK,15.71,OK,6010.0,Accrual Risk,1.0751457119067445,Asset Light,8.067114093959733,Liquidating Assets,6.038201744846225,0.3589064894587254,6.015218269590706,35.2526736260291,24.6096009253904,18.90044576523031,99.93984228299676,43.31014181631412,23.341539769713695
214,BAJAJ-AUTO,Mar 2021,27741,22803,4938.0,18.0,1570,7,259,6241,22.0,4857,168.0,83.0,307,289.0,26984,121,6207,33602,1668,16,24687,7232,33602,17.508381096571863,17.800367686817346,17.808821911780882,18.025845075563996,14.454496756145469,BAJAJ-AUTO,33.5,26.5,0.0044366223004436,929.7142857142856,0.8255758585798464,-24566,0,,0,10.32,OK,7.18,OK,7.88,OK,251.0,Moderate,10.342092931040698,Capital Intensive,5.0830295666261645,Reinvestor,5.858417963332959,0.057559256972715606,6.0280542368781225,33.58085904388114,31.694621168305382,10.63893016344725,99.9986660539258,51.653544329267895,23.34035185549844
214,BAJAJ-AUTO,Mar 2021,27741,22803,4938.0,18.0,1570,7,259,6241,22.0,4857,168.0,83.0,307,289.0,26984,121,6207,33602,1668,16,24687,7232,33602,17.508381096571863,17.800367686817346,17.808821911780882,18.025845075563996,14.454496756145469,BAJAJ-AUTO,33.5,26.5,0.0044366223004436,929.7142857142856,0.8255758585798464,-24566,0,,0,10.32,OK,7.18,OK,7.88,OK,251.0,Moderate,10.342092931040698,Capital Intensive,5.0830295666261645,Reinvestor,5.858417963332959,0.057559256972715606,6.0280542368781225,33.58085904388114,31.694621168305382,10.63893016344725,99.9986660539258,51.653544329267895,23.34035185549844
628,HINDUNILVR,Mar 2022,52446,106,39589.0,12857.0,25,219,1091,11879,25.0,8892,38.0,90.0,715,235.0,48826,1043,20402,70506,51473,1313,3521,14199,70506,16.954581855622926,75.48526103039318,18.12437577709382,79.0136516046623,12.61169262190452,HINDUNILVR,27.2,20.2,0.0212592486904058,180.8858447488585,0.7438515870989703,-2478,0,,0,9.51,OK,9.75,OK,8.21,OK,7320.0,High Quality,3.294817526598788,Moderate,18.489984591679505,Reinvestor,5.860080478315666,0.16256468579225367,5.972095607602217,35.63296136741021,29.352226720647778,13.184744923229323,99.99360804472173,44.84879680811357,23.332920115463892
67,ABB,Mar 2019,3679,3074,605.0,16.0,113,2,17,699,36.0,450,212.0,31.0,142,21.0,1987,0,932,2941,105,1,0,2835,2941,12.231584669747214,16.444686055993476,22.41035856573705,30.12948207171315,15.300918055083304,ABB,46.0,34.9,0.0,359.0,1.2509350561033663,0,0,,0,8.19,OK,16.73,OK,16.74,OK,-459.0,High Quality,82.90296276162,Capital Intensive,-75.86776859504131,Mixed,5.882661442724632,0.07839862906015538,5.494860485100615,33.374748893972296,25.53499132446501,20.09905894006934,100.0,46.46735426416466,23.332710201582287
980,PFC,Mar 2015,24988,1103,8429.0,34.0,25,15456,8,8446,29.0,6004,18.0,20.0,1051,1320.0,31091,187795,8705,228912,102,2,528,228280,228912,24.02753321594365,33.73219145189691,18.52457498997254,3.8277794428852983,2.6228419654714474,PFC,9.96,19.49,5.794174817191694,0.546972049689441,0.109159851820787,187267,1,,1,9.56,OK,24.41,OK,23.81,OK,-21946.0,Accrual Risk,1.964943172722907,Asset Light,-260.3630323881836,Growth Funded by Debt,5.8621889525275686,0.03311381361255718,6.686781785901237,27.137159047364694,29.496818970503185,27.706785537394747,98.25788263520727,43.21002291834876,23.32854162016318
557,HCLTECH,Jun 2015,36701,28215,8486.0,23.0,1126,91,404,9117,20.0,7342,26.0,58.0,632,281.0,23943,648,10372,35245,8275,552,869,25548,35245,20.004904498515028,23.121985776954308,30.30878467635403,34.11868768092634,20.831323591998867,HCLTECH,29.6,23.3,0.0267503302509907,105.62637362637362,1.0413108242303872,-221,0,,0,10.29,OK,9.09,OK,8.97,OK,3451.0,Moderate,5.689218277431133,Moderate,40.66698090973368,Reinvestor,5.9242747873613135,0.08526702242407933,6.280315376291348,34.509806198399886,31.607865818392135,12.530955918771669,99.99195705750785,44.164899574050374,23.32299324590541
979,PFC,Mar 2014,21407,748,7607.0,36.0,23,13053,5,7624,28.0,5462,17.0,22.0,1050,1320.0,26202,159215,7582,194320,72,1,27,194220,194320,25.51501845190825,35.53510533937497,19.845941428675243,4.073643680684599,2.81082750102923,PFC,9.96,19.49,5.785008356950803,0.5845399525013407,0.1101636475916014,159188,1,,1,9.56,OK,24.41,OK,23.81,OK,-22464.0,Accrual Risk,0.0420423226047554,Asset Light,-295.30695412120417,Distress Signal,5.869150653027769,0.03353712904544107,6.8370846912105625,26.98678572672697,29.496818970503185,27.706785537394747,98.26063868763288,43.21036430507975,23.32239517379588
71,ABB,Mar 2023,5349,4143,1206.0,23.0,154,16,70,1274,25.0,949,447.0,73.0,146,21.0,3167,113,1254,4556,237,4,0,4315,4556,17.74163395027108,22.54627033090297,29.767879548306148,36.53438352014541,20.82967515364355,ABB,46.0,34.9,0.0354454203262233,85.0,1.1740561896400352,113,0,,0,8.19,OK,16.73,OK,16.74,OK,745.0,Moderate,2.766872312581791,Asset Light,61.77446102819238,Reinvestor,5.921424995365545,0.08942623378010255,6.051623265151501,33.72426526085997,25.53499132446501,20.09905894006934,99.98934273055251,43.97746376482348,23.322170976076848
1173,TATASTEEL,Mar 2014,148614,132430,16184.0,11.0,716,4337,5841,6722,45.0,3665,3.0,27.0,1428,971.0,39561,81629,49443,171604,74907,26822,5093,64781,171604,2.466120284764558,10.889956531686112,9.042238231520772,13.24809063449055,2.1357311018391183,TATASTEEL,7.02,6.55,2.013939603276424,3.896702789946968,0.8660287638982774,76536,0,,0,9.59,OK,16.57,OK,14.87,OK,-2232.0,High Quality,10.34761193427268,Capital Intensive,-13.791398912506178,Mixed,5.812230677047836,0.04933318388645032,4.508109401278379,32.86005411117175,29.583574320416428,19.940564635958395,99.3944747500366,43.240462563405394,23.31047147556083
435,DIVISLAB,Mar 2023,7767,5397,2370.0,31.0,344,2,343,2369,23.0,1824,69.0,44.0,513,53.0,12714,4,1654,14425,4722,212,77,9414,14425,23.483970645036692,30.513711857860176,14.286833241951909,18.557669720460417,12.64471403812825,DIVISLAB,16.5,12.2,0.000313307746534,1357.0,0.5384402079722703,-73,0,,0,9.81,OK,5.92,OK,5.82,OK,-248.0,High Quality,34.852581434273205,Capital Intensive,-10.464135021097048,Reinvestor,5.839862149013563,0.05847492320293989,6.631857520671981,33.43600134697338,30.219780219780223,9.390787518573552,99.99990579868869,55.536371484392745,23.298278696709417
698,INDUSINDBK,Mar 2014,8254,5363,2555.0,335.0,4,1891,98,2128,34.0,1408,27.0,13.0,771,526.0,8517,75264,2719,87026,991,25,21563,64447,87026,17.058395929246426,30.95468863581294,15.570054185557892,3.0305905796671686,1.617907292073633,INDUSINDBK,7.93,15.2,8.3229016919164,1.3532522474881017,0.0948452186702824,53701,1,,1,11.23,OK,12.95,OK,10.2,OK,-4280.0,Accrual Risk,2.1080688151199416,Asset Light,-167.51467710371818,Growth Funded by Debt,5.846622877622457,0.03174125796256113,5.982585497854802,32.26552793227975,34.32620011567381,16.35463100544824,97.49757782248311,43.21734974099221,23.296963678477194
1178,TATASTEEL,Mar 2019,157669,128351,29318.0,19.0,1524,7660,7342,15841,42.0,9122,9.0,15.0,1433,1145.0,67780,100816,63032,232773,124442,18641,5738,83952,232773,5.785538057576315,18.59465081912107,13.234675371780922,17.272197053157456,3.918839384292852,TATASTEEL,7.02,6.55,1.4626913311570549,4.026370757180157,0.6773508955076405,95078,0,,0,9.59,OK,16.57,OK,14.87,OK,-3840.0,High Quality,18.504588727016724,Capital Intensive,-13.097755644996248,Reinvestor,5.834318790444346,0.05626166753188143,4.843519880069103,32.39325816602608,29.583574320416428,19.940564635958395,99.56021693377633,43.24164088106848,23.2946323312992
625,HINDUNILVR,Mar 2019,39310,33,30430.0,8880.0,23,322,565,8604,30.0,6060,28.0,78.0,712,216.0,7651,99,10663,18629,4715,406,2716,10792,18629,15.41592470109387,77.41032816077335,77.03063429515699,381.9984935977906,32.52992645874711,HINDUNILVR,27.2,20.2,0.0125842125333672,94.57453416149067,2.1101508400880347,-2617,0,,0,9.51,OK,9.75,OK,8.21,OK,5362.0,Moderate,1.1142203001780715,Asset Light,17.620768977982255,Reinvestor,6.170431730911999,0.6842272126143806,5.816622037169951,35.064561827239054,29.352226720647778,13.184744923229323,99.99621634212492,44.064469391262584,23.291876226864424
490,GAIL,Mar 2013,50974,43547,7427.0,15.0,887,437,1319,6558,34.0,4367,6.0,28.0,568,1268.0,27526,16472,14542,59809,24303,18376,1254,15876,59809,8.567112645662494,14.570173029387531,15.166354101548936,16.40745813634958,7.301576685783076,GAIL,14.7,14.0,0.5720636243661874,19.02517162471396,0.8522797572271732,15218,0,,0,13.41,OK,3.94,OK,5.15,OK,-2023.0,High Quality,16.9223525718994,Capital Intensive,-27.23845428840717,Mixed,5.844495958855295,0.05477280793938189,5.1245840088520875,32.92072597220126,40.630422209369584,7.429420505200595,99.8279993260097,43.37793785837352,23.29040006831429
208,BAJAJ-AUTO,Mar 2015,21595,17467,4128.0,19.0,228,6,267,4083,31.0,3026,105.0,48.0,301,289.0,10806,112,4758,15966,2448,255,8985,4277,15966,14.012502894188469,19.115536003704563,27.273546642631818,36.834121531185865,18.95277464612301,BAJAJ-AUTO,33.5,26.5,0.0100946372239747,726.0,1.3525616935988976,-8873,0,,0,10.32,OK,7.18,OK,7.88,OK,1734.0,Moderate,1.7596665894883077,Asset Light,42.00581395348838,Reinvestor,5.908283448760087,0.08994230609314437,5.674813318769088,34.01136799080342,31.694621168305382,10.63893016344725,99.99696487535257,49.802353582625294,23.28759257826254
208,BAJAJ-AUTO,Mar 2015,21595,17467,4128.0,19.0,228,6,267,4083,31.0,3026,105.0,48.0,301,289.0,10806,112,4758,15966,2448,255,8985,4277,15966,14.012502894188469,19.115536003704563,27.273546642631818,36.834121531185865,18.95277464612301,BAJAJ-AUTO,33.5,26.5,0.0100946372239747,726.0,1.3525616935988976,-8873,0,,0,10.32,OK,7.18,OK,7.88,OK,1734.0,Moderate,1.7596665894883077,Asset Light,42.00581395348838,Reinvestor,5.908283448760087,0.08994230609314437,5.674813318769088,34.01136799080342,31.694621168305382,10.63893016344725,99.99696487535257,49.802353582625294,23.28759257826254
619,HINDUNILVR,Mar 2013,27004,26,22784.0,4220.0,16,1123,251,5066,24.0,3839,18.0,104.0,706,216.0,2649,25,9202,12092,2431,222,2252,7186,12092,14.216412383350615,84.37268552806991,133.99650959860384,788.3737024221454,31.74826331458816,HINDUNILVR,27.2,20.2,0.0087260034904013,20.302760463045413,2.2332120410188554,-2227,0,,0,9.51,OK,9.75,OK,8.21,OK,3668.0,Moderate,0.2332987705525107,Asset Light,16.099016853932586,Liquidating Assets,6.47055995498262,1.3839015490552455,5.695417347568968,34.57280042731569,29.352226720647778,13.184744923229323,99.99737637839978,43.38954755293785,23.28734812688175
70,ABB,Mar 2022,4913,3832,1082.0,22.0,83,19,66,1080,26.0,799,376.0,73.0,145,21.0,2799,152,1253,4224,271,1,0,3952,4224,16.26297577854671,22.023203745165887,28.33333333333333,36.4064602960969,18.915719696969692,ABB,46.0,34.9,0.0539007092198581,61.31578947368421,1.1631155303030305,152,0,,0,8.19,OK,16.73,OK,16.74,OK,552.0,High Quality,8.0602483207816,Capital Intensive,51.01663585951941,Reinvestor,5.913867000240329,0.08920598265513739,5.902212290308832,33.66823813560306,25.53499132446501,20.09905894006934,99.98379383355366,43.762240805794754,23.286354047771447
69,ABB,Mar 2021,4310,3388,922.0,21.0,81,18,58,926,25.0,691,325.0,85.0,144,21.0,2581,153,1086,3840,251,1,0,3589,3840,16.03248259860789,21.392111368909514,26.5564950038432,33.46642468239565,17.994791666666668,ABB,46.0,34.9,0.0588009223674096,55.72222222222222,1.1223958333333333,153,0,,0,8.19,OK,16.73,OK,16.74,OK,655.0,High Quality,1.6705336426914157,Asset Light,71.04121475054231,Reinvestor,5.90450561801896,0.08414399210438495,5.878922113195696,33.69813862213913,25.53499132446501,20.09905894006934,99.98232050099384,43.71141098843403,23.283910872528242
65,ABB,Mar 2017,2903,2505,398.0,14.0,57,2,16,436,37.0,277,130.0,31.0,140,21.0,1366,0,679,2066,110,6,0,1950,2066,9.541853255253187,13.709955218739236,19.971160778658977,28.69502523431867,13.407550822846078,ABB,46.0,34.9,0.0,227.5,1.40513068731849,0,0,,0,8.19,OK,16.73,OK,16.74,OK,459.0,High Quality,59.59352394075095,Capital Intensive,115.32663316582914,Reinvestor,5.8698103788887295,0.0759288606932301,5.223076647301342,33.64124060892486,25.53499132446501,20.09905894006934,100.0,45.27238856831296,23.28358265384058
216,BAJAJ-AUTO,Mar 2023,36455,29991,6465.0,18.0,1703,40,286,7842,23.0,6060,214.0,65.0,309,283.0,29079,124,5651,35136,2842,85,26183,6026,35136,16.62323412426279,17.734192840488273,20.638921054424088,21.92565963508105,17.247267759562842,BAJAJ-AUTO,33.5,26.5,0.0042231455622913,204.2,1.037539845173042,-26059,0,,0,10.32,OK,7.18,OK,7.88,OK,6488.0,Moderate,3.3219037169112604,Moderate,100.35576179427687,Liquidating Assets,5.873328515046609,0.06427374177622114,5.9386145850771195,35.39143510723534,31.694621168305382,10.63893016344725,99.99873023934379,45.060657003952926,23.276264383334915
216,BAJAJ-AUTO,Mar 2023,36455,29991,6465.0,18.0,1703,40,286,7842,23.0,6060,214.0,65.0,309,283.0,29079,124,5651,35136,2842,85,26183,6026,35136,16.62323412426279,17.734192840488273,20.638921054424088,21.92565963508105,17.247267759562842,BAJAJ-AUTO,33.5,26.5,0.0042231455622913,204.2,1.037539845173042,-26059,0,,0,10.32,OK,7.18,OK,7.88,OK,6488.0,Moderate,3.3219037169112604,Moderate,100.35576179427687,Liquidating Assets,5.873328515046609,0.06427374177622114,5.9386145850771195,35.39143510723534,31.694621168305382,10.63893016344725,99.99873023934379,45.060657003952926,23.276264383334915
1037,RECLTD,Mar 2020,29942,3981,25961.0,87.0,72,18991,12,7030,29.0,4972,19.0,44.0,1168,1975.0,33422,286289,25345,347030,166,288,2386,344190,347030,16.605437178545188,86.70429497027587,14.046388111986891,8.070292148243938,1.432729158862346,RECLTD,10.0,22.2,8.087945306099387,1.3708072244747511,0.0862807250093651,283903,1,,1,11.45,OK,24.52,OK,24.57,OK,-32591.0,Accrual Risk,0.4041146216017634,Asset Light,-125.5383074611918,Distress Signal,5.838595349030971,0.04041833711080717,5.9368162931799535,24.046958278660924,34.962406015037594,27.815750371471022,97.5682214624517,43.217509266431684,23.276069755400478
217,BAJAJ-AUTO,Mar 2024,44870,36106,8765.0,20.0,1700,60,365,10040,23.0,7708,276.0,29.0,310,279.0,28683,1912,8470,39344,3217,35,28087,8005,39344,17.178515712057056,19.53420993982616,26.61418410330778,28.389583468290468,19.59129727531517,BAJAJ-AUTO,33.5,26.5,0.0660175402251225,174.41666666666666,1.1404534363562424,-26175,0,,0,10.32,OK,7.18,OK,7.88,OK,6486.0,Moderate,0.1604635613995988,Asset Light,73.99885909868796,Reinvestor,5.904809556594086,0.07540296797062683,5.994722998049791,35.39085451526376,31.694621168305382,10.63893016344725,99.98015070189705,44.790010147363965,23.272232918113886
217,BAJAJ-AUTO,Mar 2024,44870,36106,8765.0,20.0,1700,60,365,10040,23.0,7708,276.0,29.0,310,279.0,28683,1912,8470,39344,3217,35,28087,8005,39344,17.178515712057056,19.53420993982616,26.61418410330778,28.389583468290468,19.59129727531517,BAJAJ-AUTO,33.5,26.5,0.0660175402251225,174.41666666666666,1.1404534363562424,-26175,0,,0,10.32,OK,7.18,OK,7.88,OK,6486.0,Moderate,0.1604635613995988,Asset Light,73.99885909868796,Reinvestor,5.904809556594086,0.07540296797062683,5.994722998049791,35.39085451526376,31.694621168305382,10.63893016344725,99.98015070189705,44.790010147363965,23.272232918113886
65,ABB,Mar 2017,2903,2505,398.0,14.0,57,2,16,436,37.0,277,130.0,31.0,140,21.0,1366,0,679,2066,110,6,0,1950,2066,9.541853255253187,13.709955218739236,19.971160778658977,28.69502523431867,13.407550822846078,ABB,46.0,34.9,0.0,227.5,1.40513068731849,0,0,,0,8.19,OK,16.73,OK,16.74,OK,152.0,High Quality,5.339304168101963,Moderate,38.19095477386934,Reinvestor,5.8698103788887295,0.0759288606932301,5.223076647301342,33.552119741288216,25.53499132446501,20.09905894006934,100.0,45.27238856831296,23.27021452369508
70,ABB,Mar 2022,4913,3832,1082.0,22.0,83,19,66,1080,26.0,799,376.0,73.0,145,21.0,2799,152,1253,4224,271,1,0,3952,4224,16.26297577854671,22.023203745165887,28.33333333333333,36.4064602960969,18.915719696969692,ABB,46.0,34.9,0.0539007092198581,61.31578947368421,1.1631155303030305,152,0,,0,8.19,OK,16.73,OK,16.74,OK,161.0,High Quality,80.11398330958681,Capital Intensive,14.87985212569316,Reinvestor,5.913867000240329,0.08920598265513739,5.902212290308832,33.5547324051603,25.53499132446501,20.09905894006934,99.98379383355366,43.762240805794754,23.26932818820503
68,ABB,Mar 2020,4093,3336,757.0,18.0,114,9,60,803,26.0,593,279.0,90.0,143,21.0,2410,175,940,3547,270,2,0,3275,3547,14.488150500855118,18.49499144881505,24.39325380501851,29.04834996162701,16.718353538201296,ABB,46.0,34.9,0.071986836692719,96.77777777777776,1.153932901043135,175,0,,0,8.19,OK,16.73,OK,16.74,OK,225.0,High Quality,9.79721475690203,Capital Intensive,29.722589167767502,Reinvestor,5.8931084484717315,0.07653719564762555,5.722875118279363,33.57331134825068,25.53499132446501,20.09905894006934,99.9783559312248,44.08449068815282,23.265369354884616
66,ABB,Mar 2018,3298,2774,525.0,16.0,117,4,16,621,35.0,401,189.0,29.0,141,21.0,1672,0,723,2416,81,2,0,2333,2416,12.15888417222559,15.918738629472406,23.685764914353214,31.010041346721795,16.5976821192053,ABB,46.0,34.9,0.0,160.5,1.365066225165563,0,0,,0,8.19,OK,16.73,OK,16.74,OK,-62.0,Accrual Risk,6.519102486355368,Moderate,-11.80952380952381,Reinvestor,5.889380999658315,0.07991472726954396,5.487514465301065,33.48999640032977,25.53499132446501,20.09905894006934,100.0,44.66354673088282,23.26023189225285
624,HINDUNILVR,Mar 2018,35545,26,28046.0,7499.0,21,353,520,7306,28.0,5227,24.0,83.0,711,216.0,7065,0,10581,17862,4528,461,2873,10000,17862,14.70530313686876,78.90279926853285,71.78958934212334,385.19434143661584,29.26324039861158,HINDUNILVR,27.2,20.2,0.0,79.5099150141643,1.989978725786586,-2873,0,,0,9.51,OK,9.75,OK,8.21,OK,4996.0,High Quality,2.990575327050218,Asset Light,17.813591956072166,Reinvestor,6.142818962642411,0.689729646491843,5.744817300493538,34.95831349644097,29.352226720647778,13.184744923229323,100.0,43.92757431063805,23.25870044348066
64,ABB,Mar 2016,2614,2250,365.0,14.0,50,3,14,398,36.0,255,120.0,29.0,139,21.0,1174,0,421,1616,108,3,0,1505,1616,9.755164498852334,13.963274674827847,21.338912133891213,30.543933054393307,15.77970297029703,ABB,46.0,34.9,0.0,138.33333333333334,1.6175742574257426,0,0,,0,8.19,OK,16.73,OK,16.74,OK,728.0,High Quality,31.216526396327467,Capital Intensive,199.45205479452056,Reinvestor,5.877016461179738,0.07911220781692282,5.2446306761232195,33.719330229101594,25.53499132446501,20.09905894006934,100.0,44.46211398367334,23.258337017573314
71,ABB,Mar 2023,5349,4143,1206.0,23.0,154,16,70,1274,25.0,949,447.0,73.0,146,21.0,3167,113,1254,4556,237,4,0,4315,4556,17.74163395027108,22.54627033090297,29.767879548306148,36.53438352014541,20.82967515364355,ABB,46.0,34.9,0.0354454203262233,85.0,1.1740561896400352,113,0,,0,8.19,OK,16.73,OK,16.74,OK,-922.0,High Quality,87.84819592447187,Capital Intensive,-76.45107794361525,Mixed,5.921424995365545,0.08942623378010255,6.051623265151501,33.24034185255286,25.53499132446501,20.09905894006934,99.98934273055251,43.97746376482348,23.24958246483078
1036,RECLTD,Mar 2019,25408,1702,23705.0,93.0,33,15639,8,8090,29.0,5741,22.0,38.0,1167,1975.0,32571,244249,19659,298454,165,199,2463,295627,298454,22.59524559193955,93.29738664987406,16.618421814392402,8.502663247188796,1.9235795130907944,RECLTD,10.0,22.2,7.0702541538817805,1.5178719866999169,0.0851320471496445,241786,1,,0,11.45,OK,24.52,OK,24.57,OK,-35409.0,Accrual Risk,1.7986460957178845,Asset Light,-149.37354988399073,Distress Signal,5.852146267071653,0.041162769731649465,6.542056321794827,23.22890419071285,34.962406015037594,27.815750371471022,97.87420764412744,43.21884567210414,23.246658164489133
68,ABB,Mar 2020,4093,3336,757.0,18.0,114,9,60,803,26.0,593,279.0,90.0,143,21.0,2410,175,940,3547,270,2,0,3275,3547,14.488150500855118,18.49499144881505,24.39325380501851,29.04834996162701,16.718353538201296,ABB,46.0,34.9,0.071986836692719,96.77777777777776,1.153932901043135,175,0,,0,8.19,OK,16.73,OK,16.74,OK,-206.0,High Quality,137.86953334962132,Capital Intensive,-27.21268163804492,Mixed,5.8931084484717315,0.07653719564762555,5.722875118279363,33.448193778376435,25.53499132446501,20.09905894006934,99.9783559312248,44.08449068815282,23.24660171940348
69,ABB,Mar 2021,4310,3388,922.0,21.0,81,18,58,926,25.0,691,325.0,85.0,144,21.0,2581,153,1086,3840,251,1,0,3589,3840,16.03248259860789,21.392111368909514,26.5564950038432,33.46642468239565,17.994791666666668,ABB,46.0,34.9,0.0588009223674096,55.72222222222222,1.1223958333333333,153,0,,0,8.19,OK,16.73,OK,16.74,OK,-225.0,High Quality,93.01624129930394,Capital Intensive,-24.40347071583514,Reinvestor,5.90450561801896,0.08414399210438495,5.878922113195696,33.44267815464648,25.53499132446501,20.09905894006934,99.98232050099384,43.71141098843403,23.245591802404345
556,HCLTECH,Jun 2014,32144,24108,8035.0,25.0,677,114,681,7917,18.0,6528,23.0,11.0,631,140.0,19410,1018,9412,29980,7444,531,662,21343,29980,20.3086112493778,24.99688899950224,33.39130434782609,39.06553870089459,21.77451634422949,HCLTECH,29.6,23.3,0.0520716112531969,76.42105263157895,1.0721814543028685,356,0,,0,10.29,OK,9.09,OK,8.97,OK,1615.0,Moderate,15.063464410154308,Capital Intensive,20.099564405724955,Reinvestor,5.94051523218435,0.09378423663820751,6.311003416692051,33.976822768494756,31.607865818392135,12.530955918771669,99.98434378301674,43.89950522633086,23.235371278769488
620,HINDUNILVR,Mar 2014,29234,41,24475.0,4759.0,16,792,296,5215,24.0,3956,18.0,71.0,707,216.0,3321,46,10171,13754,2746,373,2838,7797,13754,13.532188547581583,83.72100978312923,111.84619734238056,683.0867987719788,28.762541806020064,HINDUNILVR,27.2,20.2,0.0130053717839977,30.9229797979798,2.125490766322524,-2792,0,,0,9.51,OK,9.75,OK,8.21,OK,3343.0,Moderate,1.6248204145857563,Asset Light,13.658835546475997,Reinvestor,6.353859670037332,1.202624387339448,5.626279968648171,34.47845423193488,29.352226720647778,13.184744923229323,99.99608971342161,43.4860555209049,23.235346432669715
64,ABB,Mar 2016,2614,2250,365.0,14.0,50,3,14,398,36.0,255,120.0,29.0,139,21.0,1174,0,421,1616,108,3,0,1505,1616,9.755164498852334,13.963274674827847,21.338912133891213,30.543933054393307,15.77970297029703,ABB,46.0,34.9,0.0,138.33333333333334,1.6175742574257426,0,0,,0,8.19,OK,16.73,OK,16.74,OK,172.0,Moderate,2.9456771231828616,Asset Light,47.12328767123288,Reinvestor,5.877016461179738,0.07911220781692282,5.2446306761232195,33.557925661003964,25.53499132446501,20.09905894006934,100.0,44.46211398367334,23.23412633235867
621,HINDUNILVR,Mar 2015,31972,18,26560.0,5412.0,17,1247,322,6320,31.0,4376,20.0,74.0,708,216.0,3811,43,10359,14430,2821,516,3025,8067,14430,13.68697610409108,83.07268860252721,108.66650111745716,652.5798525798525,30.325710325710325,HINDUNILVR,27.2,20.2,0.0106779240129128,21.312750601443465,2.215661815661816,-2982,0,,0,9.51,OK,9.75,OK,8.21,OK,3430.0,Moderate,0.4316276742149381,Asset Light,12.914156626506024,Liquidating Assets,6.337107244554763,1.150099216339071,5.641920473095949,34.50370998269836,29.352226720647778,13.184744923229323,99.99678950024297,43.39872552684305,23.22863694378563
66,ABB,Mar 2018,3298,2774,525.0,16.0,117,4,16,621,35.0,401,189.0,29.0,141,21.0,1672,0,723,2416,81,2,0,2333,2416,12.15888417222559,15.918738629472406,23.685764914353214,31.010041346721795,16.5976821192053,ABB,46.0,34.9,0.0,160.5,1.365066225165563,0,0,,0,8.19,OK,16.73,OK,16.74,OK,-994.0,High Quality,96.78593086719223,Capital Intensive,-189.33333333333331,Mixed,5.889380999658315,0.07991472726954396,5.487514465301065,33.21944054157619,25.53499132446501,20.09905894006934,100.0,44.66354673088282,23.219648513439815
978,PFC,Mar 2013,17314,331,5987.0,35.0,12,10995,6,5994,26.0,4438,13.0,21.0,1049,1320.0,22360,139473,6178,169330,75,0,27,169229,169330,25.63243617881483,34.578953448076696,18.741554054054056,3.669561699754218,2.6209177346010746,PFC,9.96,19.49,5.889907094594594,0.5456116416552979,0.1022500442922104,139446,1,,1,9.56,OK,24.41,OK,23.81,OK,-25080.0,Accrual Risk,0.1270648030495552,Asset Light,-418.9076332052781,Distress Signal,5.863332120096159,0.03284140306182829,6.848949162240039,26.227371427907897,29.496818970503185,27.706785537394747,98.2290990951698,43.2100105560603,23.205555476840587
555,HCLTECH,Jun 2013,25581,19901,5680.0,22.0,332,106,637,5270,23.0,4040,14.0,21.0,630,139.0,13025,1044,8191,22399,6753,494,713,14440,22399,15.7929713459208,22.203979516047063,30.689759951382555,39.97747747747748,18.03651948747712,HCLTECH,29.6,23.3,0.0793072014585232,56.71698113207548,1.1420599133889906,331,0,,0,10.29,OK,9.09,OK,8.97,OK,2131.0,High Quality,9.229506274187871,Capital Intensive,37.517605633802816,Reinvestor,5.926281979072141,0.0953543623361462,5.854720705166391,34.126615497160905,31.607865818392135,12.530955918771669,99.97615493885272,43.72045055324708,23.200462323449216
1040,RECLTD,Mar 2023,39486,1858,37628.0,95.0,28,23733,24,13898,20.0,11167,42.0,30.0,1171,2633.0,55487,380790,26592,465503,641,3,3170,461689,465503,28.28090968951021,95.29453477181788,19.2136958017894,8.573055979585792,2.3989104259263634,RECLTD,10.0,22.2,6.551789401238816,1.5866514979142965,0.084824372775256,377620,1,,0,11.45,OK,24.52,OK,24.57,OK,-38303.0,Accrual Risk,2.388188218609128,Asset Light,-101.79387690018072,Growth Funded by Debt,5.865819627985796,0.041283968041144314,7.1165640962693955,22.38878760784496,34.962406015037594,27.815750371471022,98.03009290425669,43.21947068470094,23.195774355117248
623,HINDUNILVR,Mar 2017,33162,35,26834.0,6328.0,19,606,432,6467,31.0,4490,21.0,82.0,710,216.0,6528,277,8685,15706,4419,229,3794,7264,15706,13.539593510644716,80.91791809902901,66.57769869513642,382.1962683378436,28.587800840443144,HINDUNILVR,27.2,20.2,0.041073546856465,44.31188118811881,2.111422386349166,-3517,0,,0,9.51,OK,9.75,OK,8.21,OK,4012.0,High Quality,3.537181110910078,Moderate,14.951181337109636,Reinvestor,6.115359795630616,0.6845677302124191,5.627028202939972,34.672662246426455,29.352226720647778,13.184744923229323,99.98765053843388,43.607723033196585,23.182211269514728
769,ITC,Mar 2022,60645,40021,20623.0,34.0,1910,60,1732,20740,25.0,15503,12.0,93.0,841,1232.0,61223,249,14491,77196,24232,3226,24841,24898,77196,25.563525434908072,34.00610108005606,24.82267232407333,32.88944883898954,20.082646769262656,ITC,34.76,29.47,0.0039868705467936,375.55,0.7855976993626613,-24592,0,,0,8.75,OK,5.96,OK,5.92,OK,13538.0,High Quality,3.690328963640861,Moderate,65.64515346942734,Reinvestor,5.895370866398613,0.08315058704026827,6.841986077991679,37.43802180703445,27.154424522845577,9.430411094601288,99.99880127945222,46.61774728520151,23.18177362146814
770,ITC,Mar 2023,70919,45215,25704.0,36.0,2098,78,1809,25915,25.0,19477,15.0,100.0,842,1243.0,67912,306,16370,85831,25851,3003,29415,27561,85831,27.463726222873987,36.24416587938352,28.16426867182416,37.00493802277537,22.692267362607915,ITC,34.76,29.47,0.0044248427445593,356.43589743589746,0.8262632382239518,-29109,0,,0,8.75,OK,5.96,OK,5.92,OK,13146.0,Moderate,8.082460271577434,Capital Intensive,51.1437908496732,Reinvestor,5.9129762726540065,0.09023640847146563,7.033991815055107,37.32422578060591,27.154424522845577,9.430411094601288,99.99866959564994,46.4440537728738,23.178556340295014
622,HINDUNILVR,Mar 2016,32186,17,26276.0,5910.0,18,486,353,6026,31.0,4151,19.0,83.0,709,216.0,6357,177,8043,14793,3258,408,2592,8535,14793,12.896911700739452,81.63797924563475,63.15228966986155,389.27407407407406,28.06056918812952,HINDUNILVR,27.2,20.2,0.0269283432222729,54.10288065843621,2.175758804840127,-2415,0,,0,9.51,OK,9.75,OK,8.21,OK,3889.0,High Quality,0.8761573354874791,Asset Light,14.800578474653674,Reinvestor,6.097312817119447,0.6967539042811598,5.562088436895453,34.63695584017464,29.352226720647778,13.184744923229323,99.9919035348755,43.6966957213725,23.173746836655663
63,ABB,Mar 2015,2289,1977,312.0,14.0,48,0,15,344,34.0,229,108.0,29.0,138,21.0,916,0,436,1374,96,4,0,1274,1374,10.004368719965049,13.630406290956753,24.439701173959445,33.29775880469584,16.666666666666664,ABB,46.0,34.9,0.0,,1.665938864628821,0,0,Debt Free,0,8.19,OK,16.73,OK,16.74,OK,28.0,Moderate,8.169506334643948,Capital Intensive,8.974358974358974,Reinvestor,5.893353159296919,0.08385359253399471,5.2698115098841,33.51612303905062,25.53499132446501,20.09905894006934,100.0,43.205052478531506,23.17044559037395
62,ABB,Mar 2014,2276,2009,267.0,12.0,49,0,22,295,33.0,198,93.0,25.0,137,21.0,767,0,351,1139,98,1,0,1040,1139,8.699472759226714,11.731107205623902,25.12690355329949,33.88324873096447,17.383669885864794,ABB,46.0,34.9,0.0,,1.9982440737489024,0,0,Debt Free,0,8.19,OK,16.73,OK,16.74,OK,11.0,Moderate,6.32688927943761,Moderate,4.119850187265917,Reinvestor,5.896973727375436,0.08486165667461967,5.137958332935966,33.51118800729223,25.53499132446501,20.09905894006934,100.0,43.205052478531506,23.157163909541218
62,ABB,Mar 2014,2276,2009,267.0,12.0,49,0,22,295,33.0,198,93.0,25.0,137,21.0,767,0,351,1139,98,1,0,1040,1139,8.699472759226714,11.731107205623902,25.12690355329949,33.88324873096447,17.383669885864794,ABB,46.0,34.9,0.0,,1.9982440737489024,0,0,Debt Free,0,8.19,OK,16.73,OK,16.74,OK,0.0,Accrual Risk,0.0,Asset Light,0.0,Cash Accumulator,5.896973727375436,0.08486165667461967,5.137958332935966,33.50799475144858,25.53499132446501,20.09905894006934,100.0,43.205052478531506,23.15668492116467
61,ABB,Dec 2012,1653,1451,202.0,12.0,33,0,19,215,33.0,145,68.0,25.0,136,21.0,626,0,260,907,109,1,0,798,907,8.771929824561402,12.220205686630369,22.411128284389488,31.221020092735703,15.986769570011026,ABB,46.0,34.9,0.0,,1.822491730981257,0,0,Debt Free,0,8.19,OK,16.73,OK,16.74,OK,42.0,Moderate,3.569267997580157,Moderate,20.792079207920796,Reinvestor,5.88266549803478,0.08027797879403402,5.145279755136793,33.520187182851636,25.53499132446501,20.09905894006934,100.0,43.205052478531506,23.156641325906055
500,GAIL,Mar 2023,145668,138168,7500.0,5.0,2822,365,2702,7256,23.0,5596,9.0,59.0,578,6575.0,58352,17816,25062,107805,49697,16646,17248,24214,107805,3.841612433753467,5.14869429112777,8.61891046868021,9.064210869801675,5.190853856500163,GAIL,14.7,14.0,0.274400480539683,28.27945205479452,1.3512174759983304,568,0,,0,13.41,OK,3.94,OK,5.15,OK,-4248.0,Moderate,5.116429140236703,Moderate,-56.64,Mixed,5.810000348645361,0.04212961133935549,4.647095968152862,32.27481740382494,40.630422209369584,7.429420505200595,99.91749682100766,43.46203327779358,23.15248083826723
703,INDUSINDBK,Mar 2019,22261,13415,9283.0,-437.0,-2,5647,229,4981,34.0,3301,55.0,14.0,776,603.0,26083,242189,8944,277819,1688,22,59266,216843,277819,14.82862405103095,41.70073222227214,12.369781908116616,3.45253370525337,1.1881836735428464,INDUSINDBK,7.93,15.2,9.075507756876265,1.6435275367451745,0.0801277090479772,182923,1,,0,11.23,OK,12.95,OK,10.2,OK,-7022.0,Accrual Risk,2.843538026144378,Asset Light,-75.6436496822148,Growth Funded by Debt,5.8297620459393755,0.03246773627619741,5.757278258919091,31.4695363392515,34.32620011567381,16.35463100544824,97.27129398811817,43.219987528163436,23.130081244630354
562,HCLTECH,Mar 2020,70676,53360,17316.0,24.0,589,505,3420,13980,21.0,11057,41.0,25.0,637,543.0,50724,7986,23566,82819,37490,400,7066,37863,82819,15.644631841077594,24.50053766483672,21.56748005539626,29.22383676775859,13.350801144664873,HCLTECH,29.6,23.3,0.1557727192931125,35.45544554455446,0.8533790555307357,920,0,,0,10.29,OK,9.09,OK,8.97,OK,1027.0,High Quality,17.44863885901862,Capital Intensive,5.930930930930932,Reinvestor,5.87822068535773,0.0768393391149632,5.839731743924284,33.80612872885194,31.607865818392135,12.530955918771669,99.95316427829614,43.527242905580025,23.12987026726037
243,BAJAJFINSV,Mar 2024,110382,69497,40886.0,37.0,-4,18607,900,21375,27.0,15595,51.0,2.0,323,159.0,60169,288933,188154,537415,5455,220,168385,363355,537415,14.128209309488865,37.04045949520755,25.850351412279537,11.706431579821396,2.9018542467180857,BAJAJFINSV,21.14,11.72,4.789368120938867,2.197130112323319,0.2053943414307379,120548,0,,0,18.36,OK,22.48,OK,20.34,OK,-79634.0,Accrual Risk,9.929155115870342,Capital Intensive,-194.7708261996772,Growth Funded by Debt,5.900785256996753,0.046678840676847896,5.686504870363749,10.390564219277977,54.94505494505495,25.79494799405646,98.55999488570552,43.225018220839864,23.108271486068954
63,ABB,Mar 2015,2289,1977,312.0,14.0,48,0,15,344,34.0,229,108.0,29.0,138,21.0,916,0,436,1374,96,4,0,1274,1374,10.004368719965049,13.630406290956753,24.439701173959445,33.29775880469584,16.666666666666664,ABB,46.0,34.9,0.0,,1.665938864628821,0,0,Debt Free,0,8.19,OK,16.73,OK,16.74,OK,-1899.0,Accrual Risk,81.43294014853649,Capital Intensive,-608.6538461538462,Growth Funded by Debt,5.893353159296919,0.08385359253399471,5.2698115098841,32.95672267443886,25.53499132446501,20.09905894006934,100.0,43.205052478531506,23.086535535682184
855,LT,Mar 2020,145452,120899,24553.0,17.0,3015,11021,2462,14086,23.0,10894,68.0,26.0,969,17.0,5387,912,2499,8815,1920,59,2219,4617,8815,7.489756070731238,16.880482908450897,201.59141376757955,388.7428752374921,123.58479863868406,LT,17.18,10.49,0.1687638786084382,2.501406405952273,16.500510493477027,-1307,0,,0,10.43,OK,8.19,OK,7.58,OK,-1714.0,Moderate,5.780601160520309,Moderate,-6.980817008104916,Mixed,6.826687872554195,0.6958393155330448,5.015722542969192,33.010427431809475,32.012724117987275,11.639425458147597,99.94925826493858,43.22778323782046,23.068253427503144
753,IRFC,Mar 2019,11134,48,11085.0,100.0,0,8183,0,2902,22.0,2255,2.0,18.0,825,9380.0,15648,173933,7642,206604,11,0,13,206579,206604,20.25327824681157,99.5599065924196,9.009908902029728,5.571443649760506,1.0914599910940737,IRFC,5.73,13.7,6.94953651909861,1.354637663448613,0.0538905345491858,173920,1,,1,14.92,OK,15.42,OK,10.76,OK,-41747.0,Accrual Risk,0.0089814981138853,Asset Light,-376.6080288678394,Distress Signal,5.812060347983394,0.03611595810963552,6.3054122949490505,21.389008232794158,44.9971081550029,18.80138682516097,97.91050345749649,43.217362330532495,23.046081072715165
852,LT,Mar 2017,109312,92691,16620.0,15.0,1466,6829,2370,8887,23.0,6486,43.0,22.0,966,17.0,3127,0,1273,4417,542,1,941,2934,4417,5.933474824355972,15.20418618266979,206.2977099236641,528.6259541984733,146.84174779261943,LT,17.18,10.49,0.0,2.648411187582369,24.748019017432647,-941,0,,0,10.43,OK,8.19,OK,7.58,OK,-3141.0,High Quality,8.96150468384075,Capital Intensive,-18.898916967509024,Mixed,6.851483283837739,0.9366822565541656,4.858468146654506,32.59617506009127,32.012724117987275,11.639425458147597,100.0,43.22911909843775,23.023334704445592
430,DIVISLAB,Mar 2018,3891,2622,1269.0,33.0,107,2,142,1231,29.0,877,33.0,30.0,508,53.0,5872,63,797,6785,1996,120,1889,2780,6785,22.539193009509123,32.61372397841172,14.80168776371308,21.19238476953908,12.92557111274871,DIVISLAB,16.5,12.2,0.010632911392405,688.0,0.5734708916728076,-1826,0,,0,9.81,OK,5.92,OK,5.82,OK,298.0,Moderate,12.284759701876125,Capital Intensive,23.48305752561072,Reinvestor,5.842574691784965,0.06301122970895918,6.536392490123974,33.59450295521314,30.219780219780223,9.390787518573552,99.99680303405412,49.45704030169476,23.009091111358536
1272,ULTRACEMCO,Mar 2022,52599,41084,11514.0,22.0,669,945,2715,8524,14.0,7334,254.0,15.0,1332,289.0,50147,11299,22077,83811,55488,4785,6336,17203,83811,13.94323085990228,21.890150002851765,14.54120072963756,18.65068437677169,8.750641323931225,,,,0.2240264890157823,12.892063492063492,0.6275906503919533,4963,0,,0,10.94,OK,1.68,OK,1.65,OK,11540.0,High Quality,4.290956101827031,Moderate,100.2258120548897,Liquidating Assets,5.841202299795654,0.05863507068861486,5.667813727944142,36.85801042743181,33.48756506651244,5.190688459633482,99.9326426196997,43.32220512964754,23.004726660014335
707,INDUSINDBK,Mar 2023,36368,18776,15525.0,2067.0,6,8166,373,9860,25.0,7390,95.0,15.0,780,776.0,53846,385449,17733,457804,1857,135,83116,372695,457804,20.320061592608887,42.68862736471624,13.5293471495002,3.5278398258462835,1.6142279228665544,INDUSINDBK,7.93,15.2,7.056662150781737,1.90191036002939,0.0794401097412866,302333,1,,0,11.23,OK,12.95,OK,10.2,OK,-12879.0,Accrual Risk,1.2126044874615045,Asset Light,-82.95652173913044,Growth Funded by Debt,5.835871286861885,0.03259739418546854,6.312160416313163,29.769272750496405,34.32620011567381,16.35463100544824,97.87829431140449,43.222335502385654,22.992276705025542
436,DIVISLAB,Mar 2024,7845,5635,2210.0,28.0,335,4,378,2163,26.0,1600,60.0,50.0,514,53.0,13518,3,1886,15460,4739,778,82,9861,15460,20.39515615041428,28.17080943275972,11.78984599513669,16.281125681449833,10.34928848641656,DIVISLAB,16.5,12.2,0.0002210596124088,636.25,0.5074385510996119,-79,0,,0,9.81,OK,5.92,OK,5.82,OK,992.0,Moderate,3.4289356277884,Moderate,44.8868778280543,Reinvestor,5.826706617848253,0.05455529571266746,6.319748343869129,33.79596836934939,30.219780219780223,9.390787518573552,99.9999335346617,48.986778136217005,22.991220646150225
704,INDUSINDBK,Mar 2020,28783,16724,12611.0,-553.0,-2,6951,278,6121,28.0,4418,64.0,0.0,777,694.0,34013,262793,9558,307058,1742,78,59980,245257,307058,15.349338150991905,43.81405690859187,12.729420577981386,4.238991596638655,1.4388161194302054,INDUSINDBK,7.93,15.2,7.57175785864523,1.813983599482089,0.0937379908681747,202813,1,,0,11.23,OK,12.95,OK,10.2,OK,-11513.0,Accrual Risk,1.827467602404197,Asset Light,-91.2933153596067,Distress Signal,5.831656824431211,0.03382181593298946,5.809893801021537,30.165817067081598,34.32620011567381,16.35463100544824,97.72342201198116,43.22153649506549,22.98549478348597
767,ITC,Mar 2020,49388,30044,19344.0,39.0,2417,81,1645,20035,22.0,15593,12.0,82.0,839,1229.0,64044,277,11760,77311,21713,3256,28663,23678,77311,31.57244674819794,39.16740908722767,23.88889740015014,29.51029748283753,20.169186791012923,ITC,34.76,29.47,0.0042437148591301,268.6543209876544,0.6388224185432863,-28386,0,,0,8.75,OK,5.96,OK,5.92,OK,8516.0,Moderate,12.50101239167409,Capital Intensive,44.02398676592225,Reinvestor,5.890451215676038,0.07733255131488816,7.449157369057921,35.980155366411594,27.154424522845577,9.430411094601288,99.99872405483428,45.64636576843704,22.973914235000393
651,ICICIGI,Mar 2019,11163,70,9494.0,1669.0,15,-2,0,1598,34.0,1049,23.0,26.0,737,454.0,4946,485,27517,33403,1965,17,20714,10707,33403,9.39711547075159,85.04882200125414,19.425925925925927,161.32540356839422,3.1404364877406223,ICICIGI,22.5,17.0,0.0898148148148148,-4754.5,0.3341915396820645,-20229,0,,1,15.13,OK,16.09,OK,14.42,OK,120.0,High Quality,25.584520290244555,Capital Intensive,1.2639561828523278,Reinvestor,5.8669377754716745,0.30428450330553514,5.20845162179343,33.54283026974303,45.604395604395606,19.465081723625556,99.97299564589589,0.0,22.966986116683806
90,ADANIENSOL,Mar 2018,3944,1118,2826.0,72.0,111,886,579,1472,22.0,1143,10.0,0.0,153,1100.0,4957,10428,781,17265,9291,2353,0,5621,17265,28.98073022312373,71.65314401622717,18.87072808320951,17.142857142857142,6.620330147697655,ADANIENSOL,9.0,8.59,1.7216443784051512,3.31489841986456,0.2284390385172313,10428,0,,0,14.12,OK,-3.56,OK,-3.04,OK,-994.0,High Quality,80.93306288032454,Capital Intensive,-35.17338995046001,Mixed,5.864012681428009,0.05603897723495978,7.187277443100716,33.21944054157619,42.68363215731637,0.0,99.4823582887561,43.23517559561874,22.96520744987238
429,DIVISLAB,Mar 2017,4064,2615,1450.0,36.0,72,3,123,1395,24.0,1060,40.0,25.0,507,53.0,5304,36,762,6155,1559,444,1631,2521,6155,26.08267716535433,35.67913385826771,19.787194325182007,26.88670498794734,17.221770917952885,DIVISLAB,16.5,12.2,0.0067201792047787,507.3333333333333,0.6602761982128351,-1595,0,,0,9.81,OK,5.92,OK,5.82,OK,10.0,High Quality,28.051181102362204,Capital Intensive,0.6896551724137931,Mixed,5.868841140293228,0.07281539500689362,6.894443750508904,33.51089771130645,30.219780219780223,9.390787518573552,99.99797946364124,47.81528768534084,22.95530584675808
426,DIVISLAB,Mar 2014,2532,1514,1018.0,40.0,68,3,92,991,22.0,773,29.0,34.0,504,27.0,2937,18,729,3710,1222,144,502,1842,3710,30.529225908372823,40.20537124802528,26.07962213225371,34.13816230717639,20.8355795148248,DIVISLAB,16.5,12.2,0.0060728744939271,362.0,0.6824797843665769,-484,0,,0,9.81,OK,5.92,OK,5.82,OK,252.0,Moderate,12.045813586097946,Capital Intensive,24.75442043222004,Reinvestor,5.901993183911782,0.08530055275738474,7.3437451476026485,33.581149339866926,30.219780219780223,9.390787518573552,99.99817408682964,46.494615838974966,22.950980923069903
850,LT,Mar 2015,91929,76245,15684.0,17.0,1422,7266,2623,7217,31.0,4966,34.0,32.0,964,16.0,2010,218,734,2978,683,25,104,2166,2978,5.401995017894244,17.06099272264465,245.11352418558735,698.9304812834224,166.75621222296843,LT,17.18,10.49,0.1076011846001974,2.3542526837324527,30.869375419744795,114,0,,0,10.43,OK,8.19,OK,7.58,OK,-6143.0,Accrual Risk,5.197489366793938,Moderate,-39.16730425911757,Growth Funded by Debt,7.055986792968954,1.2299031627353294,4.8047647840307866,31.72470651075837,32.012724117987275,11.639425458147597,99.96764787082225,43.22644602375149,22.943872836119
427,DIVISLAB,Mar 2015,3115,1942,1173.0,38.0,38,3,136,1072,21.0,852,32.0,31.0,505,27.0,3469,27,883,4405,1309,218,733,2145,4405,27.351524879614768,37.65650080256822,24.37070938215103,33.29548680102186,19.3416572077185,DIVISLAB,16.5,12.2,0.0077231121281464,403.6666666666667,0.7071509648127128,-706,0,,0,9.81,OK,5.92,OK,5.82,OK,305.0,Moderate,16.725521669341894,Capital Intensive,26.001705029838025,Reinvestor,5.8929896717907475,0.0838496807238536,7.0226544333697465,33.596535027113646,30.219780219780223,9.390787518573552,99.99767791477248,46.87324882245142,22.938566122680218
428,DIVISLAB,Mar 2016,3776,2354,1423.0,38.0,93,5,118,1393,19.0,1126,42.0,24.0,506,53.0,4240,42,562,4898,1439,264,803,2392,4898,29.81991525423729,37.6853813559322,26.22874446773818,32.82583621683968,22.988975091874234,DIVISLAB,16.5,12.2,0.0097833682739343,303.2,0.7709269089424254,-761,0,,0,9.81,OK,5.92,OK,5.82,OK,632.0,Moderate,10.752118644067798,Capital Intensive,44.41321152494729,Reinvestor,5.902778844124669,0.08304106234923035,7.272072871800667,33.69146181446603,30.219780219780223,9.390787518573552,99.99705846366498,45.960288972692986,22.933424561040123
431,DIVISLAB,Mar 2019,4946,3072,1874.0,38.0,154,5,169,1855,27.0,1353,51.0,31.0,509,53.0,6904,106,973,8036,2088,492,1946,3511,8036,27.35543873837444,37.88920339668419,19.44803794739112,26.532634857709187,16.83673469387755,DIVISLAB,16.5,12.2,0.015236452493891,405.6,0.6154803384768541,-1840,0,,0,9.81,OK,5.92,OK,5.82,OK,269.0,Moderate,13.849575414476345,Capital Intensive,14.354322305229456,Reinvestor,5.867054274019228,0.07220577665900128,7.023049909121924,33.586084371625304,30.219780219780223,9.390787518573552,99.99541890099886,46.890817392884735,22.93263589900427
1038,RECLTD,Mar 2021,35557,3292,32265.0,91.0,15,21489,11,10780,22.0,8378,32.0,30.0,1169,1975.0,41789,329723,27380,400867,267,336,1981,398282,400867,23.562167786933657,90.7416261214388,19.143588337446303,8.638854899902809,2.089969990046574,RECLTD,10.0,22.2,7.534114797550498,1.5021638978081808,0.0887002422249773,327742,1,,0,11.45,OK,24.52,OK,24.57,OK,-42651.0,Accrual Risk,2.421464128019799,Asset Light,-132.1896792189679,Distress Signal,5.865450262490133,0.04139725697932664,6.6397589487533,21.12658066164261,34.962406015037594,27.815750371471022,97.73474003956336,43.21870292969065,22.929145048284905
853,LT,Mar 2018,119683,99572,20111.0,17.0,1465,7714,2223,11639,27.0,8004,53.0,30.0,967,17.0,3843,0,1477,5337,681,7,1264,3385,5337,6.687666585897746,16.8035560605934,207.3575129533679,521.0103626943005,149.97189432265316,LT,17.18,10.49,0.0,2.796992481203008,22.42514521266629,-1264,0,,0,10.43,OK,8.19,OK,7.58,OK,-6117.0,Accrual Risk,3.2703057242883284,Moderate,-30.41619014469693,Distress Signal,6.857066921401023,0.9235701527235651,4.934675432736628,31.73225420638883,32.012724117987275,11.639425458147597,100.0,43.23046928512157,22.900961149584063
432,DIVISLAB,Mar 2020,5394,3568,1826.0,34.0,186,7,186,1819,24.0,1377,52.0,31.0,510,53.0,7257,39,1183,8531,2782,920,971,3858,8531,25.528364849833142,33.85242862439748,18.83720930232558,24.84691794802014,16.14113234087446,DIVISLAB,16.5,12.2,0.0053351573187414,287.42857142857144,0.6322822646817489,-932,0,,0,9.81,OK,5.92,OK,5.82,OK,1133.0,Moderate,1.538746755654431,Asset Light,62.048192771084345,Reinvestor,5.863836085665614,0.06930340261008724,6.838433277626767,33.83690010334537,30.219780219780223,9.390787518573552,99.99839589406565,45.81697097940453,22.897629008587504
764,ITC,Mar 2017,42768,27298,15470.0,36.0,1759,49,1153,16026,35.0,10477,8.0,56.0,836,1215.0,45198,46,9440,55898,15893,3730,17581,18694,55898,24.497287691732136,36.17190422745978,22.57341693060134,33.298176887147804,18.743067730509143,ITC,34.76,29.47,0.0009911016310085,351.6122448979592,0.7651078750581416,-17535,0,,0,8.75,OK,5.96,OK,5.92,OK,7376.0,High Quality,7.601477740366628,Moderate,47.67937944408533,Reinvestor,5.883520525766996,0.08385431236521425,6.734248114161822,35.64921794261429,27.154424522845577,9.430411094601288,99.99970200841084,46.40022031803316,22.890185791397325
425,DIVISLAB,Mar 2013,2145,1329,816.0,38.0,45,3,77,781,23.0,602,23.0,33.0,503,27.0,2474,33,605,3139,909,303,408,1519,3139,28.065268065268068,38.04195804195804,24.07037185125949,32.202052091554854,19.17808219178082,DIVISLAB,16.5,12.2,0.0131947221111555,287.0,0.6833386428798981,-375,0,,0,9.81,OK,5.92,OK,5.82,OK,225.0,Moderate,11.888111888111888,Capital Intensive,27.573529411764707,Reinvestor,5.891407325003517,0.08196706537681747,7.094774594198676,33.57331134825068,30.219780219780223,9.390787518573552,99.9960327820201,45.81307646871735,22.888695842418933
88,ADANIENSOL,Mar 2016,2194,267,1927.0,88.0,70,957,560,480,23.0,368,3.0,0.0,151,1100.0,1572,8585,489,11746,10060,258,20,1407,11746,16.773017319963536,87.83044667274385,13.77245508982036,17.118237541085545,3.13298144049038,ADANIENSOL,9.0,8.59,3.212949101796408,2.086729362591432,0.1867869913161927,8565,0,,0,14.12,OK,-3.56,OK,-3.04,OK,728.0,High Quality,37.192342752962624,Capital Intensive,37.77893098079917,Reinvestor,5.8371521160249085,0.05599658856764217,5.953749424022757,33.719330229101594,42.68363215731637,0.0,99.03397211871705,43.2240149880739,22.867408130035052
766,ITC,Mar 2019,48340,29802,18537.0,38.0,2080,71,1397,19150,33.0,12836,10.0,56.0,838,1226.0,57915,13,12585,71739,19374,4136,25043,23185,71739,26.553578816714936,38.34712453454696,21.70406317106576,31.33684957906481,17.89263859267623,ITC,34.76,29.47,0.0002198136656465,290.38028169014086,0.6738315281785361,-25030,0,,0,8.75,OK,5.96,OK,5.92,OK,7037.0,Moderate,11.472900289615223,Capital Intensive,37.9619140098182,Reinvestor,5.878940281918401,0.08047740759093838,6.942025995094047,35.55080760343246,27.154424522845577,9.430411094601288,99.99993390927682,45.843793736109234,22.86737916254896
848,LT,Mar 2013,74426,63032,11394.0,15.0,2523,4642,1637,7638,31.0,5291,38.0,22.0,962,16.0,1323,234,756,2328,699,142,49,1438,2328,7.109074785693172,15.309166151613685,395.1456310679612,724.3483788938335,227.2766323024055,LT,17.18,10.49,0.174757281553398,2.998061180525636,31.969931271477662,185,0,,0,10.43,OK,8.19,OK,7.58,OK,-11277.0,Accrual Risk,9.30051326149464,Capital Intensive,-98.97314375987362,Growth Funded by Debt,7.846440192522984,1.2736662916322326,4.977256612851233,30.234326919727355,32.012724117987275,11.639425458147597,99.94745624624323,43.232296434917764,22.858782761269598
851,LT,Mar 2016,101122,85637,15486.0,15.0,1219,6899,1787,8020,30.0,4592,31.0,40.0,965,17.0,2108,55,958,3137,638,20,43,2437,3137,4.541049425446491,15.314174956982654,216.0941176470588,710.3669724770642,146.38189352884922,LT,17.18,10.49,0.0258823529411764,2.4213654152775765,32.23525661459993,12,0,,0,10.43,OK,8.19,OK,7.58,OK,-7867.0,Accrual Risk,4.575661082652637,Moderate,-50.80072323388868,Growth Funded by Debt,6.9030962615482085,1.2495938801151432,4.717770560001233,31.224236231261393,32.012724117987275,11.639425458147597,99.99221802967236,43.22705589000206,22.841625873013903
89,ADANIENSOL,Mar 2017,2876,893,1983.0,69.0,22,904,569,532,22.0,416,4.0,0.0,152,1100.0,1847,8975,890,12811,9853,1343,105,1510,12811,14.464534075104313,68.94993045897078,14.116050220563285,16.633115249119275,3.2472094293966123,ADANIENSOL,9.0,8.59,3.045469969460468,2.2179203539823007,0.2244945749746311,8870,0,,0,14.12,OK,-3.56,OK,-3.04,OK,459.0,High Quality,60.15299026425591,Capital Intensive,23.14674735249622,Reinvestor,5.838962368142336,0.055161331863115,5.720488797180138,33.64124060892486,42.68363215731637,0.0,99.0843275729255,43.22520714574931,22.837651789776057
761,ITC,Mar 2014,35306,22227,13080.0,37.0,966,29,965,13052,31.0,9001,7.0,54.0,833,795.0,26442,242,13369,40848,12921,3117,7284,17526,40848,25.49425026907608,37.04752733246474,33.04695818188493,47.59998544342952,22.035350567959263,ITC,34.76,29.47,0.0088849726475015,484.3448275862069,0.8643262828045437,-7042,0,,0,8.75,OK,5.96,OK,5.92,OK,4090.0,Moderate,9.21656375686852,Capital Intensive,31.26911314984709,Reinvestor,5.9387010231917055,0.10847837454772251,6.834986170739772,34.69530533331785,27.154424522845577,9.430411094601288,99.9973285816146,47.60638672894004,22.82798316435833
526,GRASIM,Mar 2023,117627,96038,21589.0,18.0,3733,6044,4552,14727,25.0,11078,100.0,10.0,604,132.0,78610,103039,155042,336823,94896,7778,105355,128793,336823,9.417905752930874,18.353779319373952,14.068730791699474,11.876378719448129,3.2889677961421877,GRASIM,9.3,6.9,1.3085646795864976,4.1896095301125085,0.3492249638534185,-2316,0,,0,14.97,OK,5.54,OK,0.61,OK,-26397.0,Accrual Risk,11.657187550477357,Capital Intensive,-122.2706007689101,Growth Funded by Debt,5.838713062815712,0.04697144625308952,5.21055237529215,25.845051614626275,45.141700404858305,9.014363546310054,99.60655773717801,43.243124263075224,22.81673546575922
93,ADANIENSOL,Mar 2021,9926,5976,3950.0,40.0,1115,2117,1329,1620,20.0,1290,11.0,0.0,156,1100.0,7819,27095,7219,43234,26987,5255,442,10550,43234,12.996171670360669,39.79447914567802,14.46350487722839,10.967956905647805,2.9837627792940737,ADANIENSOL,9.0,8.59,3.0378966251821957,2.3925366084081245,0.2295878243974649,26653,0,,0,14.12,OK,-3.56,OK,-3.04,OK,-225.0,High Quality,40.38887769494258,Capital Intensive,-5.69620253164557,Reinvestor,5.840792954409895,0.04540737586696055,5.57211815783269,33.44267815464648,42.68363215731637,0.0,99.0866046278976,43.22679391711034,22.792636594105335
96,ADANIENSOL,Mar 2024,16607,10896,5711.0,30.0,611,2767,1776,1780,33.0,1196,10.0,0.0,159,1115.0,11526,37070,8827,58538,38920,3003,766,15849,58538,7.201782380923707,34.38911302462817,9.461276797721698,11.488402969161756,2.043117291332126,ADANIENSOL,9.0,8.59,2.93252116130053,2.284784965666787,0.2836960606785336,36304,0,,0,14.12,OK,-3.56,OK,-3.04,OK,1095.0,High Quality,29.7645571144698,Capital Intensive,19.17352477674663,Reinvestor,5.8144384075535305,0.04630345108571184,4.986624249295944,33.82586885588546,42.68363215731637,0.0,99.11828755622531,43.22581475728717,22.79082156877254
708,INDUSINDBK,Mar 2024,45748,25132,17638.0,2978.0,7,9388,425,11942,25.0,8950,115.0,14.0,781,778.0,62019,432404,19734,514935,2001,197,106527,406211,514935,19.56369677362945,38.55469091544986,14.252273197764223,3.561786022241473,1.7380834474254032,INDUSINDBK,7.93,15.2,6.885742949503957,1.8795270558159352,0.0888422810646003,325877,1,,0,11.23,OK,12.95,OK,10.2,OK,-17468.0,Accrual Risk,1.3661799422925591,Asset Light,-99.03617190157614,Pre-Revenue,5.839680067291294,0.032655840867061664,6.235733553701212,28.437104471719366,34.32620011567381,16.35463100544824,97.9296840809432,43.222132101011546,22.79051474556553
94,ADANIENSOL,Mar 2022,11258,7051,4206.0,37.0,1286,2365,1427,1700,27.0,1236,11.0,0.0,157,1100.0,8813,29902,7650,47464,30272,5060,561,11572,47464,10.978859477704743,37.3600994848108,12.46847573892868,10.563857842521662,2.604078880836002,ADANIENSOL,9.0,8.59,3.016443054574801,2.3221987315010573,0.2371902915894151,29341,0,,0,14.12,OK,-3.56,OK,-3.04,OK,161.0,High Quality,34.96180493871025,Capital Intensive,3.8278649548264383,Reinvestor,5.830282020468171,0.04471162047216882,5.368278902059849,33.5547324051603,42.68363215731637,0.0,99.09305500937057,43.226154743345916,22.788027669933463
937,NESTLEIND,Mar 2024,24394,18581,5813.0,24.0,159,145,538,5289,26.0,3933,41.0,79.0,895,96.0,3244,345,6838,10523,3460,1742,464,4857,10523,16.12281708616873,23.829630236943512,117.75449101796409,157.74762550881954,37.37527321106148,NESTLEIND,185.43,135.61,0.1032934131736526,41.18620689655173,2.318160220469448,-119,0,,0,8.19,OK,9.8,OK,9.1,OK,2938.0,High Quality,5.070919078461917,Moderate,50.541888869774645,Reinvestor,6.384987879315164,0.29812448311875356,5.88804995904031,34.3608843576911,25.53499132446501,13.234274393263993,99.96894307568618,43.57931943201919,22.783285130709324
144,ADANIPORTS,Mar 2024,26711,11121,15589.0,58.0,671,2733,3888,9639,16.0,8104,38.0,16.0,212,432.0,52346,49470,14751,116999,75148,10936,4289,26627,116999,30.339560480700836,58.36172363445772,15.3548827162833,15.246263985603631,6.926554927819896,ADANIPORTS,12.9,18.1,0.937322369168972,5.949506037321624,0.2283010965905691,45181,0,,0,6.41,OK,12.57,OK,12.47,OK,8250.0,High Quality,25.33787578151324,Capital Intensive,52.92193213163128,Reinvestor,5.845489233478485,0.052773528137711335,7.324580409609569,35.90293663419222,20.387507229612492,15.978207033184743,99.71817806206107,43.25911677983845,22.77134434540309
144,ADANIPORTS,Mar 2024,26711,11121,15589.0,58.0,671,2733,3888,9639,16.0,8104,38.0,16.0,212,432.0,52346,49470,14751,116999,75148,10936,4289,26627,116999,30.339560480700836,58.36172363445772,15.3548827162833,15.246263985603631,6.926554927819896,ADANIPORTS,12.9,18.1,0.937322369168972,5.949506037321624,0.2283010965905691,45181,0,,0,6.41,OK,12.57,OK,12.47,OK,8250.0,High Quality,25.33787578151324,Capital Intensive,52.92193213163128,Reinvestor,5.845489233478485,0.052773528137711335,7.324580409609569,35.90293663419222,20.387507229612492,15.978207033184743,99.71817806206107,43.25911677983845,22.77134434540309
144,ADANIPORTS,Mar 2024,26711,11121,15589.0,58.0,671,2733,3888,9639,16.0,8104,38.0,16.0,212,432.0,52346,49470,14751,116999,75148,10936,4289,26627,116999,30.339560480700836,58.36172363445772,15.3548827162833,15.246263985603631,6.926554927819896,ADANIPORTS,12.9,18.1,0.937322369168972,5.949506037321624,0.2283010965905691,45181,0,,0,6.41,OK,12.57,OK,12.47,OK,8250.0,High Quality,25.33787578151324,Capital Intensive,52.92193213163128,Reinvestor,5.845489233478485,0.052773528137711335,7.324580409609569,35.90293663419222,20.387507229612492,15.978207033184743,99.71817806206107,43.25911677983845,22.77134434540309
131,ADANIPORTS,Mar 2024,26711,11121,15589.0,58.0,671,2733,3888,9639,16.0,8104,38.0,16.0,212,432.0,52346,49470,14751,116999,75148,10936,4289,26627,116999,30.339560480700836,58.36172363445772,15.3548827162833,15.246263985603631,6.926554927819896,ADANIPORTS,12.9,18.1,0.937322369168972,5.949506037321624,0.2283010965905691,45181,0,,0,6.41,OK,12.57,OK,12.47,OK,8250.0,High Quality,25.33787578151324,Capital Intensive,52.92193213163128,Reinvestor,5.845489233478485,0.052773528137711335,7.324580409609569,35.90293663419222,20.387507229612492,15.978207033184743,99.71817806206107,43.25911677983845,22.77134434540309
131,ADANIPORTS,Mar 2024,26711,11121,15589.0,58.0,671,2733,3888,9639,16.0,8104,38.0,16.0,212,432.0,52346,49470,14751,116999,75148,10936,4289,26627,116999,30.339560480700836,58.36172363445772,15.3548827162833,15.246263985603631,6.926554927819896,ADANIPORTS,12.9,18.1,0.937322369168972,5.949506037321624,0.2283010965905691,45181,0,,0,6.41,OK,12.57,OK,12.47,OK,8250.0,High Quality,25.33787578151324,Capital Intensive,52.92193213163128,Reinvestor,5.845489233478485,0.052773528137711335,7.324580409609569,35.90293663419222,20.387507229612492,15.978207033184743,99.71817806206107,43.25911677983845,22.77134434540309
131,ADANIPORTS,Mar 2024,26711,11121,15589.0,58.0,671,2733,3888,9639,16.0,8104,38.0,16.0,212,432.0,52346,49470,14751,116999,75148,10936,4289,26627,116999,30.339560480700836,58.36172363445772,15.3548827162833,15.246263985603631,6.926554927819896,ADANIPORTS,12.9,18.1,0.937322369168972,5.949506037321624,0.2283010965905691,45181,0,,0,6.41,OK,12.57,OK,12.47,OK,8250.0,High Quality,25.33787578151324,Capital Intensive,52.92193213163128,Reinvestor,5.845489233478485,0.052773528137711335,7.324580409609569,35.90293663419222,20.387507229612492,15.978207033184743,99.71817806206107,43.25911677983845,22.77134434540309
131,ADANIPORTS,Mar 2024,26711,11121,15589.0,58.0,671,2733,3888,9639,16.0,8104,38.0,16.0,212,432.0,52346,49470,14751,116999,75148,10936,4289,26627,116999,30.339560480700836,58.36172363445772,15.3548827162833,15.246263985603631,6.926554927819896,ADANIPORTS,12.9,18.1,0.937322369168972,5.949506037321624,0.2283010965905691,45181,0,,0,6.41,OK,12.57,OK,12.47,OK,8250.0,High Quality,25.33787578151324,Capital Intensive,52.92193213163128,Reinvestor,5.845489233478485,0.052773528137711335,7.324580409609569,35.90293663419222,20.387507229612492,15.978207033184743,99.71817806206107,43.25911677983845,22.77134434540309
144,ADANIPORTS,Mar 2024,26711,11121,15589.0,58.0,671,2733,3888,9639,16.0,8104,38.0,16.0,212,432.0,52346,49470,14751,116999,75148,10936,4289,26627,116999,30.339560480700836,58.36172363445772,15.3548827162833,15.246263985603631,6.926554927819896,ADANIPORTS,12.9,18.1,0.937322369168972,5.949506037321624,0.2283010965905691,45181,0,,0,6.41,OK,12.57,OK,12.47,OK,8250.0,High Quality,25.33787578151324,Capital Intensive,52.92193213163128,Reinvestor,5.845489233478485,0.052773528137711335,7.324580409609569,35.90293663419222,20.387507229612492,15.978207033184743,99.71817806206107,43.25911677983845,22.77134434540309
1227,TORNTPHARM,Mar 2016,6687,3954,2733.0,41.0,32,184,238,2343,26.0,1733,51.0,34.0,1365,85.0,3409,2352,3040,8886,2859,1042,780,4206,8886,25.915956333183782,40.87034544638852,49.59931310818546,46.749914471433456,19.502588341210892,TORNTPHARM,23.2,24.2,0.6731539782484258,15.027173913043478,0.7525320729237002,1572,0,,0,7.32,OK,12.68,OK,12.89,OK,1873.0,High Quality,12.995364139374908,Capital Intensive,68.53274789608489,Reinvestor,6.025908125018096,0.10701476941053989,6.877597448545732,34.05171913282783,23.019086176980917,16.08717186726102,99.79760478900181,43.34160728713747,22.767571958153763
765,ITC,Mar 2018,43449,26928,16521.0,38.0,2240,115,1236,17409,34.0,11493,9.0,56.0,837,1220.0,51290,36,11695,64241,16524,5508,22053,20156,64241,26.45170199544293,38.02389007802251,21.88725956960579,31.4410231035664,17.890443797574758,ITC,34.76,29.47,0.0006855836983431,163.1391304347826,0.6763437679986302,-22017,0,,0,8.75,OK,5.96,OK,5.92,OK,6055.0,High Quality,16.37321917650579,Capital Intensive,36.65032383027661,Reinvestor,5.879905463432017,0.08065676779807607,6.931731854452759,35.26573694538952,27.154424522845577,9.430411094601288,99.99979386758191,44.687529014810146,22.7659246227917
936,NESTLEIND,Dec 2023,19126,14655,4471.0,23.0,116,119,429,4038,26.0,2999,31.0,56.0,894,96.0,2363,271,6249,8979,3044,358,778,4799,8979,15.680225870542715,23.37655547422357,121.96014640097602,163.77289377289378,33.400155919367414,NESTLEIND,185.43,135.61,0.1102074013826758,38.54621848739496,2.130081300813008,-507,0,,0,8.19,OK,9.8,OK,9.1,OK,2465.0,High Quality,4.846805395796299,Moderate,55.13307984790875,Reinvestor,6.4071456338380735,0.3084984564394698,5.843328341665844,34.2235743564138,25.53499132446501,13.234274393263993,99.96686426734868,43.55532935151433,22.761170144431794
763,ITC,Mar 2016,39192,24661,14531.0,37.0,1483,78,1077,14859,36.0,9501,8.0,73.0,835,805.0,41875,84,8888,51651,15107,2560,11748,22237,51651,24.242192284139623,37.07644417228006,22.2610121836926,33.97951548031054,18.394609978509614,ITC,34.76,29.47,0.0019681349578256,205.30769230769232,0.7587849218795377,-11664,0,,0,8.75,OK,5.96,OK,5.92,OK,5878.0,High Quality,10.004592774035515,Capital Intensive,40.45144862707316,Reinvestor,5.881874602108639,0.08502740343403666,6.70847200562293,35.2143545559052,27.154424522845577,9.430411094601288,99.99940824669699,45.07072281619058,22.75574484183169
91,ADANIENSOL,Mar 2019,7305,4528,2778.0,38.0,336,1391,882,840,33.0,559,5.0,0.0,154,1100.0,6943,20137,4379,32558,24412,694,336,7117,32558,7.652292950034223,38.02874743326489,6.950142981474575,9.85805535841022,1.716935929725413,ADANIENSOL,9.0,8.59,2.50366778565212,2.2386772106398274,0.2243688187235088,19801,0,,0,14.12,OK,-3.56,OK,-3.04,OK,-459.0,High Quality,41.75222450376455,Capital Intensive,-16.52267818574514,Mixed,5.801208344315507,0.04349640883030306,5.032146077528382,33.374748893972296,42.68363215731637,0.0,99.24722962929677,43.22539576728284,22.738313801404495
932,NESTLEIND,Dec 2019,12369,9443,2926.0,24.0,247,129,370,2673,26.0,1968,20.0,168.0,890,96.0,1822,189,5065,7173,2341,143,1751,2937,7173,15.910744603444094,23.655913978494624,102.60688216892598,138.8704318936877,27.436219155165205,NESTLEIND,185.43,135.61,0.0985401459854014,24.5968992248062,1.7243831033040569,-1562,0,,0,8.19,OK,9.8,OK,9.1,OK,2378.0,High Quality,0.6710324197590751,Asset Light,81.27136021872865,Liquidating Assets,6.3051817687522815,0.26562277624853486,5.866621100777388,34.19831860565032,25.53499132446501,13.234274393263993,99.97037222644008,43.428569214637704,22.73414169901178
849,LT,Mar 2014,85054,70968,14086.0,17.0,1337,6494,1446,7483,35.0,4885,35.0,27.0,963,16.0,1594,110,945,2666,649,57,169,1791,2666,5.743410068897406,16.561243445340608,303.41614906832297,818.9534883720929,183.23330832708177,LT,17.18,10.49,0.0683229813664596,2.374961502925778,31.90322580645161,-59,0,,0,10.43,OK,8.19,OK,7.58,OK,-12653.0,Accrual Risk,6.478237355092059,Moderate,-89.82677836149368,Growth Funded by Debt,7.363157764563809,1.4365521315180185,4.839263058596066,29.83487964328429,32.012724117987275,11.639425458147597,99.97945753174382,43.22663420875937,22.731779551414462
95,ADANIENSOL,Mar 2023,13293,8775,4518.0,34.0,1583,2781,1608,1712,25.0,1281,11.0,0.0,158,1115.0,10634,34270,7913,53932,32645,6200,1370,13716,53932,9.636650868878355,33.98781313473256,10.90305557919823,9.81768400008692,2.3752132314766743,ADANIENSOL,9.0,8.59,2.916843986722274,2.193815174397699,0.2464770451679893,32900,0,,0,14.12,OK,-3.56,OK,-3.04,OK,-922.0,High Quality,35.34943203189649,Capital Intensive,-20.407259849490924,Mixed,5.822034507901015,0.04342689966061776,5.232655469598032,33.24034185255286,42.68363215731637,0.0,99.123001165829,43.224988097363784,22.728877428176673
92,ADANIENSOL,Mar 2020,11416,7158,4258.0,37.0,261,2238,1174,1107,36.0,706,7.0,0.0,155,1100.0,7399,24246,6966,39711,24924,2212,313,12262,39711,6.184302733006307,37.29852838121934,8.30685963054477,13.003511986562836,1.777844929616479,ADANIENSOL,9.0,8.59,2.8528062124955875,2.019213583556747,0.2874770214801944,23933,0,,0,14.12,OK,-3.56,OK,-3.04,OK,-206.0,High Quality,49.43062368605466,Capital Intensive,-4.837952090183185,Mixed,5.8083562895771825,0.04891208191103334,4.88381304587857,33.448193778376435,42.68363215731637,0.0,99.14225521355844,43.22340145925355,22.725513833022163
933,NESTLEIND,Dec 2020,13350,10149,3202.0,24.0,146,164,370,2813,26.0,2082,22.0,93.0,891,96.0,1923,147,5733,7900,2179,639,1464,3618,7900,15.595505617977528,23.98501872659176,103.12035661218424,147.83010156971378,26.354430379746837,NESTLEIND,185.43,135.61,0.0728083209509658,20.414634146341463,1.6898734177215189,-1317,0,,0,8.19,OK,9.8,OK,9.1,OK,2133.0,High Quality,2.404494382022472,Asset Light,66.61461586508433,Reinvestor,6.307887040495054,0.2810490394633572,5.834767786044039,34.127196089132475,25.53499132446501,13.234274393263993,99.97810893798825,43.39056417053334,22.721109826093265
935,NESTLEIND,Dec 2022,16897,13191,3706.0,22.0,107,155,403,3256,27.0,2391,25.0,89.0,893,96.0,2363,271,6249,8979,3044,358,778,4799,8979,14.150440906669823,21.932887494821564,97.2346482309882,135.75091575091577,26.628800534580687,NESTLEIND,185.43,135.61,0.1102074013826758,24.6,1.8818353936964027,-507,0,,0,8.19,OK,9.8,OK,9.1,OK,2345.0,High Quality,2.3199384506125345,Asset Light,63.275769023205605,Reinvestor,6.276877823232328,0.2602517660593923,5.688751261497708,34.18873883811935,25.53499132446501,13.234274393263993,99.96686426734868,43.42859739197601,22.709785670065028
127,ADANIPORTS,Mar 2020,11873,5926,5947.0,50.0,1928,1951,1680,4244,11.0,3785,19.0,17.0,208,406.0,25051,30242,6217,61917,32715,3216,1178,24808,61917,31.8790533142424,50.08843594710688,14.868209136976075,10.67703190362484,6.113022271750893,ADANIPORTS,12.9,18.1,1.1879640177554307,4.036391594054331,0.1917567065587803,29064,0,,0,6.41,OK,12.57,OK,12.47,OK,6653.0,High Quality,6.308430893624189,Moderate,111.8715318648058,Reinvestor,5.842925163738811,0.04490647730493125,7.4801384212049795,35.43933394489021,20.387507229612492,15.978207033184743,99.64281838063634,43.241731942333175,22.70778321760536
127,ADANIPORTS,Mar 2020,11873,5926,5947.0,50.0,1928,1951,1680,4244,11.0,3785,19.0,17.0,208,406.0,25051,30242,6217,61917,32715,3216,1178,24808,61917,31.8790533142424,50.08843594710688,14.868209136976075,10.67703190362484,6.113022271750893,ADANIPORTS,12.9,18.1,1.1879640177554307,4.036391594054331,0.1917567065587803,29064,0,,0,6.41,OK,12.57,OK,12.47,OK,6653.0,High Quality,6.308430893624189,Moderate,111.8715318648058,Reinvestor,5.842925163738811,0.04490647730493125,7.4801384212049795,35.43933394489021,20.387507229612492,15.978207033184743,99.64281838063634,43.241731942333175,22.70778321760536
127,ADANIPORTS,Mar 2020,11873,5926,5947.0,50.0,1928,1951,1680,4244,11.0,3785,19.0,17.0,208,406.0,25051,30242,6217,61917,32715,3216,1178,24808,61917,31.8790533142424,50.08843594710688,14.868209136976075,10.67703190362484,6.113022271750893,ADANIPORTS,12.9,18.1,1.1879640177554307,4.036391594054331,0.1917567065587803,29064,0,,0,6.41,OK,12.57,OK,12.47,OK,6653.0,High Quality,6.308430893624189,Moderate,111.8715318648058,Reinvestor,5.842925163738811,0.04490647730493125,7.4801384212049795,35.43933394489021,20.387507229612492,15.978207033184743,99.64281838063634,43.241731942333175,22.70778321760536
127,ADANIPORTS,Mar 2020,11873,5926,5947.0,50.0,1928,1951,1680,4244,11.0,3785,19.0,17.0,208,406.0,25051,30242,6217,61917,32715,3216,1178,24808,61917,31.8790533142424,50.08843594710688,14.868209136976075,10.67703190362484,6.113022271750893,ADANIPORTS,12.9,18.1,1.1879640177554307,4.036391594054331,0.1917567065587803,29064,0,,0,6.41,OK,12.57,OK,12.47,OK,6653.0,High Quality,6.308430893624189,Moderate,111.8715318648058,Reinvestor,5.842925163738811,0.04490647730493125,7.4801384212049795,35.43933394489021,20.387507229612492,15.978207033184743,99.64281838063634,43.241731942333175,22.70778321760536
140,ADANIPORTS,Mar 2020,11873,5926,5947.0,50.0,1928,1951,1680,4244,11.0,3785,19.0,17.0,208,406.0,25051,30242,6217,61917,32715,3216,1178,24808,61917,31.8790533142424,50.08843594710688,14.868209136976075,10.67703190362484,6.113022271750893,ADANIPORTS,12.9,18.1,1.1879640177554307,4.036391594054331,0.1917567065587803,29064,0,,0,6.41,OK,12.57,OK,12.47,OK,6653.0,High Quality,6.308430893624189,Moderate,111.8715318648058,Reinvestor,5.842925163738811,0.04490647730493125,7.4801384212049795,35.43933394489021,20.387507229612492,15.978207033184743,99.64281838063634,43.241731942333175,22.70778321760536
140,ADANIPORTS,Mar 2020,11873,5926,5947.0,50.0,1928,1951,1680,4244,11.0,3785,19.0,17.0,208,406.0,25051,30242,6217,61917,32715,3216,1178,24808,61917,31.8790533142424,50.08843594710688,14.868209136976075,10.67703190362484,6.113022271750893,ADANIPORTS,12.9,18.1,1.1879640177554307,4.036391594054331,0.1917567065587803,29064,0,,0,6.41,OK,12.57,OK,12.47,OK,6653.0,High Quality,6.308430893624189,Moderate,111.8715318648058,Reinvestor,5.842925163738811,0.04490647730493125,7.4801384212049795,35.43933394489021,20.387507229612492,15.978207033184743,99.64281838063634,43.241731942333175,22.70778321760536
140,ADANIPORTS,Mar 2020,11873,5926,5947.0,50.0,1928,1951,1680,4244,11.0,3785,19.0,17.0,208,406.0,25051,30242,6217,61917,32715,3216,1178,24808,61917,31.8790533142424,50.08843594710688,14.868209136976075,10.67703190362484,6.113022271750893,ADANIPORTS,12.9,18.1,1.1879640177554307,4.036391594054331,0.1917567065587803,29064,0,,0,6.41,OK,12.57,OK,12.47,OK,6653.0,High Quality,6.308430893624189,Moderate,111.8715318648058,Reinvestor,5.842925163738811,0.04490647730493125,7.4801384212049795,35.43933394489021,20.387507229612492,15.978207033184743,99.64281838063634,43.241731942333175,22.70778321760536
140,ADANIPORTS,Mar 2020,11873,5926,5947.0,50.0,1928,1951,1680,4244,11.0,3785,19.0,17.0,208,406.0,25051,30242,6217,61917,32715,3216,1178,24808,61917,31.8790533142424,50.08843594710688,14.868209136976075,10.67703190362484,6.113022271750893,ADANIPORTS,12.9,18.1,1.1879640177554307,4.036391594054331,0.1917567065587803,29064,0,,0,6.41,OK,12.57,OK,12.47,OK,6653.0,High Quality,6.308430893624189,Moderate,111.8715318648058,Reinvestor,5.842925163738811,0.04490647730493125,7.4801384212049795,35.43933394489021,20.387507229612492,15.978207033184743,99.64281838063634,43.241731942333175,22.70778321760536
1269,ULTRACEMCO,Mar 2019,41462,34115,7347.0,18.0,350,1778,2451,3468,31.0,2400,88.0,13.0,1329,275.0,33476,25337,17438,76525,56645,1153,2921,15806,76525,5.788432781824321,17.719839853359705,7.110900417765399,12.43399675060926,3.136229990199281,,,,0.7507036828538414,4.329021372328459,0.5418098660568441,22416,0,,0,10.94,OK,1.68,OK,1.65,OK,7121.0,High Quality,2.8098017461772224,Asset Light,96.92391452293452,Liquidating Assets,5.802055304773906,0.04793152210778753,4.843812377402202,35.575192466238576,33.48756506651244,5.190688459633482,99.77428814922305,43.244391125197225,22.703235279399628
762,ITC,Mar 2015,38817,24566,14252.0,37.0,1229,91,1028,14362,32.0,9779,8.0,52.0,834,802.0,30934,269,13948,45952,15303,2700,6943,21006,45952,25.192570265605276,36.715871911791226,30.813587093521555,44.53054210279644,21.28090181058496,ITC,34.76,29.47,0.0084761784723972,170.12087912087912,0.844729282729805,-6674,0,,0,8.75,OK,5.96,OK,5.92,OK,4568.0,High Quality,13.589406703248578,Capital Intensive,32.05164187482459,Reinvestor,5.926934370000288,0.10319357693712682,6.804502922974301,34.83406681452409,27.154424522845577,9.430411094601288,99.9974514925473,44.750973502847735,22.7006972138116
1235,TORNTPHARM,Mar 2024,10728,7360,3368.0,31.0,146,354,808,2352,30.0,1656,49.0,57.0,1373,169.0,6687,4022,3627,14505,8138,361,173,5834,14505,15.436241610738255,31.3944817300522,24.15402567094516,30.96157381871668,11.416752843846949,TORNTPHARM,23.2,24.2,0.5866394399066511,9.926553672316384,0.7396070320579111,3849,0,,0,7.32,OK,12.68,OK,12.89,OK,3106.0,High Quality,1.4914243102162563,Asset Light,92.2209026128266,Reinvestor,5.89184806030698,0.07983127856312801,5.818674958753727,34.40965408330334,23.019086176980917,16.08717186726102,99.82361685876282,43.29525697371363,22.69282628425939
1270,ULTRACEMCO,Mar 2020,42430,33184,9246.0,22.0,651,1992,2723,5183,-11.0,5751,199.0,7.0,1330,289.0,38755,23019,17151,79214,57151,920,5929,15215,79214,13.5540890879095,21.791185481970302,14.729535908206126,14.897765174097287,7.260080288837832,,,,0.5895656182768159,4.968373493975903,0.5356376398111445,17090,0,,0,10.94,OK,1.68,OK,1.65,OK,4780.0,High Quality,9.879802026867782,Capital Intensive,51.69803158122431,Reinvestor,5.8421945552884855,0.05217350217796703,5.628492908151396,34.89560956351095,33.48756506651244,5.190688459633482,99.82273705338724,43.2502010404287,22.691346368827606
928,NESTLEIND,Dec 2015,8175,6620,1555.0,19.0,-391,3,347,814,31.0,563,6.0,83.0,886,96.0,2721,18,3251,6086,2898,231,1325,1633,6086,6.886850152905198,19.021406727828747,19.98580049698261,54.85008818342152,9.250739401906014,NESTLEIND,185.43,135.61,0.0063897763578274,388.0,1.343246795925074,-1307,0,,0,8.19,OK,9.8,OK,9.1,OK,1028.0,High Quality,0.8562691131498471,Asset Light,66.10932475884245,Reinvestor,5.869887509146764,0.12096120005867672,4.9548019308606115,33.80641902483772,25.53499132446501,13.234274393263993,99.99807880488571,46.73088282066427,22.672300886484287
1268,ULTRACEMCO,Mar 2018,30979,24834,6145.0,20.0,242,1238,1848,3301,33.0,2224,81.0,13.0,1328,275.0,26107,19480,11280,57141,39715,1511,5447,10468,57141,7.179056780399626,19.836017947641952,8.429990144795694,13.398892329161397,3.892126494111059,,,,0.7383822303085437,5.159127625201939,0.542150119878896,14033,0,,0,10.94,OK,1.68,OK,1.65,OK,5754.0,High Quality,6.023435230317312,Moderate,93.63710333604556,Liquidating Assets,5.809005010278378,0.04959282589551438,4.984327941607583,35.1783578536676,33.48756506651244,5.190688459633482,99.7779928038315,43.25193445976829,22.659717862328364
931,NESTLEIND,Dec 2018,11292,8675,2618.0,23.0,259,112,336,2429,34.0,1607,17.0,69.0,889,96.0,3577,35,4379,8088,2401,105,2658,2924,8088,14.231314204746722,23.18455543747786,43.75170160631636,70.60409924487594,19.86894164193868,NESTLEIND,185.43,135.61,0.0095289953716308,25.6875,1.3961424332344214,-2623,0,,0,8.19,OK,9.8,OK,9.1,OK,2000.0,High Quality,0.4605030109812256,Asset Light,76.39419404125286,Reinvestor,5.995099623511498,0.14808558411643907,5.696923101707619,34.08858672302279,25.53499132446501,13.234274393263993,99.9971349452114,43.438479712844746,22.64561787249883
927,NESTLEIND,Dec 2014,9855,7816,2039.0,21.0,87,14,338,1774,33.0,1185,12.0,51.0,885,96.0,2741,20,2963,5820,3177,245,812,1586,5820,12.02435312024353,20.69000507356672,41.76947479732112,71.36856842842143,20.36082474226804,NESTLEIND,185.43,135.61,0.0070497003877335,151.85714285714286,1.693298969072165,-792,0,,0,8.19,OK,9.8,OK,9.1,OK,1212.0,High Quality,4.383561643835616,Moderate,59.44090240313879,Reinvestor,5.984656139430549,0.14940180483343132,5.4739207788036595,33.85983348622255,25.53499132446501,13.234274393263993,99.99788038748406,44.58500743202457,22.644970684334208
1027,POWERGRID,Mar 2023,45603,6028,39576.0,87.0,1093,9634,13333,17702,13.0,15420,17.0,67.0,1145,6975.0,76051,128584,40615,252225,185437,13772,3489,49527,252225,33.81356489704624,86.78376422603776,18.57249536289837,18.70232975757289,6.113589057389236,POWERGRID,13.2,19.0,1.5487196781731023,4.22140336308906,0.1808028545941124,125095,0,,0,3.95,OK,7.28,OK,7.21,OK,33065.0,High Quality,15.652479003574326,Capital Intensive,83.54810996563575,Reinvestor,5.86244142396501,0.058723990846039964,7.675611091601876,43.106631521499324,13.273568536726433,10.737989103516592,99.53435104571987,43.243413179727284,22.635555977647098
1027,POWERGRID,Mar 2023,45603,6028,39576.0,87.0,1093,9634,13333,17702,13.0,15420,17.0,67.0,1158,6975.0,76051,128584,40615,252225,185437,13772,3489,49527,252225,33.81356489704624,86.78376422603776,18.57249536289837,18.70232975757289,6.113589057389236,POWERGRID,13.2,19.0,1.5487196781731023,4.22140336308906,0.1808028545941124,125095,0,,0,3.95,OK,7.28,OK,7.21,OK,33065.0,High Quality,15.652479003574326,Capital Intensive,83.54810996563575,Reinvestor,5.86244142396501,0.058723990846039964,7.675611091601876,43.106631521499324,13.273568536726433,10.737989103516592,99.53435104571987,43.243413179727284,22.635555977647098
1027,POWERGRID,Mar 2023,45603,6028,39576.0,87.0,1093,9634,13333,17702,13.0,15420,17.0,67.0,1158,6975.0,76051,128584,40615,252225,185437,13772,3489,49527,252225,33.81356489704624,86.78376422603776,18.57249536289837,18.70232975757289,6.113589057389236,POWERGRID,13.2,19.0,1.5487196781731023,4.22140336308906,0.1808028545941124,125095,0,,0,3.95,OK,7.28,OK,7.21,OK,33065.0,High Quality,15.652479003574326,Capital Intensive,83.54810996563575,Reinvestor,5.86244142396501,0.058723990846039964,7.675611091601876,43.106631521499324,13.273568536726433,10.737989103516592,99.53435104571987,43.243413179727284,22.635555977647098
1027,POWERGRID,Mar 2023,45603,6028,39576.0,87.0,1093,9634,13333,17702,13.0,15420,17.0,67.0,1145,6975.0,76051,128584,40615,252225,185437,13772,3489,49527,252225,33.81356489704624,86.78376422603776,18.57249536289837,18.70232975757289,6.113589057389236,POWERGRID,13.2,19.0,1.5487196781731023,4.22140336308906,0.1808028545941124,125095,0,,0,3.95,OK,7.28,OK,7.21,OK,33065.0,High Quality,15.652479003574326,Capital Intensive,83.54810996563575,Reinvestor,5.86244142396501,0.058723990846039964,7.675611091601876,43.106631521499324,13.273568536726433,10.737989103516592,99.53435104571987,43.243413179727284,22.635555977647098
934,NESTLEIND,Dec 2021,14741,11178,3562.0,24.0,-112,202,391,2857,26.0,2118,22.0,91.0,892,96.0,1850,266,6021,8234,2995,246,774,4219,8234,14.36808900345974,24.163896614883654,108.83864337101748,161.03074141048825,25.72261355355841,NESTLEIND,185.43,135.61,0.1366906474820144,17.07920792079208,1.790259897983969,-508,0,,0,8.19,OK,9.8,OK,9.1,OK,316.0,High Quality,13.024896547045657,Capital Intensive,8.871420550252667,Reinvestor,6.338014186624438,0.3037771703154063,5.710743507532578,33.5997282829573,25.53499132446501,13.234274393263993,99.9589016282566,43.36025451334265,22.632942898487755
1271,ULTRACEMCO,Mar 2021,44726,33158,11568.0,26.0,619,1486,2700,8001,32.0,5462,189.0,20.0,1331,289.0,43886,21719,20282,86176,55412,1687,12178,16900,86176,12.212136117694406,25.86415060591155,12.364459535936616,17.55546787264394,6.338191607872261,,,,0.4916581777023203,8.20121130551817,0.5190076123282584,9541,0,,0,10.94,OK,1.68,OK,1.65,OK,3644.0,High Quality,19.800563430666728,Capital Intensive,31.500691562932225,Reinvestor,5.8297340046935995,0.05674938754617721,5.492895306686121,34.565833323656804,33.48756506651244,5.190688459633482,99.852174593287,43.27957845704501,22.631321303471335
137,ADANIPORTS,Mar 2017,8439,3021,5418.0,64.0,1037,1116,1160,4179,7.0,3902,19.0,7.0,205,414.0,17112,22214,3629,43369,21054,4514,1161,16641,43369,46.23770588932338,64.20191965872733,22.264064817984707,13.633618520382488,8.997209988701607,ADANIPORTS,12.9,18.1,1.267488303092548,5.784050179211469,0.1945859946044409,21053,0,,0,6.41,OK,12.57,OK,12.47,OK,1434.0,High Quality,31.152980210925463,Capital Intensive,26.46733111849391,Reinvestor,5.8818906851005,0.049996964456434555,8.931008081072493,33.92427919506729,20.387507229612492,15.978207033184743,99.61890804952284,43.25761325075389,22.630368880347767
124,ADANIPORTS,Mar 2017,8439,3021,5418.0,64.0,1037,1116,1160,4179,7.0,3902,19.0,7.0,205,414.0,17112,22214,3629,43369,21054,4514,1161,16641,43369,46.23770588932338,64.20191965872733,22.264064817984707,13.633618520382488,8.997209988701607,ADANIPORTS,12.9,18.1,1.267488303092548,5.784050179211469,0.1945859946044409,21053,0,,0,6.41,OK,12.57,OK,12.47,OK,1434.0,High Quality,31.152980210925463,Capital Intensive,26.46733111849391,Reinvestor,5.8818906851005,0.049996964456434555,8.931008081072493,33.92427919506729,20.387507229612492,15.978207033184743,99.61890804952284,43.25761325075389,22.630368880347767
137,ADANIPORTS,Mar 2017,8439,3021,5418.0,64.0,1037,1116,1160,4179,7.0,3902,19.0,7.0,205,414.0,17112,22214,3629,43369,21054,4514,1161,16641,43369,46.23770588932338,64.20191965872733,22.264064817984707,13.633618520382488,8.997209988701607,ADANIPORTS,12.9,18.1,1.267488303092548,5.784050179211469,0.1945859946044409,21053,0,,0,6.41,OK,12.57,OK,12.47,OK,1434.0,High Quality,31.152980210925463,Capital Intensive,26.46733111849391,Reinvestor,5.8818906851005,0.049996964456434555,8.931008081072493,33.92427919506729,20.387507229612492,15.978207033184743,99.61890804952284,43.25761325075389,22.630368880347767
137,ADANIPORTS,Mar 2017,8439,3021,5418.0,64.0,1037,1116,1160,4179,7.0,3902,19.0,7.0,205,414.0,17112,22214,3629,43369,21054,4514,1161,16641,43369,46.23770588932338,64.20191965872733,22.264064817984707,13.633618520382488,8.997209988701607,ADANIPORTS,12.9,18.1,1.267488303092548,5.784050179211469,0.1945859946044409,21053,0,,0,6.41,OK,12.57,OK,12.47,OK,1434.0,High Quality,31.152980210925463,Capital Intensive,26.46733111849391,Reinvestor,5.8818906851005,0.049996964456434555,8.931008081072493,33.92427919506729,20.387507229612492,15.978207033184743,99.61890804952284,43.25761325075389,22.630368880347767
124,ADANIPORTS,Mar 2017,8439,3021,5418.0,64.0,1037,1116,1160,4179,7.0,3902,19.0,7.0,205,414.0,17112,22214,3629,43369,21054,4514,1161,16641,43369,46.23770588932338,64.20191965872733,22.264064817984707,13.633618520382488,8.997209988701607,ADANIPORTS,12.9,18.1,1.267488303092548,5.784050179211469,0.1945859946044409,21053,0,,0,6.41,OK,12.57,OK,12.47,OK,1434.0,High Quality,31.152980210925463,Capital Intensive,26.46733111849391,Reinvestor,5.8818906851005,0.049996964456434555,8.931008081072493,33.92427919506729,20.387507229612492,15.978207033184743,99.61890804952284,43.25761325075389,22.630368880347767
137,ADANIPORTS,Mar 2017,8439,3021,5418.0,64.0,1037,1116,1160,4179,7.0,3902,19.0,7.0,205,414.0,17112,22214,3629,43369,21054,4514,1161,16641,43369,46.23770588932338,64.20191965872733,22.264064817984707,13.633618520382488,8.997209988701607,ADANIPORTS,12.9,18.1,1.267488303092548,5.784050179211469,0.1945859946044409,21053,0,,0,6.41,OK,12.57,OK,12.47,OK,1434.0,High Quality,31.152980210925463,Capital Intensive,26.46733111849391,Reinvestor,5.8818906851005,0.049996964456434555,8.931008081072493,33.92427919506729,20.387507229612492,15.978207033184743,99.61890804952284,43.25761325075389,22.630368880347767
124,ADANIPORTS,Mar 2017,8439,3021,5418.0,64.0,1037,1116,1160,4179,7.0,3902,19.0,7.0,205,414.0,17112,22214,3629,43369,21054,4514,1161,16641,43369,46.23770588932338,64.20191965872733,22.264064817984707,13.633618520382488,8.997209988701607,ADANIPORTS,12.9,18.1,1.267488303092548,5.784050179211469,0.1945859946044409,21053,0,,0,6.41,OK,12.57,OK,12.47,OK,1434.0,High Quality,31.152980210925463,Capital Intensive,26.46733111849391,Reinvestor,5.8818906851005,0.049996964456434555,8.931008081072493,33.92427919506729,20.387507229612492,15.978207033184743,99.61890804952284,43.25761325075389,22.630368880347767
124,ADANIPORTS,Mar 2017,8439,3021,5418.0,64.0,1037,1116,1160,4179,7.0,3902,19.0,7.0,205,414.0,17112,22214,3629,43369,21054,4514,1161,16641,43369,46.23770588932338,64.20191965872733,22.264064817984707,13.633618520382488,8.997209988701607,ADANIPORTS,12.9,18.1,1.267488303092548,5.784050179211469,0.1945859946044409,21053,0,,0,6.41,OK,12.57,OK,12.47,OK,1434.0,High Quality,31.152980210925463,Capital Intensive,26.46733111849391,Reinvestor,5.8818906851005,0.049996964456434555,8.931008081072493,33.92427919506729,20.387507229612492,15.978207033184743,99.61890804952284,43.25761325075389,22.630368880347767
702,INDUSINDBK,Mar 2018,17281,9783,6555.0,942.0,5,4750,212,5481,34.0,3606,60.0,12.0,775,600.0,23241,189928,7856,221626,1313,25,50077,170211,221626,20.866847983334296,37.931832648573575,15.125204479677864,3.066394098302373,1.6270654165125031,INDUSINDBK,7.93,15.2,7.966444360555346,1.3810526315789473,0.0779737034463465,139851,1,,1,11.23,OK,12.95,OK,10.2,OK,-20917.0,Accrual Risk,1.2557143683814591,Asset Light,-319.09992372234933,Growth Funded by Debt,5.844279159536974,0.031802902478760345,6.367410432328505,27.435873616739627,34.32620011567381,16.35463100544824,97.60475279154501,43.217602368409096,22.62138275960938
1232,TORNTPHARM,Mar 2021,8005,5524,2480.0,31.0,57,353,658,1526,18.0,1252,37.0,47.0,1370,85.0,5753,4874,3363,14075,7065,889,181,5940,14075,15.640224859462837,30.98063710181137,21.44570058239123,23.15160567587752,8.895204262877442,TORNTPHARM,23.2,24.2,0.8348749571771155,7.186968838526912,0.5687388987566607,4693,0,,0,7.32,OK,12.68,OK,12.89,OK,1561.0,High Quality,5.546533416614616,Moderate,62.94354838709677,Reinvestor,5.877579082700586,0.06638450779732781,5.839286440586592,33.96114678526225,23.019086176980917,16.08717186726102,99.74898062170762,43.27036184141512,22.615417933698527
1047,RELIANCE,Mar 2017,303954,257647,46307.0,15.0,9222,3849,11646,40034,25.0,29833,22.0,11.0,1178,2959.0,260750,217475,225618,706802,198526,324837,82899,100540,706802,9.81497200234246,15.234871066016566,11.31284863239404,9.623553567865931,4.2208426122167175,RELIANCE,9.61,9.25,0.8246779594173881,14.426864120550793,0.4300412279535145,134576,0,,0,9.51,OK,14.92,OK,11.95,OK,-16651.0,High Quality,21.77994038571626,Capital Intensive,-35.95784654587859,Mixed,5.824193527851765,0.043092656630044725,5.2506739236906705,28.674276292107432,29.352226720647778,18.306092124814263,99.75204652279388,43.33615215703168,22.61199127570313
760,ITC,Mar 2013,31618,20398,11221.0,35.0,852,108,859,11106,31.0,7704,6.0,55.0,832,790.0,22368,102,12069,35329,12140,2062,5981,15146,35329,24.36586754380416,35.48927825921943,33.26712151308403,48.241616509028376,21.80644796059894,ITC,34.76,29.47,0.0044045254339753,111.78703703703704,0.8949588157038127,-5879,0,,0,8.75,OK,5.96,OK,5.92,OK,3221.0,Moderate,12.27465367828452,Capital Intensive,28.705106496747167,Reinvestor,5.9398609672678075,0.10958309939390959,6.720968768880155,34.44303812166885,27.154424522845577,9.430411094601288,99.99867570439548,44.22088270286735,22.609885317495507
930,NESTLEIND,Dec 2017,10010,7913,2097.0,21.0,177,92,342,1839,33.0,1225,13.0,68.0,888,96.0,3324,35,3907,7363,2616,94,1979,2673,7363,12.237762237762238,20.94905094905095,35.8187134502924,60.6946454413893,16.637240255330706,NESTLEIND,185.43,135.61,0.0102339181286549,24.717391304347824,1.3595002037213093,-1944,0,,0,8.19,OK,9.8,OK,9.1,OK,1687.0,High Quality,1.3086913086913086,Asset Light,80.4482594182165,Reinvestor,5.953304186609,0.13102403517376549,5.495484697293083,33.99772407947143,25.53499132446501,13.234274393263993,99.99692299817588,43.429664149251195,22.6034071922118
142,ADANIPORTS,Mar 2022,17119,7591,9528.0,56.0,1832,2544,3099,5717,13.0,4953,23.0,22.0,210,422.0,41399,47935,8572,98328,62553,4023,3161,28591,98328,28.93276476429698,55.65745662713943,11.843332297171278,10.615446321137306,5.037222357822797,ADANIPORTS,12.9,18.1,1.1461944955883407,4.465408805031447,0.1741009681881051,44774,0,,0,6.41,OK,12.57,OK,12.47,OK,4927.0,High Quality,32.087154623517726,Capital Intensive,51.710747271200674,Reinvestor,5.826988413726158,0.04480044265856109,7.182430774614974,34.93828307342166,20.387507229612492,15.978207033184743,99.6553770990358,43.24563050393049,22.601904506179352
129,ADANIPORTS,Mar 2022,17119,7591,9528.0,56.0,1832,2544,3099,5717,13.0,4953,23.0,22.0,210,422.0,41399,47935,8572,98328,62553,4023,3161,28591,98328,28.93276476429698,55.65745662713943,11.843332297171278,10.615446321137306,5.037222357822797,ADANIPORTS,12.9,18.1,1.1461944955883407,4.465408805031447,0.1741009681881051,44774,0,,0,6.41,OK,12.57,OK,12.47,OK,4927.0,High Quality,32.087154623517726,Capital Intensive,51.710747271200674,Reinvestor,5.826988413726158,0.04480044265856109,7.182430774614974,34.93828307342166,20.387507229612492,15.978207033184743,99.6553770990358,43.24563050393049,22.601904506179352
129,ADANIPORTS,Mar 2022,17119,7591,9528.0,56.0,1832,2544,3099,5717,13.0,4953,23.0,22.0,210,422.0,41399,47935,8572,98328,62553,4023,3161,28591,98328,28.93276476429698,55.65745662713943,11.843332297171278,10.615446321137306,5.037222357822797,ADANIPORTS,12.9,18.1,1.1461944955883407,4.465408805031447,0.1741009681881051,44774,0,,0,6.41,OK,12.57,OK,12.47,OK,4927.0,High Quality,32.087154623517726,Capital Intensive,51.710747271200674,Reinvestor,5.826988413726158,0.04480044265856109,7.182430774614974,34.93828307342166,20.387507229612492,15.978207033184743,99.6553770990358,43.24563050393049,22.601904506179352
129,ADANIPORTS,Mar 2022,17119,7591,9528.0,56.0,1832,2544,3099,5717,13.0,4953,23.0,22.0,210,422.0,41399,47935,8572,98328,62553,4023,3161,28591,98328,28.93276476429698,55.65745662713943,11.843332297171278,10.615446321137306,5.037222357822797,ADANIPORTS,12.9,18.1,1.1461944955883407,4.465408805031447,0.1741009681881051,44774,0,,0,6.41,OK,12.57,OK,12.47,OK,4927.0,High Quality,32.087154623517726,Capital Intensive,51.710747271200674,Reinvestor,5.826988413726158,0.04480044265856109,7.182430774614974,34.93828307342166,20.387507229612492,15.978207033184743,99.6553770990358,43.24563050393049,22.601904506179352
129,ADANIPORTS,Mar 2022,17119,7591,9528.0,56.0,1832,2544,3099,5717,13.0,4953,23.0,22.0,210,422.0,41399,47935,8572,98328,62553,4023,3161,28591,98328,28.93276476429698,55.65745662713943,11.843332297171278,10.615446321137306,5.037222357822797,ADANIPORTS,12.9,18.1,1.1461944955883407,4.465408805031447,0.1741009681881051,44774,0,,0,6.41,OK,12.57,OK,12.47,OK,4927.0,High Quality,32.087154623517726,Capital Intensive,51.710747271200674,Reinvestor,5.826988413726158,0.04480044265856109,7.182430774614974,34.93828307342166,20.387507229612492,15.978207033184743,99.6553770990358,43.24563050393049,22.601904506179352
142,ADANIPORTS,Mar 2022,17119,7591,9528.0,56.0,1832,2544,3099,5717,13.0,4953,23.0,22.0,210,422.0,41399,47935,8572,98328,62553,4023,3161,28591,98328,28.93276476429698,55.65745662713943,11.843332297171278,10.615446321137306,5.037222357822797,ADANIPORTS,12.9,18.1,1.1461944955883407,4.465408805031447,0.1741009681881051,44774,0,,0,6.41,OK,12.57,OK,12.47,OK,4927.0,High Quality,32.087154623517726,Capital Intensive,51.710747271200674,Reinvestor,5.826988413726158,0.04480044265856109,7.182430774614974,34.93828307342166,20.387507229612492,15.978207033184743,99.6553770990358,43.24563050393049,22.601904506179352
142,ADANIPORTS,Mar 2022,17119,7591,9528.0,56.0,1832,2544,3099,5717,13.0,4953,23.0,22.0,210,422.0,41399,47935,8572,98328,62553,4023,3161,28591,98328,28.93276476429698,55.65745662713943,11.843332297171278,10.615446321137306,5.037222357822797,ADANIPORTS,12.9,18.1,1.1461944955883407,4.465408805031447,0.1741009681881051,44774,0,,0,6.41,OK,12.57,OK,12.47,OK,4927.0,High Quality,32.087154623517726,Capital Intensive,51.710747271200674,Reinvestor,5.826988413726158,0.04480044265856109,7.182430774614974,34.93828307342166,20.387507229612492,15.978207033184743,99.6553770990358,43.24563050393049,22.601904506179352
142,ADANIPORTS,Mar 2022,17119,7591,9528.0,56.0,1832,2544,3099,5717,13.0,4953,23.0,22.0,210,422.0,41399,47935,8572,98328,62553,4023,3161,28591,98328,28.93276476429698,55.65745662713943,11.843332297171278,10.615446321137306,5.037222357822797,ADANIPORTS,12.9,18.1,1.1461944955883407,4.465408805031447,0.1741009681881051,44774,0,,0,6.41,OK,12.57,OK,12.47,OK,4927.0,High Quality,32.087154623517726,Capital Intensive,51.710747271200674,Reinvestor,5.826988413726158,0.04480044265856109,7.182430774614974,34.93828307342166,20.387507229612492,15.978207033184743,99.6553770990358,43.24563050393049,22.601904506179352
926,NESTLEIND,Dec 2013,9101,7153,1948.0,21.0,97,37,330,1678,33.0,1117,12.0,42.0,884,96.0,2272,1189,2756,6314,3369,295,851,1799,6314,12.27337655202725,21.404241292165697,47.170608108108105,54.76525161653078,17.690845739626226,NESTLEIND,185.43,135.61,0.5021114864864865,55.270270270270274,1.441400063351283,338,0,,0,8.19,OK,9.8,OK,9.1,OK,1355.0,High Quality,4.845621360290078,Moderate,69.55852156057495,Reinvestor,6.013112343077034,0.12081513315460324,5.499083344711696,33.90134581219011,25.53499132446501,13.234274393263993,99.8490316279249,43.70730401445109,22.596353506364647
358,BRITANNIA,Mar 2024,16769,13603,3167.0,19.0,211,164,300,2913,27.0,2134,89.0,83.0,437,24.0,3917,2065,3065,9072,2771,188,2767,3346,9072,12.725863199952292,18.88603971614288,54.14869322506978,52.730602730602726,23.522927689594358,BRITANNIA,48.9,57.1,0.5239786856127886,20.59756097560976,1.8484347442680773,-702,0,,0,8.25,OK,8.84,OK,8.94,OK,3050.0,High Quality,2.844534557815016,Asset Light,96.30565203662772,Liquidating Assets,6.0498768144805055,0.11731198734688943,5.544804845774333,34.39339750809926,25.7085020242915,12.283308568598315,99.8424568819914,43.39222646168031,22.585740902271223
1225,TORNTPHARM,Mar 2014,4172,3216,955.0,23.0,34,59,87,844,21.0,664,20.0,25.0,1363,85.0,1818,1132,1988,5022,875,534,186,3427,5022,15.915627996164908,22.890699904122723,34.8922753547031,31.4662273476112,13.221823974512144,TORNTPHARM,23.2,24.2,0.5948502364687336,16.76271186440678,0.8307447232178415,946,0,,0,7.32,OK,12.68,OK,12.89,OK,181.0,Moderate,10.019175455417066,Capital Intensive,18.952879581151837,Mixed,5.948423190418572,0.08070016307009219,5.867114543062365,33.56053832487604,23.019086176980917,16.08717186726102,99.82114814290233,43.357378453036546,22.58173523927369
1231,TORNTPHARM,Mar 2020,7939,5769,2170.0,27.0,121,451,654,1187,14.0,1025,30.0,53.0,1369,85.0,4739,5784,3402,14010,7533,712,2,5763,14010,12.910945962967627,27.33341730696561,21.24792703150912,20.456259426847662,7.316202712348323,TORNTPHARM,23.2,24.2,1.199004975124378,5.079822616407983,0.5666666666666667,5782,0,,0,7.32,OK,12.68,OK,12.89,OK,1622.0,High Quality,2.884494268799597,Asset Light,74.74654377880185,Liquidating Assets,5.876537100561661,0.061743809847952025,5.563506528541519,33.978854840395265,23.019086176980917,16.08717186726102,99.63949872871639,43.25121379995827,22.577970192276233
1267,ULTRACEMCO,Mar 2017,25375,20162,5212.0,21.0,648,640,1348,3872,30.0,2714,99.0,10.0,1327,275.0,24117,8474,9343,42209,25904,921,6691,8693,42209,10.695566502463054,20.53990147783251,11.126598884880288,15.858333840443011,6.429908313392878,,,,0.3474089865529682,9.15625,0.6011751048354617,1783,0,,0,10.94,OK,1.68,OK,1.65,OK,2504.0,High Quality,9.85615763546798,Capital Intensive,48.04297774366846,Reinvestor,5.823212259580942,0.053827356127807306,5.339653571062907,34.234895899859495,33.48756506651244,5.190688459633482,99.89554556994669,43.28825707665046,22.569857080076922
929,NESTLEIND,Dec 2016,9141,7292,1850.0,20.0,140,91,354,1545,35.0,1001,10.0,61.0,887,96.0,3186,33,3495,6810,2730,188,1756,2136,6810,10.95066185318893,20.238485942457064,30.499695307739184,55.80693815987934,14.698972099853158,NESTLEIND,185.43,135.61,0.0100548446069469,21.86813186813187,1.3422907488986784,-1723,0,,0,8.19,OK,9.8,OK,9.1,OK,1340.0,High Quality,1.378404988513292,Asset Light,72.43243243243244,Reinvestor,5.925280611785999,0.12260865137414549,5.3654296738557115,33.8969913724033,25.53499132446501,13.234274393263993,99.99697683968077,43.4037723828264,22.56895750503368
1228,TORNTPHARM,Mar 2017,5816,4438,1377.0,24.0,223,206,307,1088,14.0,934,28.0,25.0,1366,85.0,4266,2510,2740,9601,3688,519,804,4589,9601,16.059147180192575,23.676066024759283,21.466329579407034,20.069960647135986,9.728153317362771,TORNTPHARM,23.2,24.2,0.5768788784187543,7.766990291262136,0.6057702322674722,1706,0,,0,7.32,OK,12.68,OK,12.89,OK,211.0,High Quality,13.720770288858322,Capital Intensive,15.32316630355846,Reinvestor,5.877687767842448,0.06107870199566789,5.881616435118453,33.56924720444966,23.019086176980917,16.08717186726102,99.82655153784908,43.27563260749023,22.568372348138844
355,BRITANNIA,Mar 2021,13136,10627,2509.0,19.0,313,111,198,2514,26.0,1851,77.0,204.0,434,24.0,3524,2122,2331,8000,1793,117,2781,3310,8000,14.091047503045068,19.10018270401949,52.17023675310034,44.25044091710759,23.1375,BRITANNIA,48.9,57.1,0.5980834272829764,25.423423423423426,1.642,-659,0,,0,8.25,OK,8.84,OK,8.94,OK,2309.0,High Quality,3.296285018270402,Moderate,92.02869669190912,Liquidating Assets,6.039453194652491,0.10271131422282366,5.682749856639917,34.178288182631015,25.7085020242915,12.283308568598315,99.82017602900538,43.436079998395414,22.564209985788093
351,BRITANNIA,Mar 2017,9054,7776,1278.0,14.0,151,5,119,1304,32.0,885,37.0,30.0,430,24.0,2672,125,1288,4109,1160,30,487,2432,4109,9.774685222001326,14.11530815109344,32.826409495548965,45.30308401276143,21.538087125821367,BRITANNIA,48.9,57.1,0.0463649851632047,285.8,2.203455828668776,-362,0,,0,8.25,OK,8.84,OK,8.94,OK,291.0,Accrual Risk,1.656726308813784,Asset Light,22.769953051643192,Reinvestor,5.937539048848318,0.10452369682753858,5.246603147064169,33.59247088331262,25.7085020242915,12.283308568598315,99.98605957736527,45.80217183879322,22.552509783178483
1274,ULTRACEMCO,Mar 2024,70908,57940,12969.0,18.0,567,968,3145,9422,26.0,7004,243.0,29.0,1334,289.0,59939,11403,29167,100797,62878,6811,8249,22859,100797,9.877587860326056,18.28989676764258,11.629142591485689,18.105289609247396,6.948619502564561,,,,0.1893305439330544,13.983471074380166,0.7034733176582636,3154,0,,0,10.94,OK,1.68,OK,1.65,OK,2109.0,High Quality,12.39493428104022,Capital Intensive,16.2618551931529,Reinvestor,5.825859942064147,0.05769604017253135,5.257000941361719,34.12022898547359,33.48756506651244,5.190688459633482,99.94307454664765,43.332122959465494,22.55212199253672
1233,TORNTPHARM,Mar 2022,8508,6077,2431.0,29.0,-288,255,662,1226,37.0,777,23.0,105.0,1371,85.0,5868,4070,2884,12906,6423,630,226,5628,12906,9.132581100141044,28.573107663375648,13.052242566773057,24.25421530479896,6.02045560204556,TORNTPHARM,23.2,24.2,0.6836888963547791,8.403921568627451,0.6592282659228266,3844,0,,0,7.32,OK,12.68,OK,12.89,OK,1607.0,High Quality,2.30371415138693,Asset Light,66.10448375154257,Reinvestor,5.833357631970302,0.06828292001273036,5.181721753492482,33.97450040060846,23.019086176980917,16.08717186726102,99.79443728640675,43.28142052404586,22.550319731504498
350,BRITANNIA,Mar 2016,8397,7174,1224.0,15.0,115,5,113,1220,32.0,825,34.0,29.0,429,24.0,2068,131,1271,3494,950,90,788,1665,3494,9.824937477670597,14.576634512325832,39.4359464627151,55.06072874493927,23.611906124785342,BRITANNIA,48.9,57.1,0.0626195028680688,267.8,2.403262736119061,-657,0,,0,8.25,OK,8.84,OK,8.94,OK,254.0,High Quality,8.395855662736691,Capital Intensive,20.751633986928105,Reinvestor,5.9723618016159685,0.12132386931582415,5.251680884874817,33.5817299318385,25.7085020242915,12.283308568598315,99.98117237971532,45.63860238993139,22.54964265219432
349,BRITANNIA,Mar 2015,7858,6988,870.0,11.0,228,4,144,950,28.0,689,29.0,28.0,428,24.0,1221,145,1403,2793,844,48,518,1383,2793,8.768134385339781,11.071519470603208,55.34136546184739,62.58992805755396,24.668814894378805,BRITANNIA,48.9,57.1,0.1164658634538152,274.5,2.8134622269960614,-373,0,,0,8.25,OK,8.84,OK,8.94,OK,134.0,Moderate,5.726648002036142,Moderate,15.402298850574711,Reinvestor,6.0561604816481855,0.1342872278539225,5.144896245083622,33.546894413544045,25.7085020242915,12.283308568598315,99.96498255411169,45.699486573674406,22.54903022495646
1224,TORNTPHARM,Mar 2013,3203,2506,697.0,22.0,1,34,83,582,25.0,435,13.0,45.0,1362,42.0,1380,693,1638,3753,820,285,60,2587,3753,13.581017795816422,21.76084920387137,30.590717299578056,32.95508274231678,11.590727418065548,TORNTPHARM,23.2,24.2,0.4873417721518987,20.529411764705884,0.8534505728750333,633,0,,0,7.32,OK,12.68,OK,12.89,OK,-94.0,Accrual Risk,7.711520449578519,Moderate,-13.486370157819223,Mixed,5.925760166758454,0.08326359186133346,5.631213918711216,33.480706928784585,23.019086176980917,16.08717186726102,99.85347239414737,43.39160717674321,22.547971218064802
126,ADANIPORTS,Mar 2019,10925,4330,6596.0,60.0,1289,1385,1373,5126,21.0,4045,19.0,1.0,207,414.0,23958,27712,4228,56311,28121,4483,782,22924,56311,37.02517162471396,60.37528604118994,16.596914492040046,12.664157898778896,7.183321198344907,ADANIPORTS,12.9,18.1,1.1370425077958313,5.693140794223827,0.1940118271740867,26930,0,,0,6.41,OK,12.57,OK,12.47,OK,1661.0,High Quality,39.98169336384439,Capital Intensive,25.181928441479684,Mixed,5.852032954418634,0.04832780083031576,8.000127806261172,33.99017638384096,20.387507229612492,15.978207033184743,99.65812880007327,43.25678713975395,22.546400624722835
126,ADANIPORTS,Mar 2019,10925,4330,6596.0,60.0,1289,1385,1373,5126,21.0,4045,19.0,1.0,207,414.0,23958,27712,4228,56311,28121,4483,782,22924,56311,37.02517162471396,60.37528604118994,16.596914492040046,12.664157898778896,7.183321198344907,ADANIPORTS,12.9,18.1,1.1370425077958313,5.693140794223827,0.1940118271740867,26930,0,,0,6.41,OK,12.57,OK,12.47,OK,1661.0,High Quality,39.98169336384439,Capital Intensive,25.181928441479684,Mixed,5.852032954418634,0.04832780083031576,8.000127806261172,33.99017638384096,20.387507229612492,15.978207033184743,99.65812880007327,43.25678713975395,22.546400624722835
126,ADANIPORTS,Mar 2019,10925,4330,6596.0,60.0,1289,1385,1373,5126,21.0,4045,19.0,1.0,207,414.0,23958,27712,4228,56311,28121,4483,782,22924,56311,37.02517162471396,60.37528604118994,16.596914492040046,12.664157898778896,7.183321198344907,ADANIPORTS,12.9,18.1,1.1370425077958313,5.693140794223827,0.1940118271740867,26930,0,,0,6.41,OK,12.57,OK,12.47,OK,1661.0,High Quality,39.98169336384439,Capital Intensive,25.181928441479684,Mixed,5.852032954418634,0.04832780083031576,8.000127806261172,33.99017638384096,20.387507229612492,15.978207033184743,99.65812880007327,43.25678713975395,22.546400624722835
139,ADANIPORTS,Mar 2019,10925,4330,6596.0,60.0,1289,1385,1373,5126,21.0,4045,19.0,1.0,207,414.0,23958,27712,4228,56311,28121,4483,782,22924,56311,37.02517162471396,60.37528604118994,16.596914492040046,12.664157898778896,7.183321198344907,ADANIPORTS,12.9,18.1,1.1370425077958313,5.693140794223827,0.1940118271740867,26930,0,,0,6.41,OK,12.57,OK,12.47,OK,1661.0,High Quality,39.98169336384439,Capital Intensive,25.181928441479684,Mixed,5.852032954418634,0.04832780083031576,8.000127806261172,33.99017638384096,20.387507229612492,15.978207033184743,99.65812880007327,43.25678713975395,22.546400624722835
139,ADANIPORTS,Mar 2019,10925,4330,6596.0,60.0,1289,1385,1373,5126,21.0,4045,19.0,1.0,207,414.0,23958,27712,4228,56311,28121,4483,782,22924,56311,37.02517162471396,60.37528604118994,16.596914492040046,12.664157898778896,7.183321198344907,ADANIPORTS,12.9,18.1,1.1370425077958313,5.693140794223827,0.1940118271740867,26930,0,,0,6.41,OK,12.57,OK,12.47,OK,1661.0,High Quality,39.98169336384439,Capital Intensive,25.181928441479684,Mixed,5.852032954418634,0.04832780083031576,8.000127806261172,33.99017638384096,20.387507229612492,15.978207033184743,99.65812880007327,43.25678713975395,22.546400624722835
139,ADANIPORTS,Mar 2019,10925,4330,6596.0,60.0,1289,1385,1373,5126,21.0,4045,19.0,1.0,207,414.0,23958,27712,4228,56311,28121,4483,782,22924,56311,37.02517162471396,60.37528604118994,16.596914492040046,12.664157898778896,7.183321198344907,ADANIPORTS,12.9,18.1,1.1370425077958313,5.693140794223827,0.1940118271740867,26930,0,,0,6.41,OK,12.57,OK,12.47,OK,1661.0,High Quality,39.98169336384439,Capital Intensive,25.181928441479684,Mixed,5.852032954418634,0.04832780083031576,8.000127806261172,33.99017638384096,20.387507229612492,15.978207033184743,99.65812880007327,43.25678713975395,22.546400624722835
139,ADANIPORTS,Mar 2019,10925,4330,6596.0,60.0,1289,1385,1373,5126,21.0,4045,19.0,1.0,207,414.0,23958,27712,4228,56311,28121,4483,782,22924,56311,37.02517162471396,60.37528604118994,16.596914492040046,12.664157898778896,7.183321198344907,ADANIPORTS,12.9,18.1,1.1370425077958313,5.693140794223827,0.1940118271740867,26930,0,,0,6.41,OK,12.57,OK,12.47,OK,1661.0,High Quality,39.98169336384439,Capital Intensive,25.181928441479684,Mixed,5.852032954418634,0.04832780083031576,8.000127806261172,33.99017638384096,20.387507229612492,15.978207033184743,99.65812880007327,43.25678713975395,22.546400624722835
126,ADANIPORTS,Mar 2019,10925,4330,6596.0,60.0,1289,1385,1373,5126,21.0,4045,19.0,1.0,207,414.0,23958,27712,4228,56311,28121,4483,782,22924,56311,37.02517162471396,60.37528604118994,16.596914492040046,12.664157898778896,7.183321198344907,ADANIPORTS,12.9,18.1,1.1370425077958313,5.693140794223827,0.1940118271740867,26930,0,,0,6.41,OK,12.57,OK,12.47,OK,1661.0,High Quality,39.98169336384439,Capital Intensive,25.181928441479684,Mixed,5.852032954418634,0.04832780083031576,8.000127806261172,33.99017638384096,20.387507229612492,15.978207033184743,99.65812880007327,43.25678713975395,22.546400624722835
1265,ULTRACEMCO,Mar 2015,23306,18881,4425.0,19.0,350,587,1203,2986,30.0,2102,76.0,12.0,1325,274.0,18767,9829,9183,38053,23343,2250,4500,7961,38053,9.019136702994937,18.986527074573072,11.03933616931884,15.327329407689644,5.523874595958269,,,,0.5162018801533533,8.13458262350937,0.6124615667621476,5329,0,,0,10.94,OK,1.68,OK,1.65,OK,2046.0,High Quality,9.199347807431565,Capital Intensive,46.23728813559322,Reinvestor,5.82275251058719,0.052913102093441605,5.1702587674608464,34.101940338369005,33.48756506651244,5.190688459633482,99.84479511103366,43.278972989445315,22.527274627489085
353,BRITANNIA,Mar 2019,11055,9322,1732.0,16.0,206,9,162,1768,35.0,1155,48.0,31.0,432,24.0,4229,156,1829,6238,1688,101,1476,2972,6238,10.44776119402985,15.66711895070104,27.157300728897248,39.283284191426624,18.515549855722988,BRITANNIA,48.9,57.1,0.0366799905948742,215.33333333333331,1.7722026290477717,-1320,0,,0,8.25,OK,8.84,OK,8.94,OK,304.0,High Quality,7.706919945725915,Moderate,17.551963048498845,Reinvestor,5.907671000000918,0.09415913876878222,5.314614090395773,33.596244731127854,25.7085020242915,12.283308568598315,99.98897153596985,45.161827737137834,22.52263428232863
1273,ULTRACEMCO,Mar 2023,63240,52620,10620.0,17.0,507,823,2888,7416,32.0,5073,175.0,22.0,1333,289.0,54036,11058,25998,91380,59579,4040,7297,20464,91380,8.021821631878558,16.793168880455408,9.3382420616659,16.242754232751633,5.551543007222587,,,,0.2035526921306948,13.520048602673148,0.6920551543007223,3761,0,,0,10.94,OK,1.68,OK,1.65,OK,1881.0,High Quality,11.366223908918409,Capital Intensive,17.71186440677966,Reinvestor,5.813790191465658,0.05448922987665385,5.069485093159225,34.05404150071413,33.48756506651244,5.190688459633482,99.93879841551224,43.32791175067175,22.52067296782996
1234,TORNTPHARM,Mar 2023,9620,6778,2842.0,30.0,45,333,707,1847,33.0,1245,37.0,60.0,1372,169.0,6029,5369,3043,14610,8121,765,199,5524,14610,12.941787941787942,29.54261954261954,20.087124878993222,24.56989712112043,8.521560574948666,TORNTPHARM,23.2,24.2,0.8662471765085511,8.66966966966967,0.6584531143052703,5170,0,,0,7.32,OK,12.68,OK,12.89,OK,33.0,High Quality,24.272349272349278,Capital Intensive,1.1611541168191415,Mixed,5.870421342896634,0.06882644348700961,5.566622955454608,33.51757451897955,23.019086176980917,16.08717186726102,99.73954802952775,43.28383542795829,22.520516697950473
352,BRITANNIA,Mar 2018,9914,8413,1501.0,15.0,166,8,142,1518,34.0,1004,42.0,30.0,431,24.0,3382,201,1581,5188,1346,203,1079,2560,5188,10.127092999798265,15.14020576961872,29.47739283617146,41.61352924868312,19.35235158057055,BRITANNIA,48.9,57.1,0.059013505578391,208.375,1.9109483423284503,-878,0,,0,8.25,OK,8.84,OK,8.94,OK,292.0,High Quality,9.653015937058704,Capital Intensive,19.453697534976683,Reinvestor,5.9198945482239065,0.09817122569922597,5.2822121814100695,33.592761179298414,25.7085020242915,12.283308568598315,99.98225658423002,45.09859602889727,22.517273218996127
356,BRITANNIA,Mar 2022,14136,11935,2201.0,16.0,222,144,201,2078,27.0,1516,63.0,89.0,435,24.0,2534,2481,2487,7527,1753,536,1762,3475,7527,10.724391624221845,15.570175438596491,59.26505082095387,43.67930144870014,20.14082635844294,BRITANNIA,48.9,57.1,0.9698983580922595,16.82638888888889,1.8780390593862095,719,0,,0,8.25,OK,8.84,OK,8.94,OK,2214.0,Moderate,6.46576117713639,Moderate,100.59064061790096,Liquidating Assets,6.0768326597261595,0.10172795790606101,5.342566204708937,34.150710063981236,25.7085020242915,12.283308568598315,99.70838353604674,43.35795709835875,22.516478092629207
844,LODHA,Mar 2022,9233,7047,2186.0,24.0,293,688,75,1716,30.0,1208,12.0,20.0,984,482.0,11624,11537,14763,38404,1923,0,574,35908,38404,13.08350481966858,23.675944979963177,9.97852304642326,9.245865583893751,3.145505676492032,LODHA,11.1,10.7,0.9529985131339832,3.6031976744186047,0.2404176648265805,10963,0,,0,1.76,OK,27.61,OK,22.67,OK,3137.0,High Quality,12.336185421856383,Capital Intensive,143.50411710887465,Liquidating Assets,5.817163551285686,0.04244237436914618,5.580942733534969,34.41865325886273,6.940427993059572,30.876671619613667,99.71346476232883,43.23779542618401,22.51265724112208
357,BRITANNIA,Mar 2023,16301,13470,2831.0,17.0,597,169,226,3033,24.0,2316,96.0,75.0,436,24.0,3510,2997,2819,9351,2655,105,3324,3266,9351,14.207717317955954,17.36703269738053,65.53480475382003,43.3471137651202,24.76740455566249,BRITANNIA,48.9,57.1,0.8480475382003395,20.28402366863905,1.743236017538231,-327,0,,0,8.25,OK,8.84,OK,8.94,OK,1019.0,High Quality,9.24483160542298,Capital Intensive,35.99434828682445,Reinvestor,6.109865244641379,0.10115601554334888,5.694538754922081,33.80380636096564,25.7085020242915,12.283308568598315,99.74502006082298,43.389377288097045,22.50977214766373
1264,ULTRACEMCO,Mar 2014,20730,16695,4035.0,19.0,322,361,1139,2858,23.0,2213,80.0,11.0,1324,274.0,16908,7332,7671,32185,18100,2186,4862,7037,32185,10.675349734684032,19.46454413892909,12.879757886159934,16.459982051072856,6.875873854279944,,,,0.4267256431148877,12.069252077562329,0.6440888612707784,2470,0,,0,10.94,OK,1.68,OK,1.65,OK,1113.0,High Quality,11.297636275928609,Capital Intensive,27.583643122676584,Reinvestor,5.8324488858026005,0.05486324070787583,5.337610768311202,33.83109418362963,33.48756506651244,5.190688459633482,99.8716976659615,43.31472808467047,22.50951038476101
138,ADANIPORTS,Mar 2018,11323,4166,7157.0,63.0,844,1579,1188,5234,30.0,3690,18.0,11.0,206,414.0,20489,22370,3960,47233,22670,4545,1079,18938,47233,32.588536606906295,63.20763048662016,17.652968473424867,16.539181475747004,7.812334596574429,ADANIPORTS,12.9,18.1,1.0701813136870306,5.067131095630145,0.2397264624309275,21291,0,,0,6.41,OK,12.57,OK,12.47,OK,1762.0,High Quality,33.966263357767374,Capital Intensive,24.6192538773229,Reinvestor,5.857596839889847,0.054999601892569375,7.551828141262375,34.01949627840546,20.387507229612492,15.978207033184743,99.67823175708833,43.25109846967723,22.509196267532207
138,ADANIPORTS,Mar 2018,11323,4166,7157.0,63.0,844,1579,1188,5234,30.0,3690,18.0,11.0,206,414.0,20489,22370,3960,47233,22670,4545,1079,18938,47233,32.588536606906295,63.20763048662016,17.652968473424867,16.539181475747004,7.812334596574429,ADANIPORTS,12.9,18.1,1.0701813136870306,5.067131095630145,0.2397264624309275,21291,0,,0,6.41,OK,12.57,OK,12.47,OK,1762.0,High Quality,33.966263357767374,Capital Intensive,24.6192538773229,Reinvestor,5.857596839889847,0.054999601892569375,7.551828141262375,34.01949627840546,20.387507229612492,15.978207033184743,99.67823175708833,43.25109846967723,22.509196267532207
125,ADANIPORTS,Mar 2018,11323,4166,7157.0,63.0,844,1579,1188,5234,30.0,3690,18.0,11.0,206,414.0,20489,22370,3960,47233,22670,4545,1079,18938,47233,32.588536606906295,63.20763048662016,17.652968473424867,16.539181475747004,7.812334596574429,ADANIPORTS,12.9,18.1,1.0701813136870306,5.067131095630145,0.2397264624309275,21291,0,,0,6.41,OK,12.57,OK,12.47,OK,1762.0,High Quality,33.966263357767374,Capital Intensive,24.6192538773229,Reinvestor,5.857596839889847,0.054999601892569375,7.551828141262375,34.01949627840546,20.387507229612492,15.978207033184743,99.67823175708833,43.25109846967723,22.509196267532207
125,ADANIPORTS,Mar 2018,11323,4166,7157.0,63.0,844,1579,1188,5234,30.0,3690,18.0,11.0,206,414.0,20489,22370,3960,47233,22670,4545,1079,18938,47233,32.588536606906295,63.20763048662016,17.652968473424867,16.539181475747004,7.812334596574429,ADANIPORTS,12.9,18.1,1.0701813136870306,5.067131095630145,0.2397264624309275,21291,0,,0,6.41,OK,12.57,OK,12.47,OK,1762.0,High Quality,33.966263357767374,Capital Intensive,24.6192538773229,Reinvestor,5.857596839889847,0.054999601892569375,7.551828141262375,34.01949627840546,20.387507229612492,15.978207033184743,99.67823175708833,43.25109846967723,22.509196267532207
125,ADANIPORTS,Mar 2018,11323,4166,7157.0,63.0,844,1579,1188,5234,30.0,3690,18.0,11.0,206,414.0,20489,22370,3960,47233,22670,4545,1079,18938,47233,32.588536606906295,63.20763048662016,17.652968473424867,16.539181475747004,7.812334596574429,ADANIPORTS,12.9,18.1,1.0701813136870306,5.067131095630145,0.2397264624309275,21291,0,,0,6.41,OK,12.57,OK,12.47,OK,1762.0,High Quality,33.966263357767374,Capital Intensive,24.6192538773229,Reinvestor,5.857596839889847,0.054999601892569375,7.551828141262375,34.01949627840546,20.387507229612492,15.978207033184743,99.67823175708833,43.25109846967723,22.509196267532207
125,ADANIPORTS,Mar 2018,11323,4166,7157.0,63.0,844,1579,1188,5234,30.0,3690,18.0,11.0,206,414.0,20489,22370,3960,47233,22670,4545,1079,18938,47233,32.588536606906295,63.20763048662016,17.652968473424867,16.539181475747004,7.812334596574429,ADANIPORTS,12.9,18.1,1.0701813136870306,5.067131095630145,0.2397264624309275,21291,0,,0,6.41,OK,12.57,OK,12.47,OK,1762.0,High Quality,33.966263357767374,Capital Intensive,24.6192538773229,Reinvestor,5.857596839889847,0.054999601892569375,7.551828141262375,34.01949627840546,20.387507229612492,15.978207033184743,99.67823175708833,43.25109846967723,22.509196267532207
138,ADANIPORTS,Mar 2018,11323,4166,7157.0,63.0,844,1579,1188,5234,30.0,3690,18.0,11.0,206,414.0,20489,22370,3960,47233,22670,4545,1079,18938,47233,32.588536606906295,63.20763048662016,17.652968473424867,16.539181475747004,7.812334596574429,ADANIPORTS,12.9,18.1,1.0701813136870306,5.067131095630145,0.2397264624309275,21291,0,,0,6.41,OK,12.57,OK,12.47,OK,1762.0,High Quality,33.966263357767374,Capital Intensive,24.6192538773229,Reinvestor,5.857596839889847,0.054999601892569375,7.551828141262375,34.01949627840546,20.387507229612492,15.978207033184743,99.67823175708833,43.25109846967723,22.509196267532207
138,ADANIPORTS,Mar 2018,11323,4166,7157.0,63.0,844,1579,1188,5234,30.0,3690,18.0,11.0,206,414.0,20489,22370,3960,47233,22670,4545,1079,18938,47233,32.588536606906295,63.20763048662016,17.652968473424867,16.539181475747004,7.812334596574429,ADANIPORTS,12.9,18.1,1.0701813136870306,5.067131095630145,0.2397264624309275,21291,0,,0,6.41,OK,12.57,OK,12.47,OK,1762.0,High Quality,33.966263357767374,Capital Intensive,24.6192538773229,Reinvestor,5.857596839889847,0.054999601892569375,7.551828141262375,34.01949627840546,20.387507229612492,15.978207033184743,99.67823175708833,43.25109846967723,22.509196267532207
798,JSWENERGY,Mar 2022,8167,4596,3572.0,44.0,575,777,1131,2238,22.0,1743,11.0,19.0,1029,1640.0,15775,8943,4157,30514,14831,2091,6623,6970,30514,21.341986041386065,43.73699032692543,10.008613264427218,13.551862812049473,5.71213213606869,JSWENERGY,8.59,8.4,0.5135228251507321,5.337194337194338,0.2676476371501606,2320,0,,0,6.65,OK,12.96,OK,9.46,OK,1565.0,High Quality,16.982980286518917,Capital Intensive,43.81298992161254,Reinvestor,5.817322083453292,0.04985620200406045,6.415420744512815,33.962307969205405,21.08155002891845,16.364536899455175,99.84560061455893,43.25355258609836,22.505318586148668
845,LODHA,Mar 2023,9470,7406,2064.0,22.0,-1037,482,93,452,-8.0,490,5.0,14.0,985,482.0,12181,9060,17399,39122,1828,0,246,37048,39122,5.174234424498416,21.795142555438225,3.8695411829740185,9.50145007595636,1.2524922038750574,LODHA,11.1,10.7,0.7154702677090736,2.130705394190872,0.2420632891978937,8814,0,,0,1.76,OK,27.61,OK,22.67,OK,4539.0,High Quality,18.891235480464623,Capital Intensive,219.9127906976744,Liquidating Assets,5.784978003924392,0.0428824255976791,4.781750721050746,34.82564823093626,6.940427993059572,30.876671619613667,99.78488167570114,43.224414606699,22.495476109066328
1226,TORNTPHARM,Mar 2015,4636,3616,1020.0,22.0,286,175,191,940,20.0,751,22.0,25.0,1364,85.0,2406,2740,2589,7820,2833,678,298,4011,7820,16.199309749784298,22.001725625539255,30.148534725010038,19.49913974383483,9.603580562659848,TORNTPHARM,23.2,24.2,1.099959855479727,7.462857142857143,0.5928388746803069,2442,0,,0,7.32,OK,12.68,OK,12.89,OK,-1303.0,High Quality,45.57808455565142,Capital Intensive,-127.74509803921568,Mixed,5.923430500618626,0.060095894166668565,5.895779158159932,33.129739081967976,23.019086176980917,16.08717186726102,99.6692783312094,43.27286889129772,22.49476002473067
135,ADANIPORTS,Mar 2015,6152,2250,3902.0,63.0,686,1175,912,2501,7.0,2324,11.0,10.0,203,414.0,10351,17776,3541,32082,20527,1276,260,10020,32082,37.77633289986996,63.42652795838751,21.58848118903855,13.67156021162538,7.243937410385887,ADANIPORTS,12.9,18.1,1.651277287505806,3.90468085106383,0.1917586185399912,17516,0,,0,6.41,OK,12.57,OK,12.47,OK,572.0,High Quality,40.39336801040312,Capital Intensive,14.659149154279858,Reinvestor,5.878331331124339,0.05006229035985424,8.076028876928667,33.6740440553188,20.387507229612492,15.978207033184743,99.50351535336554,43.24053506157539,22.49441513939037
135,ADANIPORTS,Mar 2015,6152,2250,3902.0,63.0,686,1175,912,2501,7.0,2324,11.0,10.0,203,414.0,10351,17776,3541,32082,20527,1276,260,10020,32082,37.77633289986996,63.42652795838751,21.58848118903855,13.67156021162538,7.243937410385887,ADANIPORTS,12.9,18.1,1.651277287505806,3.90468085106383,0.1917586185399912,17516,0,,0,6.41,OK,12.57,OK,12.47,OK,572.0,High Quality,40.39336801040312,Capital Intensive,14.659149154279858,Reinvestor,5.878331331124339,0.05006229035985424,8.076028876928667,33.6740440553188,20.387507229612492,15.978207033184743,99.50351535336554,43.24053506157539,22.49441513939037
122,ADANIPORTS,Mar 2015,6152,2250,3902.0,63.0,686,1175,912,2501,7.0,2324,11.0,10.0,203,414.0,10351,17776,3541,32082,20527,1276,260,10020,32082,37.77633289986996,63.42652795838751,21.58848118903855,13.67156021162538,7.243937410385887,ADANIPORTS,12.9,18.1,1.651277287505806,3.90468085106383,0.1917586185399912,17516,0,,0,6.41,OK,12.57,OK,12.47,OK,572.0,High Quality,40.39336801040312,Capital Intensive,14.659149154279858,Reinvestor,5.878331331124339,0.05006229035985424,8.076028876928667,33.6740440553188,20.387507229612492,15.978207033184743,99.50351535336554,43.24053506157539,22.49441513939037
122,ADANIPORTS,Mar 2015,6152,2250,3902.0,63.0,686,1175,912,2501,7.0,2324,11.0,10.0,203,414.0,10351,17776,3541,32082,20527,1276,260,10020,32082,37.77633289986996,63.42652795838751,21.58848118903855,13.67156021162538,7.243937410385887,ADANIPORTS,12.9,18.1,1.651277287505806,3.90468085106383,0.1917586185399912,17516,0,,0,6.41,OK,12.57,OK,12.47,OK,572.0,High Quality,40.39336801040312,Capital Intensive,14.659149154279858,Reinvestor,5.878331331124339,0.05006229035985424,8.076028876928667,33.6740440553188,20.387507229612492,15.978207033184743,99.50351535336554,43.24053506157539,22.49441513939037
135,ADANIPORTS,Mar 2015,6152,2250,3902.0,63.0,686,1175,912,2501,7.0,2324,11.0,10.0,203,414.0,10351,17776,3541,32082,20527,1276,260,10020,32082,37.77633289986996,63.42652795838751,21.58848118903855,13.67156021162538,7.243937410385887,ADANIPORTS,12.9,18.1,1.651277287505806,3.90468085106383,0.1917586185399912,17516,0,,0,6.41,OK,12.57,OK,12.47,OK,572.0,High Quality,40.39336801040312,Capital Intensive,14.659149154279858,Reinvestor,5.878331331124339,0.05006229035985424,8.076028876928667,33.6740440553188,20.387507229612492,15.978207033184743,99.50351535336554,43.24053506157539,22.49441513939037
122,ADANIPORTS,Mar 2015,6152,2250,3902.0,63.0,686,1175,912,2501,7.0,2324,11.0,10.0,203,414.0,10351,17776,3541,32082,20527,1276,260,10020,32082,37.77633289986996,63.42652795838751,21.58848118903855,13.67156021162538,7.243937410385887,ADANIPORTS,12.9,18.1,1.651277287505806,3.90468085106383,0.1917586185399912,17516,0,,0,6.41,OK,12.57,OK,12.47,OK,572.0,High Quality,40.39336801040312,Capital Intensive,14.659149154279858,Reinvestor,5.878331331124339,0.05006229035985424,8.076028876928667,33.6740440553188,20.387507229612492,15.978207033184743,99.50351535336554,43.24053506157539,22.49441513939037
122,ADANIPORTS,Mar 2015,6152,2250,3902.0,63.0,686,1175,912,2501,7.0,2324,11.0,10.0,203,414.0,10351,17776,3541,32082,20527,1276,260,10020,32082,37.77633289986996,63.42652795838751,21.58848118903855,13.67156021162538,7.243937410385887,ADANIPORTS,12.9,18.1,1.651277287505806,3.90468085106383,0.1917586185399912,17516,0,,0,6.41,OK,12.57,OK,12.47,OK,572.0,High Quality,40.39336801040312,Capital Intensive,14.659149154279858,Reinvestor,5.878331331124339,0.05006229035985424,8.076028876928667,33.6740440553188,20.387507229612492,15.978207033184743,99.50351535336554,43.24053506157539,22.49441513939037
135,ADANIPORTS,Mar 2015,6152,2250,3902.0,63.0,686,1175,912,2501,7.0,2324,11.0,10.0,203,414.0,10351,17776,3541,32082,20527,1276,260,10020,32082,37.77633289986996,63.42652795838751,21.58848118903855,13.67156021162538,7.243937410385887,ADANIPORTS,12.9,18.1,1.651277287505806,3.90468085106383,0.1917586185399912,17516,0,,0,6.41,OK,12.57,OK,12.47,OK,572.0,High Quality,40.39336801040312,Capital Intensive,14.659149154279858,Reinvestor,5.878331331124339,0.05006229035985424,8.076028876928667,33.6740440553188,20.387507229612492,15.978207033184743,99.50351535336554,43.24053506157539,22.49441513939037
1230,TORNTPHARM,Mar 2019,7673,5690,1983.0,26.0,-300,504,618,562,22.0,436,13.0,66.0,1368,85.0,4640,6038,3351,14113,7748,617,353,5395,14113,5.682262478821843,25.843868108953476,9.227513227513228,18.42423116231534,3.0893502444554666,TORNTPHARM,23.2,24.2,1.2778835978835978,3.3392857142857144,0.5436831290299724,5685,0,,0,7.32,OK,12.68,OK,12.89,OK,1552.0,High Quality,3.2060471784178284,Moderate,78.26525466464952,Reinvestor,5.813206809780208,0.05824517608107218,4.833084402015948,33.95853412139017,23.019086176980917,16.08717186726102,99.61578252705606,43.235397207635835,22.48886801499685
1266,ULTRACEMCO,Mar 2016,25153,20252,4901.0,19.0,464,566,1377,3421,28.0,2480,90.0,11.0,1326,274.0,21671,10616,8631,41193,25309,1469,5095,9319,41193,9.85965888760784,19.484753309744367,11.300979722032354,15.051749024907096,6.020440366081616,,,,0.4837548416495785,9.478798586572438,0.6106134537421407,5521,0,,0,10.94,OK,1.68,OK,1.65,OK,853.0,High Quality,14.602631892815968,Capital Intensive,17.40461130381555,Reinvestor,5.824130995766204,0.05243862304729773,5.255189308799858,33.75561722732498,33.48756506651244,5.190688459633482,99.85455086590764,43.29118813745806,22.485564872726655
791,JSWENERGY,Mar 2015,9347,5723,3624.0,39.0,196,1137,790,1892,27.0,1358,8.0,24.0,1022,1640.0,5878,9294,2608,19420,13191,454,1619,4157,19420,14.528725794372528,38.7717984380015,18.063314711359403,21.556031406138477,6.992790937178167,JSWENERGY,8.59,8.4,1.2362330407023143,3.3597185576077395,0.481307929969104,7675,0,,0,6.65,OK,12.96,OK,9.46,OK,2972.0,High Quality,4.51481758853108,Moderate,82.00883002207505,Reinvestor,5.85975877432848,0.0636373363553211,5.726975047711933,34.37075442120786,21.08155002891845,16.364536899455175,99.62830547660593,43.23558288479811,22.48285660247504
854,LT,Mar 2019,135220,112354,22866.0,17.0,2701,9339,1923,14305,28.0,10217,63.0,28.0,968,17.0,4876,0,1770,6664,930,12,1740,3982,6664,7.555834935660405,16.910220381600354,208.80850194154917,467.3206621704476,153.31632653061226,LT,17.18,10.49,0.0,2.737659278295321,20.29111644657863,-1740,0,,0,10.43,OK,8.19,OK,7.58,OK,-15779.0,Accrual Risk,8.151900606419169,Capital Intensive,-69.0063850258025,Growth Funded by Debt,6.864711546290031,0.8311301987794941,5.022399480083096,28.92741439171379,32.012724117987275,11.639425458147597,100.0,43.229930112938305,22.480883321847234
527,GRASIM,Mar 2024,130978,103783,27195.0,21.0,783,9277,5001,13700,28.0,9926,85.0,12.0,605,133.0,88520,137155,186309,412116,100494,18358,129306,163959,412116,7.578371940325857,20.763028905617738,11.196462612658342,12.043417416566289,2.4085451668947577,GRASIM,9.3,6.9,1.547099364939709,3.015845639754231,0.3178182841724175,7849,0,,0,14.97,OK,5.54,OK,0.61,OK,-33833.0,Accrual Risk,17.647238467528897,Capital Intensive,-124.408898694613,Growth Funded by Debt,5.823580340935495,0.047259044234039704,5.0246767311080385,23.686410664313335,45.141700404858305,9.014363546310054,99.53483822049616,43.23245804570634,22.4644053477733
1263,ULTRACEMCO,Mar 2013,20514,15674,4839.0,24.0,304,252,1023,3867,30.0,2688,98.0,9.0,1323,274.0,14955,7342,7010,29582,15050,3601,4709,6222,29582,13.10324656332261,23.588768645802865,17.650535163175523,21.43901466483541,9.086606720302887,,,,0.4821065073215576,20.40873015873016,0.6934622405516868,2633,0,,0,10.94,OK,1.68,OK,1.65,OK,-744.0,High Quality,21.26352734717754,Capital Intensive,-15.37507749535028,Mixed,5.857584019844867,0.06343586340853244,5.582937537486854,33.29201453802297,33.48756506651244,5.190688459633482,99.85504646570337,43.3905105198667,22.459932648947976
797,JSWENERGY,Mar 2021,6922,4009,2913.0,42.0,248,896,1167,1099,25.0,823,5.0,41.0,1028,1642.0,12865,8371,3328,26207,15637,473,4052,6045,26207,11.889627275353943,42.08321294423577,5.67312331977666,12.732756359821662,3.140382340596024,JSWENERGY,8.59,8.4,0.5770317777624595,3.5279017857142856,0.2641279047582707,4319,0,,0,6.65,OK,12.96,OK,9.46,OK,2670.0,High Quality,14.88009245882693,Capital Intensive,91.65808444902164,Reinvestor,5.794480287542446,0.04844590986272897,5.460307409462197,34.28308503350016,21.08155002891845,16.364536899455175,99.8265055660567,43.2371111980164,22.451624939432733
796,JSWENERGY,Mar 2020,8273,5316,2957.0,36.0,376,1051,1738,544,6.0,1081,7.0,15.0,1027,1642.0,10004,9840,3445,24931,16713,391,1854,5974,24931,13.066602199927472,35.74277771062492,9.282156963764384,13.762449967420643,4.335967269664273,JSWENERGY,8.59,8.4,0.844925296239052,3.1712654614652718,0.3318358669929004,7986,0,,0,6.65,OK,12.96,OK,9.46,OK,2383.0,High Quality,3.638341593134293,Moderate,80.58843422387555,Liquidating Assets,5.8134947036716,0.05021877930946143,5.579234808781833,34.19977008557925,21.08155002891845,16.364536899455175,99.74595881605724,43.233870375405196,22.445833170410104
348,BRITANNIA,Mar 2014,6913,6286,627.0,9.0,34,8,83,569,30.0,395,16.0,36.0,427,24.0,774,150,1159,2107,848,107,198,954,2107,5.713872414291914,9.069868363951974,49.49874686716792,66.13924050632912,18.74703369719981,BRITANNIA,48.9,57.1,0.18796992481203,82.625,3.280968201233982,-48,0,,0,8.25,OK,8.84,OK,8.94,OK,425.0,High Quality,3.558512946622306,Moderate,67.78309409888357,Reinvestor,6.025378285580762,0.14039823752796843,4.8362784270878745,33.631370545408096,25.7085020242915,12.283308568598315,99.94348363996505,43.95588168476532,22.437503498633667
354,BRITANNIA,Mar 2020,11600,9756,1843.0,16.0,263,77,185,1844,24.0,1394,58.0,60.0,433,24.0,4379,1538,1889,7830,1878,40,2893,3019,7830,12.017241379310343,15.887931034482758,31.66023166023166,31.021713516243054,17.803320561941252,BRITANNIA,48.9,57.1,0.3493072904837611,27.350649350649352,1.4814814814814814,-1355,0,,0,8.25,OK,8.84,OK,8.94,OK,-41.0,High Quality,13.155172413793103,Capital Intensive,-2.224633749321758,Mixed,5.931394969067224,0.07993482376482043,5.473202173134022,33.496092616031305,25.7085020242915,12.283308568598315,99.89497481253156,43.45359306965923,22.430795031479764
1026,POWERGRID,Mar 2022,41622,5796,35826.0,86.0,4692,8036,12872,19610,14.0,16824,18.0,61.0,1144,6975.0,69272,134696,40008,250950,191773,12854,3788,42536,250950,40.42093123828744,86.07467204843591,22.06513043136124,16.98373494261483,6.70412432755529,POWERGRID,13.2,19.0,1.7665744226002336,5.042060726729717,0.165857740585774,130908,0,,0,3.95,OK,7.28,OK,7.21,OK,26877.0,High Quality,1.8091393974340493,Asset Light,75.02093451683135,Liquidating Assets,5.880842587026945,0.055765009440050146,8.343252244280343,41.31027996144869,13.273568536726433,10.737989103516592,99.46884930556821,43.25087065043146,22.42915433474608
1026,POWERGRID,Mar 2022,41622,5796,35826.0,86.0,4692,8036,12872,19610,14.0,16824,18.0,61.0,1144,6975.0,69272,134696,40008,250950,191773,12854,3788,42536,250950,40.42093123828744,86.07467204843591,22.06513043136124,16.98373494261483,6.70412432755529,POWERGRID,13.2,19.0,1.7665744226002336,5.042060726729717,0.165857740585774,130908,0,,0,3.95,OK,7.28,OK,7.21,OK,26877.0,High Quality,1.8091393974340493,Asset Light,75.02093451683135,Liquidating Assets,5.880842587026945,0.055765009440050146,8.343252244280343,41.31027996144869,13.273568536726433,10.737989103516592,99.46884930556821,43.25087065043146,22.42915433474608
1026,POWERGRID,Mar 2022,41622,5796,35826.0,86.0,4692,8036,12872,19610,14.0,16824,18.0,61.0,1157,6975.0,69272,134696,40008,250950,191773,12854,3788,42536,250950,40.42093123828744,86.07467204843591,22.06513043136124,16.98373494261483,6.70412432755529,POWERGRID,13.2,19.0,1.7665744226002336,5.042060726729717,0.165857740585774,130908,0,,0,3.95,OK,7.28,OK,7.21,OK,26877.0,High Quality,1.8091393974340493,Asset Light,75.02093451683135,Liquidating Assets,5.880842587026945,0.055765009440050146,8.343252244280343,41.31027996144869,13.273568536726433,10.737989103516592,99.46884930556821,43.25087065043146,22.42915433474608
1026,POWERGRID,Mar 2022,41622,5796,35826.0,86.0,4692,8036,12872,19610,14.0,16824,18.0,61.0,1157,6975.0,69272,134696,40008,250950,191773,12854,3788,42536,250950,40.42093123828744,86.07467204843591,22.06513043136124,16.98373494261483,6.70412432755529,POWERGRID,13.2,19.0,1.7665744226002336,5.042060726729717,0.165857740585774,130908,0,,0,3.95,OK,7.28,OK,7.21,OK,26877.0,High Quality,1.8091393974340493,Asset Light,75.02093451683135,Liquidating Assets,5.880842587026945,0.055765009440050146,8.343252244280343,41.31027996144869,13.273568536726433,10.737989103516592,99.46884930556821,43.25087065043146,22.42915433474608
123,ADANIPORTS,Mar 2016,7109,2532,4577.0,64.0,730,1124,1063,3119,9.0,2856,14.0,8.0,204,414.0,13091,22342,2538,38385,20883,1967,545,14990,38385,40.17442678295119,64.38317625545083,21.147723065531284,12.768153541440007,7.44040640875342,ADANIPORTS,12.9,18.1,1.6543502406516104,4.72153024911032,0.1852025530806304,21797,0,,0,6.41,OK,12.57,OK,12.47,OK,-1772.0,Moderate,58.418905612603744,Capital Intensive,-38.71531570897968,Mixed,5.8760091697926935,0.048506854770348565,8.318344208279093,32.99359026463382,20.387507229612492,15.978207033184743,99.5025914176533,43.247957928566585,22.416353485942302
123,ADANIPORTS,Mar 2016,7109,2532,4577.0,64.0,730,1124,1063,3119,9.0,2856,14.0,8.0,204,414.0,13091,22342,2538,38385,20883,1967,545,14990,38385,40.17442678295119,64.38317625545083,21.147723065531284,12.768153541440007,7.44040640875342,ADANIPORTS,12.9,18.1,1.6543502406516104,4.72153024911032,0.1852025530806304,21797,0,,0,6.41,OK,12.57,OK,12.47,OK,-1772.0,Moderate,58.418905612603744,Capital Intensive,-38.71531570897968,Mixed,5.8760091697926935,0.048506854770348565,8.318344208279093,32.99359026463382,20.387507229612492,15.978207033184743,99.5025914176533,43.247957928566585,22.416353485942302
136,ADANIPORTS,Mar 2016,7109,2532,4577.0,64.0,730,1124,1063,3119,9.0,2856,14.0,8.0,204,414.0,13091,22342,2538,38385,20883,1967,545,14990,38385,40.17442678295119,64.38317625545083,21.147723065531284,12.768153541440007,7.44040640875342,ADANIPORTS,12.9,18.1,1.6543502406516104,4.72153024911032,0.1852025530806304,21797,0,,0,6.41,OK,12.57,OK,12.47,OK,-1772.0,Moderate,58.418905612603744,Capital Intensive,-38.71531570897968,Mixed,5.8760091697926935,0.048506854770348565,8.318344208279093,32.99359026463382,20.387507229612492,15.978207033184743,99.5025914176533,43.247957928566585,22.416353485942302
136,ADANIPORTS,Mar 2016,7109,2532,4577.0,64.0,730,1124,1063,3119,9.0,2856,14.0,8.0,204,414.0,13091,22342,2538,38385,20883,1967,545,14990,38385,40.17442678295119,64.38317625545083,21.147723065531284,12.768153541440007,7.44040640875342,ADANIPORTS,12.9,18.1,1.6543502406516104,4.72153024911032,0.1852025530806304,21797,0,,0,6.41,OK,12.57,OK,12.47,OK,-1772.0,Moderate,58.418905612603744,Capital Intensive,-38.71531570897968,Mixed,5.8760091697926935,0.048506854770348565,8.318344208279093,32.99359026463382,20.387507229612492,15.978207033184743,99.5025914176533,43.247957928566585,22.416353485942302
136,ADANIPORTS,Mar 2016,7109,2532,4577.0,64.0,730,1124,1063,3119,9.0,2856,14.0,8.0,204,414.0,13091,22342,2538,38385,20883,1967,545,14990,38385,40.17442678295119,64.38317625545083,21.147723065531284,12.768153541440007,7.44040640875342,ADANIPORTS,12.9,18.1,1.6543502406516104,4.72153024911032,0.1852025530806304,21797,0,,0,6.41,OK,12.57,OK,12.47,OK,-1772.0,Moderate,58.418905612603744,Capital Intensive,-38.71531570897968,Mixed,5.8760091697926935,0.048506854770348565,8.318344208279093,32.99359026463382,20.387507229612492,15.978207033184743,99.5025914176533,43.247957928566585,22.416353485942302
136,ADANIPORTS,Mar 2016,7109,2532,4577.0,64.0,730,1124,1063,3119,9.0,2856,14.0,8.0,204,414.0,13091,22342,2538,38385,20883,1967,545,14990,38385,40.17442678295119,64.38317625545083,21.147723065531284,12.768153541440007,7.44040640875342,ADANIPORTS,12.9,18.1,1.6543502406516104,4.72153024911032,0.1852025530806304,21797,0,,0,6.41,OK,12.57,OK,12.47,OK,-1772.0,Moderate,58.418905612603744,Capital Intensive,-38.71531570897968,Mixed,5.8760091697926935,0.048506854770348565,8.318344208279093,32.99359026463382,20.387507229612492,15.978207033184743,99.5025914176533,43.247957928566585,22.416353485942302
123,ADANIPORTS,Mar 2016,7109,2532,4577.0,64.0,730,1124,1063,3119,9.0,2856,14.0,8.0,204,414.0,13091,22342,2538,38385,20883,1967,545,14990,38385,40.17442678295119,64.38317625545083,21.147723065531284,12.768153541440007,7.44040640875342,ADANIPORTS,12.9,18.1,1.6543502406516104,4.72153024911032,0.1852025530806304,21797,0,,0,6.41,OK,12.57,OK,12.47,OK,-1772.0,Moderate,58.418905612603744,Capital Intensive,-38.71531570897968,Mixed,5.8760091697926935,0.048506854770348565,8.318344208279093,32.99359026463382,20.387507229612492,15.978207033184743,99.5025914176533,43.247957928566585,22.416353485942302
123,ADANIPORTS,Mar 2016,7109,2532,4577.0,64.0,730,1124,1063,3119,9.0,2856,14.0,8.0,204,414.0,13091,22342,2538,38385,20883,1967,545,14990,38385,40.17442678295119,64.38317625545083,21.147723065531284,12.768153541440007,7.44040640875342,ADANIPORTS,12.9,18.1,1.6543502406516104,4.72153024911032,0.1852025530806304,21797,0,,0,6.41,OK,12.57,OK,12.47,OK,-1772.0,Moderate,58.418905612603744,Capital Intensive,-38.71531570897968,Mixed,5.8760091697926935,0.048506854770348565,8.318344208279093,32.99359026463382,20.387507229612492,15.978207033184743,99.5025914176533,43.247957928566585,22.416353485942302
793,JSWENERGY,Mar 2017,8263,4939,3324.0,40.0,221,1685,969,892,30.0,623,4.0,13.0,1024,1628.0,8741,14349,3672,28389,19491,531,1579,6789,28389,7.53963451530921,40.22752027108798,6.00829395312952,13.447689942551984,2.194511958857304,JSWENERGY,8.59,8.4,1.3838364355289807,2.1038575667655786,0.2910634400648138,12770,0,,0,6.65,OK,12.96,OK,9.46,OK,3091.0,High Quality,9.221832264310784,Capital Intensive,92.99037304452466,Reinvestor,5.796246154676288,0.04967684292467256,5.020762509048262,34.40529964351653,21.08155002891845,16.364536899455175,99.58392600147049,43.22417063534704,22.40148562967798
121,ADANIPORTS,Mar 2014,4830,1910,2919.0,60.0,685,977,649,1978,12.0,1741,8.0,12.0,202,414.0,8351,12979,2933,24677,13163,2025,63,9426,24677,36.04554865424431,60.43478260869565,19.86309184255562,13.42439293598234,7.055152571220165,ADANIPORTS,12.9,18.1,1.4807758128921849,3.6888433981576254,0.1957288163066823,12916,0,,0,6.41,OK,12.57,OK,12.47,OK,-1378.0,Moderate,51.96687370600414,Capital Intensive,-47.20794792737239,Mixed,5.869241011040045,0.049636731428550955,7.9011418297893705,33.10796688303394,20.387507229612492,15.978207033184743,99.55477952626654,43.23857370528563,22.39563710440355
121,ADANIPORTS,Mar 2014,4830,1910,2919.0,60.0,685,977,649,1978,12.0,1741,8.0,12.0,202,414.0,8351,12979,2933,24677,13163,2025,63,9426,24677,36.04554865424431,60.43478260869565,19.86309184255562,13.42439293598234,7.055152571220165,ADANIPORTS,12.9,18.1,1.4807758128921849,3.6888433981576254,0.1957288163066823,12916,0,,0,6.41,OK,12.57,OK,12.47,OK,-1378.0,Moderate,51.96687370600414,Capital Intensive,-47.20794792737239,Mixed,5.869241011040045,0.049636731428550955,7.9011418297893705,33.10796688303394,20.387507229612492,15.978207033184743,99.55477952626654,43.23857370528563,22.39563710440355
134,ADANIPORTS,Mar 2014,4830,1910,2919.0,60.0,685,977,649,1978,12.0,1741,8.0,12.0,202,414.0,8351,12979,2933,24677,13163,2025,63,9426,24677,36.04554865424431,60.43478260869565,19.86309184255562,13.42439293598234,7.055152571220165,ADANIPORTS,12.9,18.1,1.4807758128921849,3.6888433981576254,0.1957288163066823,12916,0,,0,6.41,OK,12.57,OK,12.47,OK,-1378.0,Moderate,51.96687370600414,Capital Intensive,-47.20794792737239,Mixed,5.869241011040045,0.049636731428550955,7.9011418297893705,33.10796688303394,20.387507229612492,15.978207033184743,99.55477952626654,43.23857370528563,22.39563710440355
134,ADANIPORTS,Mar 2014,4830,1910,2919.0,60.0,685,977,649,1978,12.0,1741,8.0,12.0,202,414.0,8351,12979,2933,24677,13163,2025,63,9426,24677,36.04554865424431,60.43478260869565,19.86309184255562,13.42439293598234,7.055152571220165,ADANIPORTS,12.9,18.1,1.4807758128921849,3.6888433981576254,0.1957288163066823,12916,0,,0,6.41,OK,12.57,OK,12.47,OK,-1378.0,Moderate,51.96687370600414,Capital Intensive,-47.20794792737239,Mixed,5.869241011040045,0.049636731428550955,7.9011418297893705,33.10796688303394,20.387507229612492,15.978207033184743,99.55477952626654,43.23857370528563,22.39563710440355
134,ADANIPORTS,Mar 2014,4830,1910,2919.0,60.0,685,977,649,1978,12.0,1741,8.0,12.0,202,414.0,8351,12979,2933,24677,13163,2025,63,9426,24677,36.04554865424431,60.43478260869565,19.86309184255562,13.42439293598234,7.055152571220165,ADANIPORTS,12.9,18.1,1.4807758128921849,3.6888433981576254,0.1957288163066823,12916,0,,0,6.41,OK,12.57,OK,12.47,OK,-1378.0,Moderate,51.96687370600414,Capital Intensive,-47.20794792737239,Mixed,5.869241011040045,0.049636731428550955,7.9011418297893705,33.10796688303394,20.387507229612492,15.978207033184743,99.55477952626654,43.23857370528563,22.39563710440355
134,ADANIPORTS,Mar 2014,4830,1910,2919.0,60.0,685,977,649,1978,12.0,1741,8.0,12.0,202,414.0,8351,12979,2933,24677,13163,2025,63,9426,24677,36.04554865424431,60.43478260869565,19.86309184255562,13.42439293598234,7.055152571220165,ADANIPORTS,12.9,18.1,1.4807758128921849,3.6888433981576254,0.1957288163066823,12916,0,,0,6.41,OK,12.57,OK,12.47,OK,-1378.0,Moderate,51.96687370600414,Capital Intensive,-47.20794792737239,Mixed,5.869241011040045,0.049636731428550955,7.9011418297893705,33.10796688303394,20.387507229612492,15.978207033184743,99.55477952626654,43.23857370528563,22.39563710440355
121,ADANIPORTS,Mar 2014,4830,1910,2919.0,60.0,685,977,649,1978,12.0,1741,8.0,12.0,202,414.0,8351,12979,2933,24677,13163,2025,63,9426,24677,36.04554865424431,60.43478260869565,19.86309184255562,13.42439293598234,7.055152571220165,ADANIPORTS,12.9,18.1,1.4807758128921849,3.6888433981576254,0.1957288163066823,12916,0,,0,6.41,OK,12.57,OK,12.47,OK,-1378.0,Moderate,51.96687370600414,Capital Intensive,-47.20794792737239,Mixed,5.869241011040045,0.049636731428550955,7.9011418297893705,33.10796688303394,20.387507229612492,15.978207033184743,99.55477952626654,43.23857370528563,22.39563710440355
121,ADANIPORTS,Mar 2014,4830,1910,2919.0,60.0,685,977,649,1978,12.0,1741,8.0,12.0,202,414.0,8351,12979,2933,24677,13163,2025,63,9426,24677,36.04554865424431,60.43478260869565,19.86309184255562,13.42439293598234,7.055152571220165,ADANIPORTS,12.9,18.1,1.4807758128921849,3.6888433981576254,0.1957288163066823,12916,0,,0,6.41,OK,12.57,OK,12.47,OK,-1378.0,Moderate,51.96687370600414,Capital Intensive,-47.20794792737239,Mixed,5.869241011040045,0.049636731428550955,7.9011418297893705,33.10796688303394,20.387507229612492,15.978207033184743,99.55477952626654,43.23857370528563,22.39563710440355
846,LODHA,Mar 2024,10316,7651,2665.0,26.0,48,482,204,2028,23.0,1554,16.0,,986,994.0,16475,7698,22031,47198,1169,4,2500,43524,47198,15.063978286157424,25.833656455990692,8.895758200240426,10.589263718361346,3.292512394592991,LODHA,11.1,10.7,0.4406663232010991,5.628630705394191,0.2185685834145514,5198,0,,0,1.76,OK,27.61,OK,22.67,OK,-435.0,High Quality,28.567274137262505,Capital Intensive,-16.322701688555348,Mixed,5.8114589379774575,0.04475536290264645,5.781059621221772,33.38171599763118,6.940427993059572,30.876671619613667,99.86750616300871,43.2562009242164,22.39282836253275
842,LODHA,Mar 2020,12443,10526,1917.0,15.0,119,740,292,1003,26.0,742,9.0,0.0,982,396.0,4156,18423,17717,40693,2021,6,1553,37112,40693,5.96319215623242,15.406252511452225,16.300527240773285,8.343852013057672,1.823409431597572,LODHA,11.1,10.7,4.047231985940246,2.7513513513513512,0.3057774064335389,16870,0,,0,1.76,OK,27.61,OK,22.67,OK,3954.0,High Quality,1.4626697741702162,Asset Light,206.25978090766824,Liquidating Assets,5.850471419923009,0.040889337340974094,4.861470933647666,34.6558250792508,6.940427993059572,30.876671619613667,98.78313075726831,43.23005453542961,22.38770626574057
795,JSWENERGY,Mar 2019,9138,6283,2855.0,31.0,398,1192,1164,897,24.0,684,4.0,24.0,1026,1641.0,10181,10555,3549,25926,17825,400,2451,5251,25926,7.485226526592252,31.24316042897789,5.785823041786499,12.75863609956652,2.6382781763480674,JSWENERGY,8.59,8.4,0.8928269328370834,2.729026845637584,0.3524647072436936,8104,0,,0,6.65,OK,12.96,OK,9.46,OK,2436.0,High Quality,0.6018822499452834,Asset Light,85.32399299474605,Reinvestor,5.795074052972011,0.04849046816584404,5.015264855304564,34.21515577282597,21.08155002891845,16.364536899455175,99.73155637299118,43.22985166836874,22.387166919771655
133,ADANIPORTS,Mar 2013,3577,1195,2382.0,67.0,344,542,422,1762,7.0,1639,8.0,12.0,201,401.0,5993,11620,3022,21035,11382,2951,222,6480,21035,45.820519988817445,66.59211629857423,25.633406318423525,13.22304873986899,7.791775612075114,ADANIPORTS,12.9,18.1,1.817328745699093,5.029520295202952,0.1700499168053244,11398,0,,0,6.41,OK,12.57,OK,12.47,OK,-3757.0,Moderate,143.58400894604418,Capital Intensive,-157.7246011754828,Mixed,5.899642268402388,0.049290068138683,8.888853543075035,32.41735273284641,20.387507229612492,15.978207033184743,99.45358915370906,43.250756693127386,22.385831787615693
120,ADANIPORTS,Mar 2013,3577,1195,2382.0,67.0,344,542,422,1762,7.0,1639,8.0,12.0,201,401.0,5993,11620,3022,21035,11382,2951,222,6480,21035,45.820519988817445,66.59211629857423,25.633406318423525,13.22304873986899,7.791775612075114,ADANIPORTS,12.9,18.1,1.817328745699093,5.029520295202952,0.1700499168053244,11398,0,,0,6.41,OK,12.57,OK,12.47,OK,-3757.0,Moderate,143.58400894604418,Capital Intensive,-157.7246011754828,Mixed,5.899642268402388,0.049290068138683,8.888853543075035,32.41735273284641,20.387507229612492,15.978207033184743,99.45358915370906,43.250756693127386,22.385831787615693
133,ADANIPORTS,Mar 2013,3577,1195,2382.0,67.0,344,542,422,1762,7.0,1639,8.0,12.0,201,401.0,5993,11620,3022,21035,11382,2951,222,6480,21035,45.820519988817445,66.59211629857423,25.633406318423525,13.22304873986899,7.791775612075114,ADANIPORTS,12.9,18.1,1.817328745699093,5.029520295202952,0.1700499168053244,11398,0,,0,6.41,OK,12.57,OK,12.47,OK,-3757.0,Moderate,143.58400894604418,Capital Intensive,-157.7246011754828,Mixed,5.899642268402388,0.049290068138683,8.888853543075035,32.41735273284641,20.387507229612492,15.978207033184743,99.45358915370906,43.250756693127386,22.385831787615693
133,ADANIPORTS,Mar 2013,3577,1195,2382.0,67.0,344,542,422,1762,7.0,1639,8.0,12.0,201,401.0,5993,11620,3022,21035,11382,2951,222,6480,21035,45.820519988817445,66.59211629857423,25.633406318423525,13.22304873986899,7.791775612075114,ADANIPORTS,12.9,18.1,1.817328745699093,5.029520295202952,0.1700499168053244,11398,0,,0,6.41,OK,12.57,OK,12.47,OK,-3757.0,Moderate,143.58400894604418,Capital Intensive,-157.7246011754828,Mixed,5.899642268402388,0.049290068138683,8.888853543075035,32.41735273284641,20.387507229612492,15.978207033184743,99.45358915370906,43.250756693127386,22.385831787615693
133,ADANIPORTS,Mar 2013,3577,1195,2382.0,67.0,344,542,422,1762,7.0,1639,8.0,12.0,201,401.0,5993,11620,3022,21035,11382,2951,222,6480,21035,45.820519988817445,66.59211629857423,25.633406318423525,13.22304873986899,7.791775612075114,ADANIPORTS,12.9,18.1,1.817328745699093,5.029520295202952,0.1700499168053244,11398,0,,0,6.41,OK,12.57,OK,12.47,OK,-3757.0,Moderate,143.58400894604418,Capital Intensive,-157.7246011754828,Mixed,5.899642268402388,0.049290068138683,8.888853543075035,32.41735273284641,20.387507229612492,15.978207033184743,99.45358915370906,43.250756693127386,22.385831787615693
120,ADANIPORTS,Mar 2013,3577,1195,2382.0,67.0,344,542,422,1762,7.0,1639,8.0,12.0,201,401.0,5993,11620,3022,21035,11382,2951,222,6480,21035,45.820519988817445,66.59211629857423,25.633406318423525,13.22304873986899,7.791775612075114,ADANIPORTS,12.9,18.1,1.817328745699093,5.029520295202952,0.1700499168053244,11398,0,,0,6.41,OK,12.57,OK,12.47,OK,-3757.0,Moderate,143.58400894604418,Capital Intensive,-157.7246011754828,Mixed,5.899642268402388,0.049290068138683,8.888853543075035,32.41735273284641,20.387507229612492,15.978207033184743,99.45358915370906,43.250756693127386,22.385831787615693
120,ADANIPORTS,Mar 2013,3577,1195,2382.0,67.0,344,542,422,1762,7.0,1639,8.0,12.0,201,401.0,5993,11620,3022,21035,11382,2951,222,6480,21035,45.820519988817445,66.59211629857423,25.633406318423525,13.22304873986899,7.791775612075114,ADANIPORTS,12.9,18.1,1.817328745699093,5.029520295202952,0.1700499168053244,11398,0,,0,6.41,OK,12.57,OK,12.47,OK,-3757.0,Moderate,143.58400894604418,Capital Intensive,-157.7246011754828,Mixed,5.899642268402388,0.049290068138683,8.888853543075035,32.41735273284641,20.387507229612492,15.978207033184743,99.45358915370906,43.250756693127386,22.385831787615693
120,ADANIPORTS,Mar 2013,3577,1195,2382.0,67.0,344,542,422,1762,7.0,1639,8.0,12.0,201,401.0,5993,11620,3022,21035,11382,2951,222,6480,21035,45.820519988817445,66.59211629857423,25.633406318423525,13.22304873986899,7.791775612075114,ADANIPORTS,12.9,18.1,1.817328745699093,5.029520295202952,0.1700499168053244,11398,0,,0,6.41,OK,12.57,OK,12.47,OK,-3757.0,Moderate,143.58400894604418,Capital Intensive,-157.7246011754828,Mixed,5.899642268402388,0.049290068138683,8.888853543075035,32.41735273284641,20.387507229612492,15.978207033184743,99.45358915370906,43.250756693127386,22.385831787615693
794,JSWENERGY,Mar 2018,8049,5336,2713.0,34.0,47,1456,966,338,75.0,85,0.0,0.0,1025,1640.0,9470,11883,3728,26721,18877,294,2415,5135,26721,1.0560318051931916,33.70605044104858,0.7650765076507651,11.799243247945029,0.3181018674450806,JSWENERGY,8.59,8.4,1.0695769576957697,1.8956043956043955,0.3012237565959357,9468,0,,0,6.65,OK,12.96,OK,9.46,OK,3719.0,High Quality,2.67113927195925,Asset Light,137.08072244747513,Reinvestor,5.768621940496392,0.04683863866869942,4.365627049118864,34.587605522590835,21.08155002891845,16.364536899455175,99.67841346701253,43.222278198878676,22.368244637724388
347,BRITANNIA,Mar 2013,6185,5765,421.0,7.0,52,41,73,358,27.0,260,11.0,39.0,426,24.0,534,380,946,1883,737,147,108,891,1883,4.203718674211803,6.806790622473727,46.59498207885305,44.882729211087415,13.807753584705257,BRITANNIA,48.9,57.1,0.6810035842293907,11.53658536585366,3.2846521508231548,272,0,,0,8.25,OK,8.84,OK,8.94,OK,348.0,High Quality,0.4527081649151172,Asset Light,82.6603325415677,Liquidating Assets,6.010079621873877,0.10379995320208009,4.683684983395243,33.60901775450249,25.7085020242915,12.283308568598315,99.79524467124257,43.309887640200415,22.365813008539448
790,JSWENERGY,Mar 2014,8648,5394,3255.0,38.0,-179,1206,810,1060,27.0,760,5.0,43.0,1021,1640.0,4931,10106,2567,19244,13635,615,888,4107,19244,8.788159111933396,37.63876040703053,11.565971693806118,19.51789890268034,3.949282893369362,JSWENERGY,8.59,8.4,1.5379698676000608,2.5505804311774463,0.4493868218665558,9218,0,,0,6.65,OK,12.96,OK,9.46,OK,1906.0,High Quality,4.197502312673451,Moderate,58.55606758832565,Reinvestor,5.825527122297356,0.060128192647807194,5.146919643038959,34.06129890035881,21.08155002891845,16.364536899455175,99.53758315939582,43.228230091609596,22.363507200324527
792,JSWENERGY,Mar 2016,9824,5796,4029.0,41.0,340,1498,854,2017,28.0,1460,9.0,22.0,1023,1627.0,8077,14862,3973,28539,20298,321,1012,6908,28539,14.861563517915313,41.01180781758957,15.045342126957957,16.40071643735244,5.115806440309751,JSWENERGY,8.59,8.4,1.5315333882934872,2.916555407209613,0.3442307018465959,13850,0,,0,6.65,OK,12.96,OK,9.46,OK,266.0,High Quality,33.30618892508143,Capital Intensive,6.602134524695955,Reinvestor,5.843858399810834,0.054761200455288664,5.760606626456702,33.58521348366795,21.08155002891845,16.364536899455175,99.53951839654725,43.23155577633886,22.356035886522047
87,ADANIENSOL,Mar 2015,131,29,101.0,78.0,3,73,37,-5,34.0,-7,0.0,0.0,150,1090.0,-7,9701,708,11492,10573,10,0,909,11492,-5.343511450381679,77.09923664122137,-0.6463527239150507,0.936572700296736,-0.060911938739993,ADANIENSOL,9.0,8.59,8.95752539242844,1.4246575342465753,0.0113992342499129,9701,1,,1,14.12,OK,-3.56,OK,-3.04,OK,-1899.0,High Quality,1422.9007633587787,Capital Intensive,-1880.19801980198,Growth Funded by Debt,5.761185738622643,0.02813589390877831,3.7189853744928594,32.95672267443886,42.68363215731637,0.0,97.30676739586451,43.217998614514485,22.342338274843197
789,JSWENERGY,Mar 2013,8870,6069,2801.0,32.0,9,963,662,1186,23.0,901,6.0,36.0,1020,1640.0,4564,10377,3798,20378,13925,977,955,4521,20378,10.15783540022548,31.578354002254795,14.522888459058672,16.892829141788795,4.421434880753754,JSWENERGY,8.59,8.4,1.672630560928433,2.917964693665628,0.4352733339876337,9422,0,,0,6.65,OK,12.96,OK,9.46,OK,781.0,High Quality,10.64261555806088,Capital Intensive,27.88289896465548,Reinvestor,5.841105820469774,0.05560849286499728,5.2853185464271295,33.73471591634831,21.08155002891845,16.364536899455175,99.49709512794978,43.23156858279491,22.326362599224012
1229,TORNTPHARM,Mar 2018,5950,4601,1349.0,23.0,299,308,409,931,27.0,678,20.0,35.0,1367,85.0,4538,6462,3159,14243,7855,647,492,5249,14243,11.394957983193276,22.672268907563023,14.665801427644388,12.169598556608028,4.76023309695991,TORNTPHARM,23.2,24.2,1.3977936404931863,5.35064935064935,0.4177490697184582,5970,0,,0,7.32,OK,12.68,OK,12.89,OK,-3783.0,High Quality,78.60504201680672,Capital Intensive,-280.4299481097109,Mixed,5.841858766250555,0.04747629593520884,5.410323564257278,32.409805037215946,23.019086176980917,16.08717186726102,99.57972953003163,43.253674854383654,22.314812056685764
1041,RECLTD,Mar 2024,47517,-366,47883.0,101.0,48,29948,24,17960,21.0,14145,54.0,30.0,1172,2633.0,66717,445568,33273,548191,632,24,5352,542184,548191,29.7682934528695,100.7702506471368,20.39653929343908,9.29915054435852,2.5803050396668312,RECLTD,10.0,22.2,6.4249170872386445,1.6004741552023507,0.0866796426792851,440216,1,,0,11.45,OK,24.52,OK,24.57,OK,-59554.0,Accrual Risk,3.8533577456489256,Moderate,-124.37399494601424,Growth Funded by Debt,5.872051511804157,0.04253411746406411,7.266856748282071,16.219707613883116,34.962406015037594,27.815750371471022,98.06823922677967,43.21959629383618,22.290322331448344
843,LODHA,Mar 2021,5449,4066,1383.0,25.0,-140,1136,73,33,-44.0,48,1.0,0.0,983,396.0,4203,18193,16516,39308,1946,6,1579,35776,39308,0.8808955771701229,25.38080381721417,1.0437051532941943,6.067918567918568,0.1221125470642108,LODHA,11.1,10.7,3.9558599695586,1.0941901408450705,0.138623181031851,16614,0,,1,1.76,OK,27.61,OK,22.67,OK,2944.0,High Quality,7.707836300238576,Moderate,212.8705712219812,Liquidating Assets,5.77008991268407,0.03697076113742533,4.3479304137101,34.36262613360582,6.940427993059572,30.876671619613667,98.81060331055102,43.21499559399196,22.28191759645026
800,JSWENERGY,Mar 2024,11486,6104,5382.0,47.0,472,2053,1633,2167,20.0,1725,10.0,19.0,1031,1641.0,19191,31573,5362,57767,28946,10285,7035,11501,57767,15.018283127285391,46.857043357130415,8.280529953917052,10.270012403396622,2.98613395191026,JSWENERGY,8.59,8.4,1.5156009984639016,2.8514369215781783,0.1988332438935724,24538,0,,0,6.65,OK,12.96,OK,9.46,OK,-1963.0,High Quality,71.36514017064252,Capital Intensive,-36.473429951690825,Mixed,5.808217570053529,0.04420569366322106,5.776442355133357,32.93814373134848,21.08155002891845,16.364536899455175,99.54430874096393,43.230964032183,22.254606768632865
1028,POWERGRID,Mar 2024,45843,6017,39826.0,87.0,556,8773,13095,18514,16.0,15573,17.0,67.0,1146,9301.0,77845,123516,40168,250829,177761,18197,4163,50708,250829,33.97028990249329,86.87476823070044,17.870011245496066,18.905165620757423,6.208612241806171,POWERGRID,13.2,19.0,1.4173456039290386,4.60298643565485,0.1827659481160471,119353,0,,0,3.95,OK,7.28,OK,7.21,OK,24176.0,High Quality,28.606330301245556,Capital Intensive,60.70406267262592,Reinvestor,5.858740343107907,0.059073222405688054,7.691447365524984,40.52619050383771,13.273568536726433,10.737989103516592,99.5738508991494,43.246880698220316,22.25367657468517
1028,POWERGRID,Mar 2024,45843,6017,39826.0,87.0,556,8773,13095,18514,16.0,15573,17.0,67.0,1159,9301.0,77845,123516,40168,250829,177761,18197,4163,50708,250829,33.97028990249329,86.87476823070044,17.870011245496066,18.905165620757423,6.208612241806171,POWERGRID,13.2,19.0,1.4173456039290386,4.60298643565485,0.1827659481160471,119353,0,,0,3.95,OK,7.28,OK,7.21,OK,24176.0,High Quality,28.606330301245556,Capital Intensive,60.70406267262592,Reinvestor,5.858740343107907,0.059073222405688054,7.691447365524984,40.52619050383771,13.273568536726433,10.737989103516592,99.5738508991494,43.246880698220316,22.25367657468517
1028,POWERGRID,Mar 2024,45843,6017,39826.0,87.0,556,8773,13095,18514,16.0,15573,17.0,67.0,1146,9301.0,77845,123516,40168,250829,177761,18197,4163,50708,250829,33.97028990249329,86.87476823070044,17.870011245496066,18.905165620757423,6.208612241806171,POWERGRID,13.2,19.0,1.4173456039290386,4.60298643565485,0.1827659481160471,119353,0,,0,3.95,OK,7.28,OK,7.21,OK,24176.0,High Quality,28.606330301245556,Capital Intensive,60.70406267262592,Reinvestor,5.858740343107907,0.059073222405688054,7.691447365524984,40.52619050383771,13.273568536726433,10.737989103516592,99.5738508991494,43.246880698220316,22.25367657468517
1028,POWERGRID,Mar 2024,45843,6017,39826.0,87.0,556,8773,13095,18514,16.0,15573,17.0,67.0,1159,9301.0,77845,123516,40168,250829,177761,18197,4163,50708,250829,33.97028990249329,86.87476823070044,17.870011245496066,18.905165620757423,6.208612241806171,POWERGRID,13.2,19.0,1.4173456039290386,4.60298643565485,0.1827659481160471,119353,0,,0,3.95,OK,7.28,OK,7.21,OK,24176.0,High Quality,28.606330301245556,Capital Intensive,60.70406267262592,Reinvestor,5.858740343107907,0.059073222405688054,7.691447365524984,40.52619050383771,13.273568536726433,10.737989103516592,99.5738508991494,43.246880698220316,22.25367657468517
839,LODHA,Mar 2017,7926,6313,1614.0,20.0,584,736,460,1001,42.0,584,13.0,0.0,979,113.0,3920,16183,13715,33931,1753,109,1180,30888,33931,7.368155437799646,20.36336109008327,14.480535581453012,7.98377522754254,1.72113996050809,LODHA,11.1,10.7,4.012645673196132,2.9864130434782608,0.2335917008045739,15003,0,,0,1.76,OK,27.61,OK,22.67,OK,295.0,High Quality,14.812011102699971,Capital Intensive,18.277571251548945,Reinvestor,5.840882681724474,0.040269377066571736,5.003435410313909,33.593632067255776,6.940427993059572,30.876671619613667,98.79352972138601,43.23219058606459,22.24222015379424
838,LODHA,Mar 2016,8249,6123,2126.0,26.0,510,988,450,1198,41.0,703,16.0,0.0,978,108.0,3865,13835,13173,30981,1899,176,611,28295,30981,8.522245120620681,25.772820947993697,17.694437452806444,11.938454627133872,2.2691326942319487,LODHA,11.1,10.7,3.4822552227535866,2.668016194331984,0.2662599657854814,13224,0,,0,1.76,OK,27.61,OK,22.67,OK,-467.0,Moderate,10.35277003273124,Capital Intensive,-21.966133584195678,Mixed,5.85781532176289,0.04707832511424012,5.120050371001592,33.372426526085995,6.940427993059572,30.876671619613667,98.95300064571757,43.229297252890476,22.23972403527252
840,LODHA,Mar 2018,9677,7995,1682.0,17.0,285,390,395,1182,33.0,794,10.0,0.0,980,396.0,4756,22616,12483,40251,2197,6,1384,36664,40251,8.20502221762943,17.381419861527334,15.411490683229816,6.057332180927687,1.972621798216193,LODHA,11.1,10.7,4.389751552795032,5.043589743589743,0.2404163871705051,21232,0,,0,1.76,OK,27.61,OK,22.67,OK,45.0,Moderate,6.727291515965692,Moderate,2.67538644470868,Mixed,5.845787476040324,0.036952534082397584,5.0879965913757905,33.521058070809,6.940427993059572,30.876671619613667,98.68014641454042,43.25088454490063,22.229790574539617
128,ADANIPORTS,Mar 2021,12550,3862,8688.0,69.0,1967,2255,2107,6292,20.0,5049,25.0,20.0,209,406.0,30035,35855,8285,74582,48291,3697,2236,20358,74582,40.23107569721115,69.22709163346613,16.586183108307875,13.104863038494027,6.769729961652946,ADANIPORTS,12.9,18.1,1.1778522387569397,4.725055432372505,0.168271164624172,33619,0,,0,6.41,OK,12.57,OK,12.47,OK,-6508.0,High Quality,112.06374501992032,Capital Intensive,-74.90791896869244,Mixed,5.851976415462213,0.04908658254115959,8.324068296283484,31.618748475946074,20.387507229612492,15.978207033184743,99.6458586592503,43.24798996258233,22.221481011927576
128,ADANIPORTS,Mar 2021,12550,3862,8688.0,69.0,1967,2255,2107,6292,20.0,5049,25.0,20.0,209,406.0,30035,35855,8285,74582,48291,3697,2236,20358,74582,40.23107569721115,69.22709163346613,16.586183108307875,13.104863038494027,6.769729961652946,ADANIPORTS,12.9,18.1,1.1778522387569397,4.725055432372505,0.168271164624172,33619,0,,0,6.41,OK,12.57,OK,12.47,OK,-6508.0,High Quality,112.06374501992032,Capital Intensive,-74.90791896869244,Mixed,5.851976415462213,0.04908658254115959,8.324068296283484,31.618748475946074,20.387507229612492,15.978207033184743,99.6458586592503,43.24798996258233,22.221481011927576
128,ADANIPORTS,Mar 2021,12550,3862,8688.0,69.0,1967,2255,2107,6292,20.0,5049,25.0,20.0,209,406.0,30035,35855,8285,74582,48291,3697,2236,20358,74582,40.23107569721115,69.22709163346613,16.586183108307875,13.104863038494027,6.769729961652946,ADANIPORTS,12.9,18.1,1.1778522387569397,4.725055432372505,0.168271164624172,33619,0,,0,6.41,OK,12.57,OK,12.47,OK,-6508.0,High Quality,112.06374501992032,Capital Intensive,-74.90791896869244,Mixed,5.851976415462213,0.04908658254115959,8.324068296283484,31.618748475946074,20.387507229612492,15.978207033184743,99.6458586592503,43.24798996258233,22.221481011927576
141,ADANIPORTS,Mar 2021,12550,3862,8688.0,69.0,1967,2255,2107,6292,20.0,5049,25.0,20.0,209,406.0,30035,35855,8285,74582,48291,3697,2236,20358,74582,40.23107569721115,69.22709163346613,16.586183108307875,13.104863038494027,6.769729961652946,ADANIPORTS,12.9,18.1,1.1778522387569397,4.725055432372505,0.168271164624172,33619,0,,0,6.41,OK,12.57,OK,12.47,OK,-6508.0,High Quality,112.06374501992032,Capital Intensive,-74.90791896869244,Mixed,5.851976415462213,0.04908658254115959,8.324068296283484,31.618748475946074,20.387507229612492,15.978207033184743,99.6458586592503,43.24798996258233,22.221481011927576
141,ADANIPORTS,Mar 2021,12550,3862,8688.0,69.0,1967,2255,2107,6292,20.0,5049,25.0,20.0,209,406.0,30035,35855,8285,74582,48291,3697,2236,20358,74582,40.23107569721115,69.22709163346613,16.586183108307875,13.104863038494027,6.769729961652946,ADANIPORTS,12.9,18.1,1.1778522387569397,4.725055432372505,0.168271164624172,33619,0,,0,6.41,OK,12.57,OK,12.47,OK,-6508.0,High Quality,112.06374501992032,Capital Intensive,-74.90791896869244,Mixed,5.851976415462213,0.04908658254115959,8.324068296283484,31.618748475946074,20.387507229612492,15.978207033184743,99.6458586592503,43.24798996258233,22.221481011927576
141,ADANIPORTS,Mar 2021,12550,3862,8688.0,69.0,1967,2255,2107,6292,20.0,5049,25.0,20.0,209,406.0,30035,35855,8285,74582,48291,3697,2236,20358,74582,40.23107569721115,69.22709163346613,16.586183108307875,13.104863038494027,6.769729961652946,ADANIPORTS,12.9,18.1,1.1778522387569397,4.725055432372505,0.168271164624172,33619,0,,0,6.41,OK,12.57,OK,12.47,OK,-6508.0,High Quality,112.06374501992032,Capital Intensive,-74.90791896869244,Mixed,5.851976415462213,0.04908658254115959,8.324068296283484,31.618748475946074,20.387507229612492,15.978207033184743,99.6458586592503,43.24798996258233,22.221481011927576
141,ADANIPORTS,Mar 2021,12550,3862,8688.0,69.0,1967,2255,2107,6292,20.0,5049,25.0,20.0,209,406.0,30035,35855,8285,74582,48291,3697,2236,20358,74582,40.23107569721115,69.22709163346613,16.586183108307875,13.104863038494027,6.769729961652946,ADANIPORTS,12.9,18.1,1.1778522387569397,4.725055432372505,0.168271164624172,33619,0,,0,6.41,OK,12.57,OK,12.47,OK,-6508.0,High Quality,112.06374501992032,Capital Intensive,-74.90791896869244,Mixed,5.851976415462213,0.04908658254115959,8.324068296283484,31.618748475946074,20.387507229612492,15.978207033184743,99.6458586592503,43.24798996258233,22.221481011927576
128,ADANIPORTS,Mar 2021,12550,3862,8688.0,69.0,1967,2255,2107,6292,20.0,5049,25.0,20.0,209,406.0,30035,35855,8285,74582,48291,3697,2236,20358,74582,40.23107569721115,69.22709163346613,16.586183108307875,13.104863038494027,6.769729961652946,ADANIPORTS,12.9,18.1,1.1778522387569397,4.725055432372505,0.168271164624172,33619,0,,0,6.41,OK,12.57,OK,12.47,OK,-6508.0,High Quality,112.06374501992032,Capital Intensive,-74.90791896869244,Mixed,5.851976415462213,0.04908658254115959,8.324068296283484,31.618748475946074,20.387507229612492,15.978207033184743,99.6458586592503,43.24798996258233,22.221481011927576
841,LODHA,Mar 2019,11907,8728,3179.0,27.0,72,568,194,2489,34.0,1644,21.0,0.0,981,396.0,3445,25641,20382,49864,2139,6,1405,46314,49864,13.80700428319476,26.69858066683464,42.80135381411091,10.782850552879724,3.296967752286218,LODHA,11.1,10.7,6.675605311116897,5.723591549295775,0.2387895074602919,24236,1,,0,1.76,OK,27.61,OK,22.67,OK,-638.0,Accrual Risk,1.4697236919459142,Asset Light,-20.06920415224913,Growth Funded by Debt,5.990092657611216,0.04508866999679027,5.654048717196853,33.3227859125164,6.940427993059572,30.876671619613667,97.99286554170004,43.25706385159976,22.210695232255823
985,PFC,Mar 2020,62189,7332,14012.0,23.0,105,40845,24,14093,33.0,9477,22.0,35.0,1056,2640.0,46760,596561,48560,694521,238,288,4404,689590,694521,15.23902941034588,22.53131582755793,19.18421052631579,2.169171203834287,1.3645375733779108,PFC,9.96,19.49,12.076133603238866,0.3456236993512058,0.0895422888580762,592157,1,,1,9.56,OK,24.41,OK,23.81,OK,-42221.0,Accrual Risk,0.1173841032980109,Asset Light,-301.3202968883814,Growth Funded by Debt,5.865664282995187,0.0302581137719329,5.798747657315876,21.251407935531066,29.496818970503185,27.706785537394747,96.36910471058998,43.208193227310204,22.168141993102022
754,IRFC,Mar 2020,13421,66,13355.0,100.0,0,10163,0,3192,0.0,3192,3.0,0.0,826,11880.0,18419,234377,10828,275504,11,0,12,275482,275504,23.783622680873258,99.50823336562104,10.535001155153637,5.045791836056159,1.158603867820431,IRFC,5.73,13.7,7.735469817485725,1.3140804880448689,0.0487143562343922,234365,1,,1,14.92,OK,15.42,OK,10.76,OK,-62700.0,Accrual Risk,0.0074510096118024,Asset Light,-469.48708348932985,Distress Signal,5.820095390489732,0.03521091991841187,6.662135852502875,15.30643644259687,44.9971081550029,18.80138682516097,97.67419922265937,43.216993779708716,22.14683356147288
143,ADANIPORTS,Mar 2023,20852,9905,10947.0,52.0,327,2363,3425,5487,2.0,5391,25.0,20.0,211,432.0,44957,53434,13740,112563,72224,6637,7432,26271,112563,25.85363514291195,52.498561289084975,11.8773271056864,11.077380771682703,4.789317981930119,ADANIPORTS,12.9,18.1,1.1772455881380952,4.771053745239103,0.1852473725824649,46002,0,,0,6.41,OK,12.57,OK,12.47,OK,-4816.0,High Quality,80.1649721849223,Capital Intensive,-43.99378825248927,Reinvestor,5.8271675174694595,0.04559577582147611,6.871300205565624,32.10992928389786,20.387507229612492,15.978207033184743,99.64604105909338,43.24840795806479,22.14585004843611
130,ADANIPORTS,Mar 2023,20852,9905,10947.0,52.0,327,2363,3425,5487,2.0,5391,25.0,20.0,211,432.0,44957,53434,13740,112563,72224,6637,7432,26271,112563,25.85363514291195,52.498561289084975,11.8773271056864,11.077380771682703,4.789317981930119,ADANIPORTS,12.9,18.1,1.1772455881380952,4.771053745239103,0.1852473725824649,46002,0,,0,6.41,OK,12.57,OK,12.47,OK,-4816.0,High Quality,80.1649721849223,Capital Intensive,-43.99378825248927,Reinvestor,5.8271675174694595,0.04559577582147611,6.871300205565624,32.10992928389786,20.387507229612492,15.978207033184743,99.64604105909338,43.24840795806479,22.14585004843611
130,ADANIPORTS,Mar 2023,20852,9905,10947.0,52.0,327,2363,3425,5487,2.0,5391,25.0,20.0,211,432.0,44957,53434,13740,112563,72224,6637,7432,26271,112563,25.85363514291195,52.498561289084975,11.8773271056864,11.077380771682703,4.789317981930119,ADANIPORTS,12.9,18.1,1.1772455881380952,4.771053745239103,0.1852473725824649,46002,0,,0,6.41,OK,12.57,OK,12.47,OK,-4816.0,High Quality,80.1649721849223,Capital Intensive,-43.99378825248927,Reinvestor,5.8271675174694595,0.04559577582147611,6.871300205565624,32.10992928389786,20.387507229612492,15.978207033184743,99.64604105909338,43.24840795806479,22.14585004843611
143,ADANIPORTS,Mar 2023,20852,9905,10947.0,52.0,327,2363,3425,5487,2.0,5391,25.0,20.0,211,432.0,44957,53434,13740,112563,72224,6637,7432,26271,112563,25.85363514291195,52.498561289084975,11.8773271056864,11.077380771682703,4.789317981930119,ADANIPORTS,12.9,18.1,1.1772455881380952,4.771053745239103,0.1852473725824649,46002,0,,0,6.41,OK,12.57,OK,12.47,OK,-4816.0,High Quality,80.1649721849223,Capital Intensive,-43.99378825248927,Reinvestor,5.8271675174694595,0.04559577582147611,6.871300205565624,32.10992928389786,20.387507229612492,15.978207033184743,99.64604105909338,43.24840795806479,22.14585004843611
143,ADANIPORTS,Mar 2023,20852,9905,10947.0,52.0,327,2363,3425,5487,2.0,5391,25.0,20.0,211,432.0,44957,53434,13740,112563,72224,6637,7432,26271,112563,25.85363514291195,52.498561289084975,11.8773271056864,11.077380771682703,4.789317981930119,ADANIPORTS,12.9,18.1,1.1772455881380952,4.771053745239103,0.1852473725824649,46002,0,,0,6.41,OK,12.57,OK,12.47,OK,-4816.0,High Quality,80.1649721849223,Capital Intensive,-43.99378825248927,Reinvestor,5.8271675174694595,0.04559577582147611,6.871300205565624,32.10992928389786,20.387507229612492,15.978207033184743,99.64604105909338,43.24840795806479,22.14585004843611
130,ADANIPORTS,Mar 2023,20852,9905,10947.0,52.0,327,2363,3425,5487,2.0,5391,25.0,20.0,211,432.0,44957,53434,13740,112563,72224,6637,7432,26271,112563,25.85363514291195,52.498561289084975,11.8773271056864,11.077380771682703,4.789317981930119,ADANIPORTS,12.9,18.1,1.1772455881380952,4.771053745239103,0.1852473725824649,46002,0,,0,6.41,OK,12.57,OK,12.47,OK,-4816.0,High Quality,80.1649721849223,Capital Intensive,-43.99378825248927,Reinvestor,5.8271675174694595,0.04559577582147611,6.871300205565624,32.10992928389786,20.387507229612492,15.978207033184743,99.64604105909338,43.24840795806479,22.14585004843611
143,ADANIPORTS,Mar 2023,20852,9905,10947.0,52.0,327,2363,3425,5487,2.0,5391,25.0,20.0,211,432.0,44957,53434,13740,112563,72224,6637,7432,26271,112563,25.85363514291195,52.498561289084975,11.8773271056864,11.077380771682703,4.789317981930119,ADANIPORTS,12.9,18.1,1.1772455881380952,4.771053745239103,0.1852473725824649,46002,0,,0,6.41,OK,12.57,OK,12.47,OK,-4816.0,High Quality,80.1649721849223,Capital Intensive,-43.99378825248927,Reinvestor,5.8271675174694595,0.04559577582147611,6.871300205565624,32.10992928389786,20.387507229612492,15.978207033184743,99.64604105909338,43.24840795806479,22.14585004843611
130,ADANIPORTS,Mar 2023,20852,9905,10947.0,52.0,327,2363,3425,5487,2.0,5391,25.0,20.0,211,432.0,44957,53434,13740,112563,72224,6637,7432,26271,112563,25.85363514291195,52.498561289084975,11.8773271056864,11.077380771682703,4.789317981930119,ADANIPORTS,12.9,18.1,1.1772455881380952,4.771053745239103,0.1852473725824649,46002,0,,0,6.41,OK,12.57,OK,12.47,OK,-4816.0,High Quality,80.1649721849223,Capital Intensive,-43.99378825248927,Reinvestor,5.8271675174694595,0.04559577582147611,6.871300205565624,32.10992928389786,20.387507229612492,15.978207033184743,99.64604105909338,43.24840795806479,22.14585004843611
799,JSWENERGY,Mar 2023,10332,7050,3282.0,32.0,674,844,1169,1943,24.0,1480,9.0,22.0,1030,1641.0,16988,25051,4737,48417,25020,4788,6033,12576,48417,14.3244289585753,31.765389082462253,7.944602501476193,7.513736263736264,3.0567775781233864,JSWENERGY,8.59,8.4,1.3447313328681088,4.687203791469194,0.2133961211971002,19018,0,,0,6.65,OK,12.96,OK,9.46,OK,-4694.0,High Quality,65.60201316298877,Capital Intensive,-143.02254722730044,Mixed,5.80644771557169,0.039460090001413546,5.706331879481821,32.14534539416389,21.08155002891845,16.364536899455175,99.595683616756,43.247645997468936,22.13390751779507
1090,SHREECEM,Mar 2021,13560,9468,4091.0,30.0,426,251,1262,3004,24.0,2337,646.0,9.0,1221,36.0,15361,2230,3886,21513,6216,997,8500,5800,21513,17.234513274336283,30.16961651917404,15.17828148340586,23.20871390480513,10.863198995955932,SHREECEM,14.8,12.2,0.1448334091056699,17.99601593625498,0.6303165527820388,-6270,0,,0,9.0,OK,2.34,OK,2.42,OK,1603.0,High Quality,19.55014749262537,Capital Intensive,39.18357369836226,Reinvestor,5.844558799001531,0.0664828335842178,6.000381270210959,33.97333921666531,27.877385772122615,5.844477464091134,99.95645336825936,43.368585723442735,22.115632059348993
1082,SHREECEM,Jun 2013,5418,3857,1561.0,29.0,187,193,436,1119,10.0,1004,288.0,7.0,1213,35.0,3809,1288,1028,6160,1782,133,2203,2042,6160,18.530823181985973,28.811369509043928,26.11862643080125,30.416991426344502,16.2987012987013,SHREECEM,14.8,12.2,0.3350676378772112,9.05699481865285,0.8795454545454545,-915,0,,0,9.0,OK,2.34,OK,2.42,OK,990.0,High Quality,4.983388704318937,Moderate,63.42088404868674,Reinvestor,5.902198680461987,0.07889364674960596,6.131366869657709,33.79538777737782,27.877385772122615,5.844477464091134,99.8992562066657,43.28735512579993,22.102143720894645
756,IRFC,Mar 2022,20299,123,20177.0,99.0,2,14075,14,6090,0.0,6090,5.0,30.0,828,13069.0,27928,388440,20544,449980,38,0,10,449932,449980,30.00147790531553,99.39898517168334,14.854745469180672,4.698477308662271,1.3533934841548514,IRFC,5.73,13.7,9.474839622411396,1.433676731793961,0.045110893817503,388430,1,,1,14.92,OK,15.42,OK,10.76,OK,-64417.0,Accrual Risk,0.0246317552588797,Asset Light,-319.2595529563364,Growth Funded by Debt,5.8428542295754475,0.03461293299348697,7.290418864952677,14.807998235000404,44.9971081550029,18.80138682516097,97.1512280599726,43.218080573690706,22.086007382179176
1086,SHREECEM,Mar 2017,8594,6081,2513.0,29.0,362,129,1215,1531,13.0,1339,384.0,36.0,1217,35.0,7663,1293,2175,11166,2599,710,4042,3814,11166,15.580637654177332,29.24133116127531,17.394128345024683,27.95017239461684,11.99176070213147,SHREECEM,14.8,12.2,0.1679657053780202,22.286821705426355,0.769657890023285,-2749,0,,0,9.0,OK,2.34,OK,2.42,OK,154.0,High Quality,23.830579474051664,Capital Intensive,6.128133704735376,Reinvestor,5.856233124724564,0.07464641431105,5.833265453045248,33.55270033325979,27.877385772122615,5.844477464091134,99.94949824931749,43.40757709760032,22.039646208866426
1093,SHREECEM,Mar 2024,20521,16003,4518.0,22.0,597,258,1897,2959,19.0,1733,480.0,16.0,1224,36.0,20667,1656,5566,27925,9591,1930,7556,8848,27925,8.445007553238145,22.01647093221578,8.370767521615225,20.206628203408023,6.205908683974934,SHREECEM,14.8,12.2,0.0799884074771772,19.82558139534884,0.7348612354521038,-5900,0,,0,9.0,OK,2.34,OK,2.42,OK,1929.0,High Quality,6.9099946396374445,Moderate,42.69588313413015,Reinvestor,5.808692992239065,0.061314008627743874,5.112245903101047,34.06797570803191,27.877385772122615,5.844477464091134,99.9759501226586,43.38521133532055,22.037898198866788
1025,POWERGRID,Mar 2021,39640,4734,34906.0,88.0,769,8135,12039,15501,22.0,12036,13.0,52.0,1156,5232.0,64704,143232,42539,255708,183726,24838,1486,45659,255708,30.363269424823407,88.05751765893038,17.210020590253947,16.374878030473617,4.706931343563752,POWERGRID,13.2,19.0,2.0480439258750858,4.385371850030731,0.1550205703380418,141746,0,,0,3.95,OK,7.28,OK,7.21,OK,20159.0,High Quality,23.31987891019173,Capital Intensive,57.75224889703776,Reinvestor,5.855263141674489,0.054716713316814033,7.326976079225159,39.360071528930895,13.273568536726433,10.737989103516592,99.38422070446701,43.244903192785046,22.02229247395526
1025,POWERGRID,Mar 2021,39640,4734,34906.0,88.0,769,8135,12039,15501,22.0,12036,13.0,52.0,1143,5232.0,64704,143232,42539,255708,183726,24838,1486,45659,255708,30.363269424823407,88.05751765893038,17.210020590253947,16.374878030473617,4.706931343563752,POWERGRID,13.2,19.0,2.0480439258750858,4.385371850030731,0.1550205703380418,141746,0,,0,3.95,OK,7.28,OK,7.21,OK,20159.0,High Quality,23.31987891019173,Capital Intensive,57.75224889703776,Reinvestor,5.855263141674489,0.054716713316814033,7.326976079225159,39.360071528930895,13.273568536726433,10.737989103516592,99.38422070446701,43.244903192785046,22.02229247395526
1025,POWERGRID,Mar 2021,39640,4734,34906.0,88.0,769,8135,12039,15501,22.0,12036,13.0,52.0,1156,5232.0,64704,143232,42539,255708,183726,24838,1486,45659,255708,30.363269424823407,88.05751765893038,17.210020590253947,16.374878030473617,4.706931343563752,POWERGRID,13.2,19.0,2.0480439258750858,4.385371850030731,0.1550205703380418,141746,0,,0,3.95,OK,7.28,OK,7.21,OK,20159.0,High Quality,23.31987891019173,Capital Intensive,57.75224889703776,Reinvestor,5.855263141674489,0.054716713316814033,7.326976079225159,39.360071528930895,13.273568536726433,10.737989103516592,99.38422070446701,43.244903192785046,22.02229247395526
1025,POWERGRID,Mar 2021,39640,4734,34906.0,88.0,769,8135,12039,15501,22.0,12036,13.0,52.0,1143,5232.0,64704,143232,42539,255708,183726,24838,1486,45659,255708,30.363269424823407,88.05751765893038,17.210020590253947,16.374878030473617,4.706931343563752,POWERGRID,13.2,19.0,2.0480439258750858,4.385371850030731,0.1550205703380418,141746,0,,0,3.95,OK,7.28,OK,7.21,OK,20159.0,High Quality,23.31987891019173,Capital Intensive,57.75224889703776,Reinvestor,5.855263141674489,0.054716713316814033,7.326976079225159,39.360071528930895,13.273568536726433,10.737989103516592,99.38422070446701,43.244903192785046,22.02229247395526
1083,SHREECEM,Jun 2014,5715,4325,1390.0,24.0,104,129,550,815,3.0,787,226.0,10.0,1214,35.0,4676,1200,1418,7329,2194,758,2244,2132,7329,13.770778652668415,24.32195975503062,16.705582678836763,23.515479614278465,10.738163460226495,SHREECEM,14.8,12.2,0.2547229887497346,11.581395348837209,0.7797789602947196,-1044,0,,0,9.0,OK,2.34,OK,2.42,OK,167.0,High Quality,21.592300962379703,Capital Intensive,12.014388489208631,Reinvestor,5.852605479456519,0.06701100579934753,5.6503882993431995,33.556474181075025,27.877385772122615,5.844477464091134,99.92341319412797,43.31029483710152,22.013144264483238
1092,SHREECEM,Mar 2023,17852,14893,2960.0,17.0,459,263,1661,1495,15.0,2369,664.0,28.0,1223,36.0,18600,2725,4973,26334,7481,2797,8683,7373,26334,13.270221823885278,16.580775263275825,12.711955355226442,13.857029165301247,8.99597478544847,SHREECEM,14.8,12.2,0.1462223653144451,13.0,0.6779068884332042,-5958,0,,0,9.0,OK,2.34,OK,2.42,OK,164.0,High Quality,13.471879901411606,Capital Intensive,5.540540540540541,Reinvestor,5.831564807828982,0.0503816205361929,5.599809548160006,33.55560329311766,27.877385772122615,5.844477464091134,99.95603575491378,43.32318596937617,22.00704352959318
1088,SHREECEM,Mar 2019,12555,9758,2797.0,22.0,69,248,1472,1146,11.0,1015,289.0,21.0,1219,35.0,9636,2803,3019,15493,6182,1129,2286,5896,15493,8.084428514536041,22.27797690163281,10.495295212490952,22.42263908930576,6.551345769056994,SHREECEM,14.8,12.2,0.2898355909419915,11.556451612903226,0.810365971729168,517,0,,0,9.0,OK,2.34,OK,2.42,OK,1360.0,High Quality,5.734767025089606,Moderate,48.62352520557741,Reinvestor,5.819886197284275,0.06512941348627792,5.075811203918689,33.90279729211905,27.877385772122615,5.844477464091134,99.91285599212215,43.31006816859379,22.001471916414275
1024,POWERGRID,Mar 2020,37744,4858,32886.0,87.0,2820,9509,11607,14590,24.0,11059,12.0,47.0,1155,5232.0,59464,148270,43706,256671,181112,35177,1431,38951,256671,29.300021195421788,87.12908011869436,17.0937925064919,15.44190152418696,4.308628555621788,POWERGRID,13.2,19.0,2.2917954742178805,3.75496897675886,0.147052062757382,146839,0,,0,3.95,OK,7.28,OK,7.21,OK,20006.0,High Quality,28.43630775752437,Capital Intensive,60.83439761600681,Reinvestor,5.854650786853628,0.05311036602058125,7.219540190733515,39.315656243105465,13.273568536726433,10.737989103516592,99.31093264905606,43.23917460108827,21.9970188691536
1024,POWERGRID,Mar 2020,37744,4858,32886.0,87.0,2820,9509,11607,14590,24.0,11059,12.0,47.0,1155,5232.0,59464,148270,43706,256671,181112,35177,1431,38951,256671,29.300021195421788,87.12908011869436,17.0937925064919,15.44190152418696,4.308628555621788,POWERGRID,13.2,19.0,2.2917954742178805,3.75496897675886,0.147052062757382,146839,0,,0,3.95,OK,7.28,OK,7.21,OK,20006.0,High Quality,28.43630775752437,Capital Intensive,60.83439761600681,Reinvestor,5.854650786853628,0.05311036602058125,7.219540190733515,39.315656243105465,13.273568536726433,10.737989103516592,99.31093264905606,43.23917460108827,21.9970188691536
1024,POWERGRID,Mar 2020,37744,4858,32886.0,87.0,2820,9509,11607,14590,24.0,11059,12.0,47.0,1142,5232.0,59464,148270,43706,256671,181112,35177,1431,38951,256671,29.300021195421788,87.12908011869436,17.0937925064919,15.44190152418696,4.308628555621788,POWERGRID,13.2,19.0,2.2917954742178805,3.75496897675886,0.147052062757382,146839,0,,0,3.95,OK,7.28,OK,7.21,OK,20006.0,High Quality,28.43630775752437,Capital Intensive,60.83439761600681,Reinvestor,5.854650786853628,0.05311036602058125,7.219540190733515,39.315656243105465,13.273568536726433,10.737989103516592,99.31093264905606,43.23917460108827,21.9970188691536
1024,POWERGRID,Mar 2020,37744,4858,32886.0,87.0,2820,9509,11607,14590,24.0,11059,12.0,47.0,1142,5232.0,59464,148270,43706,256671,181112,35177,1431,38951,256671,29.300021195421788,87.12908011869436,17.0937925064919,15.44190152418696,4.308628555621788,POWERGRID,13.2,19.0,2.2917954742178805,3.75496897675886,0.147052062757382,146839,0,,0,3.95,OK,7.28,OK,7.21,OK,20006.0,High Quality,28.43630775752437,Capital Intensive,60.83439761600681,Reinvestor,5.854650786853628,0.05311036602058125,7.219540190733515,39.315656243105465,13.273568536726433,10.737989103516592,99.31093264905606,43.23917460108827,21.9970188691536
1044,RELIANCE,Mar 2014,433521,398586,34935.0,8.0,8865,3836,11201,28763,22.0,22548,16.0,12.0,1175,2940.0,195747,138761,91395,428843,141417,91494,60602,135330,428843,5.201132125087367,8.058433155487277,11.348502921680836,10.352706194732225,5.257868264143288,RELIANCE,9.61,9.25,0.698389929889726,11.418143899895725,1.0109084210305403,78159,0,,0,9.51,OK,14.92,OK,11.95,OK,-29809.0,High Quality,16.855008177227862,Capital Intensive,-85.3270359238586,Mixed,5.824381374671763,0.04434807125497402,4.7844685984769635,24.85456171112066,29.352226720647778,18.306092124814263,99.79001717023668,43.30881133990545,21.994997298407206
1045,RELIANCE,Mar 2015,374372,336923,37449.0,10.0,8528,3316,11547,31114,24.0,23640,17.0,12.0,1176,2943.0,215556,168251,117736,504486,156458,166462,76451,105115,504486,6.314574807945039,10.003151945124102,10.81927148408002,9.682999353587588,4.685957588515835,RELIANCE,9.61,9.25,0.7700309841234971,13.865199034981906,0.7420860043688031,91800,0,,0,9.51,OK,14.92,OK,11.95,OK,-30332.0,High Quality,17.283878067804213,Capital Intensive,-80.99548719591978,Mixed,5.821593086233406,0.04319500709280877,4.89697638415619,24.702736910554002,29.352226720647778,18.306092124814263,99.76847706684829,43.33104819878215,21.981898639813153
1091,SHREECEM,Mar 2022,15010,11300,3710.0,25.0,544,263,1146,2892,19.0,1269,352.0,14.0,1222,36.0,17424,2129,4159,23749,7282,1054,9033,6380,23749,8.454363757495004,24.71685542971353,7.268041237113403,18.939200571749453,5.343382879279127,SHREECEM,14.8,12.2,0.1219358533791523,16.174904942965778,0.6320266116468062,-6904,0,,0,9.0,OK,2.34,OK,2.42,OK,525.0,High Quality,14.277148567621586,Capital Intensive,14.150943396226417,Reinvestor,5.8028832108631,0.059131821900032286,5.113191300506327,33.660400143986806,27.877385772122615,5.844477464091134,99.96333790845723,43.35203693891558,21.972846776881
1084,SHREECEM,Jun 2015,6259,4916,1344.0,21.0,102,121,925,401,-6.0,426,122.0,20.0,1215,35.0,5241,917,1805,7998,3004,511,1662,2820,7998,6.806199073334398,21.47307876657613,8.074298711144806,21.701921524301632,5.326331582895724,SHREECEM,14.8,12.2,0.173805913570887,11.950413223140496,0.7825706426606651,-745,0,,0,9.0,OK,2.34,OK,2.42,OK,249.0,High Quality,15.817223198594023,Capital Intensive,18.526785714285715,Reinvestor,5.807131028043748,0.06388852188387338,4.946652544713619,33.58027845190957,27.877385772122615,5.844477464091134,99.9477422912341,43.31364817323041,21.941808490059056
1087,SHREECEM,Mar 2018,9833,7360,2473.0,25.0,389,135,899,1827,24.0,1384,397.0,13.0,1218,35.0,8862,3403,2842,15142,3589,1427,5434,4691,15142,14.075053391640392,25.15000508491813,15.55580532763853,20.10569105691057,9.140140007924977,SHREECEM,14.8,12.2,0.3824884792626728,21.2,0.649385814291375,-2031,0,,0,9.0,OK,2.34,OK,2.42,OK,-1716.0,High Quality,36.56056137496186,Capital Intensive,-69.38940558026688,Mixed,5.846547806636545,0.06114022063707841,5.681133732086987,33.0098468398379,27.877385772122615,5.844477464091134,99.88499832287083,43.39770094052433,21.933257795178246
1089,SHREECEM,Mar 2020,12868,9098,3771.0,29.0,263,291,1808,1934,20.0,1544,426.0,26.0,1220,36.0,13133,3146,3629,19944,6163,1197,6358,6227,19944,11.998756605533105,29.305253341622628,11.72450451818665,23.113699049954032,7.741676694745286,SHREECEM,14.8,12.2,0.2388943731490622,13.86254295532646,0.6452065784195748,-3212,0,,0,9.0,OK,2.34,OK,2.42,OK,-1617.0,High Quality,43.44109418713087,Capital Intensive,-42.87987271280828,Mixed,5.826362362250833,0.06631924226743376,5.4713343796692335,33.03858614243082,27.877385772122615,5.844477464091134,99.92817233705489,43.33102406247741,21.91506239834665
418,DABUR,Mar 2019,8515,6775,1740.0,20.0,222,60,177,1725,16.0,1446,8.0,34.0,496,177.0,5455,699,2106,8437,1969,64,3359,3045,8437,16.981796829125074,20.434527304756312,25.67471590909091,27.48380982467225,17.13879340997985,DABUR,22.3,19.2,0.1241122159090909,32.7,1.0092449922958395,-2660,0,,0,7.46,OK,3.98,OK,4.56,OK,1837.0,High Quality,3.969465648854962,Moderate,105.57471264367815,Liquidating Assets,5.89985991052617,0.07384345705730701,5.974845543861341,34.0412684773395,23.423944476576057,7.469044081228331,99.96268354798744,43.50220364396383,21.856715551049092
420,DABUR,Mar 2021,9562,7560,2002.0,21.0,325,31,240,2056,18.0,1695,10.0,50.0,498,177.0,7487,509,2661,10833,2243,147,4160,4283,10833,17.72641706755909,20.937042459736457,22.11638830897704,24.49528936742934,15.646635281085572,DABUR,22.3,19.2,0.0664144050104384,75.06451612903226,0.8826733130250162,-3651,0,,0,7.46,OK,3.98,OK,4.56,OK,711.0,High Quality,14.683120686048944,Capital Intensive,35.514485514485514,Reinvestor,5.881112642313492,0.06869798798720643,6.0500856756507355,33.71439519734321,23.423944476576057,7.469044081228331,99.9800313777386,43.88717811921516,21.83286544182736
419,DABUR,Mar 2020,8685,6892,1792.0,21.0,205,50,220,1728,16.0,1448,8.0,37.0,497,177.0,6429,522,2209,9337,2253,147,2800,4137,9337,16.672423719055843,20.63327576280944,21.91946715107478,25.14029180695848,15.50819320981043,DABUR,22.3,19.2,0.0790190735694822,39.94,0.9301702902431188,-2278,0,,0,7.46,OK,3.98,OK,4.56,OK,1097.0,High Quality,5.952792170408751,Moderate,61.21651785714286,Reinvestor,5.880075151059503,0.0698085174783776,5.943584946348362,33.82644944785704,23.423944476576057,7.469044081228331,99.97624156941092,43.5679949111727,21.822640794500323
417,DABUR,Mar 2018,7722,6104,1617.0,21.0,291,53,162,1693,20.0,1358,8.0,81.0,495,176.0,5530,938,2058,8702,2028,42,3805,2827,8702,17.586117586117584,20.94017094017094,23.79950928846828,24.337748344370866,15.605607906228451,DABUR,22.3,19.2,0.1643883631265334,36.0,0.8873822109859802,-2867,0,,0,7.46,OK,3.98,OK,4.56,OK,551.0,Moderate,7.005957005957006,Moderate,34.07544836116265,Reinvestor,5.889980268901864,0.06842674257563336,6.035909118355109,33.66794783961728,23.423944476576057,7.469044081228331,99.95057383820681,43.53219137625517,21.80508861078482
421,DABUR,Mar 2022,10889,8637,2252.0,21.0,308,39,253,2269,23.0,1742,10.0,53.0,499,177.0,8205,1030,2872,12284,2308,168,6220,3589,12284,15.997795940857744,20.681421618146757,20.78262944404677,23.926901827454312,14.181048518397915,DABUR,22.3,19.2,0.1228823669768551,65.64102564102564,0.8864376424617388,-5190,0,,0,7.46,OK,3.98,OK,4.56,OK,529.0,High Quality,11.69069703370374,Capital Intensive,23.490230905861456,Reinvestor,5.874085651552134,0.06771936978846396,5.875417200804457,33.66156132792996,23.423944476576057,7.469044081228331,99.96305332301986,43.80154505557749,21.800342144842904
416,DABUR,Mar 2017,7614,6102,1512.0,20.0,296,54,143,1611,21.0,1280,7.0,31.0,494,176.0,4671,975,1910,7732,1958,42,3240,2492,7732,16.811137378513266,19.8581560283688,26.408087476789767,25.97045688766747,16.554578375581997,DABUR,22.3,19.2,0.2011553538271095,33.48148148148148,0.9847387480600104,-2265,0,,0,7.46,OK,3.98,OK,4.56,OK,420.0,Moderate,10.598896769109537,Capital Intensive,27.77777777777778,Reinvestor,5.903723723818335,0.07123784975399015,5.957601264304634,33.629919065479164,23.423944476576057,7.469044081228331,99.9395192161128,43.5093051159206,21.79164636298824
415,DABUR,Mar 2016,7780,6261,1518.0,20.0,217,48,133,1554,19.0,1254,7.0,32.0,493,176.0,3995,805,1956,6932,1667,45,2691,2529,6932,16.118251928020566,19.51156812339332,30.064732678014867,30.5064308681672,18.09001731102135,DABUR,22.3,19.2,0.192999280748022,36.145833333333336,1.122331217541835,-1886,0,,0,7.46,OK,3.98,OK,4.56,OK,457.0,Moderate,9.383033419023135,Capital Intensive,30.10540184453228,Reinvestor,5.922988984370448,0.07904763862890876,5.887588672759091,33.640660016953284,23.423944476576057,7.469044081228331,99.94197147842588,43.533516591697335,21.79138281454525
422,DABUR,Mar 2023,11530,9367,2162.0,19.0,445,78,311,2219,23.0,1701,10.0,54.0,500,177.0,8796,1174,3505,13652,3579,175,6265,3633,13652,14.752818733738074,18.7510841283608,18.956870611835505,21.306790184290925,12.459712862584237,DABUR,22.3,19.2,0.1308369553103755,33.42307692307692,0.8445648989159098,-5091,0,,0,7.46,OK,3.98,OK,4.56,OK,905.0,Moderate,5.056374674761492,Moderate,41.859389454209065,Reinvestor,5.8644665286478705,0.06320820661826258,5.749618512689995,33.770712618585904,23.423944476576057,7.469044081228331,99.96066164052792,43.50877438250786,21.787363282974514
423,DABUR,Mar 2024,12404,10004,2400.0,19.0,482,124,399,2359,23.0,1811,10.0,53.0,501,177.0,9689,1365,3885,15116,3815,232,6933,4136,15116,14.600128990648178,19.348597226701063,18.355969997972835,21.36942391594693,11.980682720296375,DABUR,22.3,19.2,0.1383539428339752,23.241935483870968,0.8205874569992061,-5568,0,,0,7.46,OK,3.98,OK,4.56,OK,1042.0,High Quality,7.828119961302805,Moderate,43.41666666666666,Reinvestor,5.861300646738378,0.06331604590984242,5.734189981742283,33.81048316863875,23.423944476576057,7.469044081228331,99.95840153017416,43.41625639950812,21.786470003845043
413,DABUR,Mar 2014,7058,5897,1162.0,16.0,126,54,97,1136,19.0,916,5.0,33.0,491,174.0,2482,708,1948,5312,1767,22,1076,2447,5312,12.978180787758571,16.463587418532164,34.48795180722892,34.54221165279429,17.24397590361446,DABUR,22.3,19.2,0.2665662650602409,23.85185185185185,1.3286897590361446,-368,0,,0,7.46,OK,3.98,OK,4.56,OK,994.0,High Quality,1.4735052422782655,Asset Light,85.54216867469879,Reinvestor,5.946292986895727,0.08599622255132329,5.570300269588293,33.79654896132096,23.423944476576057,7.469044081228331,99.91985231135044,43.42179882640604,21.779429969682255
414,DABUR,Mar 2015,7795,6475,1320.0,17.0,154,40,115,1319,19.0,1068,6.0,33.0,492,176.0,3178,734,2019,6106,1877,50,1813,2365,6106,13.701090442591404,16.93393200769724,31.84257602862254,32.28962818003914,17.490992466426466,DABUR,22.3,19.2,0.2188431723315444,36.85,1.2766131673763512,-1079,0,,0,7.46,OK,3.98,OK,4.56,OK,171.0,Moderate,11.237973059653624,Capital Intensive,12.954545454545457,Reinvestor,5.9323556616075015,0.08211784903750288,5.643346656046762,33.55763536501817,23.423944476576057,7.469044081228331,99.93420107216063,43.539915489118094,21.755759841954685
412,DABUR,Mar 2013,6140,5148,992.0,16.0,100,59,85,948,19.0,766,4.0,34.0,490,174.0,1921,1151,1462,4709,1582,93,929,2105,4709,12.47557003257329,16.156351791530945,36.56324582338903,30.560690080098585,16.266723295816522,DABUR,22.3,19.2,0.5494033412887828,18.508474576271187,1.3038861754087916,222,0,,0,7.46,OK,3.98,OK,4.56,OK,248.0,High Quality,10.13029315960912,Capital Intensive,25.0,Reinvestor,5.957226801292094,0.07914105913606452,5.519513979467521,33.57998815592378,23.423944476576057,7.469044081228331,99.8348125261436,43.37324253329339,21.73188998250221
983,PFC,Mar 2018,48624,6583,11752.0,24.0,42,30289,15,11779,25.0,8797,20.0,31.0,1054,2640.0,37194,441151,41546,522531,161,129,5493,516749,522531,18.09188877920369,24.16913458374465,22.08414921925993,2.44331943823612,1.6835364791753984,PFC,9.96,19.49,11.074735150876135,0.3893822839974908,0.0930547661287081,435658,1,,1,9.56,OK,24.41,OK,23.81,OK,-55739.0,Accrual Risk,2.897745969068773,Asset Light,-474.2937372362151,Distress Signal,5.88094278868286,0.03073012702428276,6.08701475483782,17.327186799660936,29.496818970503185,27.706785537394747,96.67019221450192,43.20859086995318,21.640803142175425
986,PFC,Mar 2021,71656,7102,19871.0,28.0,46,44684,25,19891,21.0,15716,36.0,22.0,1057,2640.0,58127,659682,55257,775707,341,336,3499,771530,775707,21.932566707602994,27.73110416434073,25.86272154294272,2.7581411036728487,2.0260227121838525,PFC,9.96,19.49,10.855925090921058,0.4457300152179751,0.0923750849225287,656183,1,,1,9.56,OK,24.41,OK,23.81,OK,-57402.0,Accrual Risk,2.429663949983253,Asset Light,-288.8732323486488,Distress Signal,5.900850429792355,0.03127216953838912,6.475095951906964,16.844424575296973,29.496818970503185,27.706785537394747,96.73598118654124,43.2091029125832,21.616841777981012
829,LICI,Mar 2020,628043,634989,-6947.0,-1.0,20870,0,379,13544,80.0,2710,,2.0,989,100.0,902,253414,3245419,3499834,28216,734,2976100,494784,3499834,0.43149911709867,-1.1061344525772918,270.45908183632736,-2.73056725992076,0.0774322439292835,LICI,63.79,63.61,252.9081836327345,,0.1794493681700332,-2722686,1,Debt Free,0,7.37,OK,72.56,OK,,OK,13952.0,High Quality,6.435068936362638,Moderate,-200.8348927594645,Reinvestor,7.189521425154899,0.02182201534880454,4.302521160595286,37.558204345150315,23.163678426836324,75.40366518078257,23.958846202309957,43.205052478531506,21.55746478805965
1207,TECHM,Mar 2022,44646,36626,8020.0,18.0,1115,163,1520,7452,24.0,5630,57.0,47.0,1397,439.0,26447,2618,14911,44416,14784,165,4884,24583,44416,12.610312234018725,17.963535367110158,20.940266309603512,27.182754880694144,12.675612391930835,TECHM,11.9,8.63,0.0973740980435914,56.04294478527607,1.0051783141210375,-2266,0,,0,7.32,OK,-0.63,OK,-1.98,OK,5765.0,Moderate,1.075124311248488,Asset Light,71.88279301745636,Liquidating Assets,5.874916171091342,0.07332511732204239,5.533129001556725,35.181551109511254,23.019086176980917,2.9024269440316988,99.97072281861786,43.71432545581604,21.494055370732116
1207,TECHM,Mar 2022,44646,36626,8020.0,18.0,1115,163,1520,7452,24.0,5630,57.0,47.0,1397,439.0,26447,2618,14911,44416,14784,165,4884,24583,44416,12.610312234018725,17.963535367110158,20.940266309603512,27.182754880694144,12.675612391930835,TECHM,11.9,8.63,0.0973740980435914,56.04294478527607,1.0051783141210375,-2266,0,,0,7.32,OK,-0.63,OK,-1.98,OK,5765.0,Moderate,1.075124311248488,Asset Light,71.88279301745636,Liquidating Assets,5.874916171091342,0.07332511732204239,5.533129001556725,35.181551109511254,23.019086176980917,2.9024269440316988,99.97072281861786,43.71432545581604,21.494055370732116
1207,TECHM,Mar 2022,44646,36626,8020.0,18.0,1115,163,1520,7452,24.0,5630,57.0,47.0,1449,439.0,26447,2618,14911,44416,14784,165,4884,24583,44416,12.610312234018725,17.963535367110158,20.940266309603512,27.182754880694144,12.675612391930835,TECHM,11.9,8.63,0.0973740980435914,56.04294478527607,1.0051783141210375,-2266,0,,0,7.32,OK,-0.63,OK,-1.98,OK,5765.0,Moderate,1.075124311248488,Asset Light,71.88279301745636,Liquidating Assets,5.874916171091342,0.07332511732204239,5.533129001556725,35.181551109511254,23.019086176980917,2.9024269440316988,99.97072281861786,43.71432545581604,21.494055370732116
1207,TECHM,Mar 2022,44646,36626,8020.0,18.0,1115,163,1520,7452,24.0,5630,57.0,47.0,1449,439.0,26447,2618,14911,44416,14784,165,4884,24583,44416,12.610312234018725,17.963535367110158,20.940266309603512,27.182754880694144,12.675612391930835,TECHM,11.9,8.63,0.0973740980435914,56.04294478527607,1.0051783141210375,-2266,0,,0,7.32,OK,-0.63,OK,-1.98,OK,5765.0,Moderate,1.075124311248488,Asset Light,71.88279301745636,Liquidating Assets,5.874916171091342,0.07332511732204239,5.533129001556725,35.181551109511254,23.019086176980917,2.9024269440316988,99.97072281861786,43.71432545581604,21.494055370732116
595,HEROMOTOCO,Mar 2015,27538,12,24018.0,3520.0,13,325,540,3292,29.0,2364,118.0,51.0,682,40.0,6500,100,4014,10654,2952,719,3118,3864,10654,8.584501416224853,87.21766286585809,36.14678899082569,361.7168674698795,22.18884925849446,HEROMOTOCO,29.1,22.0,0.0152905198776758,73.94153846153846,2.584756898817345,-3018,0,,0,6.51,OK,2.47,OK,2.61,OK,2217.0,Moderate,0.1125717190790907,Asset Light,9.2305770671996,Liquidating Assets,5.955032672809146,0.649307431597125,5.126341056701767,34.1515809519386,20.676691729323306,5.973254086181278,99.99540264471887,43.876973405984266,21.45194040886361
604,HEROMOTOCO,Mar 2024,37789,76,32554.0,5235.0,14,689,757,5090,26.0,3742,187.0,75.0,691,40.0,17659,606,7847,26153,6232,484,12751,6685,26153,9.902352536452408,86.14676228532112,21.14243742584327,177.8421196394428,14.30810996826368,HEROMOTOCO,29.1,22.0,0.0342392225549466,47.26850507982584,1.4449202768324858,-12145,0,,0,6.51,OK,2.47,OK,2.61,OK,3095.0,High Quality,4.8373865410569215,Moderate,9.507280211341156,Reinvestor,5.875981322074317,0.3327220706232502,5.259503287388987,34.406460827459675,20.676691729323306,5.973254086181278,99.98970539446049,43.63459044099982,21.44728350127782
600,HEROMOTOCO,Mar 2020,29254,47,25184.0,4070.0,14,1434,846,4611,21.0,3659,182.0,49.0,687,40.0,14366,453,4815,19674,6473,391,8359,4451,19674,12.50769125589663,86.0873726669857,25.39913924753575,169.4865064943805,18.598149842431635,HEROMOTOCO,29.1,22.0,0.0314452311536859,17.571827057182706,1.4869370743112738,-7906,0,,0,6.51,OK,2.47,OK,2.61,OK,2699.0,High Quality,9.636289054488277,Capital Intensive,10.717121982210928,Reinvestor,5.898408017904713,0.3183358385011157,5.522759667606709,34.29150361708798,20.676691729323306,5.973254086181278,99.99054545557199,43.36473103782255,21.444881974858472
1205,TECHM,Mar 2020,36868,31365,5503.0,15.0,1192,192,1446,5058,23.0,3897,42.0,32.0,1447,436.0,21377,3670,11834,37318,8872,50,5848,22548,37318,10.570142128675274,14.926223283063903,17.865493054600467,21.594788682651178,10.442681815745752,TECHM,11.9,8.63,0.1682482923027552,34.869791666666664,0.987941475963342,-2178,0,,0,7.32,OK,-0.63,OK,-1.98,OK,5439.0,High Quality,2.9320820223500053,Asset Light,98.83699800109032,Liquidating Assets,5.8587165387407785,0.06370406648830518,5.3269800686165585,35.08691461814466,23.019086176980917,2.9024269440316988,99.9494132847446,43.52192095657838,21.444101775447947
1205,TECHM,Mar 2020,36868,31365,5503.0,15.0,1192,192,1446,5058,23.0,3897,42.0,32.0,1447,436.0,21377,3670,11834,37318,8872,50,5848,22548,37318,10.570142128675274,14.926223283063903,17.865493054600467,21.594788682651178,10.442681815745752,TECHM,11.9,8.63,0.1682482923027552,34.869791666666664,0.987941475963342,-2178,0,,0,7.32,OK,-0.63,OK,-1.98,OK,5439.0,High Quality,2.9320820223500053,Asset Light,98.83699800109032,Liquidating Assets,5.8587165387407785,0.06370406648830518,5.3269800686165585,35.08691461814466,23.019086176980917,2.9024269440316988,99.9494132847446,43.52192095657838,21.444101775447947
1205,TECHM,Mar 2020,36868,31365,5503.0,15.0,1192,192,1446,5058,23.0,3897,42.0,32.0,1395,436.0,21377,3670,11834,37318,8872,50,5848,22548,37318,10.570142128675274,14.926223283063903,17.865493054600467,21.594788682651178,10.442681815745752,TECHM,11.9,8.63,0.1682482923027552,34.869791666666664,0.987941475963342,-2178,0,,0,7.32,OK,-0.63,OK,-1.98,OK,5439.0,High Quality,2.9320820223500053,Asset Light,98.83699800109032,Liquidating Assets,5.8587165387407785,0.06370406648830518,5.3269800686165585,35.08691461814466,23.019086176980917,2.9024269440316988,99.9494132847446,43.52192095657838,21.444101775447947
1205,TECHM,Mar 2020,36868,31365,5503.0,15.0,1192,192,1446,5058,23.0,3897,42.0,32.0,1395,436.0,21377,3670,11834,37318,8872,50,5848,22548,37318,10.570142128675274,14.926223283063903,17.865493054600467,21.594788682651178,10.442681815745752,TECHM,11.9,8.63,0.1682482923027552,34.869791666666664,0.987941475963342,-2178,0,,0,7.32,OK,-0.63,OK,-1.98,OK,5439.0,High Quality,2.9320820223500053,Asset Light,98.83699800109032,Liquidating Assets,5.8587165387407785,0.06370406648830518,5.3269800686165585,35.08691461814466,23.019086176980917,2.9024269440316988,99.9494132847446,43.52192095657838,21.444101775447947
598,HEROMOTOCO,Mar 2018,32458,31,27124.0,5334.0,16,564,575,5292,30.0,3722,186.0,51.0,685,40.0,11932,228,5197,17397,4961,355,7669,4411,17397,11.467126748413332,83.56645511122065,31.089208152355496,222.32786885245903,21.39449330344312,HEROMOTOCO,29.1,22.0,0.0190444370197126,48.12056737588652,1.8657239753980568,-7441,0,,0,6.51,OK,2.47,OK,2.61,OK,2159.0,High Quality,5.724320660545936,Moderate,7.959740451260876,Reinvestor,5.928386496531543,0.40931517075782325,5.417615855180843,34.13474378476295,20.676691729323306,5.973254086181278,99.99427396558069,43.642333294342194,21.43870128761368
597,HEROMOTOCO,Mar 2017,28610,27,24025.0,4585.0,16,830,502,4885,27.0,3546,179.0,47.0,684,40.0,10276,261,4736,15312,4599,581,6066,4066,15312,12.394267738552951,83.9741349178609,34.373788290034895,227.14380259052663,23.15830721003135,HEROMOTOCO,29.1,22.0,0.0253005040713454,28.96506024096385,1.8684691745036568,-5805,0,,0,6.51,OK,2.47,OK,2.61,OK,2035.0,High Quality,6.892694861936385,Moderate,8.470343392299688,Reinvestor,5.9456915093710405,0.41760697884393627,5.511298791374145,34.09874708252534,20.676691729323306,5.973254086181278,99.99239297244709,43.468263530746185,21.43720342113874
599,HEROMOTOCO,Mar 2019,33971,37,28946.0,5025.0,15,741,624,5104,32.0,3466,172.0,50.0,686,40.0,13080,312,5072,18504,4952,573,6114,6865,18504,10.202820052397634,85.2079715051073,26.417682926829265,215.5002977963073,18.731085170773888,HEROMOTOCO,29.1,22.0,0.023780487804878,39.08367071524966,1.8358733246865544,-5802,0,,0,6.51,OK,2.47,OK,2.61,OK,2330.0,Accrual Risk,3.820906066939448,Moderate,8.049471429558489,Liquidating Assets,5.903774278038107,0.3975598369075229,5.289864019385333,34.18438439833254,20.676691729323306,5.973254086181278,99.99284999123168,43.56021328288654,21.424256431902837
1208,TECHM,Mar 2023,53290,45527,7763.0,15.0,965,326,1957,6446,25.0,4857,50.0,91.0,1450,440.0,27484,2740,15162,45827,14932,120,3388,27388,45827,9.11428035278664,14.567461062112963,17.3936398796734,25.316331854943908,10.59855543675126,TECHM,11.9,8.63,0.0981234780117461,26.773006134969325,1.162851594038449,-648,0,,0,7.32,OK,-0.63,OK,-1.98,OK,5346.0,High Quality,0.4240945768436855,Asset Light,68.8651294602602,Reinvestor,5.856230551214763,0.0701116134869101,5.179872554972595,35.05991709146646,23.019086176980917,2.9024269440316988,99.97049750476445,43.44834391507992,21.42403882157984
1208,TECHM,Mar 2023,53290,45527,7763.0,15.0,965,326,1957,6446,25.0,4857,50.0,91.0,1398,440.0,27484,2740,15162,45827,14932,120,3388,27388,45827,9.11428035278664,14.567461062112963,17.3936398796734,25.316331854943908,10.59855543675126,TECHM,11.9,8.63,0.0981234780117461,26.773006134969325,1.162851594038449,-648,0,,0,7.32,OK,-0.63,OK,-1.98,OK,5346.0,High Quality,0.4240945768436855,Asset Light,68.8651294602602,Reinvestor,5.856230551214763,0.0701116134869101,5.179872554972595,35.05991709146646,23.019086176980917,2.9024269440316988,99.97049750476445,43.44834391507992,21.42403882157984
1208,TECHM,Mar 2023,53290,45527,7763.0,15.0,965,326,1957,6446,25.0,4857,50.0,91.0,1398,440.0,27484,2740,15162,45827,14932,120,3388,27388,45827,9.11428035278664,14.567461062112963,17.3936398796734,25.316331854943908,10.59855543675126,TECHM,11.9,8.63,0.0981234780117461,26.773006134969325,1.162851594038449,-648,0,,0,7.32,OK,-0.63,OK,-1.98,OK,5346.0,High Quality,0.4240945768436855,Asset Light,68.8651294602602,Reinvestor,5.856230551214763,0.0701116134869101,5.179872554972595,35.05991709146646,23.019086176980917,2.9024269440316988,99.97049750476445,43.44834391507992,21.42403882157984
1208,TECHM,Mar 2023,53290,45527,7763.0,15.0,965,326,1957,6446,25.0,4857,50.0,91.0,1450,440.0,27484,2740,15162,45827,14932,120,3388,27388,45827,9.11428035278664,14.567461062112963,17.3936398796734,25.316331854943908,10.59855543675126,TECHM,11.9,8.63,0.0981234780117461,26.773006134969325,1.162851594038449,-648,0,,0,7.32,OK,-0.63,OK,-1.98,OK,5346.0,High Quality,0.4240945768436855,Asset Light,68.8651294602602,Reinvestor,5.856230551214763,0.0701116134869101,5.179872554972595,35.05991709146646,23.019086176980917,2.9024269440316988,99.97049750476445,43.44834391507992,21.42403882157984
596,HEROMOTOCO,Mar 2016,28457,15,24033.0,4424.0,16,421,443,4387,29.0,3112,157.0,46.0,683,40.0,8794,232,3829,12896,3784,653,4501,3958,12896,10.935797870471236,84.45373721755631,35.22752999773602,265.08934480476506,24.13151364764268,HEROMOTOCO,29.1,22.0,0.0262621688929137,57.12351543942993,2.2066532258064515,-4269,0,,0,6.51,OK,2.47,OK,2.61,OK,1422.0,High Quality,8.082369891415118,Capital Intensive,5.916864311571588,Reinvestor,5.950189500162587,0.4829395126528857,5.363927743125294,33.920795643237845,20.676691729323306,5.973254086181278,99.99210383153617,43.72414480839139,21.41574670221153
594,HEROMOTOCO,Mar 2014,25275,12,21722.0,3553.0,14,430,1107,2864,26.0,2102,105.0,62.0,681,40.0,5583,284,4215,10122,2247,855,4106,2914,10122,8.316518298714143,85.94263105835806,37.38218033078428,367.7331979007957,20.766646907725747,HEROMOTOCO,29.1,22.0,0.0505068468788902,50.54883720930233,2.497036158861885,-3822,0,,0,6.51,OK,2.47,OK,2.61,OK,1347.0,High Quality,6.393669634025717,Moderate,6.201086456127428,Reinvestor,5.961541408204134,0.6596660162515342,5.099262709863863,33.89902344430381,20.676691729323306,5.973254086181278,99.98481425608223,43.66439944758328,21.401673580025577
603,HEROMOTOCO,Mar 2023,34158,105,30060.0,4099.0,12,567,697,3864,28.0,2800,141.0,71.0,690,40.0,16616,568,6694,23917,6159,454,10891,6413,23917,8.197201241290474,88.00281046899701,16.810758885686838,174.52392011147236,11.707153907262615,HEROMOTOCO,29.1,22.0,0.0341018251681075,53.03703703703704,1.4281891541581302,-10323,0,,0,6.51,OK,2.47,OK,2.61,OK,2193.0,Moderate,1.2325077580654604,Asset Light,7.295409181636726,Reinvestor,5.853159606782894,0.32700897838116266,5.08720632103382,34.144613848279704,20.676691729323306,5.973254086181278,99.98974670532546,43.687010196165545,21.389407310092167
601,HEROMOTOCO,Mar 2021,30959,46,26902.0,4058.0,13,553,715,3849,24.0,2936,146.0,72.0,688,40.0,15376,584,7096,23096,6380,495,10582,5639,23096,9.483510449303918,86.89557156238897,19.04514789828749,168.13750000000002,12.712157949428471,HEROMOTOCO,29.1,22.0,0.0378827192527244,48.67088607594937,1.340448562521649,-9998,0,,0,6.51,OK,2.47,OK,2.61,OK,1821.0,High Quality,7.393649665686876,Moderate,6.769013456248605,Reinvestor,5.864931622970875,0.31601319380401255,5.217181400057166,34.0366237415669,20.676691729323306,5.973254086181278,99.98860991510993,43.647334145812614,21.384775044418866
1199,TECHM,Mar 2014,18802,14630,4172.0,22.0,244,80,522,3815,20.0,3062,32.0,15.0,1441,234.0,8948,363,6394,15940,2594,266,1472,11607,15940,16.28550154238911,22.1891288160834,33.34785449793073,43.70874803562074,19.20953575909661,TECHM,11.9,8.63,0.0395338706164234,55.2,1.1795483061480552,-1109,0,,0,7.32,OK,-0.63,OK,-1.98,OK,1887.0,Moderate,1.5477076906712053,Asset Light,45.2301054650048,Liquidating Assets,5.940286313972952,0.10177865740917225,5.904488405505115,34.05578327662885,23.019086176980917,2.9024269440316988,99.98811346832443,43.70666545504112,21.376333076567462
1199,TECHM,Mar 2014,18802,14630,4172.0,22.0,244,80,522,3815,20.0,3062,32.0,15.0,1389,234.0,8948,363,6394,15940,2594,266,1472,11607,15940,16.28550154238911,22.1891288160834,33.34785449793073,43.70874803562074,19.20953575909661,TECHM,11.9,8.63,0.0395338706164234,55.2,1.1795483061480552,-1109,0,,0,7.32,OK,-0.63,OK,-1.98,OK,1887.0,Moderate,1.5477076906712053,Asset Light,45.2301054650048,Liquidating Assets,5.940286313972952,0.10177865740917225,5.904488405505115,34.05578327662885,23.019086176980917,2.9024269440316988,99.98811346832443,43.70666545504112,21.376333076567462
1199,TECHM,Mar 2014,18802,14630,4172.0,22.0,244,80,522,3815,20.0,3062,32.0,15.0,1441,234.0,8948,363,6394,15940,2594,266,1472,11607,15940,16.28550154238911,22.1891288160834,33.34785449793073,43.70874803562074,19.20953575909661,TECHM,11.9,8.63,0.0395338706164234,55.2,1.1795483061480552,-1109,0,,0,7.32,OK,-0.63,OK,-1.98,OK,1887.0,Moderate,1.5477076906712053,Asset Light,45.2301054650048,Liquidating Assets,5.940286313972952,0.10177865740917225,5.904488405505115,34.05578327662885,23.019086176980917,2.9024269440316988,99.98811346832443,43.70666545504112,21.376333076567462
1199,TECHM,Mar 2014,18802,14630,4172.0,22.0,244,80,522,3815,20.0,3062,32.0,15.0,1389,234.0,8948,363,6394,15940,2594,266,1472,11607,15940,16.28550154238911,22.1891288160834,33.34785449793073,43.70874803562074,19.20953575909661,TECHM,11.9,8.63,0.0395338706164234,55.2,1.1795483061480552,-1109,0,,0,7.32,OK,-0.63,OK,-1.98,OK,1887.0,Moderate,1.5477076906712053,Asset Light,45.2301054650048,Liquidating Assets,5.940286313972952,0.10177865740917225,5.904488405505115,34.05578327662885,23.019086176980917,2.9024269440316988,99.98811346832443,43.70666545504112,21.376333076567462
602,HEROMOTOCO,Mar 2022,29551,53,26295.0,3256.0,11,545,690,3058,24.0,2329,116.0,82.0,689,40.0,15807,605,6027,22478,6194,517,10528,5240,22478,7.881289973266556,88.98176034651958,14.696788035590332,159.82859226841722,10.361242103389982,HEROMOTOCO,29.1,22.0,0.0381775730422161,48.26788990825688,1.314663226265682,-9923,0,,0,6.51,OK,2.47,OK,2.61,OK,1882.0,Moderate,0.7512436127373016,Asset Light,7.157254230842365,Reinvestor,5.842022021103802,0.3017073764770596,5.055285075527705,34.05433179669991,20.676691729323306,5.973254086181278,99.98852126229517,43.64367204242134,21.366182627772076
1209,TECHM,Mar 2024,51996,47489,4506.0,9.0,927,392,1817,3224,26.0,2397,24.0,150.0,1399,441.0,26228,2537,13943,43149,13903,133,3238,25875,43149,4.60996999769213,8.666051234710363,8.987963553189097,15.428336643155516,5.555169297086839,TECHM,11.9,8.63,0.0951291761970827,13.85969387755102,1.2050337203643189,-701,0,,0,7.32,OK,-0.63,OK,-1.98,OK,5058.0,High Quality,2.534810370028464,Asset Light,112.2503328894807,Reinvestor,5.8119447275608325,0.05308701075941256,4.724734637353829,34.97631184755977,23.019086176980917,2.9024269440316988,99.97139779261411,43.33099817236177,21.351861651060176
1209,TECHM,Mar 2024,51996,47489,4506.0,9.0,927,392,1817,3224,26.0,2397,24.0,150.0,1399,441.0,26228,2537,13943,43149,13903,133,3238,25875,43149,4.60996999769213,8.666051234710363,8.987963553189097,15.428336643155516,5.555169297086839,TECHM,11.9,8.63,0.0951291761970827,13.85969387755102,1.2050337203643189,-701,0,,0,7.32,OK,-0.63,OK,-1.98,OK,5058.0,High Quality,2.534810370028464,Asset Light,112.2503328894807,Reinvestor,5.8119447275608325,0.05308701075941256,4.724734637353829,34.97631184755977,23.019086176980917,2.9024269440316988,99.97139779261411,43.33099817236177,21.351861651060176
1209,TECHM,Mar 2024,51996,47489,4506.0,9.0,927,392,1817,3224,26.0,2397,24.0,150.0,1451,441.0,26228,2537,13943,43149,13903,133,3238,25875,43149,4.60996999769213,8.666051234710363,8.987963553189097,15.428336643155516,5.555169297086839,TECHM,11.9,8.63,0.0951291761970827,13.85969387755102,1.2050337203643189,-701,0,,0,7.32,OK,-0.63,OK,-1.98,OK,5058.0,High Quality,2.534810370028464,Asset Light,112.2503328894807,Reinvestor,5.8119447275608325,0.05308701075941256,4.724734637353829,34.97631184755977,23.019086176980917,2.9024269440316988,99.97139779261411,43.33099817236177,21.351861651060176
1209,TECHM,Mar 2024,51996,47489,4506.0,9.0,927,392,1817,3224,26.0,2397,24.0,150.0,1451,441.0,26228,2537,13943,43149,13903,133,3238,25875,43149,4.60996999769213,8.666051234710363,8.987963553189097,15.428336643155516,5.555169297086839,TECHM,11.9,8.63,0.0951291761970827,13.85969387755102,1.2050337203643189,-701,0,,0,7.32,OK,-0.63,OK,-1.98,OK,5058.0,High Quality,2.534810370028464,Asset Light,112.2503328894807,Reinvestor,5.8119447275608325,0.05308701075941256,4.724734637353829,34.97631184755977,23.019086176980917,2.9024269440316988,99.97139779261411,43.33099817236177,21.351861651060176
1204,TECHM,Mar 2019,34742,28471,6271.0,18.0,534,133,1129,5543,23.0,4289,44.0,29.0,1394,444.0,19841,1996,11166,33446,7061,276,7342,18766,33446,12.345288123884636,18.05019860687353,21.143702243036728,28.14505632601768,12.823656042576092,TECHM,11.9,8.63,0.098397830909539,51.16541353383459,1.0387490282843987,-5346,0,,0,7.32,OK,-0.63,OK,-1.98,OK,2328.0,High Quality,6.056070462264694,Moderate,37.12326582682188,Reinvestor,5.8759879858416335,0.07498195467479499,5.506349647538909,34.18380380636097,23.019086176980917,2.9024269440316988,99.97041501589203,43.67000239478245,21.339794862481348
1204,TECHM,Mar 2019,34742,28471,6271.0,18.0,534,133,1129,5543,23.0,4289,44.0,29.0,1446,444.0,19841,1996,11166,33446,7061,276,7342,18766,33446,12.345288123884636,18.05019860687353,21.143702243036728,28.14505632601768,12.823656042576092,TECHM,11.9,8.63,0.098397830909539,51.16541353383459,1.0387490282843987,-5346,0,,0,7.32,OK,-0.63,OK,-1.98,OK,2328.0,High Quality,6.056070462264694,Moderate,37.12326582682188,Reinvestor,5.8759879858416335,0.07498195467479499,5.506349647538909,34.18380380636097,23.019086176980917,2.9024269440316988,99.97041501589203,43.67000239478245,21.339794862481348
1204,TECHM,Mar 2019,34742,28471,6271.0,18.0,534,133,1129,5543,23.0,4289,44.0,29.0,1446,444.0,19841,1996,11166,33446,7061,276,7342,18766,33446,12.345288123884636,18.05019860687353,21.143702243036728,28.14505632601768,12.823656042576092,TECHM,11.9,8.63,0.098397830909539,51.16541353383459,1.0387490282843987,-5346,0,,0,7.32,OK,-0.63,OK,-1.98,OK,2328.0,High Quality,6.056070462264694,Moderate,37.12326582682188,Reinvestor,5.8759879858416335,0.07498195467479499,5.506349647538909,34.18380380636097,23.019086176980917,2.9024269440316988,99.97041501589203,43.67000239478245,21.339794862481348
1204,TECHM,Mar 2019,34742,28471,6271.0,18.0,534,133,1129,5543,23.0,4289,44.0,29.0,1394,444.0,19841,1996,11166,33446,7061,276,7342,18766,33446,12.345288123884636,18.05019860687353,21.143702243036728,28.14505632601768,12.823656042576092,TECHM,11.9,8.63,0.098397830909539,51.16541353383459,1.0387490282843987,-5346,0,,0,7.32,OK,-0.63,OK,-1.98,OK,2328.0,High Quality,6.056070462264694,Moderate,37.12326582682188,Reinvestor,5.8759879858416335,0.07498195467479499,5.506349647538909,34.18380380636097,23.019086176980917,2.9024269440316988,99.97041501589203,43.67000239478245,21.339794862481348
1206,TECHM,Mar 2021,37855,31059,6796.0,18.0,788,174,1458,5953,27.0,4353,46.0,89.0,1396,437.0,24428,2901,11836,39602,9018,118,10238,20228,39602,11.499141460837404,17.952714304583278,17.506535290569072,24.47597781459339,10.991869097520327,TECHM,11.9,8.63,0.1166700180977277,43.58620689655172,0.9558860663602848,-7337,0,,0,7.32,OK,-0.63,OK,-1.98,OK,2661.0,High Quality,14.352133139611675,Capital Intensive,39.15538552089464,Reinvestor,5.85682534764328,0.0686647384246772,5.420850780929105,34.28047236962807,23.019086176980917,2.9024269440316988,99.96492117154014,43.60112869186743,21.33824607337473
1206,TECHM,Mar 2021,37855,31059,6796.0,18.0,788,174,1458,5953,27.0,4353,46.0,89.0,1448,437.0,24428,2901,11836,39602,9018,118,10238,20228,39602,11.499141460837404,17.952714304583278,17.506535290569072,24.47597781459339,10.991869097520327,TECHM,11.9,8.63,0.1166700180977277,43.58620689655172,0.9558860663602848,-7337,0,,0,7.32,OK,-0.63,OK,-1.98,OK,2661.0,High Quality,14.352133139611675,Capital Intensive,39.15538552089464,Reinvestor,5.85682534764328,0.0686647384246772,5.420850780929105,34.28047236962807,23.019086176980917,2.9024269440316988,99.96492117154014,43.60112869186743,21.33824607337473
1206,TECHM,Mar 2021,37855,31059,6796.0,18.0,788,174,1458,5953,27.0,4353,46.0,89.0,1396,437.0,24428,2901,11836,39602,9018,118,10238,20228,39602,11.499141460837404,17.952714304583278,17.506535290569072,24.47597781459339,10.991869097520327,TECHM,11.9,8.63,0.1166700180977277,43.58620689655172,0.9558860663602848,-7337,0,,0,7.32,OK,-0.63,OK,-1.98,OK,2661.0,High Quality,14.352133139611675,Capital Intensive,39.15538552089464,Reinvestor,5.85682534764328,0.0686647384246772,5.420850780929105,34.28047236962807,23.019086176980917,2.9024269440316988,99.96492117154014,43.60112869186743,21.33824607337473
1206,TECHM,Mar 2021,37855,31059,6796.0,18.0,788,174,1458,5953,27.0,4353,46.0,89.0,1448,437.0,24428,2901,11836,39602,9018,118,10238,20228,39602,11.499141460837404,17.952714304583278,17.506535290569072,24.47597781459339,10.991869097520327,TECHM,11.9,8.63,0.1166700180977277,43.58620689655172,0.9558860663602848,-7337,0,,0,7.32,OK,-0.63,OK,-1.98,OK,2661.0,High Quality,14.352133139611675,Capital Intensive,39.15538552089464,Reinvestor,5.85682534764328,0.0686647384246772,5.420850780929105,34.28047236962807,23.019086176980917,2.9024269440316988,99.96492117154014,43.60112869186743,21.33824607337473
1023,POWERGRID,Mar 2019,35059,8140,26920.0,77.0,1505,8737,10541,9147,-10.0,10034,11.0,43.0,1141,5232.0,53857,146376,41916,247380,172740,37631,1296,35713,247380,28.62032573661542,76.78484839841411,16.981164006837144,13.10198817316818,4.056108011965398,POWERGRID,13.2,19.0,2.477212340706392,3.253405058944718,0.1417212385803217,145080,0,,0,3.95,OK,7.28,OK,7.21,OK,4544.0,High Quality,53.41567072648963,Capital Intensive,16.87964338781575,Reinvestor,5.85405739666343,0.04908163275720245,7.150860381540045,34.8270997108652,13.273568536726433,10.737989103516592,99.25518390949841,43.23461679366572,21.31057276221645
1023,POWERGRID,Mar 2019,35059,8140,26920.0,77.0,1505,8737,10541,9147,-10.0,10034,11.0,43.0,1141,5232.0,53857,146376,41916,247380,172740,37631,1296,35713,247380,28.62032573661542,76.78484839841411,16.981164006837144,13.10198817316818,4.056108011965398,POWERGRID,13.2,19.0,2.477212340706392,3.253405058944718,0.1417212385803217,145080,0,,0,3.95,OK,7.28,OK,7.21,OK,4544.0,High Quality,53.41567072648963,Capital Intensive,16.87964338781575,Reinvestor,5.85405739666343,0.04908163275720245,7.150860381540045,34.8270997108652,13.273568536726433,10.737989103516592,99.25518390949841,43.23461679366572,21.31057276221645
1023,POWERGRID,Mar 2019,35059,8140,26920.0,77.0,1505,8737,10541,9147,-10.0,10034,11.0,43.0,1154,5232.0,53857,146376,41916,247380,172740,37631,1296,35713,247380,28.62032573661542,76.78484839841411,16.981164006837144,13.10198817316818,4.056108011965398,POWERGRID,13.2,19.0,2.477212340706392,3.253405058944718,0.1417212385803217,145080,0,,0,3.95,OK,7.28,OK,7.21,OK,4544.0,High Quality,53.41567072648963,Capital Intensive,16.87964338781575,Reinvestor,5.85405739666343,0.04908163275720245,7.150860381540045,34.8270997108652,13.273568536726433,10.737989103516592,99.25518390949841,43.23461679366572,21.31057276221645
1023,POWERGRID,Mar 2019,35059,8140,26920.0,77.0,1505,8737,10541,9147,-10.0,10034,11.0,43.0,1154,5232.0,53857,146376,41916,247380,172740,37631,1296,35713,247380,28.62032573661542,76.78484839841411,16.981164006837144,13.10198817316818,4.056108011965398,POWERGRID,13.2,19.0,2.477212340706392,3.253405058944718,0.1417212385803217,145080,0,,0,3.95,OK,7.28,OK,7.21,OK,4544.0,High Quality,53.41567072648963,Capital Intensive,16.87964338781575,Reinvestor,5.85405739666343,0.04908163275720245,7.150860381540045,34.8270997108652,13.273568536726433,10.737989103516592,99.25518390949841,43.23461679366572,21.31057276221645
1201,TECHM,Mar 2016,26494,22234,4260.0,16.0,453,97,759,3857,22.0,3027,31.0,35.0,1391,436.0,14155,1091,6843,22525,4309,629,1297,16289,22525,11.425228353589493,16.0791122518306,20.745665136042764,27.164902435913785,13.438401775804662,TECHM,11.9,8.63,0.0747721197998766,48.58762886597938,1.176204217536071,-206,0,,0,7.32,OK,-0.63,OK,-1.98,OK,1684.0,High Quality,5.484260587302785,Moderate,39.53051643192488,Reinvestor,5.873890902817807,0.07329437997098281,5.413382233012663,33.99685319151407,23.019086176980917,2.9024269440316988,99.97751848841025,43.64657757159325,21.3015113149701
1201,TECHM,Mar 2016,26494,22234,4260.0,16.0,453,97,759,3857,22.0,3027,31.0,35.0,1391,436.0,14155,1091,6843,22525,4309,629,1297,16289,22525,11.425228353589493,16.0791122518306,20.745665136042764,27.164902435913785,13.438401775804662,TECHM,11.9,8.63,0.0747721197998766,48.58762886597938,1.176204217536071,-206,0,,0,7.32,OK,-0.63,OK,-1.98,OK,1684.0,High Quality,5.484260587302785,Moderate,39.53051643192488,Reinvestor,5.873890902817807,0.07329437997098281,5.413382233012663,33.99685319151407,23.019086176980917,2.9024269440316988,99.97751848841025,43.64657757159325,21.3015113149701
1201,TECHM,Mar 2016,26494,22234,4260.0,16.0,453,97,759,3857,22.0,3027,31.0,35.0,1443,436.0,14155,1091,6843,22525,4309,629,1297,16289,22525,11.425228353589493,16.0791122518306,20.745665136042764,27.164902435913785,13.438401775804662,TECHM,11.9,8.63,0.0747721197998766,48.58762886597938,1.176204217536071,-206,0,,0,7.32,OK,-0.63,OK,-1.98,OK,1684.0,High Quality,5.484260587302785,Moderate,39.53051643192488,Reinvestor,5.873890902817807,0.07329437997098281,5.413382233012663,33.99685319151407,23.019086176980917,2.9024269440316988,99.97751848841025,43.64657757159325,21.3015113149701
1201,TECHM,Mar 2016,26494,22234,4260.0,16.0,453,97,759,3857,22.0,3027,31.0,35.0,1443,436.0,14155,1091,6843,22525,4309,629,1297,16289,22525,11.425228353589493,16.0791122518306,20.745665136042764,27.164902435913785,13.438401775804662,TECHM,11.9,8.63,0.0747721197998766,48.58762886597938,1.176204217536071,-206,0,,0,7.32,OK,-0.63,OK,-1.98,OK,1684.0,High Quality,5.484260587302785,Moderate,39.53051643192488,Reinvestor,5.873890902817807,0.07329437997098281,5.413382233012663,33.99685319151407,23.019086176980917,2.9024269440316988,99.97751848841025,43.64657757159325,21.3015113149701
1198,TECHM,Mar 2013,6873,5451,1422.0,21.0,-141,103,200,978,24.0,1307,25.0,5.0,1440,128.0,5298,1380,2178,8984,1245,34,4099,3607,8984,19.01644114651535,20.689655172413797,24.087725764835973,20.893329415221864,14.548085485307212,TECHM,11.9,8.63,0.254330998894213,12.436893203883496,0.765026714158504,-2719,0,,0,7.32,OK,-0.63,OK,-1.98,OK,233.0,Moderate,9.049905427033318,Capital Intensive,16.38537271448664,Mixed,5.891498755166481,0.0624963327564696,6.180436123707706,33.57563371613697,23.019086176980917,2.9024269440316988,99.92353105255575,43.31806891002666,21.294770979200106
1198,TECHM,Mar 2013,6873,5451,1422.0,21.0,-141,103,200,978,24.0,1307,25.0,5.0,1388,128.0,5298,1380,2178,8984,1245,34,4099,3607,8984,19.01644114651535,20.689655172413797,24.087725764835973,20.893329415221864,14.548085485307212,TECHM,11.9,8.63,0.254330998894213,12.436893203883496,0.765026714158504,-2719,0,,0,7.32,OK,-0.63,OK,-1.98,OK,233.0,Moderate,9.049905427033318,Capital Intensive,16.38537271448664,Mixed,5.891498755166481,0.0624963327564696,6.180436123707706,33.57563371613697,23.019086176980917,2.9024269440316988,99.92353105255575,43.31806891002666,21.294770979200106
1198,TECHM,Mar 2013,6873,5451,1422.0,21.0,-141,103,200,978,24.0,1307,25.0,5.0,1440,128.0,5298,1380,2178,8984,1245,34,4099,3607,8984,19.01644114651535,20.689655172413797,24.087725764835973,20.893329415221864,14.548085485307212,TECHM,11.9,8.63,0.254330998894213,12.436893203883496,0.765026714158504,-2719,0,,0,7.32,OK,-0.63,OK,-1.98,OK,233.0,Moderate,9.049905427033318,Capital Intensive,16.38537271448664,Mixed,5.891498755166481,0.0624963327564696,6.180436123707706,33.57563371613697,23.019086176980917,2.9024269440316988,99.92353105255575,43.31806891002666,21.294770979200106
1198,TECHM,Mar 2013,6873,5451,1422.0,21.0,-141,103,200,978,24.0,1307,25.0,5.0,1388,128.0,5298,1380,2178,8984,1245,34,4099,3607,8984,19.01644114651535,20.689655172413797,24.087725764835973,20.893329415221864,14.548085485307212,TECHM,11.9,8.63,0.254330998894213,12.436893203883496,0.765026714158504,-2719,0,,0,7.32,OK,-0.63,OK,-1.98,OK,233.0,Moderate,9.049905427033318,Capital Intensive,16.38537271448664,Mixed,5.891498755166481,0.0624963327564696,6.180436123707706,33.57563371613697,23.019086176980917,2.9024269440316988,99.92353105255575,43.31806891002666,21.294770979200106
1200,TECHM,Mar 2015,22621,18428,4193.0,19.0,106,69,611,3618,27.0,2659,27.0,22.0,1390,480.0,11768,700,6899,19848,4033,568,2103,13145,19848,11.754564342867248,18.535873745634586,21.70966688438929,32.3833796725363,13.396815800080612,TECHM,11.9,8.63,0.0571521881123448,62.30434782608695,1.1397118097541314,-1403,0,,0,7.32,OK,-0.63,OK,-1.98,OK,583.0,Moderate,8.24455152292118,Capital Intensive,13.904125924159311,Reinvestor,5.8789698054273245,0.08227926516692932,5.44665997911363,33.677237311162465,23.019086176980917,2.9024269440316988,99.98281622103444,43.77122402495422,21.265319127368944
1200,TECHM,Mar 2015,22621,18428,4193.0,19.0,106,69,611,3618,27.0,2659,27.0,22.0,1442,480.0,11768,700,6899,19848,4033,568,2103,13145,19848,11.754564342867248,18.535873745634586,21.70966688438929,32.3833796725363,13.396815800080612,TECHM,11.9,8.63,0.0571521881123448,62.30434782608695,1.1397118097541314,-1403,0,,0,7.32,OK,-0.63,OK,-1.98,OK,583.0,Moderate,8.24455152292118,Capital Intensive,13.904125924159311,Reinvestor,5.8789698054273245,0.08227926516692932,5.44665997911363,33.677237311162465,23.019086176980917,2.9024269440316988,99.98281622103444,43.77122402495422,21.265319127368944
1200,TECHM,Mar 2015,22621,18428,4193.0,19.0,106,69,611,3618,27.0,2659,27.0,22.0,1390,480.0,11768,700,6899,19848,4033,568,2103,13145,19848,11.754564342867248,18.535873745634586,21.70966688438929,32.3833796725363,13.396815800080612,TECHM,11.9,8.63,0.0571521881123448,62.30434782608695,1.1397118097541314,-1403,0,,0,7.32,OK,-0.63,OK,-1.98,OK,583.0,Moderate,8.24455152292118,Capital Intensive,13.904125924159311,Reinvestor,5.8789698054273245,0.08227926516692932,5.44665997911363,33.677237311162465,23.019086176980917,2.9024269440316988,99.98281622103444,43.77122402495422,21.265319127368944
1200,TECHM,Mar 2015,22621,18428,4193.0,19.0,106,69,611,3618,27.0,2659,27.0,22.0,1442,480.0,11768,700,6899,19848,4033,568,2103,13145,19848,11.754564342867248,18.535873745634586,21.70966688438929,32.3833796725363,13.396815800080612,TECHM,11.9,8.63,0.0571521881123448,62.30434782608695,1.1397118097541314,-1403,0,,0,7.32,OK,-0.63,OK,-1.98,OK,583.0,Moderate,8.24455152292118,Capital Intensive,13.904125924159311,Reinvestor,5.8789698054273245,0.08227926516692932,5.44665997911363,33.677237311162465,23.019086176980917,2.9024269440316988,99.98281622103444,43.77122402495422,21.265319127368944
1202,TECHM,Mar 2017,29141,24956,4184.0,14.0,775,129,978,3853,26.0,2851,29.0,28.0,1444,439.0,15998,1366,8254,26057,6460,373,2396,16828,26057,9.783466593459387,14.357777701520194,17.34501429701284,23.50165702409706,10.941397705031278,TECHM,11.9,8.63,0.083105189511468,38.44186046511628,1.1183559120389914,-1030,0,,0,7.32,OK,-0.63,OK,-1.98,OK,1178.0,High Quality,9.927593425071208,Capital Intensive,28.15487571701721,Reinvestor,5.8559743643363795,0.06698720682883197,5.247490460504892,33.84996342270579,23.019086176980917,2.9024269440316988,99.9750130090444,43.55438103017054,21.254710099303928
1202,TECHM,Mar 2017,29141,24956,4184.0,14.0,775,129,978,3853,26.0,2851,29.0,28.0,1444,439.0,15998,1366,8254,26057,6460,373,2396,16828,26057,9.783466593459387,14.357777701520194,17.34501429701284,23.50165702409706,10.941397705031278,TECHM,11.9,8.63,0.083105189511468,38.44186046511628,1.1183559120389914,-1030,0,,0,7.32,OK,-0.63,OK,-1.98,OK,1178.0,High Quality,9.927593425071208,Capital Intensive,28.15487571701721,Reinvestor,5.8559743643363795,0.06698720682883197,5.247490460504892,33.84996342270579,23.019086176980917,2.9024269440316988,99.9750130090444,43.55438103017054,21.254710099303928
1202,TECHM,Mar 2017,29141,24956,4184.0,14.0,775,129,978,3853,26.0,2851,29.0,28.0,1392,439.0,15998,1366,8254,26057,6460,373,2396,16828,26057,9.783466593459387,14.357777701520194,17.34501429701284,23.50165702409706,10.941397705031278,TECHM,11.9,8.63,0.083105189511468,38.44186046511628,1.1183559120389914,-1030,0,,0,7.32,OK,-0.63,OK,-1.98,OK,1178.0,High Quality,9.927593425071208,Capital Intensive,28.15487571701721,Reinvestor,5.8559743643363795,0.06698720682883197,5.247490460504892,33.84996342270579,23.019086176980917,2.9024269440316988,99.9750130090444,43.55438103017054,21.254710099303928
1202,TECHM,Mar 2017,29141,24956,4184.0,14.0,775,129,978,3853,26.0,2851,29.0,28.0,1392,439.0,15998,1366,8254,26057,6460,373,2396,16828,26057,9.783466593459387,14.357777701520194,17.34501429701284,23.50165702409706,10.941397705031278,TECHM,11.9,8.63,0.083105189511468,38.44186046511628,1.1183559120389914,-1030,0,,0,7.32,OK,-0.63,OK,-1.98,OK,1178.0,High Quality,9.927593425071208,Capital Intensive,28.15487571701721,Reinvestor,5.8559743643363795,0.06698720682883197,5.247490460504892,33.84996342270579,23.019086176980917,2.9024269440316988,99.9750130090444,43.55438103017054,21.254710099303928
1203,TECHM,Mar 2018,30773,26063,4710.0,15.0,1417,162,1085,4879,22.0,3786,39.0,33.0,1393,442.0,18401,2397,9192,30431,7622,240,4841,17728,30431,12.302992883371786,15.305625060930035,20.092341983760548,22.17514124293785,12.441260556669183,TECHM,11.9,8.63,0.1272090431459958,37.82098765432099,1.0112385396470704,-2444,0,,0,7.32,OK,-0.63,OK,-1.98,OK,235.0,Moderate,10.785428784973842,Capital Intensive,4.989384288747346,Reinvestor,5.87044882953456,0.06470328539660192,5.50207592610885,33.57621430810855,23.019086176980917,2.9024269440316988,99.96175243412301,43.54873903997747,21.239440899309454
1203,TECHM,Mar 2018,30773,26063,4710.0,15.0,1417,162,1085,4879,22.0,3786,39.0,33.0,1445,442.0,18401,2397,9192,30431,7622,240,4841,17728,30431,12.302992883371786,15.305625060930035,20.092341983760548,22.17514124293785,12.441260556669183,TECHM,11.9,8.63,0.1272090431459958,37.82098765432099,1.0112385396470704,-2444,0,,0,7.32,OK,-0.63,OK,-1.98,OK,235.0,Moderate,10.785428784973842,Capital Intensive,4.989384288747346,Reinvestor,5.87044882953456,0.06470328539660192,5.50207592610885,33.57621430810855,23.019086176980917,2.9024269440316988,99.96175243412301,43.54873903997747,21.239440899309454
1203,TECHM,Mar 2018,30773,26063,4710.0,15.0,1417,162,1085,4879,22.0,3786,39.0,33.0,1393,442.0,18401,2397,9192,30431,7622,240,4841,17728,30431,12.302992883371786,15.305625060930035,20.092341983760548,22.17514124293785,12.441260556669183,TECHM,11.9,8.63,0.1272090431459958,37.82098765432099,1.0112385396470704,-2444,0,,0,7.32,OK,-0.63,OK,-1.98,OK,235.0,Moderate,10.785428784973842,Capital Intensive,4.989384288747346,Reinvestor,5.87044882953456,0.06470328539660192,5.50207592610885,33.57621430810855,23.019086176980917,2.9024269440316988,99.96175243412301,43.54873903997747,21.239440899309454
1203,TECHM,Mar 2018,30773,26063,4710.0,15.0,1417,162,1085,4879,22.0,3786,39.0,33.0,1445,442.0,18401,2397,9192,30431,7622,240,4841,17728,30431,12.302992883371786,15.305625060930035,20.092341983760548,22.17514124293785,12.441260556669183,TECHM,11.9,8.63,0.1272090431459958,37.82098765432099,1.0112385396470704,-2444,0,,0,7.32,OK,-0.63,OK,-1.98,OK,235.0,Moderate,10.785428784973842,Capital Intensive,4.989384288747346,Reinvestor,5.87044882953456,0.06470328539660192,5.50207592610885,33.57621430810855,23.019086176980917,2.9024269440316988,99.96175243412301,43.54873903997747,21.239440899309454
167,AMBUJACEM,Dec 2020,24516,19511,5006.0,20.0,288,140,1162,3992,22.0,3107,12.0,151.0,235,397.0,22360,471,16490,39718,20486,2422,167,16643,39718,12.67335617555882,20.41931799641051,13.65294195192688,21.551575684518685,7.822649680245733,AMBUJACEM,12.8,9.24,0.0206969284176297,37.81428571428572,0.6172516239488394,304,0,,0,3.92,OK,6.82,OK,3.4,OK,3515.0,High Quality,5.3720019579050415,Moderate,70.2157411106672,Reinvestor,5.8365224536939415,0.06362966474051783,5.539499274919126,34.52838514149026,13.186813186813188,10.282317979197623,99.99377711589108,43.54867813816426,21.138773768342
168,AMBUJACEM,Dec 2021,28965,22755,6210.0,21.0,252,146,1152,5164,28.0,3711,14.0,45.0,236,397.0,24957,477,19374,45205,22254,2168,198,20585,45205,12.812014500258934,21.439668565510097,14.636743709079436,24.04088111184236,8.209268886185155,AMBUJACEM,12.8,9.24,0.0188135994320422,44.26027397260274,0.6407477048999004,279,0,,0,3.92,OK,6.82,OK,3.4,OK,3302.0,High Quality,6.929052304505437,Moderate,53.17230273752013,Reinvestor,5.841705673869861,0.06791561301009878,5.5535100015763454,34.46655209651761,13.186813186813188,10.282317979197623,99.99434337083383,43.607254068541074,21.135091384128284
166,AMBUJACEM,Dec 2019,27104,22507,4597.0,17.0,601,170,1153,3875,28.0,2783,11.0,14.0,234,397.0,23681,41,16059,40178,20701,1554,150,17773,40178,10.267857142857142,16.960596221959857,11.558268959215882,19.059662506737425,6.926676290507243,AMBUJACEM,12.8,9.24,0.0017027992358169,30.576470588235296,0.6745980387276619,-109,0,,0,3.92,OK,6.82,OK,3.4,OK,3548.0,High Quality,4.394185360094451,Moderate,77.18077006743529,Reinvestor,5.825486539965553,0.05933922659057167,5.2964356904262155,34.53796490902124,13.186813186813188,10.282317979197623,99.99948802440191,43.4829067253236,21.111102464357153
161,AMBUJACEM,Dec 2014,9955,8022,1934.0,19.0,419,66,513,1774,16.0,1487,10.0,46.0,229,310.0,9760,34,3774,13878,6310,692,2097,4780,13878,14.937217478653944,19.42742340532396,14.766633565044687,19.1409342834521,10.714800403516357,AMBUJACEM,12.8,9.24,0.0033763654419066,35.65151515151515,0.7173223807465052,-2063,0,,0,3.92,OK,6.82,OK,3.4,OK,1219.0,High Quality,4.580612757408337,Moderate,63.02998965873836,Reinvestor,5.8423900065793655,0.059479155836277185,5.7682510788668795,33.861865558123064,13.186813186813188,10.282317979197623,99.99898483821221,43.52902462766609,21.061674189981286
159,AMBUJACEM,Dec 2012,9749,7276,2473.0,25.0,69,78,569,1896,32.0,1292,8.0,43.0,227,308.0,8489,60,3487,12345,5951,524,1581,4289,12345,13.252641296543237,25.36670427736178,14.686825053995682,27.921418087388503,10.46577561765897,AMBUJACEM,12.8,9.24,0.0068205069910196,32.58974358974359,0.7897124341838802,-1521,0,,0,3.92,OK,6.82,OK,3.4,OK,1472.0,High Quality,3.979895373884501,Moderate,59.52284674484432,Reinvestor,5.841969530521388,0.07459690673678628,5.598033124251727,33.9353104425272,13.186813186813188,10.282317979197623,99.99794929838318,43.501201722838324,21.055623131637454
164,AMBUJACEM,Dec 2017,23609,19751,3858.0,16.0,335,206,1219,2768,30.0,1945,8.0,47.0,232,397.0,20275,24,14813,35509,20898,667,153,13791,35509,8.238383667245541,16.34122580371892,9.408862229102168,18.641283339775804,5.477484581373736,AMBUJACEM,12.8,9.24,0.0011609907120743,20.354368932038835,0.6648736939930722,-129,0,,0,3.92,OK,6.82,OK,3.4,OK,2678.0,High Quality,3.125926553433013,Moderate,69.4142042509072,Reinvestor,5.8141622581691585,0.05861888450358409,5.091367598147081,34.28540740138645,13.186813186813188,10.282317979197623,99.99965092836449,43.39001652898395,21.046313133085135
1049,RELIANCE,Mar 2019,568337,484087,84250.0,15.0,8406,16495,20934,55227,28.0,39837,29.0,10.0,1180,5926.0,381186,307714,302804,997630,398374,179463,235635,184158,997630,7.00939759332931,14.823951282425742,10.290820227737708,12.125337854369295,3.9931637982017385,RELIANCE,9.61,9.25,0.7948965674016822,5.617217338587451,0.569687158565801,72079,0,,0,9.51,OK,14.92,OK,11.95,OK,-52161.0,High Quality,16.628690372085575,Capital Intensive,-61.91216617210682,Mixed,5.818808908228081,0.04740009030849534,4.967184733653287,18.365865836807206,29.352226720647778,18.306092124814263,99.7610008056409,43.25609720876539,21.033896519700036
160,AMBUJACEM,Dec 2013,9161,7492,1669.0,18.0,390,67,494,1498,15.0,1278,8.0,44.0,228,309.0,9153,48,3446,12956,6147,698,1714,4399,12956,13.950442091474727,18.218535094422005,13.506658211794548,17.549947423764458,9.864155603581352,AMBUJACEM,12.8,9.24,0.0050729232720355,30.73134328358209,0.7070855202222909,-1666,0,,0,3.92,OK,6.82,OK,3.4,OK,771.0,Moderate,5.414256085580177,Moderate,46.19532654284003,Reinvestor,5.8357517487955715,0.05673988274292462,5.668542386642723,33.73181295649044,13.186813186813188,10.282317979197623,99.99847473919905,43.48431408318035,21.02863922741147
1021,POWERGRID,Mar 2017,25697,3247,22450.0,87.0,933,6204,7722,9457,21.0,7451,8.0,31.0,1139,5232.0,44634,118988,26809,195662,137678,38264,1165,18555,195662,28.99560259952524,87.36428376853328,14.94204467974171,13.295509730299548,3.808097637763081,POWERGRID,13.2,19.0,2.386154895118919,3.769019987105093,0.1313336263556541,117823,0,,0,3.95,OK,7.28,OK,7.21,OK,-2261.0,High Quality,92.75790948359732,Capital Intensive,-10.071269487750556,Mixed,5.843314170845355,0.04941482746035526,7.188780221970688,32.85163552758392,13.273568536726433,10.737989103516592,99.28256188171301,43.23930228531151,21.019439026168676
1021,POWERGRID,Mar 2017,25697,3247,22450.0,87.0,933,6204,7722,9457,21.0,7451,8.0,31.0,1152,5232.0,44634,118988,26809,195662,137678,38264,1165,18555,195662,28.99560259952524,87.36428376853328,14.94204467974171,13.295509730299548,3.808097637763081,POWERGRID,13.2,19.0,2.386154895118919,3.769019987105093,0.1313336263556541,117823,0,,0,3.95,OK,7.28,OK,7.21,OK,-2261.0,High Quality,92.75790948359732,Capital Intensive,-10.071269487750556,Mixed,5.843314170845355,0.04941482746035526,7.188780221970688,32.85163552758392,13.273568536726433,10.737989103516592,99.28256188171301,43.23930228531151,21.019439026168676
1021,POWERGRID,Mar 2017,25697,3247,22450.0,87.0,933,6204,7722,9457,21.0,7451,8.0,31.0,1139,5232.0,44634,118988,26809,195662,137678,38264,1165,18555,195662,28.99560259952524,87.36428376853328,14.94204467974171,13.295509730299548,3.808097637763081,POWERGRID,13.2,19.0,2.386154895118919,3.769019987105093,0.1313336263556541,117823,0,,0,3.95,OK,7.28,OK,7.21,OK,-2261.0,High Quality,92.75790948359732,Capital Intensive,-10.071269487750556,Mixed,5.843314170845355,0.04941482746035526,7.188780221970688,32.85163552758392,13.273568536726433,10.737989103516592,99.28256188171301,43.23930228531151,21.019439026168676
1021,POWERGRID,Mar 2017,25697,3247,22450.0,87.0,933,6204,7722,9457,21.0,7451,8.0,31.0,1152,5232.0,44634,118988,26809,195662,137678,38264,1165,18555,195662,28.99560259952524,87.36428376853328,14.94204467974171,13.295509730299548,3.808097637763081,POWERGRID,13.2,19.0,2.386154895118919,3.769019987105093,0.1313336263556541,117823,0,,0,3.95,OK,7.28,OK,7.21,OK,-2261.0,High Quality,92.75790948359732,Capital Intensive,-10.071269487750556,Mixed,5.843314170845355,0.04941482746035526,7.188780221970688,32.85163552758392,13.273568536726433,10.737989103516592,99.28256188171301,43.23930228531151,21.019439026168676
165,AMBUJACEM,Dec 2018,26041,22030,4011.0,15.0,232,170,1154,2919,-2.0,2973,11.0,14.0,233,397.0,21973,40,14981,37391,20636,1008,133,15613,37391,11.416612265273992,15.402634307438271,13.29012069736254,17.89825970548862,7.951111229975128,AMBUJACEM,12.8,9.24,0.0017881090746535,24.958823529411763,0.6964510176245621,-93,0,,0,3.92,OK,6.82,OK,3.4,OK,938.0,Moderate,2.9376752044852346,Asset Light,23.38568935427574,Reinvestor,5.834610907558516,0.05733958754601681,5.412511620602596,33.780292386116884,13.186813186813188,10.282317979197623,99.99946237454557,43.43185809013959,21.007672873428792
162,AMBUJACEM,Dec 2015,9437,7895,1542.0,16.0,353,92,630,1173,31.0,808,5.0,54.0,230,310.0,9961,35,3827,14133,6170,416,2149,5398,14133,8.562043022146868,16.33993853979019,7.866809463538117,14.962157966233262,5.717115969716267,AMBUJACEM,12.8,9.24,0.0034076526141563,20.597826086956523,0.6677280124531239,-2114,0,,0,3.92,OK,6.82,OK,3.4,OK,1474.0,High Quality,0.8795167955918195,Asset Light,95.59014267185474,Reinvestor,5.806037858157985,0.05228437012249458,5.1240717488815015,33.93589103449878,13.186813186813188,10.282317979197623,99.99897543119087,43.392228870797915,20.99534704905898
1022,POWERGRID,Mar 2018,29954,3993,25961.0,87.0,4065,7324,9231,13471,39.0,8204,9.0,33.0,1153,5232.0,49194,131503,39425,225354,156198,37669,1224,30264,225354,27.388662616011217,86.66955999198771,15.073678021533826,13.962856789419616,3.640494510858472,POWERGRID,13.2,19.0,2.416179767023114,4.099672310212998,0.1329197617969949,130279,0,,0,3.95,OK,7.28,OK,7.21,OK,-2991.0,High Quality,85.80156239567337,Capital Intensive,-11.521127845614576,Mixed,5.8440076892173645,0.050563828680474994,7.026407014936298,32.63971945795934,13.273568536726433,10.737989103516592,99.27353439248974,43.24230698632571,20.970880709027742
1022,POWERGRID,Mar 2018,29954,3993,25961.0,87.0,4065,7324,9231,13471,39.0,8204,9.0,33.0,1153,5232.0,49194,131503,39425,225354,156198,37669,1224,30264,225354,27.388662616011217,86.66955999198771,15.073678021533826,13.962856789419616,3.640494510858472,POWERGRID,13.2,19.0,2.416179767023114,4.099672310212998,0.1329197617969949,130279,0,,0,3.95,OK,7.28,OK,7.21,OK,-2991.0,High Quality,85.80156239567337,Capital Intensive,-11.521127845614576,Mixed,5.8440076892173645,0.050563828680474994,7.026407014936298,32.63971945795934,13.273568536726433,10.737989103516592,99.27353439248974,43.24230698632571,20.970880709027742
1022,POWERGRID,Mar 2018,29954,3993,25961.0,87.0,4065,7324,9231,13471,39.0,8204,9.0,33.0,1140,5232.0,49194,131503,39425,225354,156198,37669,1224,30264,225354,27.388662616011217,86.66955999198771,15.073678021533826,13.962856789419616,3.640494510858472,POWERGRID,13.2,19.0,2.416179767023114,4.099672310212998,0.1329197617969949,130279,0,,0,3.95,OK,7.28,OK,7.21,OK,-2991.0,High Quality,85.80156239567337,Capital Intensive,-11.521127845614576,Mixed,5.8440076892173645,0.050563828680474994,7.026407014936298,32.63971945795934,13.273568536726433,10.737989103516592,99.27353439248974,43.24230698632571,20.970880709027742
1022,POWERGRID,Mar 2018,29954,3993,25961.0,87.0,4065,7324,9231,13471,39.0,8204,9.0,33.0,1140,5232.0,49194,131503,39425,225354,156198,37669,1224,30264,225354,27.388662616011217,86.66955999198771,15.073678021533826,13.962856789419616,3.640494510858472,POWERGRID,13.2,19.0,2.416179767023114,4.099672310212998,0.1329197617969949,130279,0,,0,3.95,OK,7.28,OK,7.21,OK,-2991.0,High Quality,85.80156239567337,Capital Intensive,-11.521127845614576,Mixed,5.8440076892173645,0.050563828680474994,7.026407014936298,32.63971945795934,13.273568536726433,10.737989103516592,99.27353439248974,43.24230698632571,20.970880709027742
755,IRFC,Mar 2021,15771,113,15657.0,99.0,0,11237,4,4416,0.0,4416,3.0,31.0,827,13069.0,22845,323145,21423,380482,45,0,12,380424,380482,28.000760890241583,99.27715427049648,12.29604054129309,4.360564698280784,1.160633091709989,IRFC,5.73,13.7,8.997744612128974,1.3933434190620273,0.0414500554559742,323133,1,,1,14.92,OK,15.42,OK,10.76,OK,-89907.0,Accrual Risk,0.0,Asset Light,-574.2287794596666,Distress Signal,5.829373535004584,0.034031133768756563,7.088256468448344,7.40835355728701,44.9971081550029,18.80138682516097,97.29467480231162,43.21771405714991,20.968090505170494
988,PFC,Mar 2023,77684,4167,26501.0,34.0,47,47017,52,26496,20.0,21179,48.0,22.0,1059,2640.0,81518,751158,60796,896112,782,22,5973,889334,896112,27.263014262911284,34.11384583698059,25.165759642577058,3.172571817132678,2.363432249540236,PFC,9.96,19.49,8.925568573397657,0.564646829870047,0.0866900566000678,745185,1,,1,9.56,OK,24.41,OK,23.81,OK,-76411.0,Accrual Risk,2.1806292157973326,Asset Light,-288.3325157541225,Growth Funded by Debt,5.897178443075968,0.03198571339673519,7.013710880506428,11.326188181469826,29.496818970503185,27.706785537394747,97.31637575790286,43.21018353246281,20.900581856275405
163,AMBUJACEM,Dec 2016,20094,16913,3181.0,16.0,441,153,1461,2008,29.0,1434,6.0,50.0,231,397.0,19424,29,12974,32824,21410,582,175,10657,32824,7.136458644371454,15.830596197870012,7.234751021643711,16.025188916876573,4.368754569826956,AMBUJACEM,12.8,9.24,0.001463094697543,23.67320261437909,0.6121740190104802,-146,0,,0,3.92,OK,6.82,OK,3.4,OK,-1355.0,High Quality,20.727580372250426,Capital Intensive,-42.59666771455517,Reinvestor,5.802707819311672,0.05411463796082853,4.980023614108397,33.11464369070705,13.186813186813188,10.282317979197623,99.9995600956548,43.42017540655531,20.858894448204058
170,AMBUJACEM,Mar 2024,33160,26760,6400.0,19.0,1401,276,1623,5901,20.0,4738,16.0,12.0,238,440.0,41016,699,23107,65261,32388,2658,849,29365,65261,14.288299155609169,19.30036188178528,11.428984947896565,15.182066184319773,7.2600787606687,AMBUJACEM,12.8,9.24,0.0168612504824392,28.264492753623188,0.5081135747230352,-150,0,,0,3.92,OK,6.82,OK,3.4,OK,-3295.0,High Quality,26.963208685162847,Capital Intensive,-51.48437500000001,Mixed,5.824805399185897,0.05266299591763769,5.702681144521389,32.551469478280055,13.186813186813188,10.282317979197623,99.99493037780455,43.461897339757584,20.85147666703321
1020,POWERGRID,Mar 2016,20652,2468,18184.0,88.0,656,5086,6182,7572,21.0,5959,6.0,20.0,1138,5232.0,38738,108545,26797,179312,115094,45611,919,17688,179312,28.854348247143136,88.04958357544064,13.552422105981352,11.922761695570928,3.323257785312751,POWERGRID,13.2,19.0,2.468614964748692,3.7042862760519073,0.1151735522441331,107626,0,,0,3.95,OK,7.28,OK,7.21,OK,-6568.0,High Quality,104.47414294015108,Capital Intensive,-36.11966564012318,Mixed,5.835992858691903,0.04705130589348136,7.174507179766776,31.60133071679885,13.273568536726433,10.737989103516592,99.25776885703971,43.23871403767597,20.82662273650171
1020,POWERGRID,Mar 2016,20652,2468,18184.0,88.0,656,5086,6182,7572,21.0,5959,6.0,20.0,1151,5232.0,38738,108545,26797,179312,115094,45611,919,17688,179312,28.854348247143136,88.04958357544064,13.552422105981352,11.922761695570928,3.323257785312751,POWERGRID,13.2,19.0,2.468614964748692,3.7042862760519073,0.1151735522441331,107626,0,,0,3.95,OK,7.28,OK,7.21,OK,-6568.0,High Quality,104.47414294015108,Capital Intensive,-36.11966564012318,Mixed,5.835992858691903,0.04705130589348136,7.174507179766776,31.60133071679885,13.273568536726433,10.737989103516592,99.25776885703971,43.23871403767597,20.82662273650171
1020,POWERGRID,Mar 2016,20652,2468,18184.0,88.0,656,5086,6182,7572,21.0,5959,6.0,20.0,1151,5232.0,38738,108545,26797,179312,115094,45611,919,17688,179312,28.854348247143136,88.04958357544064,13.552422105981352,11.922761695570928,3.323257785312751,POWERGRID,13.2,19.0,2.468614964748692,3.7042862760519073,0.1151735522441331,107626,0,,0,3.95,OK,7.28,OK,7.21,OK,-6568.0,High Quality,104.47414294015108,Capital Intensive,-36.11966564012318,Mixed,5.835992858691903,0.04705130589348136,7.174507179766776,31.60133071679885,13.273568536726433,10.737989103516592,99.25776885703971,43.23871403767597,20.82662273650171
1020,POWERGRID,Mar 2016,20652,2468,18184.0,88.0,656,5086,6182,7572,21.0,5959,6.0,20.0,1138,5232.0,38738,108545,26797,179312,115094,45611,919,17688,179312,28.854348247143136,88.04958357544064,13.552422105981352,11.922761695570928,3.323257785312751,POWERGRID,13.2,19.0,2.468614964748692,3.7042862760519073,0.1151735522441331,107626,0,,0,3.95,OK,7.28,OK,7.21,OK,-6568.0,High Quality,104.47414294015108,Capital Intensive,-36.11966564012318,Mixed,5.835992858691903,0.04705130589348136,7.174507179766776,31.60133071679885,13.273568536726433,10.737989103516592,99.25776885703971,43.23871403767597,20.82662273650171
1019,POWERGRID,Mar 2015,17540,2613,14927.0,85.0,731,4081,5173,6404,21.0,5046,5.0,21.0,1137,5232.0,33207,96243,26102,160784,91191,53681,220,15693,160784,28.76852907639681,85.10262257696694,13.127292593459766,11.083143998455622,3.138371977311176,POWERGRID,13.2,19.0,2.503785218137829,3.836804704729233,0.1090904567618668,96023,0,,0,3.95,OK,7.28,OK,7.21,OK,-8385.0,High Quality,137.884834663626,Capital Intensive,-56.173377101895895,Mixed,5.833753037660216,0.04560569862626474,7.165835583987175,31.073862910623674,13.273568536726433,10.737989103516592,99.24719432121942,43.23991825802834,20.745157629551592
1019,POWERGRID,Mar 2015,17540,2613,14927.0,85.0,731,4081,5173,6404,21.0,5046,5.0,21.0,1150,5232.0,33207,96243,26102,160784,91191,53681,220,15693,160784,28.76852907639681,85.10262257696694,13.127292593459766,11.083143998455622,3.138371977311176,POWERGRID,13.2,19.0,2.503785218137829,3.836804704729233,0.1090904567618668,96023,0,,0,3.95,OK,7.28,OK,7.21,OK,-8385.0,High Quality,137.884834663626,Capital Intensive,-56.173377101895895,Mixed,5.833753037660216,0.04560569862626474,7.165835583987175,31.073862910623674,13.273568536726433,10.737989103516592,99.24719432121942,43.23991825802834,20.745157629551592
1019,POWERGRID,Mar 2015,17540,2613,14927.0,85.0,731,4081,5173,6404,21.0,5046,5.0,21.0,1137,5232.0,33207,96243,26102,160784,91191,53681,220,15693,160784,28.76852907639681,85.10262257696694,13.127292593459766,11.083143998455622,3.138371977311176,POWERGRID,13.2,19.0,2.503785218137829,3.836804704729233,0.1090904567618668,96023,0,,0,3.95,OK,7.28,OK,7.21,OK,-8385.0,High Quality,137.884834663626,Capital Intensive,-56.173377101895895,Mixed,5.833753037660216,0.04560569862626474,7.165835583987175,31.073862910623674,13.273568536726433,10.737989103516592,99.24719432121942,43.23991825802834,20.745157629551592
1019,POWERGRID,Mar 2015,17540,2613,14927.0,85.0,731,4081,5173,6404,21.0,5046,5.0,21.0,1150,5232.0,33207,96243,26102,160784,91191,53681,220,15693,160784,28.76852907639681,85.10262257696694,13.127292593459766,11.083143998455622,3.138371977311176,POWERGRID,13.2,19.0,2.503785218137829,3.836804704729233,0.1090904567618668,96023,0,,0,3.95,OK,7.28,OK,7.21,OK,-8385.0,High Quality,137.884834663626,Capital Intensive,-56.173377101895895,Mixed,5.833753037660216,0.04560569862626474,7.165835583987175,31.073862910623674,13.273568536726433,10.737989103516592,99.24719432121942,43.23991825802834,20.745157629551592
1017,POWERGRID,Mar 2013,13081,2244,10837.0,83.0,966,2599,3428,5776,25.0,4313,5.0,31.0,1148,4630.0,21773,69233,17748,113384,62568,35265,586,14964,113384,32.97148536044645,82.84534821496827,16.3352649320153,11.331506963904806,3.803887673745855,POWERGRID,13.2,19.0,2.6221641480134834,4.541362062331666,0.1153690115007408,68647,0,,0,3.95,OK,7.28,OK,7.21,OK,-10394.0,High Quality,168.8250133781821,Capital Intensive,-95.91215280981822,Mixed,5.850654437589729,0.04603331623007937,7.590523187673605,30.490658275177374,13.273568536726433,10.737989103516592,99.21160167932156,43.24632070573248,20.699484524548517
1017,POWERGRID,Mar 2013,13081,2244,10837.0,83.0,966,2599,3428,5776,25.0,4313,5.0,31.0,1135,4630.0,21773,69233,17748,113384,62568,35265,586,14964,113384,32.97148536044645,82.84534821496827,16.3352649320153,11.331506963904806,3.803887673745855,POWERGRID,13.2,19.0,2.6221641480134834,4.541362062331666,0.1153690115007408,68647,0,,0,3.95,OK,7.28,OK,7.21,OK,-10394.0,High Quality,168.8250133781821,Capital Intensive,-95.91215280981822,Mixed,5.850654437589729,0.04603331623007937,7.590523187673605,30.490658275177374,13.273568536726433,10.737989103516592,99.21160167932156,43.24632070573248,20.699484524548517
1017,POWERGRID,Mar 2013,13081,2244,10837.0,83.0,966,2599,3428,5776,25.0,4313,5.0,31.0,1148,4630.0,21773,69233,17748,113384,62568,35265,586,14964,113384,32.97148536044645,82.84534821496827,16.3352649320153,11.331506963904806,3.803887673745855,POWERGRID,13.2,19.0,2.6221641480134834,4.541362062331666,0.1153690115007408,68647,0,,0,3.95,OK,7.28,OK,7.21,OK,-10394.0,High Quality,168.8250133781821,Capital Intensive,-95.91215280981822,Mixed,5.850654437589729,0.04603331623007937,7.590523187673605,30.490658275177374,13.273568536726433,10.737989103516592,99.21160167932156,43.24632070573248,20.699484524548517
1017,POWERGRID,Mar 2013,13081,2244,10837.0,83.0,966,2599,3428,5776,25.0,4313,5.0,31.0,1135,4630.0,21773,69233,17748,113384,62568,35265,586,14964,113384,32.97148536044645,82.84534821496827,16.3352649320153,11.331506963904806,3.803887673745855,POWERGRID,13.2,19.0,2.6221641480134834,4.541362062331666,0.1153690115007408,68647,0,,0,3.95,OK,7.28,OK,7.21,OK,-10394.0,High Quality,168.8250133781821,Capital Intensive,-95.91215280981822,Mixed,5.850654437589729,0.04603331623007937,7.590523187673605,30.490658275177374,13.273568536726433,10.737989103516592,99.21160167932156,43.24632070573248,20.699484524548517
1018,POWERGRID,Mar 2014,15555,2588,12967.0,83.0,725,3254,4079,6359,28.0,4548,5.0,30.0,1149,5232.0,29466,84220,22562,141480,74252,50069,423,16736,141480,29.23818707810993,83.36226293796207,13.107383710876707,10.904152441177954,3.214588634435963,POWERGRID,13.2,19.0,2.427229235114416,4.207744314689613,0.1099448685326548,83797,0,,0,3.95,OK,7.28,OK,7.21,OK,-11416.0,High Quality,171.2568306010929,Capital Intensive,-88.03886789542685,Mixed,5.833648146485613,0.04529752087243699,7.213292164027433,30.193975777702946,13.273568536726433,10.737989103516592,99.27021218167613,43.243289057337364,20.620343992177055
1018,POWERGRID,Mar 2014,15555,2588,12967.0,83.0,725,3254,4079,6359,28.0,4548,5.0,30.0,1149,5232.0,29466,84220,22562,141480,74252,50069,423,16736,141480,29.23818707810993,83.36226293796207,13.107383710876707,10.904152441177954,3.214588634435963,POWERGRID,13.2,19.0,2.427229235114416,4.207744314689613,0.1099448685326548,83797,0,,0,3.95,OK,7.28,OK,7.21,OK,-11416.0,High Quality,171.2568306010929,Capital Intensive,-88.03886789542685,Mixed,5.833648146485613,0.04529752087243699,7.213292164027433,30.193975777702946,13.273568536726433,10.737989103516592,99.27021218167613,43.243289057337364,20.620343992177055
1018,POWERGRID,Mar 2014,15555,2588,12967.0,83.0,725,3254,4079,6359,28.0,4548,5.0,30.0,1136,5232.0,29466,84220,22562,141480,74252,50069,423,16736,141480,29.23818707810993,83.36226293796207,13.107383710876707,10.904152441177954,3.214588634435963,POWERGRID,13.2,19.0,2.427229235114416,4.207744314689613,0.1099448685326548,83797,0,,0,3.95,OK,7.28,OK,7.21,OK,-11416.0,High Quality,171.2568306010929,Capital Intensive,-88.03886789542685,Mixed,5.833648146485613,0.04529752087243699,7.213292164027433,30.193975777702946,13.273568536726433,10.737989103516592,99.27021218167613,43.243289057337364,20.620343992177055
1018,POWERGRID,Mar 2014,15555,2588,12967.0,83.0,725,3254,4079,6359,28.0,4548,5.0,30.0,1136,5232.0,29466,84220,22562,141480,74252,50069,423,16736,141480,29.23818707810993,83.36226293796207,13.107383710876707,10.904152441177954,3.214588634435963,POWERGRID,13.2,19.0,2.427229235114416,4.207744314689613,0.1099448685326548,83797,0,,0,3.95,OK,7.28,OK,7.21,OK,-11416.0,High Quality,171.2568306010929,Capital Intensive,-88.03886789542685,Mixed,5.833648146485613,0.04529752087243699,7.213292164027433,30.193975777702946,13.273568536726433,10.737989103516592,99.27021218167613,43.243289057337364,20.620343992177055
984,PFC,Mar 2019,54106,1696,17783.0,33.0,94,34627,15,17862,29.0,12640,30.0,0.0,1055,2640.0,44481,539488,42260,628869,196,199,4604,623871,628869,23.3615495508816,32.866964846782246,26.824558052672906,3.03149116362006,2.009957558728447,PFC,9.96,19.49,11.448993017975,0.5162734282496317,0.0860369965763934,534884,1,,1,9.56,OK,24.41,OK,23.81,OK,-93715.0,Accrual Risk,24.88263778508853,Capital Intensive,-526.9920710791206,Growth Funded by Debt,5.9059179247088105,0.03174280853815227,6.61948748453463,6.3029064434097,29.496818970503185,27.706785537394747,96.55766521113145,43.209743954093774,20.033060854132685
989,PFC,Mar 2024,91508,-27,33573.0,37.0,69,57962,53,33588,21.0,26461,60.0,23.0,1060,3300.0,97847,861961,75770,1038877,764,39,10971,1027102,1038877,28.916597455960137,36.68859553263103,26.1609340860332,3.4859018926226346,2.54707727671322,PFC,9.96,19.49,8.521864217426122,0.5804147544943239,0.0880835748601615,850990,1,,1,9.56,OK,24.41,OK,23.81,OK,-101229.0,Accrual Risk,3.7253573458058313,Moderate,-301.5190778303994,Growth Funded by Debt,5.902421580950422,0.03252518777384996,7.180797149382732,4.1216224062053675,29.496818970503185,27.706785537394747,97.4377563497852,43.21032681861506,19.849591258488093
828,LICI,Mar 2019,571508,565587,5920.0,1.0,2615,0,336,8199,68.0,2627,,2.0,988,100.0,710,269401,3157039,3427249,25194,710,2900287,501059,3427249,0.4596611071061123,1.0358560160137742,324.32098765432096,2.1908804600848963,0.076650398030607,LICI,63.79,63.61,332.59382716049384,,0.1667541517993002,-2630886,1,Debt Free,0,7.37,OK,72.56,OK,,OK,22910.0,High Quality,1.6860656368764744,Asset Light,386.9932432432432,Liquidating Assets,7.4732961947358625,0.03029549156745766,4.305366788111492,40.158675785831235,23.163678426836324,75.40366518078257,0.0,43.205052478531506,19.595349009741422
943,NHPC,Mar 2017,8623,3739,4884.0,57.0,2245,1133,1462,4535,23.0,3480,3.0,61.0,875,10259.0,18756,19227,11946,60187,22227,17588,1020,19352,60187,40.3571842746144,56.63922068885539,11.993796312252284,10.123958376518386,5.781979497233622,NHPC,7.67,9.61,0.6626572462519387,6.292144748455428,0.1432701413926595,18207,0,,0,-0.64,OK,0.43,OK,0.0,OK,6465.0,High Quality,21.616606749391163,Capital Intensive,132.37100737100738,Reinvestor,5.82778114266067,0.04395422592571762,8.336810934065594,35.384758299562236,0.0,3.952451708766716,99.80076081029243,43.26223040345727,19.558390204411346
947,NHPC,Mar 2021,9648,4371,5277.0,55.0,1087,577,1292,4495,20.0,3600,3.0,49.0,879,10045.0,23008,23365,16717,73136,21993,19167,1842,30133,73136,37.3134328358209,54.69527363184079,10.891598342056696,9.353397851749442,4.922336469043973,NHPC,7.67,9.61,0.7068949868393186,11.02946273830156,0.1319186173703784,21523,0,,0,-0.64,OK,0.43,OK,0.0,OK,3463.0,High Quality,16.65630182421227,Capital Intensive,65.62440780746637,Reinvestor,5.82197414474118,0.042627517474641156,8.029255152516315,34.51328975022933,0.0,3.952451708766716,99.78745997997785,43.30527931971741,19.396732986105
944,NHPC,Mar 2018,7755,3508,4248.0,55.0,1185,924,1469,3040,8.0,2785,2.0,57.0,876,10259.0,19782,18602,14290,62933,21201,19087,1125,21520,62933,35.912314635718886,54.77756286266925,9.270663426650245,8.733013999958885,4.425341235917563,NHPC,7.67,9.61,0.6192203987883226,5.87987012987013,0.1232262882748319,17477,0,,0,-0.64,OK,0.43,OK,0.0,OK,3810.0,High Quality,11.42488716956802,Capital Intensive,89.68926553672316,Reinvestor,5.813434149263124,0.041559374904881694,7.8876792020024,34.61402245729746,0.0,3.952451708766716,99.81382083844584,43.25848398500495,19.396593802646322
939,NHPC,Mar 2013,6381,2229,4152.0,65.0,1595,611,1241,3895,26.0,2873,2.0,28.0,871,12301.0,17494,20340,12226,62361,23537,19962,1447,17415,62361,45.02429086350102,65.06817113305125,9.64255747608659,8.28163957315249,4.607046070460704,NHPC,7.67,9.61,0.6826648766571572,9.405891980360066,0.1023235676143743,18893,0,,0,-0.64,OK,0.43,OK,0.0,OK,1516.0,Moderate,20.84312803635794,Capital Intensive,36.51252408477842,Reinvestor,5.815393495977364,0.04078222340620687,8.80839859271087,33.94808346590183,0.0,3.952451708766716,99.79474517537341,43.29052562115825,19.388685595365512
942,NHPC,Mar 2016,8354,3571,4783.0,57.0,1174,1160,1432,3365,30.0,2365,2.0,81.0,874,11071.0,20572,19938,11242,62823,22610,16742,606,22866,62823,28.30979171654297,57.25401005506344,7.474006889359416,9.272794245943274,3.764544832306639,NHPC,7.67,9.61,0.6300919634674336,5.135344827586207,0.1329767760215207,19332,0,,0,-0.64,OK,0.43,OK,0.0,OK,5225.0,High Quality,8.929853962173809,Capital Intensive,109.2410620949195,Reinvestor,5.803968353592827,0.042488738648614036,7.119482479907288,35.02479127718622,0.0,3.952451708766716,99.81055211732375,43.25171834092949,19.379397366127968
941,NHPC,Mar 2015,8221,3087,5134.0,62.0,1597,1296,1715,3718,25.0,2798,2.0,27.0,873,11071.0,19687,20584,10094,61436,27916,16378,1020,16123,61436,34.03478895511495,62.44982362243036,9.096820339423893,9.999610455377663,4.554332964385703,NHPC,7.67,9.61,0.669224266857403,5.193672839506172,0.1338140503939058,19564,0,,0,-0.64,OK,0.43,OK,0.0,OK,3293.0,High Quality,9.341929205692738,Capital Intensive,64.14102064666926,Reinvestor,5.812518246246478,0.04374013055935993,7.6979646705471385,34.463939432645525,0.0,3.952451708766716,99.79878632367567,43.252248378749655,19.35337535412617
948,NHPC,Mar 2022,9144,5131,4013.0,44.0,981,586,1190,3217,-17.0,3774,4.0,52.0,880,10045.0,24876,26096,16271,77288,21825,22522,2386,30554,77288,41.27296587926509,43.88670166229222,10.807250651470463,6.576855630398086,4.883034882517338,NHPC,7.67,9.61,0.7472867329114287,8.522184300341298,0.1183107338784804,23710,0,,0,-0.64,OK,0.43,OK,0.0,OK,1506.0,High Quality,33.727034120734906,Capital Intensive,37.52803388985796,Reinvestor,5.8215297537361215,0.03784702079536728,8.429346061460372,33.94518050604397,0.0,3.952451708766716,99.7753155134323,43.282495200148496,19.348627329419916
950,NHPC,Mar 2024,9632,4825,4807.0,50.0,2029,608,1184,5043,20.0,4028,4.0,53.0,882,10045.0,28657,32561,22034,93297,21474,39831,479,31513,93297,41.81893687707641,49.90656146179402,10.40773086662188,6.745435920463634,4.317394985905228,NHPC,7.67,9.61,0.8413260296625498,11.24342105263158,0.1032401899310803,32082,0,,0,-0.64,OK,0.43,OK,0.0,OK,970.0,High Quality,61.96013289036545,Capital Intensive,20.17890576242979,Reinvestor,5.819424859132661,0.03813727300570722,8.484513686120835,33.78958185766207,0.0,3.952451708766716,99.74704099686836,43.30722359991487,19.328926553991117
945,NHPC,Mar 2019,8983,4002,4981.0,55.0,1733,896,1658,4159,32.0,2836,3.0,56.0,877,10045.0,20753,19066,16870,66734,24977,15037,1283,25437,66734,31.57074474006457,55.449181787821445,9.208390155204883,9.989170543879352,4.2497077951269215,NHPC,7.67,9.61,0.6190661731281252,7.493303571428571,0.1346090448646866,17783,0,,0,-0.64,OK,0.43,OK,0.0,OK,2642.0,High Quality,13.158187687854836,Capital Intensive,53.04155792009637,Reinvestor,5.813106058695455,0.04372215569772598,7.448985389692265,34.274956745898116,0.0,3.952451708766716,99.81386720901787,43.27314556382779,19.302769345197884
949,NHPC,Mar 2023,10607,4423,6184.0,58.0,743,475,1215,5237,19.0,4261,4.0,48.0,881,10045.0,26916,29540,19710,86211,22137,31357,499,32218,86211,40.17158480248892,58.30112190063166,11.5283677389681,9.299108284085952,4.942524735822575,NHPC,7.67,9.61,0.7992208003030221,14.583157894736845,0.1230353435176485,29041,0,,0,-0.64,OK,0.43,OK,0.0,OK,514.0,High Quality,39.51164325445461,Capital Intensive,8.311772315653299,Reinvestor,5.825329003544271,0.042534044702666446,8.318057040440394,33.65720688814315,0.0,3.952451708766716,99.75970065135414,43.33757242850413,19.29653334970471
946,NHPC,Mar 2020,10008,4562,5446.0,54.0,311,877,1614,3266,-2.0,3345,3.0,52.0,878,10045.0,21336,23226,16669,71277,24402,17180,1398,28297,71277,33.42326139088729,54.416466826538766,10.659316146712978,9.973080374310983,4.692958457847553,NHPC,7.67,9.61,0.7401293776488959,6.56442417331813,0.1404099499137169,21828,0,,0,-0.64,OK,0.43,OK,0.0,OK,6.0,Moderate,29.846123101518785,Capital Intensive,0.1101726037458685,Mixed,5.8207503516826105,0.04369445253456173,7.636172884411831,33.5097365273633,0.0,3.952451708766716,99.77746749422029,43.26470465876067,19.20378691878826
940,NHPC,Mar 2014,7389,3047,4342.0,59.0,889,1203,1499,2529,35.0,1633,1.0,27.0,872,11071.0,17175,20819,12362,61427,29587,14924,1273,15643,61427,22.10041954256327,58.76302611990797,5.781349571620761,8.849485376541324,2.658440099630456,NHPC,7.67,9.61,0.7370601147065071,4.348295926849543,0.1202891236752568,19546,0,,0,-0.64,OK,0.43,OK,0.0,OK,2702.0,High Quality,15.18473406414941,Capital Intensive,62.22938737908797,Reinvestor,5.7950504842188035,0.041759908872887344,6.492056637061312,34.292374505045345,0.0,3.952451708766716,99.77839032041,43.24456627676723,19.201807919739075
1051,RELIANCE,Mar 2021,466307,385517,80790.0,17.0,22432,21189,26572,55461,3.0,53739,39.0,9.0,1182,6445.0,693727,278962,340931,1320065,541258,125953,364828,288026,1320065,11.524382005845936,17.32549586431257,7.675114114817502,8.251168890059992,4.0709359008836685,RELIANCE,9.61,9.25,0.398419245556806,4.871489924017179,0.3532454841238878,-85866,0,,0,9.51,OK,14.92,OK,11.95,OK,-115427.0,Moderate,30.53460488476476,Capital Intensive,-142.87288030696868,Mixed,5.805027899401664,0.0407297606710038,5.42340121111466,0.0,29.352226720647778,18.306092124814263,99.88020846659775,43.249320640865264,18.33348604533806
86,ADANIENSOL,Mar 2014,0,0,0.0,,0,0,0,0,0.0,0,0.0,,149,0.1,0,0,0,0,0,0,0,0,0,,,0.0,0.0,,ADANIENSOL,9.0,8.59,0.0,,,0,0,Debt Free,0,14.12,OK,-3.56,OK,-3.04,OK,0.0,,,,,Cash Accumulator,5.764591087774543,0.026523354884794733,,33.50799475144858,42.68363215731637,0.0,100.0,43.205052478531506,
111,ADANIGREEN,Mar 2017,502,98,403.0,80.0,80,334,333,-184,-75.0,-47,0.0,0.0,192,1274.0,-71,4347,610,6160,4341,267,26,1525,6160,-9.362549800796812,80.2788844621514,-3.906899418121363,7.261261261261261,-0.762987012987013,ADANIGREEN,96.5,14.7,3.6134663341645887,1.4461077844311376,0.0814935064935064,4321,0,,1,33.43,OK,,TURNAROUND,,ZERO_BASE,-1483.0,Accrual Risk,300.996015936255,Capital Intensive,-367.99007444168734,Mixed,5.744007347460939,0.03902539251990218,3.312881753420433,33.0774858045263,98.52515905147484,,98.91354978983993,43.21819353704785,
112,ADANIGREEN,Mar 2018,1480,637,843.0,57.0,42,552,543,-210,-35.0,-138,-1.0,0.0,193,1564.0,-223,9864,4503,15709,9120,1725,87,4777,15709,-9.324324324324325,56.95945945945946,-10.290827740492167,7.523427041499331,-0.8784773060029283,ADANIGREEN,96.5,14.7,7.355704697986577,1.6032608695652173,0.0942135081800241,9777,1,,0,33.43,OK,,TURNAROUND,,ZERO_BASE,-3779.0,Accrual Risk,299.1891891891892,Capital Intensive,-448.2799525504152,Mixed,5.710373227739595,0.039476775046056366,3.3167442456534553,32.41096622115909,98.52515905147484,,97.78838207528216,43.21962161724354,
113,ADANIGREEN,Mar 2019,2058,532,1526.0,74.0,73,1121,1062,-585,-19.0,-475,-3.0,0.0,194,1564.0,369,11142,1582,14658,10388,743,77,3449,14658,-23.080660835762878,74.14965986394559,-24.573202276254527,11.671128107074573,-3.240551234820576,ADANIGREEN,96.5,14.7,5.764097258147957,1.426404995539697,0.1404011461318051,11065,1,,1,33.43,OK,,TURNAROUND,,ZERO_BASE,-1041.0,Accrual Risk,129.54324586977648,Capital Intensive,-68.2175622542595,Mixed,5.635125657468864,0.0466180571119753,1.926735596094542,33.205796630244194,98.52515905147484,,98.2669259657166,43.21801449403008,
114,ADANIGREEN,Mar 2020,2549,1098,1450.0,57.0,-111,995,394,-50,23.0,-68,0.0,0.0,195,1564.0,793,14866,1201,18424,12554,1208,476,4186,18424,-2.6677128285602194,56.88505296194586,-2.88502333474756,8.418974626952332,-0.3690838037342596,ADANIGREEN,96.5,14.7,6.307170131523122,1.3457286432160804,0.1383521493703864,14390,1,,1,33.43,OK,,TURNAROUND,,ZERO_BASE,-1778.0,Accrual Risk,146.8418987838368,Capital Intensive,-122.6206896551724,Mixed,5.74939116457056,0.04101867929857162,3.989361373634559,32.9918484887191,98.52515905147484,,98.10364185488037,43.21728137255864,
115,ADANIGREEN,Mar 2021,3124,883,2241.0,72.0,391,1953,486,193,6.0,182,1.0,0.0,196,1564.0,636,24209,2283,28692,16429,4452,502,7309,28692,5.825864276568503,71.73495518565942,8.272727272727273,8.485743496535273,0.6343231562804963,ADANIGREEN,96.5,14.7,11.004090909090907,1.3476702508960574,0.1088805241879269,23707,1,,1,33.43,OK,,TURNAROUND,,ZERO_BASE,-7536.0,High Quality,292.4775928297055,Capital Intensive,-336.27844712182065,Mixed,5.808176461146907,0.04113363824170081,4.847594641773029,31.320324202556925,98.52515905147484,,96.69143260924658,43.21729901631965,
116,ADANIGREEN,Mar 2022,5133,1621,3512.0,68.0,507,2617,849,553,12.0,489,3.0,0.0,197,1564.0,1050,52832,3508,58954,28452,19999,574,10029,58954,9.526592635885448,68.42002727449834,18.706962509563887,6.334090827111064,0.8294602571496421,ADANIGREEN,96.5,14.7,20.211170619739864,1.5357279327474207,0.0870678834345421,52258,1,,0,33.43,OK,,TURNAROUND,,ZERO_BASE,-15603.0,High Quality,364.89382427430354,Capital Intensive,-444.2767653758542,Mixed,5.863149872412605,0.03742904179723293,5.221534638431383,28.978506485212325,98.52515905147484,,93.92316724808397,43.21900793250713,
117,ADANIGREEN,Mar 2023,7776,2806,4970.0,64.0,667,2911,1300,1426,32.0,973,6.0,0.0,198,1584.0,5720,54223,5382,66909,48336,5291,1149,12133,66909,12.512860082304528,63.91460905349794,13.321467688937568,8.07775448177223,1.4542139323558865,ADANIGREEN,96.5,14.7,7.423740416210296,1.936447956028856,0.1162175492086266,53074,1,,0,33.43,OK,,TURNAROUND,,ZERO_BASE,3408.0,High Quality,49.60133744855967,Capital Intensive,68.57142857142857,Reinvestor,5.83477606111512,0.0404311853435397,5.523281951530853,34.49732347101104,98.52515905147484,,97.76792597758347,43.22264935213803,
118,ADANIGREEN,Mar 2024,9220,1902,7318.0,79.0,1262,5006,1903,1671,25.0,1260,7.0,0.0,199,1584.0,8250,64858,13394,88086,62284,6427,1515,17860,88086,13.665943600867678,79.3709327548807,12.81269066503966,9.797568682054305,1.430420271098699,ADANIGREEN,96.5,14.7,6.595281675818589,1.713943268078306,0.1046704357105555,63343,1,,0,33.43,OK,,TURNAROUND,,ZERO_BASE,-13347.0,High Quality,228.4164859002169,Capital Intensive,-182.3858977862804,Mixed,5.832095538015683,0.04339226621967168,5.639795244378398,29.63341422914804,98.52515905147484,,98.0170162109966,43.22062740940595,
146,ADANIPOWER,Mar 2013,6692,5732,960.0,14.0,215,1703,1290,-1818,26.0,-2295,-10.0,0.0,214,2393.0,1900,41795,8599,54688,29089,18976,22,6600,54688,-34.294680215182304,14.34548714883443,-53.459119496855344,2.0829717063009894,-4.196533060269164,ADANIPOWER,32.2,57.1,9.735616119263918,0.6899588960657663,0.122366881217086,41773,1,,1,15.6,OK,,TURNAROUND,,TURNAROUND,-1063.0,Accrual Risk,60.72922893006575,Capital Intensive,-110.72916666666666,Mixed,5.482938422744757,0.030109700249334837,0.793615312161896,33.199410118556884,46.963562753036435,,97.07282116376562,43.211322267218556,
147,ADANIPOWER,Mar 2014,15328,10735,4593.0,30.0,137,4162,1937,-1370,-79.0,-291,-1.0,0.0,215,2872.0,3671,44150,8045,58739,46365,3660,115,8599,58739,-1.8984864300626303,29.964770354906054,-4.447501146263182,9.060422543546446,-0.49541190691023,ADANIPOWER,32.2,57.1,6.747669264863212,1.1364728495915426,0.2609509865676978,44035,1,,1,15.6,OK,,TURNAROUND,,TURNAROUND,-1462.0,Accrual Risk,30.66283924843424,Capital Intensive,-31.83104724580884,Mixed,5.7411591539462705,0.04212308880894199,4.067087834199959,33.08358202022782,46.963562753036435,,97.97119828636895,43.21537982506785,
148,ADANIPOWER,Mar 2015,18683,14005,4678.0,25.0,1188,4864,1818,-816,0.0,-816,-3.0,0.0,216,2872.0,2853,44742,8008,58474,45080,191,357,12846,58474,-4.367606915377617,25.03880533104962,-14.253275109170303,9.26942358372798,-1.3954920135444813,ADANIPOWER,32.2,57.1,7.815196506550218,1.2060032894736843,0.3195095256011219,44385,1,,1,15.6,OK,,TURNAROUND,,TURNAROUND,1087.0,Accrual Risk,25.35460043890168,Capital Intensive,23.236425823001284,Reinvestor,5.689496829625815,0.042482935229021405,3.8175956217539273,33.82354648799916,46.963562753036435,,97.65022803541721,43.216011661497326,
149,ADANIPOWER,Mar 2016,25377,16575,8802.0,35.0,-201,5560,2666,375,-47.0,551,2.0,0.0,217,3334.0,4134,52729,15597,75794,56941,88,0,18765,75794,2.171257437837412,34.6849509398274,7.378146759507231,14.621991129126036,0.7269704725967755,ADANIPOWER,32.2,57.1,7.06065881092662,1.5469424460431656,0.3348154207457054,52729,1,,0,15.6,OK,,TURNAROUND,,TURNAROUND,2565.0,High Quality,10.60803089411672,Capital Intensive,29.141104294478527,Reinvestor,5.803463308592141,0.05169868969498833,4.478314992910897,34.25260395499251,46.963562753036435,,97.87709264744727,43.21910984093819,
150,ADANIPOWER,Mar 2017,22616,16635,5980.0,26.0,-3666,5902,2672,-6260,-1.0,-6174,-16.0,0.0,218,3857.0,-857,52484,16027,71511,54391,125,164,16831,71511,-27.299257163070397,26.44145737530951,-205.8,10.77788191190253,-8.633636783152241,ADANIPOWER,32.2,57.1,17.494666666666667,0.3920704845814978,0.3162590370712198,52320,1,,1,15.6,OK,,TURNAROUND,,TURNAROUND,3513.0,Accrual Risk,5.359037849310223,Moderate,58.74581939799332,Reinvestor,4.680321107111285,0.04508011526583414,1.5004676446614675,34.527804549518684,46.963562753036435,,94.7399304382686,43.20861529814695,
151,ADANIPOWER,Mar 2018,20304,14868,5436.0,27.0,754,5570,2699,-2079,0.0,-2103,-5.0,0.0,219,3857.0,-2968,52835,15804,69528,52137,120,0,17271,69528,-10.35756501182033,26.773049645390078,-236.55793025871765,10.118382845655573,-3.0246807041767347,ADANIPOWER,32.2,57.1,59.43194600674916,1.111310592459605,0.2920262340352088,52835,1,,1,15.6,OK,,TURNAROUND,,TURNAROUND,4581.0,Accrual Risk,2.56107171000788,Asset Light,84.27152317880795,Reinvestor,4.518271056349081,0.04394462628535563,3.212340468419493,34.83784066233932,46.963562753036435,,82.13077298693516,43.21515117081612,
152,ADANIPOWER,Mar 2019,23884,18901,4983.0,21.0,2448,5657,2751,-976,1.0,-984,-3.0,0.0,220,3857.0,3855,46980,13293,67985,50419,350,3,17213,67985,-4.119912912409982,20.86333947412494,-12.75933609958506,9.11102172164119,-1.4473780981098772,ADANIPOWER,32.2,57.1,6.091804979253112,1.313593777620647,0.3513127895859381,46977,1,,1,15.6,OK,,TURNAROUND,,TURNAROUND,4626.0,Accrual Risk,4.119912912409982,Moderate,92.83564118001205,Reinvestor,5.697367739349018,0.04221020767246793,3.8426238555633137,34.850903981699744,46.963562753036435,,98.16839505673883,43.216989356877825,
153,ADANIPOWER,Mar 2020,26468,20734,5734.0,22.0,323,5315,3006,-2265,0.0,-2275,-6.0,0.0,221,3857.0,2624,55199,13346,75025,55846,2347,3,16830,75025,-8.595284872298626,21.66389602538915,-35.10260762228052,9.296368352788589,-3.032322559146951,ADANIPOWER,32.2,57.1,8.517049837987965,1.139604891815616,0.3527890703098967,55196,1,,1,15.6,OK,,TURNAROUND,,TURNAROUND,3294.0,Accrual Risk,8.704851141000454,Capital Intensive,57.44680851063831,Reinvestor,5.579650836618858,0.04252932724064921,3.390410017302962,34.46422972863131,46.963562753036435,,97.4392038749781,43.21540828653565,
154,ADANIPOWER,Mar 2021,26221,17533,8688.0,33.0,1909,5106,3202,2289,45.0,1270,3.0,0.0,222,3857.0,9256,52519,13175,78806,52851,6439,20,19495,78806,4.84344609282636,33.13374775942947,9.685045374818882,13.237445148707948,1.6115524198665077,ADANIPOWER,32.2,57.1,4.005109433386716,2.0754014884449665,0.3327284724513362,52499,0,,0,15.6,OK,,TURNAROUND,,TURNAROUND,4826.0,High Quality,8.344456733152816,Capital Intensive,55.54788213627992,Reinvestor,5.815617346089789,0.04931485507839487,4.748326223051952,34.908963178857164,46.963562753036435,,98.79579562026747,43.223912049511064,
155,ADANIPOWER,Mar 2022,27711,17830,9881.0,36.0,3908,4095,3118,6577,25.0,4912,13.0,0.0,223,3857.0,14600,49145,14379,81981,53274,10270,183,18254,81981,17.725812854101257,35.6573201977554,26.613209080565635,14.61643146652466,5.991632207462705,ADANIPOWER,32.2,57.1,2.662675407704394,3.3672771672771677,0.3380173454824898,48962,0,,0,15.6,OK,,TURNAROUND,,TURNAROUND,11007.0,High Quality,2.793114647612861,Asset Light,111.39560773201094,Liquidating Assets,5.904804419626692,0.05168911737572037,6.050024622918283,36.70328266700728,46.963562753036435,,99.19942127897055,43.235651571332426,
156,ADANIPOWER,Mar 2023,38773,28677,10096.0,26.0,4216,3334,3304,7675,-40.0,10727,28.0,0.0,224,3857.0,26019,42350,13596,85821,51451,12880,654,20836,85821,27.666159440848016,26.038738297268715,35.90507430713616,13.978345748068564,12.499271740017011,ADANIPOWER,32.2,57.1,1.4175257731958764,4.2927414517096585,0.4517891891262045,41696,0,,0,15.6,OK,,TURNAROUND,,TURNAROUND,9976.0,Moderate,3.984731643153741,Moderate,98.81141045958796,Liquidating Assets,5.9537591841045305,0.05059049671196297,7.054446674072838,36.40398750566077,46.963562753036435,,99.57379672819008,43.244061442607205,
157,ADANIPOWER,Mar 2024,50351,32124,18228.0,36.0,9883,3388,3931,20792,0.0,20829,54.0,0.0,225,3857.0,39288,34616,14248,92009,63016,925,374,27694,92009,41.36759945184802,36.20186292228556,48.27674122146251,23.441056570774556,22.63800280407352,ADANIPOWER,32.2,57.1,0.8023177656738903,8.297225501770956,0.5472399439185297,34242,0,,0,15.6,OK,,TURNAROUND,,TURNAROUND,17651.0,Moderate,6.91346745844174,Moderate,96.83454026772,Liquidating Assets,6.018940073540725,0.06688286832331855,8.4389083082344,38.632009196576824,46.963562753036435,,99.75876949595738,43.28045095644301,
198,ATGL,Mar 2018,1374,1008,366.0,27.0,80,125,61,259,36.0,162,6.0,0.0,279,257.0,759,1345,442,2803,897,102,180,1624,2803,11.790393013100436,26.63755458515284,15.94488188976378,15.501905972045742,5.779521940777738,ATGL,21.2,20.5,1.3238188976377954,3.568,0.4901890831252229,1165,0,,0,20.81,OK,8.91,OK,8.45,OK,,,,,,,5.848597680477615,0.05321367835688384,5.450280286125233,,62.03007518796993,12.352649826646855,99.6019712966594,43.23747557817257,
199,ATGL,Mar 2019,1719,1264,455.0,26.0,59,90,67,357,36.0,229,2.0,12.0,280,110.0,992,394,552,2048,980,190,176,701,2048,13.321698662012798,26.46887725421757,20.780399274047188,30.4144385026738,11.181640625,ATGL,21.2,20.5,0.3575317604355716,5.711111111111111,0.83935546875,218,0,,0,20.81,OK,8.91,OK,8.45,OK,,,,,,,5.874073901764076,0.07888925126696703,5.605011023871922,,62.03007518796993,12.352649826646855,99.89250198553353,43.25695043946668,
200,ATGL,Mar 2020,1875,1280,595.0,32.0,44,41,51,547,20.0,436,4.0,6.0,281,110.0,1361,428,577,2476,1198,342,282,655,2476,23.25333333333333,31.73333333333333,29.63970088375255,31.332280147446024,17.60904684975767,ATGL,21.2,20.5,0.2909585316111489,15.585365853658535,0.7572697899838449,146,0,,0,20.81,OK,8.91,OK,8.45,OK,,,,,,,5.920749678173431,0.08046954019655417,6.608552779768607,,62.03007518796993,12.352649826646855,99.91251836088024,43.346679684253345,
201,ATGL,Mar 2021,1696,991,704.0,42.0,30,40,63,631,25.0,463,4.0,6.0,282,110.0,1824,529,741,3204,1379,696,417,711,3204,27.299528301886795,41.50943396226416,23.94002068252327,28.583028826634187,14.450686641697876,ATGL,21.2,20.5,0.2735263702171664,18.35,0.529338327091136,112,0,,0,20.81,OK,8.91,OK,8.45,OK,,,,,,,5.890720561839254,0.07573603147892564,7.0174004405840025,,62.03007518796993,12.352649826646855,99.91775963716694,43.371802444454545,
202,ATGL,Mar 2022,3038,2265,773.0,25.0,46,53,83,684,26.0,509,5.0,5.0,283,110.0,2306,1035,964,4415,1733,1171,634,878,4415,16.754443712969056,25.44437129690586,21.06788079470199,22.39930454940597,11.528878822197056,ATGL,21.2,20.5,0.4283940397350993,15.452830188679243,0.6881087202718007,401,0,,0,20.81,OK,8.91,OK,8.45,OK,,,,,,,5.875588515869234,0.06508923736734641,5.951872654407941,,62.03007518796993,12.352649826646855,99.87119603409586,43.345475307271386,
203,ATGL,Mar 2023,4378,3508,870.0,20.0,54,78,113,733,25.0,546,5.0,5.0,284,110.0,2831,1422,1282,5645,2335,1619,682,1010,5645,12.47144814984011,19.87208771128369,18.56511390683441,19.94040797616319,9.67227635075288,ATGL,21.2,20.5,0.4835090105406324,11.846153846153848,0.7755535872453498,740,0,,0,20.81,OK,8.91,OK,8.45,OK,,,,,,,5.862402534308918,0.06085564537919941,5.519097483938583,,62.03007518796993,12.352649826646855,99.85462477921837,43.31270074829528,
204,ATGL,Mar 2024,4475,3371,1104.0,25.0,62,111,158,896,26.0,668,6.0,4.0,285,110.0,3470,1557,1454,6592,3174,1502,706,1209,6592,14.927374301675975,24.67039106145252,18.65921787709497,21.49114269028616,10.133495145631068,ATGL,21.2,20.5,0.4349162011173184,10.504504504504505,0.6788531553398058,851,0,,0,20.81,OK,8.91,OK,8.45,OK,,,,,,,5.862898326874589,0.06352561455679452,5.767256475316207,,62.03007518796993,12.352649826646855,99.86923503516876,43.30050892366309,
282,BHARTIARTL,Mar 2013,76947,53987,22960.0,30.0,1159,4519,14815,4785,53.0,2267,4.0,17.0,374,1899.0,48423,66736,40912,157970,125674,2992,7710,21594,157970,2.9461837368578374,29.838720158030853,4.50498787806526,19.61420834116421,1.43508261062227,BHARTIARTL,13.1,14.9,1.326179404634156,5.337242752821421,0.4870988162309299,59026,0,,0,12.17,OK,,TURNAROUND,,TURNAROUND,3932.0,High Quality,24.27125164073973,Capital Intensive,17.125435540069684,Reinvestor,5.788325893991444,0.06029401290701823,4.5566173997699755,34.64943856756349,37.04453441295547,,99.60126157001879,43.25355302606044,
283,BHARTIARTL,Mar 2014,85864,59352,26512.0,31.0,2881,5879,15650,7864,62.0,3019,5.0,26.0,375,1999.0,57757,75896,45840,181492,140614,0,15531,25347,181492,3.516025342401938,30.87673530233858,5.05221233014258,19.54412762067644,1.6634342009565162,BHARTIARTL,13.1,14.9,1.2700984001606532,4.999659806089471,0.473100742732462,60365,0,,0,12.17,OK,,TURNAROUND,,TURNAROUND,1052.0,High Quality,29.326609522034847,Capital Intensive,3.968014484007242,Mixed,5.791208979735235,0.060173351802354814,4.614197029341134,33.81338612849662,37.04453441295547,,99.61812327937531,43.250485345141435,
284,BHARTIARTL,Mar 2015,96101,62499,33602.0,35.0,1243,4446,19858,10540,52.0,5048,8.0,33.0,376,1999.0,37778,83415,58747,181939,124279,17415,10752,29494,181939,5.252806942695706,34.96529692719118,12.690750936470824,27.2761218260926,2.7745563073337767,BHARTIARTL,13.1,14.9,2.097066143751414,7.837381916329285,0.5282045081043647,72663,0,,0,12.17,OK,,TURNAROUND,,TURNAROUND,5758.0,High Quality,23.20579390432982,Capital Intensive,17.135884768763766,Reinvestor,5.831453091042228,0.07348587135956393,4.789690079020147,35.179519037610746,37.04453441295547,,99.36948133955009,43.276272269674486,
285,BHARTIARTL,Mar 2016,96532,62548,33984.0,35.0,4858,8546,17450,12846,46.0,6893,11.0,9.0,377,1999.0,64771,100646,57056,224472,172293,5702,11977,34500,224472,7.140637301620188,35.2049061451125,10.323498577205331,20.299135088641467,3.0707616094657686,BHARTIARTL,13.1,14.9,1.5073536019170286,4.545050315937281,0.4300402722834028,88669,0,,0,12.17,OK,,TURNAROUND,,TURNAROUND,13851.0,High Quality,14.597232005966934,Capital Intensive,40.75741525423729,Reinvestor,5.818981076125775,0.06147328186128873,4.980445846416719,37.52888445058582,37.04453441295547,,99.54678846123333,43.24635422159969,
286,BHARTIARTL,Mar 2017,95468,60138,35330.0,37.0,1713,9547,19773,7723,45.0,4241,7.0,11.0,378,1999.0,65458,107288,57578,232322,178235,10838,14339,28910,232322,4.442326224494071,37.00716470440357,6.286967994426079,20.21803198947037,1.8254835960434224,BHARTIARTL,13.1,14.9,1.5904650369865247,3.880067036765476,0.4109296579747075,92949,0,,0,12.17,OK,,TURNAROUND,,TURNAROUND,-2400.0,High Quality,32.13642267566095,Capital Intensive,-6.793093688083782,Reinvestor,5.797714366033761,0.06133364303523928,4.707795076839572,32.81128438555952,37.04453441295547,,99.52179959244431,43.24031139112877,
287,BHARTIARTL,Mar 2018,82639,52560,30079.0,36.0,1756,9326,19243,3267,33.0,2184,2.0,194.0,379,1999.0,67536,111334,68653,249521,187200,9751,16159,36411,249521,2.6428199760403683,36.398068708479045,3.1408643129359315,16.630268315742335,0.8752770307909956,BHARTIARTL,13.1,14.9,1.60112173725462,3.413574951747802,0.3311905611150965,95175,0,,0,12.17,OK,,TURNAROUND,,TURNAROUND,1914.0,High Quality,33.80970244073622,Capital Intensive,6.363243458891585,Mixed,5.781138924936123,0.05515643017084109,4.525964016789095,34.0636212682451,37.04453441295547,,99.51859547396771,43.23607228817073,
288,BHARTIARTL,Mar 2019,80780,55016,25764.0,32.0,4474,10622,21348,-1732,-99.0,1688,1.0,244.0,380,1999.0,69424,125428,77176,274026,200832,9634,15711,47850,274026,2.089626145085417,31.894033176528847,2.3633843439788302,13.088071688739197,0.6159999416113799,BHARTIARTL,13.1,14.9,1.756128978060289,2.8467331952551307,0.2947895455175786,109717,0,,0,12.17,OK,,TURNAROUND,,TURNAROUND,-8216.0,High Quality,35.01609309234959,Capital Intensive,-31.88945815867101,Mixed,5.777042723814124,0.04905767212476966,4.470066561149606,31.12292293222169,37.04453441295547,,99.47198990641132,43.230921288520655,
289,BHARTIARTL,Mar 2020,87539,50930,36610.0,42.0,-37775,13992,27690,-42846,-28.0,-30664,-55.0,-3.0,381,2728.0,74417,148228,133718,359091,229256,4282,25476,100077,359091,-35.02895852134477,41.821359622568224,-39.74852550392119,16.244181867393166,-8.53933961029377,BHARTIARTL,13.1,14.9,1.9214207012768163,-0.0832618639222412,0.2437794319545742,122752,0,,1,12.17,OK,,TURNAROUND,,TURNAROUND,-11469.0,Accrual Risk,33.81121557248769,Capital Intensive,-31.32750614586179,Mixed,5.555173531994516,0.05449168789894164,0.7194201806382807,30.178590090456233,37.04453441295547,,99.42229213401798,43.204295862020786,
290,BHARTIARTL,Mar 2021,100616,55337,45279.0,45.0,-4215,15091,29404,-3432,99.0,-12364,-26.0,0.0,382,2746.0,56207,162785,122679,344417,223480,5726,27550,87661,344417,-12.28830404707005,45.00178897988392,-20.972639221074417,20.420045278662204,-3.58983441583894,BHARTIARTL,13.1,14.9,2.7612674503417978,2.7210920416142077,0.2921342442446221,135235,0,,0,12.17,OK,,TURNAROUND,,TURNAROUND,20919.0,Accrual Risk,27.118947284726087,Capital Intensive,46.20022526999272,Reinvestor,5.654095445778957,0.06168145833252682,3.017248994987844,39.5806964781291,37.04453441295547,,99.16977790179811,43.22977956328424,
291,BHARTIARTL,Mar 2022,116547,59013,57534.0,49.0,4656,16616,33091,12483,33.0,8305,7.0,39.0,383,2795.0,63759,169678,124975,361207,244083,5955,29349,81820,361207,7.125880546045801,49.36549203325697,12.478588815097517,24.354871482271665,2.299235618357341,BHARTIARTL,13.1,14.9,2.549478618865884,3.742778045257583,0.3226598598587513,140329,0,,0,12.17,OK,,TURNAROUND,,TURNAROUND,13539.0,High Quality,35.58907565188293,Capital Intensive,23.532172280738344,Reinvestor,5.830335301833098,0.06845622424648427,4.978954750450089,37.43831210302024,37.04453441295547,,99.23345582188583,43.23906381975789,
292,BHARTIARTL,Mar 2023,139145,67871,71274.0,51.0,1019,19300,36432,16561,26.0,12287,15.0,27.0,384,2837.0,74726,226020,140974,444557,277394,49425,32954,84784,444557,8.830356822020196,51.22282511049624,15.84131609143535,23.477599206806705,2.7638750486439307,BHARTIARTL,13.1,14.9,2.914018281912768,3.745751295336788,0.3129969835139251,193066,0,,0,12.17,OK,,TURNAROUND,,TURNAROUND,26093.0,High Quality,28.19504833087786,Capital Intensive,36.60942279091955,Reinvestor,5.848052037687766,0.06694578541093213,5.151183509509764,41.082687908591595,37.04453441295547,,99.12385076211694,43.23909083825105,
293,BHARTIARTL,Mar 2024,149982,71691,78292.0,52.0,-3428,22648,39538,12679,32.0,8558,13.0,62.0,385,2877.0,79742,215592,144408,442019,303303,16904,31602,90210,442019,5.706018055499993,52.20093077836007,10.35839213740181,26.253894054880604,1.936115868322403,BHARTIARTL,13.1,14.9,2.6094723973904306,3.3055457435535147,0.3393112060793767,183990,0,,0,12.17,OK,,TURNAROUND,,TURNAROUND,27809.0,High Quality,34.063420943846594,Capital Intensive,35.51959331732489,Reinvestor,5.819164914997687,0.07172585617659218,4.8354847836168515,41.580835820202275,37.04453441295547,,99.21541767035525,43.2350906060571,
308,BHEL,Mar 2013,48903,39420,9483.0,19.0,1132,128,957,9531,30.0,6693,18.0,20.0,387,490.0,30059,2698,38572,71818,4667,2467,6,64679,71818,13.686276915526657,19.39144837740016,21.90906412648532,28.52287424429272,9.319390682001726,BHEL,3.28,1.05,0.0883171298569511,82.9296875,0.6809295719735999,2692,0,,0,3.78,OK,,TURNAROUND,,TURNAROUND,646.0,Accrual Risk,2.2759339917796453,Asset Light,6.81219023515765,Mixed,5.880020342083457,0.07563246064938267,5.641849823606427,33.69552595826705,12.781954887218044,,99.97344595039212,43.958650438457,
309,BHEL,Mar 2014,39561,34982,4579.0,12.0,1617,133,985,5078,31.0,3502,10.0,20.0,388,490.0,32681,4693,37468,75331,4729,2931,6,67665,75331,8.852152372285838,11.574530471929426,10.557414609146544,12.093281216987112,4.648816556265016,BHEL,3.28,1.05,0.1414790027433601,46.58646616541353,0.5251622837875509,4687,0,,0,3.78,OK,,TURNAROUND,,TURNAROUND,3644.0,High Quality,2.19408002831071,Asset Light,79.58069447477615,Mixed,5.820213477153131,0.04734489696499933,5.153385840294995,34.565833323656804,12.781954887218044,,99.9574619276758,43.62839262270356,
310,BHEL,Mar 2015,31323,29183,2141.0,7.0,1221,92,1082,2187,34.0,1450,4.0,20.0,389,490.0,33717,1889,34887,70983,4230,2614,6,64134,70983,4.629186220987772,6.835232895955048,4.238898471073172,5.931405141843971,2.042742628516687,BHEL,3.28,1.05,0.0552226152541877,36.54347826086956,0.4412746714001944,1883,0,,0,3.78,OK,,TURNAROUND,,TURNAROUND,1471.0,Moderate,2.0751524438910702,Asset Light,68.70621205044371,Liquidating Assets,5.786923985555223,0.0367357198781902,4.726676340115358,33.93502014654141,12.781954887218044,,99.98339637998527,43.537130067343995,
311,BHEL,Mar 2016,25505,26862,-1357.0,-5.0,1492,360,937,-1161,-39.0,-706,-2.0,-14.0,390,490.0,31825,211,33051,65577,3969,318,796,60494,65577,-2.768084689276612,-5.320525387178984,-2.1847439269689,-4.172046977802373,-1.0765969775988533,BHEL,3.28,1.05,0.0065294754757852,0.375,0.3889320950943166,-585,0,,1,3.78,OK,,TURNAROUND,,TURNAROUND,397.0,Accrual Risk,0.0901783963928641,Asset Light,-29.255711127487103,Liquidating Assets,5.7530806297791655,0.0193401553750636,3.9792193016917783,33.623242257806055,12.781954887218044,,99.99803680196607,43.2084601753828,
312,BHEL,Mar 2017,28465,27370,1095.0,4.0,753,413,850,586,22.0,455,1.0,85.0,391,490.0,31899,156,29153,61698,3601,168,757,57171,61698,1.5984542420516423,3.846829439662744,1.4047979252215257,3.364572130895683,0.7374631268436578,BHEL,3.28,1.05,0.0048164500293309,4.47457627118644,0.4613601737495543,-601,0,,0,3.78,OK,,TURNAROUND,,TURNAROUND,-5.0,High Quality,1.9848937291410504,Asset Light,-0.45662100456621,Reinvestor,5.771992352202219,0.032316288907276815,4.420436109534123,33.50654327151964,12.781954887218044,,99.9985518522486,43.24571381045196,
313,BHEL,Mar 2018,28827,27174,1653.0,6.0,679,330,787,1215,64.0,438,1.0,151.0,392,734.0,31601,110,31495,63940,3073,203,429,60235,63940,1.5194088875013008,5.734207513789156,1.3545693520952529,5.094775774387425,0.6850172036284017,BHEL,3.28,1.05,0.0034018865006958,7.066666666666666,0.450844541757898,-319,0,,0,3.78,OK,,TURNAROUND,,TURNAROUND,1950.0,High Quality,3.333680230339612,Moderate,117.96733212341198,Liquidating Assets,5.771727719869798,0.03529525775153742,4.412448973828257,34.07407192373344,12.781954887218044,,99.99897716487112,43.26926863252912,
314,BHEL,Mar 2019,30441,28409,2032.0,7.0,662,378,476,1840,46.0,1002,3.0,69.0,393,696.0,30208,2598,30987,64490,2970,235,152,61132,64490,3.291613284714693,6.675207778982293,3.2422987315557856,6.065309533759178,1.553729260350442,BHEL,3.28,1.05,0.0840667874708775,7.126984126984127,0.4720266708016746,2446,0,,0,3.78,OK,,TURNAROUND,,TURNAROUND,-1941.0,Accrual Risk,6.303997897572352,Moderate,-95.52165354330708,Other,5.7816733384206485,0.03696626904685341,4.591521319060915,32.9445302430358,12.781954887218044,,99.97472388823671,43.26981674884806,
315,BHEL,Mar 2020,21463,21596,-133.0,-1.0,590,613,503,-659,99.0,-1468,-4.0,0.0,394,696.0,27964,5080,26550,60291,2817,314,162,56998,60291,-6.839677584680613,-0.6196710618273308,-5.12212142358688,-0.3941908713692946,-2.4348576072714003,BHEL,3.28,1.05,0.1772505233775296,0.7455138662316476,0.3559901146108042,4918,0,,1,3.78,OK,,TURNAROUND,,TURNAROUND,-1015.0,High Quality,8.745282579322556,Capital Intensive,763.1578947368421,Distress Signal,5.7376048754474915,0.02584465886602365,3.5678053080468715,33.21334432587466,12.781954887218044,,99.94670661061548,43.21182710587698,
316,BHEL,Mar 2021,17309,20357,-3049.0,-18.0,393,467,473,-3596,-25.0,-2700,-8.0,0.0,395,696.0,25287,4951,25025,55960,2491,420,185,52864,55960,-15.59882142238142,-17.615113524755905,-10.391409767925182,-9.856468610590287,-4.824874910650465,BHEL,3.28,1.05,0.1905476657814725,-5.687366167023555,0.3093102215868477,4766,0,,1,3.78,OK,,TURNAROUND,,TURNAROUND,518.0,Accrual Risk,0.2426483332370443,Asset Light,-16.98917677927189,Reinvestor,5.709843305130558,0.009553032913835796,2.682737856621059,33.6583680720863,12.781954887218044,,99.94270859822979,43.15337029245288,
317,BHEL,Mar 2022,21211,20383,828.0,4.0,405,448,314,470,5.0,445,1.0,31.0,396,696.0,25810,4830,25654,56991,2398,431,205,53956,56991,2.0979680354533023,3.9036349064164817,1.678865162604693,2.642328312484044,0.7808250425505782,BHEL,3.28,1.05,0.1822228929299026,2.752232142857143,0.3721815725289958,4625,0,,0,3.78,OK,,TURNAROUND,,TURNAROUND,-458.0,High Quality,5.270850030644477,Moderate,-55.31400966183575,Reinvestor,5.7734362923294205,0.031072769486253028,4.470909467235495,33.37503918995808,12.781954887218044,,99.94521158300333,43.23006253935078,
318,BHEL,Mar 2023,23365,22321,1044.0,4.0,544,612,260,716,9.0,654,2.0,21.0,397,696.0,23682,5454,27832,57664,2476,354,235,54599,57664,2.7990584207147444,4.468221699122619,2.682746738862909,3.4995977473853577,1.1341564927857937,BHEL,3.28,1.05,0.2237263106079251,2.594771241830065,0.4051921476137625,5219,0,,0,3.78,OK,,TURNAROUND,,TURNAROUND,739.0,Accrual Risk,6.334260646265783,Moderate,70.78544061302682,Distress Signal,5.778725304269545,0.03254876853833808,4.541751126192127,33.72252348494525,12.781954887218044,,99.93273287345168,43.228631661973104,
319,BHEL,Mar 2024,23893,23182,711.0,3.0,608,828,249,243,-16.0,282,1.0,31.0,398,696.0,23742,8856,26493,59788,2574,308,256,56650,59788,1.180262001423011,2.9757669610346125,1.1539405843358703,2.1355199134979275,0.4716665551615709,BHEL,3.28,1.05,0.3623864473361158,1.5929951690821256,0.399628688031043,8600,0,,0,3.78,OK,,TURNAROUND,,TURNAROUND,-2382.0,Accrual Risk,5.570669233666764,Moderate,-335.0210970464135,Distress Signal,5.770670694844828,0.030200174843265017,4.3781798859262695,32.81650971330368,12.781954887218044,,99.89104234121541,43.219528330856306,
360,CANBK,Mar 2013,34070,26198,7217.0,655.0,2,3308,191,3771,22.0,2995,12.0,19.0,439,443.0,24733,376040,18108,419324,2883,1,127534,288907,419324,8.790724977986498,21.18285882007632,11.896250397203689,1.798781703620992,0.7142448321584265,CANBK,6.63,17.9,14.936447410231969,2.1822853688029022,0.0812498211406931,248506,1,,0,19.13,OK,,TURNAROUND,,TURNAROUND,7575.0,High Quality,1.2767830936307605,Asset Light,104.96050990716364,Reinvestor,5.827267215996804,0.029620397636305116,5.147178910904677,35.70698684378593,57.171775592828226,,95.50910263796797,43.22488332381119,
361,CANBK,Mar 2014,39570,30606,9636.0,-672.0,-2,4144,230,3242,20.0,2672,10.0,19.0,440,461.0,29715,447913,23000,501090,6661,1,135445,358982,501090,6.7525903462218855,24.351781652767247,8.854718981972429,2.0155243061438357,0.5332375421580954,CANBK,6.63,17.9,14.843352332979851,2.3248069498069497,0.0789678500868107,312468,1,,0,19.13,OK,,TURNAROUND,,TURNAROUND,13864.0,High Quality,0.960323477381855,Asset Light,143.87712743877128,Reinvestor,5.811242720327322,0.02999357304982839,4.941235652337057,37.53265829840105,57.171775592828226,,95.5370932588544,43.2261784447254,
362,CANBK,Mar 2015,43813,34133,10302.0,-621.0,-1,4733,429,3683,22.0,2931,11.0,17.0,441,475.0,32017,499488,26578,558558,6969,1,152122,399466,558558,6.689795266245178,23.513569032022456,9.020682014034223,1.9365389676303624,0.52474407313117,CANBK,6.63,17.9,15.37264557429521,2.1764208747094864,0.0784394816652881,347366,1,,0,19.13,OK,,TURNAROUND,,TURNAROUND,5240.0,High Quality,2.5198000593431176,Asset Light,50.863909920403806,Reinvestor,5.812117106787791,0.02985758046683385,4.934890525184579,35.02914571697303,57.171775592828226,,95.3779522291383,43.2248300320297,
363,CANBK,Mar 2016,44039,34263,17785.0,-8008.0,-18,5266,172,-2914,-13.0,-2535,-9.0,0.0,442,543.0,31867,506712,24603,563725,7206,0,152470,404049,563725,-5.756261495492632,40.38465905220373,-7.821659981487196,3.2988822567062743,-0.4496873475542152,CANBK,6.63,17.9,15.634433816723234,3.3739080896315987,0.0781214244534125,354242,1,,0,19.13,OK,,TURNAROUND,,TURNAROUND,8903.0,Accrual Risk,1.0059265650900338,Asset Light,50.05903851560304,Reinvestor,5.723382190219238,0.03220318771867989,3.6772790573834313,36.0924999129112,57.171775592828226,,95.29924113438858,43.23571182779437,
364,CANBK,Mar 2017,41457,31540,15691.0,-5775.0,-14,7852,331,1746,29.0,1411,5.0,4.0,443,597.0,34088,534858,26615,596159,7185,0,162073,426901,596159,3.403526545577345,37.84885544057698,4.06804093988756,2.755015863595901,0.2366818248151919,CANBK,6.63,17.9,15.420441112873,1.9965613856342328,0.0695401730075365,372785,1,,0,19.13,OK,,TURNAROUND,,TURNAROUND,2099.0,High Quality,1.1481776298333213,Asset Light,13.377095150086037,Mixed,5.786023812124539,0.031266788673047004,4.60282959146833,34.11732602561572,57.171775592828226,,95.36358168624945,43.22319561439079,
365,CANBK,Mar 2018,41345,29113,25582.0,-13350.0,-32,7398,456,-6408,-36.0,-3873,-11.0,0.0,444,733.0,36164,563756,30781,631435,8335,0,157444,465657,631435,-9.36751723303906,61.874470915467406,-10.496788356776973,4.259031420803692,-0.6133647960597687,CANBK,6.63,17.9,15.279182589370407,3.4536361178696944,0.0654778401577359,406312,1,,0,19.13,OK,,TURNAROUND,,TURNAROUND,-11607.0,High Quality,1.1778933365582296,Asset Light,-45.37174575873661,Growth Funded by Debt,5.709288111542139,0.0338563193927739,3.3123798193642924,30.138529244417605,57.171775592828226,,95.40605346773395,43.236436331663135,
366,CANBK,Mar 2019,47951,32339,27202.0,-11590.0,-24,9907,429,-2111,-99.0,696,2.0,0.0,445,753.0,36936,640166,33928,711783,8433,0,168678,534672,711783,1.4514817209234423,56.72874392609122,1.8466926689484997,4.012952622611031,0.0977826107114106,CANBK,6.63,17.9,16.98548648146674,2.7433128091248613,0.0673674420434317,471488,1,,0,19.13,OK,,TURNAROUND,,TURNAROUND,17492.0,High Quality,1.5536693708160414,Asset Light,64.30409528711124,Reinvestor,5.774320501887526,0.03343263454168341,4.405585275124408,38.58585213483668,57.171775592828226,,94.89302413502992,43.22998148765619,
367,CANBK,Mar 2020,49759,35817,26809.0,-12867.0,-26,11799,446,-1514,34.0,-1921,-4.0,0.0,446,1030.0,40176,668170,32064,741440,8323,0,192645,540472,741440,-3.8606081311923472,53.87769046805603,-4.661942435567636,3.779236963190184,-0.2590904186447993,CANBK,6.63,17.9,16.215356986846576,2.2699381303500297,0.0671112969356927,475525,1,,0,19.13,OK,,TURNAROUND,,TURNAROUND,-5734.0,High Quality,0.8943105769810487,Asset Light,-21.388339736655603,Growth Funded by Debt,5.740029356800461,0.03303023585847092,3.8688253001459447,31.843437568945298,57.171775592828226,,95.12457668704062,43.22567984124994,
368,CANBK,Mar 2021,70253,45182,43437.0,-18367.0,-26,23086,838,3882,30.0,2957,4.0,0.0,447,1647.0,60763,1060998,56132,1179540,11269,2,286191,882077,1179540,4.209072922152791,61.82938806883692,4.73802275276398,3.86653824790281,0.2506909473184461,CANBK,6.63,17.9,17.000448646050312,1.8804037078749023,0.0595596588500601,774807,1,,0,19.13,OK,,TURNAROUND,,TURNAROUND,58002.0,High Quality,1.5885442614550267,Asset Light,133.53132122384142,Mixed,5.789553652587573,0.03318054637723621,4.684226003233167,50.345742519072445,57.171775592828226,,94.88852550536161,43.222140067316786,
369,CANBK,Mar 2022,70614,43035,41235.0,-13657.0,-19,23643,841,9145,37.0,6158,7.0,19.0,448,1814.0,68147,1132626,56202,1258789,11447,2,311347,935992,1258789,8.720650295975302,58.39493584841533,8.802046854676176,3.428857953728088,0.4892003346073091,CANBK,6.63,17.9,16.18939123225797,1.7432643911517152,0.0560967723740833,821279,1,,0,19.13,OK,,TURNAROUND,,TURNAROUND,-510.0,Accrual Risk,2.0236780241878383,Asset Light,-1.2368133866860678,Mixed,5.810965213979192,0.032426972677979615,5.1400982165621345,33.35994379869715,57.171775592828226,,95.13238373349432,43.220893856069345,
370,CANBK,Mar 2023,85885,52990,42772.0,-9877.0,-12,25325,1021,14427,25.0,11345,12.0,19.0,449,1814.0,76240,1237160,65816,1381030,10334,0,352893,1017803,1381030,13.209524363975085,49.80147872154625,14.534809234632434,3.2520943359787835,0.821488309450193,CANBK,6.63,17.9,15.850052527737208,1.6884501480750247,0.062189090751106,884267,1,,0,19.13,OK,,TURNAROUND,,TURNAROUND,-41134.0,Accrual Risk,1.3459859113931418,Asset Light,-96.17039184513231,Growth Funded by Debt,5.841168625810399,0.032122630867086596,5.593676374970235,21.566959672081655,57.171775592828226,,95.23441169577428,43.22039574853992,
371,CANBK,Mar 2024,110519,72118,46146.0,-7745.0,-7,28646,902,20000,26.0,15401,17.0,19.0,450,1814.0,90319,1369780,73104,1535018,12331,0,399207,1123480,1535018,13.935160470145403,41.75390656810141,16.716051794688113,3.15654898752525,1.0033107103630057,CANBK,6.63,17.9,14.867419925542425,1.6106611743349857,0.0719985042520674,970573,1,,0,19.13,OK,,TURNAROUND,,TURNAROUND,13296.0,Moderate,1.583438141857961,Asset Light,28.81289819269276,Reinvestor,5.852660636638453,0.03195812617578755,5.6669982556301255,37.367770178473975,57.171775592828226,,95.52985692714972,43.21968886523091,
438,DLF,Mar 2013,7773,5140,2633.0,34.0,1279,2314,796,802,17.0,667,4.0,48.0,516,340.0,25389,26600,12318,64647,19849,7834,1334,35630,64647,8.580985462498392,33.87366525151164,2.592405456877453,5.031626822603146,1.031757080761675,DLF,5.74,6.95,1.0338528508686695,1.6905790838375108,0.1202375980323913,25266,0,,0,2.85,OK,,TURNAROUND,,TURNAROUND,4004.0,High Quality,25.6657661134697,Capital Intensive,152.06988226357768,Liquidating Assets,5.778249335658896,0.0351865313824648,5.125985787252872,34.670339878540155,10.092539039907463,,99.68915452830404,43.2204150945871,
439,DLF,Mar 2014,8298,5805,2493.0,30.0,1133,2463,663,500,-16.0,590,4.0,55.0,517,356.0,27039,24133,12997,64525,18835,5979,891,38820,64525,7.110147023379128,30.04338394793926,2.153677678408469,4.838146250582208,0.9143742735373886,DLF,5.74,6.95,0.8809271764920606,1.4721883881445392,0.1286013173188686,23242,0,,1,2.85,OK,,TURNAROUND,,TURNAROUND,5392.0,High Quality,47.288503253796094,Capital Intensive,216.2855996791015,Liquidating Assets,5.775937871325189,0.03485340724520607,4.977364957079119,35.073270706812664,10.092539039907463,,99.73513423745325,43.218430536490935,
440,DLF,Mar 2015,7649,4635,3014.0,39.0,503,2304,545,668,24.0,507,3.0,66.0,518,356.0,27013,24495,14398,66262,19619,5901,623,40119,66262,6.628317427114655,39.40384363969146,1.8524608133289489,5.811352768779885,0.7651444266698862,DLF,5.74,6.95,0.8949906828894004,1.5264756944444444,0.1154356946666264,23872,0,,0,2.85,OK,,TURNAROUND,,TURNAROUND,2135.0,High Quality,1.2812132304876451,Asset Light,70.836098208361,Liquidating Assets,5.774350891711606,0.03652902034869683,4.928678498597662,34.12777668110405,10.092539039907463,,99.73090580467763,43.21892385564492,
441,DLF,Mar 2016,9926,5960,3966.0,40.0,506,2680,766,1026,55.0,305,2.0,117.0,519,357.0,23712,25264,12396,61729,3943,1779,21310,34697,61729,3.07273826314729,39.955671972597216,1.2671901616186798,8.039243508402084,0.4940951578674529,DLF,5.74,6.95,1.049648926004404,1.6686567164179105,0.1607996241636832,3954,0,,0,2.85,OK,,TURNAROUND,,TURNAROUND,2139.0,High Quality,8.240983276244208,Capital Intensive,53.93343419062028,Reinvestor,5.771267357220776,0.04036487928167042,4.569405098445193,34.128937865047206,10.092539039907463,,99.68440516922225,43.22021588183396,
442,DLF,Mar 2017,8221,4775,3446.0,42.0,1135,2980,572,1030,22.0,708,4.0,50.0,520,357.0,24216,29202,10179,63954,24640,153,1209,37952,63954,8.612090986497993,41.9170417224182,2.881211085337566,6.408182240818223,1.1070456890890328,DLF,5.74,6.95,1.1883774874862654,1.537248322147651,0.1285455170904087,27993,0,,0,2.85,OK,,TURNAROUND,,TURNAROUND,-26.0,Accrual Risk,10.60698211896363,Capital Intensive,-0.7544979686593152,Distress Signal,5.779770925907613,0.037556608291437865,5.129128844081451,33.500447055818114,10.092539039907463,,99.64269406391814,43.21902174857692,
443,DLF,Mar 2018,6707,4329,2378.0,35.0,9722,2951,534,8615,50.0,4477,25.0,8.0,521,357.0,34954,17491,7783,60585,8082,137,20832,31533,60585,66.75115550916952,35.455494259728646,12.678768655659708,4.503617287223969,7.3896178922175455,DLF,5.74,6.95,0.4953413950327093,4.1003049813622505,0.1107039696294462,-3341,0,,0,2.85,OK,,TURNAROUND,,TURNAROUND,-1832.0,Accrual Risk,31.34039063664828,Capital Intensive,-77.03952901597981,Reinvestor,5.831389961657469,0.034277433796591754,11.003789041335244,32.976172505486595,10.092539039907463,,99.8510671712516,43.24231273552967,
444,DLF,Mar 2019,8366,6218,2148.0,26.0,784,2062,225,646,43.0,1314,6.0,33.0,522,441.0,33135,17222,15684,66483,6322,103,21005,39053,66483,15.706430791298112,25.67535261773847,3.913509649749821,4.228512933580062,1.976445106267768,DLF,5.74,6.95,0.5129258994519895,1.4219204655674105,0.1258366800535475,-3783,0,,1,2.85,OK,,TURNAROUND,,TURNAROUND,2046.0,High Quality,0.0358594310303609,Asset Light,95.25139664804468,Cash Accumulator,5.785209654500781,0.03380377435106443,5.845976217172575,34.101940338369005,10.092539039907463,,99.84578009043912,43.21797374224697,
445,DLF,Mar 2020,6083,4937,1146.0,19.0,1135,1427,200,653,99.0,-590,-2.0,-85.0,523,495.0,33952,8103,13341,55890,5187,89,18566,32049,55890,-9.699161597895776,18.839388459641626,-1.7127761488663744,2.693301997649824,-1.055645016997674,DLF,5.74,6.95,0.2352309344790547,1.598458304134548,0.1088387904813025,-10463,0,,0,2.85,OK,,TURNAROUND,,TURNAROUND,6864.0,Accrual Risk,106.98668420187408,Capital Intensive,598.9528795811518,Liquidating Assets,5.7555672210990725,0.031160533155320077,3.2788688235155803,35.50058639789129,10.092539039907463,,99.92927381229913,43.21957797541128,
446,DLF,Mar 2021,5414,3945,1469.0,27.0,383,853,159,840,43.0,1083,4.0,45.0,524,495.0,34849,6886,11258,53488,4856,95,19746,28791,53488,20.003694126339123,27.133357960842257,3.0641693073789047,3.478569737153682,2.024753215674544,DLF,5.74,6.95,0.1948279764599366,2.17116060961313,0.1012189650014956,-12860,0,,0,2.85,OK,,TURNAROUND,,TURNAROUND,1610.0,High Quality,2.7705947543405984,Asset Light,109.5983662355344,Liquidating Assets,5.780734852573673,0.03251256367449295,6.2801930742676735,33.97537128856582,10.092539039907463,,99.94142164990755,43.2247822309929,
447,DLF,Mar 2022,5717,3974,1743.0,30.0,195,625,149,1165,28.0,1500,6.0,49.0,525,495.0,35867,4182,10623,51167,4862,81,19779,26444,51167,26.237537169844323,30.488018191359107,4.125185633353501,4.299033149171271,2.931576992983759,DLF,5.74,6.95,0.1150101754578956,3.1008,0.111732171125921,-15597,0,,0,2.85,OK,,TURNAROUND,,TURNAROUND,3099.0,High Quality,4.67028161623229,Moderate,177.79690189328744,Liquidating Assets,5.786324882463117,0.03392519215406523,6.910091575460907,34.40762201140283,10.092539039907463,,99.96542023150586,43.23323004225544,
448,DLF,Mar 2023,5695,3969,1726.0,30.0,317,392,149,1502,27.0,2034,8.0,49.0,526,495.0,37192,3334,11551,52572,4785,61,19481,28245,52572,35.71553994732221,30.30728709394205,5.397086528511158,4.207600984861413,3.868979685003424,DLF,5.74,6.95,0.0884655186138456,5.211734693877551,0.1083276268736209,-16147,0,,0,2.85,OK,,TURNAROUND,,TURNAROUND,1914.0,High Quality,8.094820017559263,Capital Intensive,110.89223638470452,Reinvestor,5.79302597069926,0.03376776931550693,7.867796108952284,34.0636212682451,10.092539039907463,,99.9734013347845,43.25241251028105,
449,DLF,Mar 2024,6427,4303,2124.0,33.0,531,356,148,2151,24.0,2724,11.0,45.0,527,495.0,38936,4834,14804,59069,3880,71,20138,34981,59069,42.38369379181578,33.04807841916913,6.908270142781061,4.7983734327346665,4.611555976908361,DLF,5.74,6.95,0.1225938982019223,7.457865168539326,0.1088049569147945,-15304,0,,0,2.85,OK,,TURNAROUND,,TURNAROUND,1010.0,Moderate,23.79025984129454,Capital Intensive,47.55178907721281,Mixed,5.800987734684795,0.03478492860937499,8.541579533247587,33.80119369709356,10.092539039907463,,99.96314005607123,43.272823528270614,
503,GODREJCP,Mar 2013,6412,5417,995.0,16.0,194,87,77,1025,17.0,845,8.0,22.0,581,34.0,3279,2456,1926,7695,4496,141,121,2937,7695,13.178415470991892,15.517779164067374,25.505584062782976,17.247356560929102,10.981156595191685,GODREJCP,26.49,6.77,0.7413220645940235,13.666666666666666,0.8332683560753736,2335,0,,0,7.38,OK,,DECLINE_TO_LOSS,,DECLINE_TO_LOSS,-45.0,Moderate,13.490330630068623,Capital Intensive,-4.522613065326634,Mixed,5.898968828972594,0.05621889854760451,5.5905329777228,33.49493143208816,23.192596876807404,,99.77710889257236,43.32924409711179,
504,GODREJCP,Mar 2014,7599,6430,1169.0,15.0,62,120,82,1030,20.0,819,7.0,24.0,582,34.0,3741,2373,2171,8320,5121,167,136,2895,8320,10.777733912356888,15.383603105671796,21.6953642384106,19.014313597918022,9.84375,GODREJCP,26.49,6.77,0.6286092715231788,10.258333333333333,0.913341346153846,2237,0,,0,7.38,OK,,DECLINE_TO_LOSS,,DECLINE_TO_LOSS,622.0,High Quality,6.500855375707331,Moderate,53.20786997433704,Reinvestor,5.878894451055708,0.05926114735001386,5.347956174766249,33.68855885460816,23.192596876807404,,99.81099791391503,43.29827191906341,
505,GODREJCP,Mar 2015,8273,6894,1379.0,17.0,73,112,91,1249,22.0,976,9.0,21.0,583,34.0,4277,2717,2097,9125,5551,225,186,3164,9125,11.797413272089932,16.66868125226641,22.639758756668986,19.621513944223107,10.695890410958905,GODREJCP,26.49,6.77,0.6302482022732545,12.964285714285714,0.9066301369863012,2531,0,,0,7.38,OK,,DECLINE_TO_LOSS,,DECLINE_TO_LOSS,-209.0,High Quality,14.940166807687657,Capital Intensive,-15.155910079767947,Reinvestor,5.88387005176538,0.06030659128990562,5.450989648004351,33.44732289041907,23.192596876807404,,99.8105051414652,43.32286142681889,
506,GODREJCP,Mar 2016,8424,6766,1657.0,20.0,-262,128,101,1167,29.0,831,8.0,24.0,584,34.0,4233,2891,2521,9679,5931,44,190,3514,9679,9.864672364672366,19.66999050332384,19.475041012420903,23.14892428052529,8.585597685711335,GODREJCP,26.49,6.77,0.67752519334427,10.8984375,0.8703378448186796,2701,0,,0,7.38,OK,,DECLINE_TO_LOSS,,DECLINE_TO_LOSS,225.0,High Quality,7.383665716999051,Moderate,13.578756789378394,Reinvestor,5.86719654133117,0.06637989111926018,5.255695895453817,33.57331134825068,23.192596876807404,,99.79629050871792,43.30408866827207,
507,GODREJCP,Mar 2017,9268,7361,1907.0,21.0,76,154,142,1687,22.0,1308,13.0,39.0,585,34.0,5268,4001,3637,12940,8083,97,934,3826,12940,14.113077255071213,20.576176089771256,24.669935873255376,20.498763839621628,10.108191653786708,GODREJCP,26.49,6.77,0.7546208977744248,12.876623376623376,0.7162287480680062,3067,0,,0,7.38,OK,,DECLINE_TO_LOSS,,DECLINE_TO_LOSS,-383.0,High Quality,24.201553733275787,Capital Intensive,-20.08390141583639,Mixed,5.894566164996402,0.06181699159269839,5.684975852335683,33.39681138889212,23.192596876807404,,99.77311037182591,43.322064822360154,
508,GODREJCP,Mar 2018,9847,7763,2084.0,21.0,283,173,156,2039,20.0,1634,16.0,42.0,586,68.0,6190,3508,4098,13864,8315,84,997,4468,13864,16.593886462882097,21.163806235401644,26.110578459571748,21.339340569322136,11.785920369301788,GODREJCP,26.49,6.77,0.5605624800255673,13.68208092485549,0.7102567801500288,2511,0,,0,7.38,OK,,DECLINE_TO_LOSS,,DECLINE_TO_LOSS,1387.0,High Quality,3.4122067634812634,Moderate,66.55470249520154,Reinvestor,5.9021562792296764,0.06326425006912538,5.935649151429172,33.910635283735296,23.192596876807404,,99.83145734098214,43.329384169429375,
509,GODREJCP,Mar 2019,10314,8183,2132.0,21.0,362,238,170,2085,-12.0,2342,23.0,44.0,587,102.0,7165,3382,3445,14094,8670,52,516,4855,14094,22.70700019391119,20.67093271281753,32.22787945507087,20.02065921682787,16.617000141904356,GODREJCP,26.49,6.77,0.4653914958029448,10.478991596638656,0.7318007662835249,2866,0,,0,7.38,OK,,DECLINE_TO_LOSS,,DECLINE_TO_LOSS,2003.0,Moderate,2.6565832848555364,Asset Light,93.94934333958724,Liquidating Assets,5.934385656450771,0.06099381752243388,6.553348562518906,34.089457610980155,23.192596876807404,,99.86007211866311,43.30027708298095,
510,GODREJCP,Mar 2020,9911,7757,2154.0,22.0,32,228,197,1760,15.0,1497,15.0,55.0,588,102.0,7796,3575,3407,14880,9231,57,672,4920,14880,15.104429421854505,21.73342750479265,18.95416561154723,18.7745140765275,10.060483870967742,GODREJCP,26.49,6.77,0.4526462395543175,9.587719298245617,0.6660618279569892,2903,0,,0,7.38,OK,,DECLINE_TO_LOSS,,DECLINE_TO_LOSS,1036.0,High Quality,5.569569165573605,Moderate,48.09656453110492,Reinvestor,5.86445227718718,0.058848273810082265,5.785147005130756,33.80874139272402,23.192596876807404,,99.86390419707462,43.29217792083462,
511,GODREJCP,Mar 2021,11029,8629,2399.0,22.0,23,138,204,2080,17.0,1721,17.0,0.0,589,102.0,9337,1864,2941,14244,8905,57,679,4602,14244,15.60431589446006,21.75174539849488,18.23286365081047,21.224453684862425,12.082280258354396,GODREJCP,26.49,6.77,0.1974785464561924,17.55072463768116,0.7742909295141814,1185,0,,0,7.38,OK,,DECLINE_TO_LOSS,,DECLINE_TO_LOSS,1738.0,High Quality,2.64756550911234,Asset Light,72.4468528553564,Reinvestor,5.86065205336298,0.06306644419193454,5.835658020192174,34.01252917474657,23.192596876807404,,99.94062471088469,43.36453927609325,
512,GODREJCP,Mar 2022,12276,9867,2409.0,20.0,78,122,210,2155,17.0,1783,17.0,0.0,590,102.0,11454,1704,2822,16082,9219,116,1015,5731,16082,14.524275008145976,19.62365591397849,15.429214260989962,18.16742081447964,11.08692948638229,GODREJCP,26.49,6.77,0.1474558670820353,20.385245901639344,0.7633378932968536,689,0,,0,7.38,OK,,DECLINE_TO_LOSS,,DECLINE_TO_LOSS,607.0,Moderate,6.875203649397197,Moderate,25.197177251971777,Reinvestor,5.845880853801817,0.05780301424193608,5.726525318138432,33.68420441482135,23.192596876807404,,99.95566488159419,43.39029711392285,
513,GODREJCP,Mar 2023,13316,10873,2443.0,18.0,114,188,236,2133,20.0,1702,17.0,0.0,591,102.0,13692,1130,2513,17437,9934,45,3029,4429,17437,12.781616100931211,18.34635025533193,12.338697984631,16.369606003752345,9.760853357802374,GODREJCP,26.49,6.77,0.0819196752211106,13.601063829787234,0.7636634742214831,-1899,0,,0,7.38,OK,,DECLINE_TO_LOSS,,DECLINE_TO_LOSS,397.0,High Quality,13.172123760889155,Capital Intensive,16.250511665984448,Reinvestor,5.82959827837321,0.05470763623308007,5.55043839614105,33.623242257806055,23.192596876807404,,99.97536945411149,43.32864795156334,
514,GODREJCP,Mar 2024,14096,11139,2957.0,21.0,-2209,310,241,198,99.0,-561,-5.0,,592,102.0,12496,3222,2571,18392,10440,83,3504,4365,18392,-3.979852440408626,20.97758229284904,-4.45308779171297,18.691529709228824,-3.050239234449761,GODREJCP,26.49,6.77,0.2557548817272583,2.412903225806452,0.7664201826881253,-282,0,,0,7.38,OK,,DECLINE_TO_LOSS,,DECLINE_TO_LOSS,-1365.0,Accrual Risk,24.36861520998865,Capital Intensive,-46.16165032127156,Mixed,5.741129720360489,0.05870539592072322,3.8567762621565445,33.11174073084918,23.192596876807404,,99.92310293792559,43.22697899246496,
532,HAL,Mar 2016,16758,14281,2478.0,15.0,1598,6,863,3207,38.0,1998,28.0,31.0,607,5.0,115,18,38,176,84,21,0,71,176,11.92266380236305,14.786967418546364,1664.9999999999998,1795.6521739130433,1135.2272727272727,HAL,38.9,28.9,0.15,679.3333333333334,95.2159090909091,18,0,,0,7.76,OK,24.41,OK,24.77,OK,,,,,,,14.536746179146382,3.118177855403894,5.4636455844374785,,24.291497975708502,27.706785537394747,99.95489994469212,49.37828464113166,
581,HDFCLIFE,Mar 2013,14060,15,13535.0,525.0,4,28,35,502,11.0,447,2.0,0.0,668,1995.0,-658,0,40581,41918,252,29,40404,1232,41918,3.1792318634423897,96.26600284495022,33.43305908750935,1012.341062079282,1.0663676702132736,HDFCLIFE,6.61,11.4,0.0,483.5357142857143,0.3354167660670833,-40404,0,,0,27.96,OK,6.14,OK,5.92,OK,,Accrual Risk,,Capital Intensive,,Pre-Revenue,5.94073521960315,1.769516149428791,4.580165741397608,,82.70676691729324,9.608717186726102,100.0,47.59903416134958,
582,HDFCLIFE,Mar 2014,17166,11,16561.0,605.0,4,241,41,794,9.0,725,4.0,14.0,669,1995.0,-67,0,50347,52275,279,10,50527,1458,52275,4.223464988931609,96.47559128509845,37.60373443983403,858.9730290456432,1.3868962219033951,HDFCLIFE,6.61,11.4,0.0,68.7344398340249,0.3283787661406026,-50527,0,,0,27.96,OK,6.14,OK,5.92,OK,,Accrual Risk,,Capital Intensive,,Pre-Revenue,5.962708679679038,1.5054555610516271,4.685680249230345,,82.70676691729324,9.608717186726102,100.0,43.82965550305806,
723,IOC,Mar 2013,461780,447919,13861.0,3.0,3499,7164,5692,4504,19.0,3627,3.0,36.0,795,2428.0,60609,89671,89170,241878,66774,27240,17351,130514,241878,0.7854389536142752,3.0016458053618607,5.753763662610847,9.076800167640204,1.4995162850693324,IOC,21.31,25.44,1.422513761758967,2.4232272473478504,1.90914427934744,72320,0,,0,9.5,OK,,TURNAROUND,,TURNAROUND,46.0,High Quality,2.0126467148858764,Asset Light,0.3318663877065147,Mixed,5.79490514615744,0.04215128689539374,4.338285001772846,33.52134836679478,29.323308270676694,,99.57229700445627,43.227072808826826,
724,IOC,Mar 2014,488345,471123,17222.0,4.0,5064,5948,6360,9978,30.0,6967,5.0,30.0,796,2428.0,65485,94916,103124,265953,72554,38061,15895,139443,265953,1.4266553358793477,3.526605166429471,10.258713353849778,10.576740015599189,2.619635800310581,IOC,21.31,25.44,1.39761165019952,3.7468056489576327,1.8362079013961117,79021,0,,0,9.5,OK,,TURNAROUND,,TURNAROUND,5601.0,High Quality,3.807554085738566,Moderate,32.52235512716293,Reinvestor,5.818639751184692,0.044733800284579156,4.403076693721221,35.133942567842176,29.323308270676694,,99.5797842485137,43.239100419364426,
725,IOC,Mar 2015,449507,438932,10575.0,2.0,5860,4201,5219,7014,31.0,4872,3.0,33.0,797,2428.0,66404,64893,100158,233883,76781,40378,16069,100655,233883,1.0838540890353208,2.352577379217676,7.078103207810321,7.908020190689849,2.083092828465515,IOC,21.31,25.44,0.942773709902371,3.912163770530826,1.9219310509955836,48824,0,,0,9.5,OK,,TURNAROUND,,TURNAROUND,35877.0,High Quality,2.272489638648564,Asset Light,339.26241134751774,Reinvestor,5.80188251065241,0.04013894623813784,4.368438351034812,43.92294383353267,29.323308270676694,,99.71653902360387,43.24060306029834,
726,IOC,Mar 2016,346045,324007,22038.0,6.0,5219,3487,5698,18072,31.0,12413,8.0,28.0,798,2370.0,87610,58552,83184,231715,100033,26219,31185,74278,231715,3.587105723244087,6.3685358840613215,13.79528784174261,14.837206797188484,5.357011846449302,IOC,21.31,25.44,0.6507223827517226,7.816747920848867,1.4934078501607575,27367,0,,0,9.5,OK,,TURNAROUND,,TURNAROUND,12014.0,High Quality,3.933014492334812,Moderate,54.51492875941556,Reinvestor,5.837272411785284,0.05206923611729323,4.6213793444947635,36.9956107246949,29.323308270676694,,99.80434923031878,43.276084764604015,
727,IOC,Mar 2017,355379,321230,34149.0,10.0,4356,3743,6806,27956,27.0,20385,14.0,45.0,799,4739.0,97357,63271,108352,273719,115958,16778,43687,97295,273719,5.736129596852938,9.609177807354964,19.966502115655853,20.650432069276217,7.447418703122545,IOC,21.31,25.44,0.6197206550697383,10.287202778519903,1.29833515393524,19584,0,,0,9.5,OK,,TURNAROUND,,TURNAROUND,10532.0,High Quality,4.976095942641519,Moderate,30.84131306919676,Reinvestor,5.869785834435647,0.062078125553723565,4.838527403495868,36.5653920737584,29.323308270676694,,99.81367042787276,43.298534261243304,
728,IOC,Mar 2018,421492,379834,41658.0,10.0,4331,3875,7664,34450,34.0,22626,15.0,90.0,800,9479.0,104395,65650,116336,295860,124053,19130,44806,107871,295860,5.36807341539104,9.883461607812247,19.869329258654304,23.204696865043115,7.647535996755223,IOC,21.31,25.44,0.5765143931011468,11.868129032258064,1.424633272493747,20844,0,,0,9.5,OK,,TURNAROUND,,TURNAROUND,11996.0,High Quality,4.061524299393582,Moderate,28.796389649047,Reinvestor,5.869273873251089,0.06647591726755056,4.801337176626216,36.99038539695073,29.323308270676694,,99.82666112656896,43.31290044102193,
729,IOC,Mar 2019,528158,492896,35262.0,7.0,4097,4925,8506,25927,33.0,17274,12.0,49.0,801,9181.0,103288,96765,126128,335363,132494,28281,44112,130476,335363,3.2706122031664764,6.676411225428754,15.358898896584837,16.852901536079223,5.150836556209242,IOC,21.31,25.44,0.8603704131805209,7.991675126903553,1.5748845281083483,52653,0,,0,9.5,OK,,TURNAROUND,,TURNAROUND,-9822.0,Moderate,4.273153109486176,Moderate,-27.85434745618513,Mixed,5.845510392971866,0.055539747723994864,4.589399265345681,30.6567075790476,29.323308270676694,,99.74131497853526,43.277674361642084,
730,IOC,Mar 2020,483763,467710,16053.0,3.0,-7165,5792,10273,-7177,-74.0,-1876,-1.0,-437.0,802,9181.0,86217,129790,104773,329962,147022,32845,35571,114524,329962,-0.3877931962551911,3.31836043682547,-1.966498249439192,7.128710233227348,-0.5685503179153963,IOC,21.31,25.44,1.3605107025304517,1.5345303867403317,1.4661173104781762,94219,0,,0,9.5,OK,,TURNAROUND,,TURNAROUND,-21955.0,Accrual Risk,6.01554893615262,Moderate,-136.76571357378683,Mixed,5.754230470578753,0.03879717349824363,4.219735791021631,27.13454638349261,29.323308270676694,,99.59093928045937,43.218997050177116,
731,IOC,Mar 2021,363950,324021,39929.0,11.0,4696,2933,10941,30751,29.0,21762,15.0,51.0,803,9181.0,102657,116649,126658,355145,157085,36291,44717,117053,355145,5.979392773732656,10.971012501717269,19.458502476796795,17.47539247309475,6.12763800701122,IOC,21.31,25.44,1.043017578998194,15.214797136038186,1.024792690309592,71932,0,,0,9.5,OK,,TURNAROUND,,TURNAROUND,26715.0,High Quality,6.301689792553922,Moderate,66.90625860903103,Reinvestor,5.867109407037189,0.056611518156440326,4.863107924603419,41.263252011751185,29.323308270676694,,99.68639899666722,43.34331225531408,
732,IOC,Mar 2022,589321,541563,47758.0,8.0,4332,5454,12348,34289,25.0,25727,18.0,46.0,804,9181.0,124354,132020,145327,410882,160514,47469,52352,150546,410882,4.365532536597202,8.103902626921492,19.26611000861197,17.984221724313233,6.261408384889092,IOC,21.31,25.44,0.9886546598270116,9.550788412174551,1.434282835461276,79668,0,,0,9.5,OK,,TURNAROUND,,TURNAROUND,4453.0,High Quality,3.61331091204963,Moderate,9.324092298672474,Reinvestor,5.866095775464018,0.05748759219092177,4.700035460729612,34.80068277615857,29.323308270676694,,99.70274413440934,43.2918423227968,
733,IOC,Mar 2023,841756,811073,30683.0,4.0,5124,7588,13181,15038,22.0,11704,7.0,42.0,805,13772.0,125949,148977,153298,441995,180048,51133,52190,158624,441995,1.3904266794653084,3.645118062716512,8.37669355358178,10.628061157333962,2.6479937555854702,IOC,21.31,25.44,1.0662463051366653,4.718898260411176,1.9044468828832903,96787,0,,0,9.5,OK,,TURNAROUND,,TURNAROUND,1614.0,High Quality,3.3299435941056554,Moderate,5.260241827722192,Reinvestor,5.808724213903621,0.04482216218513049,4.399415970116827,33.97653247250897,29.323308270676694,,99.67941488444337,43.24793401118098,
734,IOC,Mar 2024,776352,700706,75646.0,10.0,5389,7881,15866,57288,25.0,43161,30.0,40.0,806,13772.0,169645,132628,166639,482683,195998,61032,65542,160111,482683,5.559462717942377,9.743776019125344,23.53162465856491,23.93519910139379,8.941893540895371,IOC,21.31,25.44,0.7230954600718581,10.282324578099226,1.6084096601703397,67086,0,,0,9.5,OK,,TURNAROUND,,TURNAROUND,39635.0,High Quality,4.052800791393595,Moderate,52.39536789783994,Reinvestor,5.8885689022231205,0.06773365557537175,4.820676103509707,45.01387614812062,29.323308270676694,,99.78258903171918,43.29848993210141,
747,IRFC,Mar 2013,5550,22,5528.0,100.0,2,4075,0,1454,64.0,522,222.0,21.0,819,2352.0,4042,58753,5608,70755,13,0,13,70729,70755,9.405405405405403,99.6036036036036,8.163903659680951,8.485425269007015,0.7377570489718042,IRFC,5.73,13.7,9.188770722552391,1.3570552147239263,0.078439686241255,58740,1,,1,14.92,OK,15.42,OK,10.76,OK,,,,,,,5.807603117236249,0.04113309033516065,5.209289278015601,,44.9971081550029,18.80138682516097,97.23723954800931,43.21738429928415,
748,IRFC,Mar 2014,6197,19,6178.0,100.0,1,4607,0,1572,55.0,701,209.0,6.0,820,3352.0,4210,69917,6451,83930,13,0,11,83906,83930,11.311925125060514,99.69340003227369,9.270034382438508,7.973773538636275,0.8352198260455141,IRFC,5.73,13.7,9.245834435334569,1.3412198827870632,0.0738353389729536,69906,1,,1,14.92,OK,15.42,OK,10.76,OK,,,,,,,5.813430835104934,0.0402521567123355,5.401933511360115,,44.9971081550029,18.80138682516097,97.22008237065899,43.217240400588736,
749,IRFC,Mar 2015,6939,34,6905.0,100.0,1,4992,0,1914,60.0,758,212.0,20.0,821,3584.0,5098,71270,7696,87647,12,0,9,87626,87647,10.923764231157229,99.5100158524283,8.730707210320203,8.636431859115469,0.8648327951897954,IRFC,5.73,13.7,8.208938032711357,1.3834134615384617,0.0791698517918468,71261,1,,1,14.92,OK,15.42,OK,10.76,OK,,,,,,,5.810589356667208,0.041393085121845585,5.36271180436731,,44.9971081550029,18.80138682516097,97.53184293803801,43.21762382172328,
773,JINDALSTEL,Mar 2013,19807,13701,6106.0,31.0,333,1067,1539,3833,24.0,2952,31.0,5.0,1036,93.0,21159,24618,11202,57073,19429,19230,809,17605,57073,14.903821881153128,30.82748523249356,13.890457368718238,13.311532592108131,5.172323165069297,JINDALSTEL,13.2,14.1,1.1583850931677018,6.034676663542643,0.3470467646698088,23809,0,,0,5.69,OK,,TURNAROUND,,TURNAROUND,-6069.0,High Quality,48.422274953299336,Capital Intensive,-99.3940386505077,Mixed,5.8377738183021615,0.04944241473674507,5.764876621623506,31.746188413706616,18.30537883169462,,99.65171178820204,43.2598907416379,
774,JINDALSTEL,Mar 2014,19286,13487,5799.0,30.0,349,1807,1829,2512,25.0,1896,21.0,7.0,1037,91.0,22519,36368,9935,68913,34989,17811,342,15771,68913,9.830965467178263,30.068443430467696,8.385670057496682,9.832479907762217,2.7512951112271997,JINDALSTEL,13.2,14.1,1.6084918177797434,3.4023242944106253,0.2798601134764122,36026,0,,0,5.69,OK,,TURNAROUND,,TURNAROUND,-8114.0,High Quality,65.81976563310174,Capital Intensive,-139.920675978617,Mixed,5.808771507167598,0.04345237443530862,5.2522899829110665,31.15253312277198,18.30537883169462,,99.51637953370567,43.23597005129184,
775,JINDALSTEL,Mar 2015,19401,13937,5464.0,28.0,-1399,2875,2733,-1543,-6.0,-1452,-14.0,0.0,1038,91.0,20951,45501,8994,75537,46643,9073,1785,18035,75537,-7.48415030153085,28.16349672697284,-6.900484744796122,8.211231835054026,-1.9222367846221056,JINDALSTEL,13.2,14.1,2.162389506700884,1.413913043478261,0.2568410183089082,43716,0,,1,5.69,OK,,TURNAROUND,,TURNAROUND,-5535.0,Accrual Risk,34.62192670480903,Capital Intensive,-101.29941434846266,Mixed,5.728235458713284,0.04066099926072599,3.5026845798586894,31.901206470116932,18.30537883169462,,99.34984075767063,43.2179009772682,
776,JINDALSTEL,Mar 2016,19469,16032,3437.0,18.0,-79,3254,4068,-3964,-22.0,-3087,-32.0,0.0,1039,91.0,32345,46797,13166,92398,65038,11827,392,15142,92398,-15.855976167240229,17.653705891417122,-9.517203107658158,4.337839031716582,-3.3409814065239503,JINDALSTEL,13.2,14.1,1.4427487976322604,1.031960663798402,0.2107080239832031,46405,0,,1,5.69,OK,,TURNAROUND,,TURNAROUND,2071.0,Accrual Risk,11.618470388823257,Capital Intensive,60.25603724178063,Reinvestor,5.714449116785677,0.033992005974225276,2.6567536624039696,34.10919773801368,18.30537883169462,,99.56621299620932,43.21443010281066,
777,JINDALSTEL,Mar 2017,21603,16894,4709.0,22.0,-362,3441,3949,-3043,-17.0,-2538,-25.0,0.0,1040,92.0,29959,45850,14674,90575,65932,9716,368,14559,90575,-11.74836828218303,21.79789844003148,-8.44564240790656,6.204134332880989,-2.802097709080872,JINDALSTEL,13.2,14.1,1.5257395760540415,1.2632955536181345,0.2385095224951697,45482,0,,1,5.69,OK,,TURNAROUND,,TURNAROUND,4852.0,Accrual Risk,9.24871545618664,Capital Intensive,103.03673816096835,Reinvestor,5.720094700358073,0.03720528990023689,3.0718067897012187,34.91651087448763,18.30537883169462,,99.54126040489687,43.21653228727901,
778,JINDALSTEL,Mar 2018,33286,26817,6469.0,19.0,-584,3866,3883,-1864,-13.0,-1616,-15.0,0.0,1041,97.0,30288,42962,15884,89230,68450,4978,146,15657,89230,-4.85489394940816,19.43459712792165,-5.3184136909659365,8.819719961279942,-1.8110500952594415,JINDALSTEL,13.2,14.1,1.413921342767813,1.5222452146921883,0.3730359744480556,42816,0,,0,5.69,OK,,TURNAROUND,,TURNAROUND,6293.0,Accrual Risk,4.299104728714775,Moderate,97.27933219972176,Reinvestor,5.736570697541974,0.04170866042879021,3.7683577166214706,35.33482739000685,18.30537883169462,,99.57488046160114,43.21888541246482,
779,JINDALSTEL,Mar 2019,46966,38553,8412.0,18.0,-1470,4264,5480,-2802,-14.0,-2412,-17.0,0.0,1042,97.0,31988,39559,17357,89001,69039,4027,150,15784,89001,-5.135630030234638,17.910829110420305,-7.517531556802244,11.741387973870806,-2.710081909192032,JINDALSTEL,13.2,14.1,1.2329437431821724,1.6280487804878048,0.5277019359333042,39409,0,,0,5.69,OK,,TURNAROUND,,TURNAROUND,8195.0,Accrual Risk,1.7714942724524123,Asset Light,97.42035187826914,Reinvestor,5.724984509564003,0.04673902666083458,3.739990746951341,35.88697035497393,18.30537883169462,,99.62929445993981,43.21984686973954,
780,JINDALSTEL,Mar 2020,37923,31092,6831.0,18.0,74,3768,3429,-291,37.0,-400,-1.0,0.0,1043,102.0,32035,36824,20780,89742,69381,3126,181,17055,89742,-1.0547688737705352,18.01281544181631,-1.2446712512057752,9.905598816722495,-0.4457221813643556,JINDALSTEL,13.2,14.1,1.1458443538600367,1.8325371549893843,0.4225780570970114,36643,0,,0,5.69,OK,,TURNAROUND,,TURNAROUND,7338.0,Accrual Risk,3.892097144213275,Moderate,107.42204655248132,Reinvestor,5.758033460595355,0.043578266524681074,4.152341251783597,35.63818669515438,18.30537883169462,,99.65548237511122,43.22170509477931,
781,JINDALSTEL,Mar 2021,34579,23646,10933.0,32.0,313,2753,2414,6078,30.0,4267,36.0,0.0,1044,102.0,31713,29910,16116,77840,54349,1712,1156,20624,77840,12.33985945226872,31.61745568119379,13.411912619833414,17.712434183880113,5.481757451181911,JINDALSTEL,13.2,14.1,0.94012258368694,4.084998183799492,0.4442317574511819,28754,0,,0,5.69,OK,,TURNAROUND,,TURNAROUND,10077.0,High Quality,5.4483935336475895,Moderate,92.17049300283546,Reinvestor,5.835252575806439,0.05701964345075236,5.505801107562769,36.43330740022527,18.30537883169462,,99.7173361298635,43.242173639727376,
782,JINDALSTEL,Mar 2022,51166,35650,15515.0,30.0,-1840,1888,2097,9690,30.0,6766,56.0,5.0,1045,101.0,35524,13502,27517,76644,45488,2538,470,28147,76644,13.223625063518742,30.3228706562952,18.992280701754385,31.581411443808904,8.827827357653566,JINDALSTEL,13.2,14.1,0.3790035087719298,7.243114406779661,0.6675799801680496,13032,0,,0,5.69,OK,,TURNAROUND,,TURNAROUND,13717.0,High Quality,4.555759684165266,Moderate,88.41121495327103,Reinvestor,5.864653088888453,0.08089848066999897,5.595101179773041,37.48998478849035,18.30537883169462,,99.88604613861669,43.27087204695152,
783,JINDALSTEL,Mar 2023,53212,43270,9942.0,19.0,-539,1446,2691,5266,25.0,3974,31.0,6.0,1046,100.0,38606,13046,17674,69427,43542,7870,907,17108,69427,7.468240246560925,18.683755543862286,10.267142045160956,19.210851754521567,5.723997868264508,JINDALSTEL,13.2,14.1,0.3370536867669095,6.502766251728907,0.7664453310671641,12139,0,,0,5.69,OK,,TURNAROUND,,TURNAROUND,3257.0,High Quality,7.686236187326168,Moderate,32.76000804667069,Reinvestor,5.818684158264211,0.05959953586713014,5.013548477099674,34.45348877715719,18.30537883169462,,99.89865906723391,43.26414436141332,
784,JINDALSTEL,Mar 2024,50354,40153,10202.0,20.0,156,1294,2822,6241,5.0,5943,58.0,3.0,1047,100.0,44216,16472,17888,78676,48384,9611,819,19862,78676,11.802438733764944,20.260555268697622,13.410506363390198,16.782917681121273,7.553764807565204,JINDALSTEL,13.2,14.1,0.3716941962270963,8.004636785162287,0.6400172860847018,15653,0,,0,5.69,OK,,TURNAROUND,,TURNAROUND,-2336.0,High Quality,16.570679588513325,Capital Intensive,-22.89747108410116,Mixed,5.835245166857718,0.05541925339703792,5.451497445642952,32.829863328649886,18.30537883169462,,99.88824380795025,43.27779214671418,
786,JIOFIN,Mar 2023,45,6,39.0,88.0,10,0,0,49,37.0,31,,0.0,1033,2.0,114118,743,66,114930,158,38,108141,6593,114930,68.88888888888889,86.66666666666667,0.0271643883631265,0.0339534924214063,0.0269729400504655,JIOFIN,2.16,1.82,0.0065106905012267,,0.0003915426781519,-107398,0,Debt Free,0,,INSUFFICIENT,,INSUFFICIENT,,INSUFFICIENT,945.0,High Quality,2466.666666666667,Capital Intensive,2423.076923076923,Reinvestor,5.764734205028408,0.02658181412828187,11.21979625268762,33.78232445801739,,,99.99804244998869,43.205052478531506,
787,JIOFIN,Mar 2024,1855,296,1559.0,84.0,429,10,22,1956,18.0,1605,3.0,0.0,1034,6353.0,132794,0,5715,144863,172,3,133292,11395,144863,86.52291105121293,84.04312668463612,1.153456416595399,1.1203978526306713,1.1079433671814058,JIOFIN,2.16,1.82,0.0,198.8,0.0128052021565202,-133292,0,,0,,INSUFFICIENT,,INSUFFICIENT,,INSUFFICIENT,763.0,Accrual Risk,77.68194070080862,Capital Intensive,48.94162924951892,Other,5.770668143977254,0.02845239387897206,13.001625543630194,33.729490588604136,,,100.0,45.01158616929438,
835,LODHA,Mar 2011,2173,1663,510.0,23.0,145,283,17,355,26.0,264,6.0,0.0,975,108.0,636,5596,3138,9478,991,159,376,7951,9478,12.149102623101705,23.469857340082832,35.483870967741936,8.04416403785489,2.7853977632411904,LODHA,11.1,10.7,7.521505376344086,2.314487632508834,0.2292677780122388,5220,1,,0,1.76,OK,27.61,OK,22.67,OK,,,,,,,5.951540048357882,0.040373351176867446,5.486526088935237,,6.940427993059572,30.876671619613667,97.73853127685543,43.2260846711119,
836,LODHA,Mar 2012,2954,2229,724.0,25.0,124,254,37,556,32.0,381,9.0,0.0,976,108.0,1018,4259,3883,9268,971,112,181,8003,9268,12.897765741367635,24.50914014895057,33.83658969804618,13.444753946146704,4.110919292188174,LODHA,11.1,10.7,3.782415630550622,3.338582677165354,0.3187311178247734,4078,0,,0,1.76,OK,27.61,OK,22.67,OK,,,,,,,5.942861245488883,0.049671787888607245,5.562174733407556,,6.940427993059572,30.876671619613667,98.86275230576501,43.23539081900282,
837,LODHA,Mar 2015,6236,4769,1467.0,24.0,423,492,128,1269,37.0,798,18.0,0.0,977,108.0,3186,11852,12752,27998,2290,4,595,25008,27998,12.79666452854394,23.524695317511224,24.225865209471767,9.6857256041199,2.8502035859704264,LODHA,11.1,10.7,3.5980570734669097,3.841463414634146,0.2227301950139295,11257,0,,0,1.76,OK,27.61,OK,22.67,OK,,,,,,,5.892226551342204,0.04319970100004215,5.551958964100883,,6.940427993059572,30.876671619613667,98.9181828465714,43.23996059261787,
874,M&M,Mar 2013,68693,59578,9116.0,13.0,841,2297,2080,5580,35.0,4129,33.0,19.0,936,295.0,19666,28711,27460,76131,18307,1631,6440,49752,76131,6.010801682849781,13.270638929730833,20.685336405991684,18.729454306377384,5.423546255795931,M&M,26.98,17.99,1.438354791844096,4.334784501523727,0.90229998292417,22271,0,,0,14.12,OK,,TURNAROUND,148.62,OK,-3825.0,Accrual Risk,4.226049233546359,Moderate,-41.95919262834577,Growth Funded by Debt,5.873573057186291,0.05877069239247767,4.866281636972966,32.39761260581289,42.68363215731637,,99.56753412890312,43.24444349585646,
875,M&M,Mar 2014,74001,63830,10170.0,14.0,773,2954,2170,5820,26.0,5154,38.0,18.0,937,295.0,23012,35167,29415,87889,18381,2191,8082,59234,87889,6.964770746341266,13.743057526249643,22.11352812459776,17.39234531586688,5.864215089487876,M&M,26.98,17.99,1.5088599991418887,3.7044685172647256,0.8419825006542343,27085,0,,0,14.12,OK,,TURNAROUND,148.62,OK,-4768.0,Accrual Risk,6.113430899582438,Moderate,-46.88298918387414,Growth Funded by Debt,5.881097573255855,0.056468532158857415,4.962675415110204,32.123863491215644,42.68363215731637,,99.54633553724562,43.23871569373679,
876,M&M,Mar 2015,71448,62655,8793.0,12.0,800,3157,2124,4313,40.0,3381,25.0,23.0,938,296.0,25561,37911,30608,94376,19047,3032,10027,62270,94376,4.732112865300638,12.306852536110178,13.075762849518505,13.789047798268724,3.582478596253285,M&M,26.98,17.99,1.4661793711567468,3.0386442825467217,0.7570568788675087,27884,0,,0,14.12,OK,,TURNAROUND,148.62,OK,-3302.0,Accrual Risk,6.098141305564886,Moderate,-37.55259865802343,Mixed,5.833481550029183,0.05026457398208241,4.737076560097328,32.549437406379546,42.68363215731637,,99.55916819513033,43.23266522134169,
877,M&M,Mar 2016,75841,65759,10082.0,13.0,1399,3368,2442,5672,37.0,3554,25.0,21.0,939,270.0,26222,41553,31806,99852,20585,2371,11603,65293,99852,4.686119645046874,13.293601086483564,13.41537067794051,14.81666544198692,3.5592677162200057,M&M,26.98,17.99,1.5685112486788464,3.4088479809976246,0.7595341104835156,29950,0,,0,14.12,OK,,TURNAROUND,148.62,OK,-3121.0,Moderate,7.259925370182355,Moderate,-30.95615949216425,Mixed,5.8352707947986495,0.05203386914913632,4.732429176404683,32.60198097980701,42.68363215731637,,99.52840037289027,43.23602933328182,
878,M&M,Mar 2017,83773,73038,10735.0,13.0,2077,3647,2813,6350,36.0,4051,30.0,22.0,940,311.0,29467,48762,35296,113835,20989,4279,14662,73905,113835,4.83568691583207,12.814391271650772,13.604002955201826,13.668194550547492,3.558659463258225,M&M,26.98,17.99,1.6375176304654442,3.513024403619413,0.7359160187991391,34100,0,,0,14.12,OK,,TURNAROUND,148.62,OK,-5692.0,Accrual Risk,7.012999415086006,Moderate,-53.02282254308337,Mixed,5.83626461557425,0.05005649555094311,4.747542197223087,31.855630000348356,42.68363215731637,,99.50765242865579,43.23697600439474,
879,M&M,Mar 2018,92094,78868,13226.0,14.0,4366,3987,3280,10326,23.0,7958,60.0,11.0,941,543.0,36232,55898,43696,136369,26182,4269,16018,89900,136369,8.641170977479531,14.3614133385454,21.63970088375255,14.271686467471648,5.835637131606157,M&M,26.98,17.99,1.52,4.412340105342363,0.675329437042143,39880,0,,0,14.12,OK,,TURNAROUND,148.62,OK,-4785.0,Accrual Risk,5.936325927856321,Moderate,-36.178738847724176,Mixed,5.878601185241915,0.05109555452243623,5.1320672309811775,32.118928459457265,42.68363215731637,,99.54298610621342,43.24514825848828,
880,M&M,Mar 2019,104721,89514,15207.0,15.0,2676,5021,3991,8871,32.0,6017,43.0,17.0,942,544.0,39439,70848,51057,161889,28983,4760,18268,109878,161889,5.745743451647711,14.52144269057782,15.0488957807068,13.72089036460918,3.716744188919568,M&M,26.98,17.99,1.771953080059025,3.5616411073491334,0.6468691510850026,52580,0,,0,14.12,OK,,TURNAROUND,148.62,OK,-11521.0,Accrual Risk,6.850583932544571,Moderate,-75.76116262247649,Growth Funded by Debt,5.843877122454574,0.05014722428620107,4.839498835192761,30.163494699195297,42.68363215731637,,99.46723212057572,43.23741779369666,
881,M&M,Mar 2020,75382,65224,10158.0,13.0,885,6021,3367,1655,99.0,-321,1.0,205.0,943,554.0,39415,82092,43655,165716,29689,6856,19210,109960,165716,-0.4258311002626622,13.47536547186331,-0.8031224198754034,8.32206847395974,-0.1937048927080064,M&M,26.98,17.99,2.053891766118742,1.8340807174887888,0.4548866735861353,62882,0,,0,14.12,OK,,TURNAROUND,148.62,OK,-8327.0,High Quality,9.113581491602767,Capital Intensive,-81.9747981886198,Growth Funded by Debt,5.760359787819886,0.040851831649355325,4.215892252043248,31.090700077799323,42.68363215731637,,99.38246245167754,43.2217191214275,
882,M&M,Mar 2021,74278,62791,11487.0,15.0,1152,6102,3378,3158,52.0,1512,15.0,54.0,944,555.0,41027,80625,42762,164968,21380,7873,28778,106938,164968,2.035596004200436,15.464875198578316,3.636188735510557,9.39962522605088,0.9165413898453032,M&M,26.98,17.99,1.9389399259294888,2.071288102261553,0.4502570195431841,51847,0,,0,14.12,OK,,TURNAROUND,148.62,OK,-1777.0,High Quality,26.503136864212824,Capital Intensive,-15.469661356315836,Mixed,5.7837485721765844,0.04270710920843155,4.464607087029838,32.992138784704885,42.68363215731637,,99.4170246806794,43.22387467038268,
883,M&M,Mar 2022,90171,75488,14683.0,16.0,3204,5018,3508,9362,23.0,7253,53.0,20.0,945,556.0,46567,77605,47661,172388,26018,6703,30060,109607,172388,8.043606037417796,16.28350578345588,15.391634658234832,11.77201590661279,4.207369422465601,M&M,26.98,17.99,1.6468603442055896,3.564567556795536,0.5230700512796714,47545,0,,0,14.12,OK,,TURNAROUND,148.62,OK,5996.0,High Quality,3.60648101939648,Moderate,40.83634134713615,Reinvestor,5.84568286334918,0.046791760139778336,5.071686297825878,35.248609482228076,42.68363215731637,,99.50484338261309,43.2374443869035,
884,M&M,Mar 2023,121269,100983,20285.0,17.0,3961,5830,4357,14060,19.0,11374,83.0,18.0,946,557.0,55809,92247,55670,204283,27140,3969,35272,137902,204283,9.379148834409454,16.72727572586564,20.17883121030409,13.649546136609851,5.567766285006584,M&M,26.98,17.99,1.6365716921548452,4.158833619210978,0.5936323629474797,56975,0,,0,14.12,OK,,TURNAROUND,148.62,OK,-15940.0,Accrual Risk,7.311019304191508,Moderate,-78.58023169829924,Growth Funded by Debt,5.8709045033537635,0.05002438774425569,5.206636183511713,28.880676738002066,42.68363215731637,,99.5079368411233,43.24284459647609,
885,M&M,Mar 2024,139078,114186,24892.0,18.0,3298,7488,4724,15978,23.0,12270,91.0,21.0,947,557.0,65633,108647,59884,234722,28129,8039,35208,163345,234722,8.82238743726542,17.89787025985418,18.537543435564285,14.237260991666522,5.227460570376871,M&M,26.98,17.99,1.6414413053331318,3.7646901709401703,0.5925222177725139,73439,0,,0,14.12,OK,,TURNAROUND,148.62,OK,-11245.0,Accrual Risk,4.037302808495952,Moderate,-45.17515667684396,Growth Funded by Debt,5.862257277582238,0.05103628264408938,5.150378243243445,30.243616391272543,42.68363215731637,,99.5064727089655,43.23926293944241,
913,NAUKRI,Mar 2013,472,351,121.0,26.0,24,3,12,130,41.0,76,8.0,12.0,897,109.0,499,1,216,825,152,10,261,402,825,16.101694915254235,25.635593220338983,12.5,19.868637110016422,9.212121212121213,NAUKRI,3.65,2.44,0.0016447368421052,48.333333333333336,0.5721212121212121,-260,0,,0,15.2,OK,,TURNAROUND,,TURNAROUND,29.0,Moderate,9.745762711864408,Capital Intensive,23.96694214876033,Reinvestor,5.830448107980038,0.06073207427531169,5.885915669853345,33.516413335036404,45.80682475419317,,99.9995054818497,43.6442667393642,
914,NAUKRI,Mar 2014,567,471,97.0,17.0,48,3,21,120,49.0,60,8.0,30.0,898,109.0,563,1,387,1060,149,10,538,363,1060,10.582010582010582,17.10758377425044,8.928571428571429,14.413075780089152,5.660377358490567,NAUKRI,3.65,2.44,0.0014880952380952,48.333333333333336,0.5349056603773585,-537,0,,0,15.2,OK,,TURNAROUND,,TURNAROUND,-123.0,High Quality,35.978835978835974,Capital Intensive,-126.8041237113402,Mixed,5.811631816492753,0.05133899081317768,5.328179316161808,33.47228834519676,45.80682475419317,,99.99955257881639,43.6442667393642,
915,NAUKRI,Mar 2015,732,711,21.0,3.0,89,4,47,60,99.0,-14,2.0,150.0,899,120.0,1295,1,801,2217,576,12,1175,455,2217,-1.912568306010929,2.8688524590163933,-0.9893992932862192,1.4830508474576272,-0.6314839873703203,NAUKRI,3.65,2.44,0.0007067137809187,27.5,0.3301759133964817,-1174,0,,0,15.2,OK,,TURNAROUND,,TURNAROUND,-1000.0,Accrual Risk,143.5792349726776,Capital Intensive,-4761.904761904762,Mixed,5.759378376634603,0.02907678972794107,4.065664931426835,33.21769876566147,45.80682475419317,,99.99978751446262,43.45495024762597,
916,NAUKRI,Mar 2016,748,656,91.0,12.0,111,3,24,175,33.0,118,11.0,27.0,900,121.0,1422,1,382,1925,82,0,568,1276,1925,15.775401069518717,12.16577540106952,7.647440051847052,5.89378238341969,6.129870129870129,NAUKRI,3.65,2.44,0.000648088139987,67.33333333333333,0.3885714285714285,-567,0,,0,15.2,OK,,TURNAROUND,,TURNAROUND,76.0,Moderate,0.267379679144385,Asset Light,83.51648351648352,Reinvestor,5.804882096895727,0.036670943095640555,5.852945317064063,33.5300572463684,45.80682475419317,,99.99980514126028,43.81692337982946,
917,NAUKRI,Mar 2017,888,896,-9.0,-1.0,50,4,33,5,99.0,-43,-2.0,-230.0,901,121.0,1471,1,459,2053,157,1,551,1343,2053,-4.842342342342342,-1.0135135135135136,-2.701005025125628,-0.5649717514124294,-2.0944958597174863,NAUKRI,3.65,2.44,0.0006281407035175,10.25,0.4325377496346809,-550,0,,0,15.2,OK,,TURNAROUND,,TURNAROUND,48.0,Accrual Risk,18.58108108108108,Capital Intensive,-533.3333333333333,Reinvestor,5.750360676373356,0.025550617801691367,3.7696259934168834,33.52192895876635,45.80682475419317,,99.99981113879687,43.29819619246672,
918,NAUKRI,Mar 2018,988,769,219.0,22.0,401,5,30,585,14.0,501,42.0,13.0,902,122.0,1923,1,550,2596,88,0,1565,943,2596,50.70850202429151,22.16599190283401,24.49877750611247,10.703812316715542,19.298921417565484,NAUKRI,3.65,2.44,0.0004889975550122,124.0,0.3805855161787365,-1564,0,,0,15.2,OK,,TURNAROUND,,TURNAROUND,104.0,Moderate,15.08097165991903,Capital Intensive,47.48858447488584,Reinvestor,5.89366440659294,0.0449525863375493,9.382759555227903,33.53818553397044,45.80682475419317,,99.99985297455483,44.33186423735744,
919,NAUKRI,Mar 2019,1151,1142,9.0,1.0,737,7,22,716,17.0,592,49.0,12.0,903,122.0,2421,1,646,3189,88,2,1204,1895,3189,51.433536055603824,0.7819287576020852,23.27959103421156,0.3537735849056604,18.563813107557227,NAUKRI,3.65,2.44,0.0003932363350373,106.57142857142856,0.3609281906553778,-1203,0,,0,15.2,OK,,TURNAROUND,,TURNAROUND,217.0,Accrual Risk,5.125977410947002,Moderate,2411.111111111111,Reinvestor,5.8872410475438,0.027132462657351208,9.456020599250103,33.57098898036438,45.80682475419317,,99.99988176679693,44.17348746941187,
920,NAUKRI,Mar 2020,1312,1662,-350.0,-27.0,286,14,48,-126,95.0,-246,-19.0,-31.0,904,122.0,2073,77,621,2893,242,0,1133,1518,2893,-18.75,-26.67682926829269,-11.20728929384966,-15.404929577464788,-8.50328378845489,NAUKRI,3.65,2.44,0.0350797266514806,-4.571428571428571,0.4535084687175942,-1056,0,,1,15.2,OK,,TURNAROUND,,TURNAROUND,447.0,Accrual Risk,7.393292682926829,Moderate,-127.71428571428572,Liquidating Assets,5.705544793576633,0.0,2.3643271027439337,33.63775705709541,45.80682475419317,,99.98945268258555,43.16351103120152,
921,NAUKRI,Mar 2021,1128,1054,74.0,7.0,1584,11,45,1602,12.0,1418,110.0,7.0,905,129.0,5267,65,831,6292,134,0,2324,3834,6292,125.70921985815602,6.560283687943262,26.278724981467757,1.3550631752426296,22.53655435473617,NAUKRI,3.65,2.44,0.0120459599703484,150.72727272727272,0.1792752701843611,-2259,0,,0,15.2,OK,,TURNAROUND,,TURNAROUND,-1767.0,Accrual Risk,181.11702127659572,Capital Intensive,-2387.837837837838,Mixed,5.903042169540876,0.028856427639690894,16.961205053817782,32.995041744562755,45.80682475419317,,99.99637817692734,44.574740085667436,
922,NAUKRI,Mar 2022,1589,1143,446.0,28.0,13810,11,73,14200,9.0,12882,991.0,1.0,906,129.0,17113,64,3177,20483,1033,0,15614,3836,20483,810.6985525487728,28.06796727501573,74.71291033522793,2.577140875996764,62.891178050090325,NAUKRI,3.65,2.44,0.0037118663728105,1296.0,0.0775765268759459,-15550,0,,0,15.2,OK,,TURNAROUND,,TURNAROUND,-470.0,Accrual Risk,74.07174323473883,Capital Intensive,-105.38116591928252,Mixed,6.158220659419214,0.030960533367075216,86.17593359028743,33.37155563812863,45.80682475419317,,99.99888396414194,54.98205279658321,
923,NAUKRI,Mar 2023,2346,1997,348.0,15.0,-116,18,73,141,99.0,-70,-8.0,-228.0,907,129.0,13269,108,3153,16658,801,4,12403,3450,16658,-2.9838022165387894,14.83375959079284,-0.522466039707419,2.576632607729898,-0.420218513627086,NAUKRI,3.65,2.44,0.0080609046126287,12.88888888888889,0.1408332332813062,-12295,0,,0,15.2,OK,,TURNAROUND,,TURNAROUND,154.0,Accrual Risk,15.26001705029838,Capital Intensive,44.2528735632184,Mixed,5.761838443251848,0.030959658258912535,3.957422130002458,33.55270033325979,45.80682475419317,,99.9975763517076,43.32217628142023,
924,NAUKRI,Mar 2024,2536,1825,711.0,28.0,303,35,101,878,32.0,595,44.0,49.0,908,129.0,30133,246,5581,36089,810,0,31203,4077,36089,23.46214511041009,28.036277602523658,1.9661621835965897,2.3305362527861546,1.6487018204993211,NAUKRI,3.65,2.44,0.008129006675038,28.97142857142857,0.0702707196098534,-30957,0,,0,15.2,OK,,TURNAROUND,,TURNAROUND,-150.0,High Quality,33.59621451104101,Capital Intensive,-21.09704641350211,Mixed,5.774949934386736,0.030535943179580017,6.629652160117811,33.46445035358051,45.80682475419317,,99.99755587566239,43.46832140098532,
1004,PNB,Mar 2013,43071,12456,,,4310,27802,336,6786,27.0,5020,28.0,19.0,1075,50.0,568,6695,342,7655,14,4,777,6860,7655,11.655174014998492,,812.2977346278317,,65.57805355976485,PNB,1.63,8.7,10.833333333333334,,5.626518615284128,5918,1,,0,16.16,OK,97.39,OK,67.03,OK,-1292.0,Accrual Risk,1.3930486870516126,Asset Light,,Pre-Revenue,10.04423175355553,,5.436617086130808,33.13293233781163,48.582995951417004,100.0,96.7427737833193,43.205052478531506,
1004,PNB,Mar 2013,43071,12456,,,4310,27802,336,6786,27.0,5020,28.0,19.0,1075,50.0,568,6695,342,7655,14,4,777,6860,7655,11.655174014998492,,812.2977346278317,,65.57805355976485,PNB,1.63,8.7,10.833333333333334,,5.626518615284128,5918,1,,0,16.16,OK,97.39,OK,67.03,OK,-1292.0,Accrual Risk,1.3930486870516126,Asset Light,,Pre-Revenue,10.04423175355553,,5.436617086130808,33.13293233781163,48.582995951417004,100.0,96.7427737833193,43.205052478531506,
1004,PNB,Mar 2013,43071,12456,,,4310,27802,336,6786,27.0,5020,28.0,19.0,1075,50.0,568,6695,342,7655,14,4,777,6860,7655,11.655174014998492,,812.2977346278317,,65.57805355976485,PNB,1.63,8.7,10.833333333333334,,5.626518615284128,5918,1,,0,16.16,OK,97.39,OK,67.03,OK,-1292.0,Accrual Risk,1.3930486870516126,Asset Light,,Pre-Revenue,10.04423175355553,,5.436617086130808,33.13293233781163,48.582995951417004,100.0,96.7427737833193,43.205052478531506,
1004,PNB,Mar 2013,43071,12456,,,4310,27802,336,6786,27.0,5020,28.0,19.0,1075,50.0,568,6695,342,7655,14,4,777,6860,7655,11.655174014998492,,812.2977346278317,,65.57805355976485,PNB,1.63,8.7,10.833333333333334,,5.626518615284128,5918,1,,0,16.16,OK,97.39,OK,67.03,OK,-1292.0,Accrual Risk,1.3930486870516126,Asset Light,,Pre-Revenue,10.04423175355553,,5.436617086130808,33.13293233781163,48.582995951417004,100.0,96.7427737833193,43.205052478531506,
1004,PNB,Mar 2013,43071,12456,,,4310,27802,336,6786,27.0,5020,28.0,19.0,1075,50.0,568,6695,342,7655,14,4,777,6860,7655,11.655174014998492,,812.2977346278317,,65.57805355976485,PNB,1.63,8.7,10.833333333333334,,5.626518615284128,5918,1,,0,16.16,OK,97.39,OK,67.03,OK,-1292.0,Accrual Risk,1.3930486870516126,Asset Light,,Pre-Revenue,10.04423175355553,,5.436617086130808,33.13293233781163,48.582995951417004,100.0,96.7427737833193,43.205052478531506,
1004,PNB,Mar 2013,43071,12456,,,4310,27802,336,6786,27.0,5020,28.0,19.0,1087,50.0,568,6695,342,7655,14,4,777,6860,7655,11.655174014998492,,812.2977346278317,,65.57805355976485,PNB,1.63,8.7,10.833333333333334,,5.626518615284128,5918,1,,0,16.16,OK,97.39,OK,67.03,OK,-1292.0,Accrual Risk,1.3930486870516126,Asset Light,,Pre-Revenue,10.04423175355553,,5.436617086130808,33.13293233781163,48.582995951417004,100.0,96.7427737833193,43.205052478531506,
1004,PNB,Mar 2013,43071,12456,,,4310,27802,336,6786,27.0,5020,28.0,19.0,1087,50.0,568,6695,342,7655,14,4,777,6860,7655,11.655174014998492,,812.2977346278317,,65.57805355976485,PNB,1.63,8.7,10.833333333333334,,5.626518615284128,5918,1,,0,16.16,OK,97.39,OK,67.03,OK,-1292.0,Accrual Risk,1.3930486870516126,Asset Light,,Pre-Revenue,10.04423175355553,,5.436617086130808,33.13293233781163,48.582995951417004,100.0,96.7427737833193,43.205052478531506,
1004,PNB,Mar 2013,43071,12456,,,4310,27802,336,6786,27.0,5020,28.0,19.0,1087,50.0,568,6695,342,7655,14,4,777,6860,7655,11.655174014998492,,812.2977346278317,,65.57805355976485,PNB,1.63,8.7,10.833333333333334,,5.626518615284128,5918,1,,0,16.16,OK,97.39,OK,67.03,OK,-1292.0,Accrual Risk,1.3930486870516126,Asset Light,,Pre-Revenue,10.04423175355553,,5.436617086130808,33.13293233781163,48.582995951417004,100.0,96.7427737833193,43.205052478531506,
1004,PNB,Mar 2013,43071,12456,,,4310,27802,336,6786,27.0,5020,28.0,19.0,1087,50.0,568,6695,342,7655,14,4,777,6860,7655,11.655174014998492,,812.2977346278317,,65.57805355976485,PNB,1.63,8.7,10.833333333333334,,5.626518615284128,5918,1,,0,16.16,OK,97.39,OK,67.03,OK,-1292.0,Accrual Risk,1.3930486870516126,Asset Light,,Pre-Revenue,10.04423175355553,,5.436617086130808,33.13293233781163,48.582995951417004,100.0,96.7427737833193,43.205052478531506,
1004,PNB,Mar 2013,43071,12456,,,4310,27802,336,6786,27.0,5020,28.0,19.0,1087,50.0,568,6695,342,7655,14,4,777,6860,7655,11.655174014998492,,812.2977346278317,,65.57805355976485,PNB,1.63,8.7,10.833333333333334,,5.626518615284128,5918,1,,0,16.16,OK,97.39,OK,67.03,OK,-1292.0,Accrual Risk,1.3930486870516126,Asset Light,,Pre-Revenue,10.04423175355553,,5.436617086130808,33.13293233781163,48.582995951417004,100.0,96.7427737833193,43.205052478531506,
1004,PNB,Mar 2013,43071,12456,,,4310,27802,336,6786,27.0,5020,28.0,19.0,1099,50.0,568,6695,342,7655,14,4,777,6860,7655,11.655174014998492,,812.2977346278317,,65.57805355976485,PNB,1.63,8.7,10.833333333333334,,5.626518615284128,5918,1,,0,16.16,OK,97.39,OK,67.03,OK,-1292.0,Accrual Risk,1.3930486870516126,Asset Light,,Pre-Revenue,10.04423175355553,,5.436617086130808,33.13293233781163,48.582995951417004,100.0,96.7427737833193,43.205052478531506,
1004,PNB,Mar 2013,43071,12456,,,4310,27802,336,6786,27.0,5020,28.0,19.0,1099,50.0,568,6695,342,7655,14,4,777,6860,7655,11.655174014998492,,812.2977346278317,,65.57805355976485,PNB,1.63,8.7,10.833333333333334,,5.626518615284128,5918,1,,0,16.16,OK,97.39,OK,67.03,OK,-1292.0,Accrual Risk,1.3930486870516126,Asset Light,,Pre-Revenue,10.04423175355553,,5.436617086130808,33.13293233781163,48.582995951417004,100.0,96.7427737833193,43.205052478531506,
1004,PNB,Mar 2013,43071,12456,,,4310,27802,336,6786,27.0,5020,28.0,19.0,1099,50.0,568,6695,342,7655,14,4,777,6860,7655,11.655174014998492,,812.2977346278317,,65.57805355976485,PNB,1.63,8.7,10.833333333333334,,5.626518615284128,5918,1,,0,16.16,OK,97.39,OK,67.03,OK,-1292.0,Accrual Risk,1.3930486870516126,Asset Light,,Pre-Revenue,10.04423175355553,,5.436617086130808,33.13293233781163,48.582995951417004,100.0,96.7427737833193,43.205052478531506,
1004,PNB,Mar 2013,43071,12456,,,4310,27802,336,6786,27.0,5020,28.0,19.0,1099,50.0,568,6695,342,7655,14,4,777,6860,7655,11.655174014998492,,812.2977346278317,,65.57805355976485,PNB,1.63,8.7,10.833333333333334,,5.626518615284128,5918,1,,0,16.16,OK,97.39,OK,67.03,OK,-1292.0,Accrual Risk,1.3930486870516126,Asset Light,,Pre-Revenue,10.04423175355553,,5.436617086130808,33.13293233781163,48.582995951417004,100.0,96.7427737833193,43.205052478531506,
1004,PNB,Mar 2013,43071,12456,,,4310,27802,336,6786,27.0,5020,28.0,19.0,1099,50.0,568,6695,342,7655,14,4,777,6860,7655,11.655174014998492,,812.2977346278317,,65.57805355976485,PNB,1.63,8.7,10.833333333333334,,5.626518615284128,5918,1,,0,16.16,OK,97.39,OK,67.03,OK,-1292.0,Accrual Risk,1.3930486870516126,Asset Light,,Pre-Revenue,10.04423175355553,,5.436617086130808,33.13293233781163,48.582995951417004,100.0,96.7427737833193,43.205052478531506,
1004,PNB,Mar 2013,43071,12456,,,4310,27802,336,6786,27.0,5020,28.0,19.0,1111,50.0,568,6695,342,7655,14,4,777,6860,7655,11.655174014998492,,812.2977346278317,,65.57805355976485,PNB,1.63,8.7,10.833333333333334,,5.626518615284128,5918,1,,0,16.16,OK,97.39,OK,67.03,OK,-1292.0,Accrual Risk,1.3930486870516126,Asset Light,,Pre-Revenue,10.04423175355553,,5.436617086130808,33.13293233781163,48.582995951417004,100.0,96.7427737833193,43.205052478531506,
1004,PNB,Mar 2013,43071,12456,,,4310,27802,336,6786,27.0,5020,28.0,19.0,1111,50.0,568,6695,342,7655,14,4,777,6860,7655,11.655174014998492,,812.2977346278317,,65.57805355976485,PNB,1.63,8.7,10.833333333333334,,5.626518615284128,5918,1,,0,16.16,OK,97.39,OK,67.03,OK,-1292.0,Accrual Risk,1.3930486870516126,Asset Light,,Pre-Revenue,10.04423175355553,,5.436617086130808,33.13293233781163,48.582995951417004,100.0,96.7427737833193,43.205052478531506,
1004,PNB,Mar 2013,43071,12456,,,4310,27802,336,6786,27.0,5020,28.0,19.0,1111,50.0,568,6695,342,7655,14,4,777,6860,7655,11.655174014998492,,812.2977346278317,,65.57805355976485,PNB,1.63,8.7,10.833333333333334,,5.626518615284128,5918,1,,0,16.16,OK,97.39,OK,67.03,OK,-1292.0,Accrual Risk,1.3930486870516126,Asset Light,,Pre-Revenue,10.04423175355553,,5.436617086130808,33.13293233781163,48.582995951417004,100.0,96.7427737833193,43.205052478531506,
1004,PNB,Mar 2013,43071,12456,,,4310,27802,336,6786,27.0,5020,28.0,19.0,1111,50.0,568,6695,342,7655,14,4,777,6860,7655,11.655174014998492,,812.2977346278317,,65.57805355976485,PNB,1.63,8.7,10.833333333333334,,5.626518615284128,5918,1,,0,16.16,OK,97.39,OK,67.03,OK,-1292.0,Accrual Risk,1.3930486870516126,Asset Light,,Pre-Revenue,10.04423175355553,,5.436617086130808,33.13293233781163,48.582995951417004,100.0,96.7427737833193,43.205052478531506,
1004,PNB,Mar 2013,43071,12456,,,4310,27802,336,6786,27.0,5020,28.0,19.0,1111,50.0,568,6695,342,7655,14,4,777,6860,7655,11.655174014998492,,812.2977346278317,,65.57805355976485,PNB,1.63,8.7,10.833333333333334,,5.626518615284128,5918,1,,0,16.16,OK,97.39,OK,67.03,OK,-1292.0,Accrual Risk,1.3930486870516126,Asset Light,,Pre-Revenue,10.04423175355553,,5.436617086130808,33.13293233781163,48.582995951417004,100.0,96.7427737833193,43.205052478531506,
1004,PNB,Mar 2013,43071,12456,,,4310,27802,336,6786,27.0,5020,28.0,19.0,1123,50.0,568,6695,342,7655,14,4,777,6860,7655,11.655174014998492,,812.2977346278317,,65.57805355976485,PNB,1.63,8.7,10.833333333333334,,5.626518615284128,5918,1,,0,16.16,OK,97.39,OK,67.03,OK,-1292.0,Accrual Risk,1.3930486870516126,Asset Light,,Pre-Revenue,10.04423175355553,,5.436617086130808,33.13293233781163,48.582995951417004,100.0,96.7427737833193,43.205052478531506,
1004,PNB,Mar 2013,43071,12456,,,4310,27802,336,6786,27.0,5020,28.0,19.0,1123,50.0,568,6695,342,7655,14,4,777,6860,7655,11.655174014998492,,812.2977346278317,,65.57805355976485,PNB,1.63,8.7,10.833333333333334,,5.626518615284128,5918,1,,0,16.16,OK,97.39,OK,67.03,OK,-1292.0,Accrual Risk,1.3930486870516126,Asset Light,,Pre-Revenue,10.04423175355553,,5.436617086130808,33.13293233781163,48.582995951417004,100.0,96.7427737833193,43.205052478531506,
1004,PNB,Mar 2013,43071,12456,,,4310,27802,336,6786,27.0,5020,28.0,19.0,1123,50.0,568,6695,342,7655,14,4,777,6860,7655,11.655174014998492,,812.2977346278317,,65.57805355976485,PNB,1.63,8.7,10.833333333333334,,5.626518615284128,5918,1,,0,16.16,OK,97.39,OK,67.03,OK,-1292.0,Accrual Risk,1.3930486870516126,Asset Light,,Pre-Revenue,10.04423175355553,,5.436617086130808,33.13293233781163,48.582995951417004,100.0,96.7427737833193,43.205052478531506,
1004,PNB,Mar 2013,43071,12456,,,4310,27802,336,6786,27.0,5020,28.0,19.0,1123,50.0,568,6695,342,7655,14,4,777,6860,7655,11.655174014998492,,812.2977346278317,,65.57805355976485,PNB,1.63,8.7,10.833333333333334,,5.626518615284128,5918,1,,0,16.16,OK,97.39,OK,67.03,OK,-1292.0,Accrual Risk,1.3930486870516126,Asset Light,,Pre-Revenue,10.04423175355553,,5.436617086130808,33.13293233781163,48.582995951417004,100.0,96.7427737833193,43.205052478531506,
1004,PNB,Mar 2013,43071,12456,,,4310,27802,336,6786,27.0,5020,28.0,19.0,1123,50.0,568,6695,342,7655,14,4,777,6860,7655,11.655174014998492,,812.2977346278317,,65.57805355976485,PNB,1.63,8.7,10.833333333333334,,5.626518615284128,5918,1,,0,16.16,OK,97.39,OK,67.03,OK,-1292.0,Accrual Risk,1.3930486870516126,Asset Light,,Pre-Revenue,10.04423175355553,,5.436617086130808,33.13293233781163,48.582995951417004,100.0,96.7427737833193,43.205052478531506,
1005,PNB,Mar 2014,44958,16112,,,4710,28220,367,4969,29.0,3674,20.0,10.0,1076,66.0,868,10108,498,11540,26,3,645,10865,11540,8.172071711375061,,393.3618843683083,,31.83708838821491,PNB,1.63,8.7,10.822269807280517,,3.895840554592721,9463,1,,0,16.16,OK,97.39,OK,67.03,OK,16604.0,High Quality,0.671738066639975,Asset Light,,Mixed,7.837042413127743,,5.084667108365337,38.32806929945773,48.582995951417004,100.0,96.74610022089851,43.205052478531506,
1005,PNB,Mar 2014,44958,16112,,,4710,28220,367,4969,29.0,3674,20.0,10.0,1076,66.0,868,10108,498,11540,26,3,645,10865,11540,8.172071711375061,,393.3618843683083,,31.83708838821491,PNB,1.63,8.7,10.822269807280517,,3.895840554592721,9463,1,,0,16.16,OK,97.39,OK,67.03,OK,16604.0,High Quality,0.671738066639975,Asset Light,,Mixed,7.837042413127743,,5.084667108365337,38.32806929945773,48.582995951417004,100.0,96.74610022089851,43.205052478531506,
1005,PNB,Mar 2014,44958,16112,,,4710,28220,367,4969,29.0,3674,20.0,10.0,1076,66.0,868,10108,498,11540,26,3,645,10865,11540,8.172071711375061,,393.3618843683083,,31.83708838821491,PNB,1.63,8.7,10.822269807280517,,3.895840554592721,9463,1,,0,16.16,OK,97.39,OK,67.03,OK,16604.0,High Quality,0.671738066639975,Asset Light,,Mixed,7.837042413127743,,5.084667108365337,38.32806929945773,48.582995951417004,100.0,96.74610022089851,43.205052478531506,
1005,PNB,Mar 2014,44958,16112,,,4710,28220,367,4969,29.0,3674,20.0,10.0,1076,66.0,868,10108,498,11540,26,3,645,10865,11540,8.172071711375061,,393.3618843683083,,31.83708838821491,PNB,1.63,8.7,10.822269807280517,,3.895840554592721,9463,1,,0,16.16,OK,97.39,OK,67.03,OK,16604.0,High Quality,0.671738066639975,Asset Light,,Mixed,7.837042413127743,,5.084667108365337,38.32806929945773,48.582995951417004,100.0,96.74610022089851,43.205052478531506,
1005,PNB,Mar 2014,44958,16112,,,4710,28220,367,4969,29.0,3674,20.0,10.0,1076,66.0,868,10108,498,11540,26,3,645,10865,11540,8.172071711375061,,393.3618843683083,,31.83708838821491,PNB,1.63,8.7,10.822269807280517,,3.895840554592721,9463,1,,0,16.16,OK,97.39,OK,67.03,OK,16604.0,High Quality,0.671738066639975,Asset Light,,Mixed,7.837042413127743,,5.084667108365337,38.32806929945773,48.582995951417004,100.0,96.74610022089851,43.205052478531506,
1005,PNB,Mar 2014,44958,16112,,,4710,28220,367,4969,29.0,3674,20.0,10.0,1088,66.0,868,10108,498,11540,26,3,645,10865,11540,8.172071711375061,,393.3618843683083,,31.83708838821491,PNB,1.63,8.7,10.822269807280517,,3.895840554592721,9463,1,,0,16.16,OK,97.39,OK,67.03,OK,16604.0,High Quality,0.671738066639975,Asset Light,,Mixed,7.837042413127743,,5.084667108365337,38.32806929945773,48.582995951417004,100.0,96.74610022089851,43.205052478531506,
1005,PNB,Mar 2014,44958,16112,,,4710,28220,367,4969,29.0,3674,20.0,10.0,1088,66.0,868,10108,498,11540,26,3,645,10865,11540,8.172071711375061,,393.3618843683083,,31.83708838821491,PNB,1.63,8.7,10.822269807280517,,3.895840554592721,9463,1,,0,16.16,OK,97.39,OK,67.03,OK,16604.0,High Quality,0.671738066639975,Asset Light,,Mixed,7.837042413127743,,5.084667108365337,38.32806929945773,48.582995951417004,100.0,96.74610022089851,43.205052478531506,
1005,PNB,Mar 2014,44958,16112,,,4710,28220,367,4969,29.0,3674,20.0,10.0,1088,66.0,868,10108,498,11540,26,3,645,10865,11540,8.172071711375061,,393.3618843683083,,31.83708838821491,PNB,1.63,8.7,10.822269807280517,,3.895840554592721,9463,1,,0,16.16,OK,97.39,OK,67.03,OK,16604.0,High Quality,0.671738066639975,Asset Light,,Mixed,7.837042413127743,,5.084667108365337,38.32806929945773,48.582995951417004,100.0,96.74610022089851,43.205052478531506,
1005,PNB,Mar 2014,44958,16112,,,4710,28220,367,4969,29.0,3674,20.0,10.0,1088,66.0,868,10108,498,11540,26,3,645,10865,11540,8.172071711375061,,393.3618843683083,,31.83708838821491,PNB,1.63,8.7,10.822269807280517,,3.895840554592721,9463,1,,0,16.16,OK,97.39,OK,67.03,OK,16604.0,High Quality,0.671738066639975,Asset Light,,Mixed,7.837042413127743,,5.084667108365337,38.32806929945773,48.582995951417004,100.0,96.74610022089851,43.205052478531506,
1005,PNB,Mar 2014,44958,16112,,,4710,28220,367,4969,29.0,3674,20.0,10.0,1088,66.0,868,10108,498,11540,26,3,645,10865,11540,8.172071711375061,,393.3618843683083,,31.83708838821491,PNB,1.63,8.7,10.822269807280517,,3.895840554592721,9463,1,,0,16.16,OK,97.39,OK,67.03,OK,16604.0,High Quality,0.671738066639975,Asset Light,,Mixed,7.837042413127743,,5.084667108365337,38.32806929945773,48.582995951417004,100.0,96.74610022089851,43.205052478531506,
1005,PNB,Mar 2014,44958,16112,,,4710,28220,367,4969,29.0,3674,20.0,10.0,1100,66.0,868,10108,498,11540,26,3,645,10865,11540,8.172071711375061,,393.3618843683083,,31.83708838821491,PNB,1.63,8.7,10.822269807280517,,3.895840554592721,9463,1,,0,16.16,OK,97.39,OK,67.03,OK,16604.0,High Quality,0.671738066639975,Asset Light,,Mixed,7.837042413127743,,5.084667108365337,38.32806929945773,48.582995951417004,100.0,96.74610022089851,43.205052478531506,
1005,PNB,Mar 2014,44958,16112,,,4710,28220,367,4969,29.0,3674,20.0,10.0,1100,66.0,868,10108,498,11540,26,3,645,10865,11540,8.172071711375061,,393.3618843683083,,31.83708838821491,PNB,1.63,8.7,10.822269807280517,,3.895840554592721,9463,1,,0,16.16,OK,97.39,OK,67.03,OK,16604.0,High Quality,0.671738066639975,Asset Light,,Mixed,7.837042413127743,,5.084667108365337,38.32806929945773,48.582995951417004,100.0,96.74610022089851,43.205052478531506,
1005,PNB,Mar 2014,44958,16112,,,4710,28220,367,4969,29.0,3674,20.0,10.0,1100,66.0,868,10108,498,11540,26,3,645,10865,11540,8.172071711375061,,393.3618843683083,,31.83708838821491,PNB,1.63,8.7,10.822269807280517,,3.895840554592721,9463,1,,0,16.16,OK,97.39,OK,67.03,OK,16604.0,High Quality,0.671738066639975,Asset Light,,Mixed,7.837042413127743,,5.084667108365337,38.32806929945773,48.582995951417004,100.0,96.74610022089851,43.205052478531506,
1005,PNB,Mar 2014,44958,16112,,,4710,28220,367,4969,29.0,3674,20.0,10.0,1100,66.0,868,10108,498,11540,26,3,645,10865,11540,8.172071711375061,,393.3618843683083,,31.83708838821491,PNB,1.63,8.7,10.822269807280517,,3.895840554592721,9463,1,,0,16.16,OK,97.39,OK,67.03,OK,16604.0,High Quality,0.671738066639975,Asset Light,,Mixed,7.837042413127743,,5.084667108365337,38.32806929945773,48.582995951417004,100.0,96.74610022089851,43.205052478531506,
1005,PNB,Mar 2014,44958,16112,,,4710,28220,367,4969,29.0,3674,20.0,10.0,1100,66.0,868,10108,498,11540,26,3,645,10865,11540,8.172071711375061,,393.3618843683083,,31.83708838821491,PNB,1.63,8.7,10.822269807280517,,3.895840554592721,9463,1,,0,16.16,OK,97.39,OK,67.03,OK,16604.0,High Quality,0.671738066639975,Asset Light,,Mixed,7.837042413127743,,5.084667108365337,38.32806929945773,48.582995951417004,100.0,96.74610022089851,43.205052478531506,
1005,PNB,Mar 2014,44958,16112,,,4710,28220,367,4969,29.0,3674,20.0,10.0,1112,66.0,868,10108,498,11540,26,3,645,10865,11540,8.172071711375061,,393.3618843683083,,31.83708838821491,PNB,1.63,8.7,10.822269807280517,,3.895840554592721,9463,1,,0,16.16,OK,97.39,OK,67.03,OK,16604.0,High Quality,0.671738066639975,Asset Light,,Mixed,7.837042413127743,,5.084667108365337,38.32806929945773,48.582995951417004,100.0,96.74610022089851,43.205052478531506,
1005,PNB,Mar 2014,44958,16112,,,4710,28220,367,4969,29.0,3674,20.0,10.0,1112,66.0,868,10108,498,11540,26,3,645,10865,11540,8.172071711375061,,393.3618843683083,,31.83708838821491,PNB,1.63,8.7,10.822269807280517,,3.895840554592721,9463,1,,0,16.16,OK,97.39,OK,67.03,OK,16604.0,High Quality,0.671738066639975,Asset Light,,Mixed,7.837042413127743,,5.084667108365337,38.32806929945773,48.582995951417004,100.0,96.74610022089851,43.205052478531506,
1005,PNB,Mar 2014,44958,16112,,,4710,28220,367,4969,29.0,3674,20.0,10.0,1112,66.0,868,10108,498,11540,26,3,645,10865,11540,8.172071711375061,,393.3618843683083,,31.83708838821491,PNB,1.63,8.7,10.822269807280517,,3.895840554592721,9463,1,,0,16.16,OK,97.39,OK,67.03,OK,16604.0,High Quality,0.671738066639975,Asset Light,,Mixed,7.837042413127743,,5.084667108365337,38.32806929945773,48.582995951417004,100.0,96.74610022089851,43.205052478531506,
1005,PNB,Mar 2014,44958,16112,,,4710,28220,367,4969,29.0,3674,20.0,10.0,1112,66.0,868,10108,498,11540,26,3,645,10865,11540,8.172071711375061,,393.3618843683083,,31.83708838821491,PNB,1.63,8.7,10.822269807280517,,3.895840554592721,9463,1,,0,16.16,OK,97.39,OK,67.03,OK,16604.0,High Quality,0.671738066639975,Asset Light,,Mixed,7.837042413127743,,5.084667108365337,38.32806929945773,48.582995951417004,100.0,96.74610022089851,43.205052478531506,
1005,PNB,Mar 2014,44958,16112,,,4710,28220,367,4969,29.0,3674,20.0,10.0,1112,66.0,868,10108,498,11540,26,3,645,10865,11540,8.172071711375061,,393.3618843683083,,31.83708838821491,PNB,1.63,8.7,10.822269807280517,,3.895840554592721,9463,1,,0,16.16,OK,97.39,OK,67.03,OK,16604.0,High Quality,0.671738066639975,Asset Light,,Mixed,7.837042413127743,,5.084667108365337,38.32806929945773,48.582995951417004,100.0,96.74610022089851,43.205052478531506,
1005,PNB,Mar 2014,44958,16112,,,4710,28220,367,4969,29.0,3674,20.0,10.0,1124,66.0,868,10108,498,11540,26,3,645,10865,11540,8.172071711375061,,393.3618843683083,,31.83708838821491,PNB,1.63,8.7,10.822269807280517,,3.895840554592721,9463,1,,0,16.16,OK,97.39,OK,67.03,OK,16604.0,High Quality,0.671738066639975,Asset Light,,Mixed,7.837042413127743,,5.084667108365337,38.32806929945773,48.582995951417004,100.0,96.74610022089851,43.205052478531506,
1005,PNB,Mar 2014,44958,16112,,,4710,28220,367,4969,29.0,3674,20.0,10.0,1124,66.0,868,10108,498,11540,26,3,645,10865,11540,8.172071711375061,,393.3618843683083,,31.83708838821491,PNB,1.63,8.7,10.822269807280517,,3.895840554592721,9463,1,,0,16.16,OK,97.39,OK,67.03,OK,16604.0,High Quality,0.671738066639975,Asset Light,,Mixed,7.837042413127743,,5.084667108365337,38.32806929945773,48.582995951417004,100.0,96.74610022089851,43.205052478531506,
1005,PNB,Mar 2014,44958,16112,,,4710,28220,367,4969,29.0,3674,20.0,10.0,1124,66.0,868,10108,498,11540,26,3,645,10865,11540,8.172071711375061,,393.3618843683083,,31.83708838821491,PNB,1.63,8.7,10.822269807280517,,3.895840554592721,9463,1,,0,16.16,OK,97.39,OK,67.03,OK,16604.0,High Quality,0.671738066639975,Asset Light,,Mixed,7.837042413127743,,5.084667108365337,38.32806929945773,48.582995951417004,100.0,96.74610022089851,43.205052478531506,
1005,PNB,Mar 2014,44958,16112,,,4710,28220,367,4969,29.0,3674,20.0,10.0,1124,66.0,868,10108,498,11540,26,3,645,10865,11540,8.172071711375061,,393.3618843683083,,31.83708838821491,PNB,1.63,8.7,10.822269807280517,,3.895840554592721,9463,1,,0,16.16,OK,97.39,OK,67.03,OK,16604.0,High Quality,0.671738066639975,Asset Light,,Mixed,7.837042413127743,,5.084667108365337,38.32806929945773,48.582995951417004,100.0,96.74610022089851,43.205052478531506,
1005,PNB,Mar 2014,44958,16112,,,4710,28220,367,4969,29.0,3674,20.0,10.0,1124,66.0,868,10108,498,11540,26,3,645,10865,11540,8.172071711375061,,393.3618843683083,,31.83708838821491,PNB,1.63,8.7,10.822269807280517,,3.895840554592721,9463,1,,0,16.16,OK,97.39,OK,67.03,OK,16604.0,High Quality,0.671738066639975,Asset Light,,Mixed,7.837042413127743,,5.084667108365337,38.32806929945773,48.582995951417004,100.0,96.74610022089851,43.205052478531506,
1006,PNB,Mar 2015,48710,18760,,,6175,31343,384,4397,24.0,3525,18.0,18.0,1077,104.0,1475,16481,976,19035,40,18,1586,17392,19035,7.236707041675221,,223.2425585813806,,18.51851851851852,PNB,1.63,8.7,10.437618746041798,,2.5589703178355663,14895,1,,0,16.16,OK,97.39,OK,67.03,OK,3942.0,High Quality,1.7901868199548348,Asset Light,,Mixed,6.940758263072161,,4.9901532106939985,34.652341527421356,48.582995951417004,100.0,96.8617521151392,43.205052478531506,
1006,PNB,Mar 2015,48710,18760,,,6175,31343,384,4397,24.0,3525,18.0,18.0,1077,104.0,1475,16481,976,19035,40,18,1586,17392,19035,7.236707041675221,,223.2425585813806,,18.51851851851852,PNB,1.63,8.7,10.437618746041798,,2.5589703178355663,14895,1,,0,16.16,OK,97.39,OK,67.03,OK,3942.0,High Quality,1.7901868199548348,Asset Light,,Mixed,6.940758263072161,,4.9901532106939985,34.652341527421356,48.582995951417004,100.0,96.8617521151392,43.205052478531506,
1006,PNB,Mar 2015,48710,18760,,,6175,31343,384,4397,24.0,3525,18.0,18.0,1077,104.0,1475,16481,976,19035,40,18,1586,17392,19035,7.236707041675221,,223.2425585813806,,18.51851851851852,PNB,1.63,8.7,10.437618746041798,,2.5589703178355663,14895,1,,0,16.16,OK,97.39,OK,67.03,OK,3942.0,High Quality,1.7901868199548348,Asset Light,,Mixed,6.940758263072161,,4.9901532106939985,34.652341527421356,48.582995951417004,100.0,96.8617521151392,43.205052478531506,
1006,PNB,Mar 2015,48710,18760,,,6175,31343,384,4397,24.0,3525,18.0,18.0,1077,104.0,1475,16481,976,19035,40,18,1586,17392,19035,7.236707041675221,,223.2425585813806,,18.51851851851852,PNB,1.63,8.7,10.437618746041798,,2.5589703178355663,14895,1,,0,16.16,OK,97.39,OK,67.03,OK,3942.0,High Quality,1.7901868199548348,Asset Light,,Mixed,6.940758263072161,,4.9901532106939985,34.652341527421356,48.582995951417004,100.0,96.8617521151392,43.205052478531506,
1006,PNB,Mar 2015,48710,18760,,,6175,31343,384,4397,24.0,3525,18.0,18.0,1077,104.0,1475,16481,976,19035,40,18,1586,17392,19035,7.236707041675221,,223.2425585813806,,18.51851851851852,PNB,1.63,8.7,10.437618746041798,,2.5589703178355663,14895,1,,0,16.16,OK,97.39,OK,67.03,OK,3942.0,High Quality,1.7901868199548348,Asset Light,,Mixed,6.940758263072161,,4.9901532106939985,34.652341527421356,48.582995951417004,100.0,96.8617521151392,43.205052478531506,
1006,PNB,Mar 2015,48710,18760,,,6175,31343,384,4397,24.0,3525,18.0,18.0,1089,104.0,1475,16481,976,19035,40,18,1586,17392,19035,7.236707041675221,,223.2425585813806,,18.51851851851852,PNB,1.63,8.7,10.437618746041798,,2.5589703178355663,14895,1,,0,16.16,OK,97.39,OK,67.03,OK,3942.0,High Quality,1.7901868199548348,Asset Light,,Mixed,6.940758263072161,,4.9901532106939985,34.652341527421356,48.582995951417004,100.0,96.8617521151392,43.205052478531506,
1006,PNB,Mar 2015,48710,18760,,,6175,31343,384,4397,24.0,3525,18.0,18.0,1089,104.0,1475,16481,976,19035,40,18,1586,17392,19035,7.236707041675221,,223.2425585813806,,18.51851851851852,PNB,1.63,8.7,10.437618746041798,,2.5589703178355663,14895,1,,0,16.16,OK,97.39,OK,67.03,OK,3942.0,High Quality,1.7901868199548348,Asset Light,,Mixed,6.940758263072161,,4.9901532106939985,34.652341527421356,48.582995951417004,100.0,96.8617521151392,43.205052478531506,
1006,PNB,Mar 2015,48710,18760,,,6175,31343,384,4397,24.0,3525,18.0,18.0,1089,104.0,1475,16481,976,19035,40,18,1586,17392,19035,7.236707041675221,,223.2425585813806,,18.51851851851852,PNB,1.63,8.7,10.437618746041798,,2.5589703178355663,14895,1,,0,16.16,OK,97.39,OK,67.03,OK,3942.0,High Quality,1.7901868199548348,Asset Light,,Mixed,6.940758263072161,,4.9901532106939985,34.652341527421356,48.582995951417004,100.0,96.8617521151392,43.205052478531506,
1006,PNB,Mar 2015,48710,18760,,,6175,31343,384,4397,24.0,3525,18.0,18.0,1089,104.0,1475,16481,976,19035,40,18,1586,17392,19035,7.236707041675221,,223.2425585813806,,18.51851851851852,PNB,1.63,8.7,10.437618746041798,,2.5589703178355663,14895,1,,0,16.16,OK,97.39,OK,67.03,OK,3942.0,High Quality,1.7901868199548348,Asset Light,,Mixed,6.940758263072161,,4.9901532106939985,34.652341527421356,48.582995951417004,100.0,96.8617521151392,43.205052478531506,
1006,PNB,Mar 2015,48710,18760,,,6175,31343,384,4397,24.0,3525,18.0,18.0,1089,104.0,1475,16481,976,19035,40,18,1586,17392,19035,7.236707041675221,,223.2425585813806,,18.51851851851852,PNB,1.63,8.7,10.437618746041798,,2.5589703178355663,14895,1,,0,16.16,OK,97.39,OK,67.03,OK,3942.0,High Quality,1.7901868199548348,Asset Light,,Mixed,6.940758263072161,,4.9901532106939985,34.652341527421356,48.582995951417004,100.0,96.8617521151392,43.205052478531506,
1006,PNB,Mar 2015,48710,18760,,,6175,31343,384,4397,24.0,3525,18.0,18.0,1101,104.0,1475,16481,976,19035,40,18,1586,17392,19035,7.236707041675221,,223.2425585813806,,18.51851851851852,PNB,1.63,8.7,10.437618746041798,,2.5589703178355663,14895,1,,0,16.16,OK,97.39,OK,67.03,OK,3942.0,High Quality,1.7901868199548348,Asset Light,,Mixed,6.940758263072161,,4.9901532106939985,34.652341527421356,48.582995951417004,100.0,96.8617521151392,43.205052478531506,
1006,PNB,Mar 2015,48710,18760,,,6175,31343,384,4397,24.0,3525,18.0,18.0,1101,104.0,1475,16481,976,19035,40,18,1586,17392,19035,7.236707041675221,,223.2425585813806,,18.51851851851852,PNB,1.63,8.7,10.437618746041798,,2.5589703178355663,14895,1,,0,16.16,OK,97.39,OK,67.03,OK,3942.0,High Quality,1.7901868199548348,Asset Light,,Mixed,6.940758263072161,,4.9901532106939985,34.652341527421356,48.582995951417004,100.0,96.8617521151392,43.205052478531506,
1006,PNB,Mar 2015,48710,18760,,,6175,31343,384,4397,24.0,3525,18.0,18.0,1101,104.0,1475,16481,976,19035,40,18,1586,17392,19035,7.236707041675221,,223.2425585813806,,18.51851851851852,PNB,1.63,8.7,10.437618746041798,,2.5589703178355663,14895,1,,0,16.16,OK,97.39,OK,67.03,OK,3942.0,High Quality,1.7901868199548348,Asset Light,,Mixed,6.940758263072161,,4.9901532106939985,34.652341527421356,48.582995951417004,100.0,96.8617521151392,43.205052478531506,
1006,PNB,Mar 2015,48710,18760,,,6175,31343,384,4397,24.0,3525,18.0,18.0,1101,104.0,1475,16481,976,19035,40,18,1586,17392,19035,7.236707041675221,,223.2425585813806,,18.51851851851852,PNB,1.63,8.7,10.437618746041798,,2.5589703178355663,14895,1,,0,16.16,OK,97.39,OK,67.03,OK,3942.0,High Quality,1.7901868199548348,Asset Light,,Mixed,6.940758263072161,,4.9901532106939985,34.652341527421356,48.582995951417004,100.0,96.8617521151392,43.205052478531506,
1006,PNB,Mar 2015,48710,18760,,,6175,31343,384,4397,24.0,3525,18.0,18.0,1101,104.0,1475,16481,976,19035,40,18,1586,17392,19035,7.236707041675221,,223.2425585813806,,18.51851851851852,PNB,1.63,8.7,10.437618746041798,,2.5589703178355663,14895,1,,0,16.16,OK,97.39,OK,67.03,OK,3942.0,High Quality,1.7901868199548348,Asset Light,,Mixed,6.940758263072161,,4.9901532106939985,34.652341527421356,48.582995951417004,100.0,96.8617521151392,43.205052478531506,
1006,PNB,Mar 2015,48710,18760,,,6175,31343,384,4397,24.0,3525,18.0,18.0,1113,104.0,1475,16481,976,19035,40,18,1586,17392,19035,7.236707041675221,,223.2425585813806,,18.51851851851852,PNB,1.63,8.7,10.437618746041798,,2.5589703178355663,14895,1,,0,16.16,OK,97.39,OK,67.03,OK,3942.0,High Quality,1.7901868199548348,Asset Light,,Mixed,6.940758263072161,,4.9901532106939985,34.652341527421356,48.582995951417004,100.0,96.8617521151392,43.205052478531506,
1006,PNB,Mar 2015,48710,18760,,,6175,31343,384,4397,24.0,3525,18.0,18.0,1113,104.0,1475,16481,976,19035,40,18,1586,17392,19035,7.236707041675221,,223.2425585813806,,18.51851851851852,PNB,1.63,8.7,10.437618746041798,,2.5589703178355663,14895,1,,0,16.16,OK,97.39,OK,67.03,OK,3942.0,High Quality,1.7901868199548348,Asset Light,,Mixed,6.940758263072161,,4.9901532106939985,34.652341527421356,48.582995951417004,100.0,96.8617521151392,43.205052478531506,
1006,PNB,Mar 2015,48710,18760,,,6175,31343,384,4397,24.0,3525,18.0,18.0,1113,104.0,1475,16481,976,19035,40,18,1586,17392,19035,7.236707041675221,,223.2425585813806,,18.51851851851852,PNB,1.63,8.7,10.437618746041798,,2.5589703178355663,14895,1,,0,16.16,OK,97.39,OK,67.03,OK,3942.0,High Quality,1.7901868199548348,Asset Light,,Mixed,6.940758263072161,,4.9901532106939985,34.652341527421356,48.582995951417004,100.0,96.8617521151392,43.205052478531506,
1006,PNB,Mar 2015,48710,18760,,,6175,31343,384,4397,24.0,3525,18.0,18.0,1113,104.0,1475,16481,976,19035,40,18,1586,17392,19035,7.236707041675221,,223.2425585813806,,18.51851851851852,PNB,1.63,8.7,10.437618746041798,,2.5589703178355663,14895,1,,0,16.16,OK,97.39,OK,67.03,OK,3942.0,High Quality,1.7901868199548348,Asset Light,,Mixed,6.940758263072161,,4.9901532106939985,34.652341527421356,48.582995951417004,100.0,96.8617521151392,43.205052478531506,
1006,PNB,Mar 2015,48710,18760,,,6175,31343,384,4397,24.0,3525,18.0,18.0,1113,104.0,1475,16481,976,19035,40,18,1586,17392,19035,7.236707041675221,,223.2425585813806,,18.51851851851852,PNB,1.63,8.7,10.437618746041798,,2.5589703178355663,14895,1,,0,16.16,OK,97.39,OK,67.03,OK,3942.0,High Quality,1.7901868199548348,Asset Light,,Mixed,6.940758263072161,,4.9901532106939985,34.652341527421356,48.582995951417004,100.0,96.8617521151392,43.205052478531506,
1006,PNB,Mar 2015,48710,18760,,,6175,31343,384,4397,24.0,3525,18.0,18.0,1125,104.0,1475,16481,976,19035,40,18,1586,17392,19035,7.236707041675221,,223.2425585813806,,18.51851851851852,PNB,1.63,8.7,10.437618746041798,,2.5589703178355663,14895,1,,0,16.16,OK,97.39,OK,67.03,OK,3942.0,High Quality,1.7901868199548348,Asset Light,,Mixed,6.940758263072161,,4.9901532106939985,34.652341527421356,48.582995951417004,100.0,96.8617521151392,43.205052478531506,
1006,PNB,Mar 2015,48710,18760,,,6175,31343,384,4397,24.0,3525,18.0,18.0,1125,104.0,1475,16481,976,19035,40,18,1586,17392,19035,7.236707041675221,,223.2425585813806,,18.51851851851852,PNB,1.63,8.7,10.437618746041798,,2.5589703178355663,14895,1,,0,16.16,OK,97.39,OK,67.03,OK,3942.0,High Quality,1.7901868199548348,Asset Light,,Mixed,6.940758263072161,,4.9901532106939985,34.652341527421356,48.582995951417004,100.0,96.8617521151392,43.205052478531506,
1006,PNB,Mar 2015,48710,18760,,,6175,31343,384,4397,24.0,3525,18.0,18.0,1125,104.0,1475,16481,976,19035,40,18,1586,17392,19035,7.236707041675221,,223.2425585813806,,18.51851851851852,PNB,1.63,8.7,10.437618746041798,,2.5589703178355663,14895,1,,0,16.16,OK,97.39,OK,67.03,OK,3942.0,High Quality,1.7901868199548348,Asset Light,,Mixed,6.940758263072161,,4.9901532106939985,34.652341527421356,48.582995951417004,100.0,96.8617521151392,43.205052478531506,
1006,PNB,Mar 2015,48710,18760,,,6175,31343,384,4397,24.0,3525,18.0,18.0,1125,104.0,1475,16481,976,19035,40,18,1586,17392,19035,7.236707041675221,,223.2425585813806,,18.51851851851852,PNB,1.63,8.7,10.437618746041798,,2.5589703178355663,14895,1,,0,16.16,OK,97.39,OK,67.03,OK,3942.0,High Quality,1.7901868199548348,Asset Light,,Mixed,6.940758263072161,,4.9901532106939985,34.652341527421356,48.582995951417004,100.0,96.8617521151392,43.205052478531506,
1006,PNB,Mar 2015,48710,18760,,,6175,31343,384,4397,24.0,3525,18.0,18.0,1125,104.0,1475,16481,976,19035,40,18,1586,17392,19035,7.236707041675221,,223.2425585813806,,18.51851851851852,PNB,1.63,8.7,10.437618746041798,,2.5589703178355663,14895,1,,0,16.16,OK,97.39,OK,67.03,OK,3942.0,High Quality,1.7901868199548348,Asset Light,,Mixed,6.940758263072161,,4.9901532106939985,34.652341527421356,48.582995951417004,100.0,96.8617521151392,43.205052478531506,
1007,PNB,Mar 2016,50804,27453,,,6100,34331,413,-5293,-31.0,-3510,-19.0,-2.0,1078,127.0,2019,26014,1511,29671,58,4,1622,27987,29671,-6.908904810644831,,-163.56011183597388,,-11.829732735667823,PNB,1.63,8.7,12.122087604846223,,1.7122442789255503,24392,1,,0,16.16,OK,97.39,OK,67.03,OK,12815.0,Accrual Risk,2.6612077789150463,Asset Light,,Mixed,4.902864560574972,,3.560810244877603,37.228137809310375,48.582995951417004,100.0,96.35528785716258,43.205052478531506,
1007,PNB,Mar 2016,50804,27453,,,6100,34331,413,-5293,-31.0,-3510,-19.0,-2.0,1078,127.0,2019,26014,1511,29671,58,4,1622,27987,29671,-6.908904810644831,,-163.56011183597388,,-11.829732735667823,PNB,1.63,8.7,12.122087604846223,,1.7122442789255503,24392,1,,0,16.16,OK,97.39,OK,67.03,OK,12815.0,Accrual Risk,2.6612077789150463,Asset Light,,Mixed,4.902864560574972,,3.560810244877603,37.228137809310375,48.582995951417004,100.0,96.35528785716258,43.205052478531506,
1007,PNB,Mar 2016,50804,27453,,,6100,34331,413,-5293,-31.0,-3510,-19.0,-2.0,1078,127.0,2019,26014,1511,29671,58,4,1622,27987,29671,-6.908904810644831,,-163.56011183597388,,-11.829732735667823,PNB,1.63,8.7,12.122087604846223,,1.7122442789255503,24392,1,,0,16.16,OK,97.39,OK,67.03,OK,12815.0,Accrual Risk,2.6612077789150463,Asset Light,,Mixed,4.902864560574972,,3.560810244877603,37.228137809310375,48.582995951417004,100.0,96.35528785716258,43.205052478531506,
1007,PNB,Mar 2016,50804,27453,,,6100,34331,413,-5293,-31.0,-3510,-19.0,-2.0,1078,127.0,2019,26014,1511,29671,58,4,1622,27987,29671,-6.908904810644831,,-163.56011183597388,,-11.829732735667823,PNB,1.63,8.7,12.122087604846223,,1.7122442789255503,24392,1,,0,16.16,OK,97.39,OK,67.03,OK,12815.0,Accrual Risk,2.6612077789150463,Asset Light,,Mixed,4.902864560574972,,3.560810244877603,37.228137809310375,48.582995951417004,100.0,96.35528785716258,43.205052478531506,
1007,PNB,Mar 2016,50804,27453,,,6100,34331,413,-5293,-31.0,-3510,-19.0,-2.0,1078,127.0,2019,26014,1511,29671,58,4,1622,27987,29671,-6.908904810644831,,-163.56011183597388,,-11.829732735667823,PNB,1.63,8.7,12.122087604846223,,1.7122442789255503,24392,1,,0,16.16,OK,97.39,OK,67.03,OK,12815.0,Accrual Risk,2.6612077789150463,Asset Light,,Mixed,4.902864560574972,,3.560810244877603,37.228137809310375,48.582995951417004,100.0,96.35528785716258,43.205052478531506,
1007,PNB,Mar 2016,50804,27453,,,6100,34331,413,-5293,-31.0,-3510,-19.0,-2.0,1090,127.0,2019,26014,1511,29671,58,4,1622,27987,29671,-6.908904810644831,,-163.56011183597388,,-11.829732735667823,PNB,1.63,8.7,12.122087604846223,,1.7122442789255503,24392,1,,0,16.16,OK,97.39,OK,67.03,OK,12815.0,Accrual Risk,2.6612077789150463,Asset Light,,Mixed,4.902864560574972,,3.560810244877603,37.228137809310375,48.582995951417004,100.0,96.35528785716258,43.205052478531506,
1007,PNB,Mar 2016,50804,27453,,,6100,34331,413,-5293,-31.0,-3510,-19.0,-2.0,1090,127.0,2019,26014,1511,29671,58,4,1622,27987,29671,-6.908904810644831,,-163.56011183597388,,-11.829732735667823,PNB,1.63,8.7,12.122087604846223,,1.7122442789255503,24392,1,,0,16.16,OK,97.39,OK,67.03,OK,12815.0,Accrual Risk,2.6612077789150463,Asset Light,,Mixed,4.902864560574972,,3.560810244877603,37.228137809310375,48.582995951417004,100.0,96.35528785716258,43.205052478531506,
1007,PNB,Mar 2016,50804,27453,,,6100,34331,413,-5293,-31.0,-3510,-19.0,-2.0,1090,127.0,2019,26014,1511,29671,58,4,1622,27987,29671,-6.908904810644831,,-163.56011183597388,,-11.829732735667823,PNB,1.63,8.7,12.122087604846223,,1.7122442789255503,24392,1,,0,16.16,OK,97.39,OK,67.03,OK,12815.0,Accrual Risk,2.6612077789150463,Asset Light,,Mixed,4.902864560574972,,3.560810244877603,37.228137809310375,48.582995951417004,100.0,96.35528785716258,43.205052478531506,
1007,PNB,Mar 2016,50804,27453,,,6100,34331,413,-5293,-31.0,-3510,-19.0,-2.0,1090,127.0,2019,26014,1511,29671,58,4,1622,27987,29671,-6.908904810644831,,-163.56011183597388,,-11.829732735667823,PNB,1.63,8.7,12.122087604846223,,1.7122442789255503,24392,1,,0,16.16,OK,97.39,OK,67.03,OK,12815.0,Accrual Risk,2.6612077789150463,Asset Light,,Mixed,4.902864560574972,,3.560810244877603,37.228137809310375,48.582995951417004,100.0,96.35528785716258,43.205052478531506,
1007,PNB,Mar 2016,50804,27453,,,6100,34331,413,-5293,-31.0,-3510,-19.0,-2.0,1090,127.0,2019,26014,1511,29671,58,4,1622,27987,29671,-6.908904810644831,,-163.56011183597388,,-11.829732735667823,PNB,1.63,8.7,12.122087604846223,,1.7122442789255503,24392,1,,0,16.16,OK,97.39,OK,67.03,OK,12815.0,Accrual Risk,2.6612077789150463,Asset Light,,Mixed,4.902864560574972,,3.560810244877603,37.228137809310375,48.582995951417004,100.0,96.35528785716258,43.205052478531506,
1007,PNB,Mar 2016,50804,27453,,,6100,34331,413,-5293,-31.0,-3510,-19.0,-2.0,1102,127.0,2019,26014,1511,29671,58,4,1622,27987,29671,-6.908904810644831,,-163.56011183597388,,-11.829732735667823,PNB,1.63,8.7,12.122087604846223,,1.7122442789255503,24392,1,,0,16.16,OK,97.39,OK,67.03,OK,12815.0,Accrual Risk,2.6612077789150463,Asset Light,,Mixed,4.902864560574972,,3.560810244877603,37.228137809310375,48.582995951417004,100.0,96.35528785716258,43.205052478531506,
1007,PNB,Mar 2016,50804,27453,,,6100,34331,413,-5293,-31.0,-3510,-19.0,-2.0,1102,127.0,2019,26014,1511,29671,58,4,1622,27987,29671,-6.908904810644831,,-163.56011183597388,,-11.829732735667823,PNB,1.63,8.7,12.122087604846223,,1.7122442789255503,24392,1,,0,16.16,OK,97.39,OK,67.03,OK,12815.0,Accrual Risk,2.6612077789150463,Asset Light,,Mixed,4.902864560574972,,3.560810244877603,37.228137809310375,48.582995951417004,100.0,96.35528785716258,43.205052478531506,
1007,PNB,Mar 2016,50804,27453,,,6100,34331,413,-5293,-31.0,-3510,-19.0,-2.0,1102,127.0,2019,26014,1511,29671,58,4,1622,27987,29671,-6.908904810644831,,-163.56011183597388,,-11.829732735667823,PNB,1.63,8.7,12.122087604846223,,1.7122442789255503,24392,1,,0,16.16,OK,97.39,OK,67.03,OK,12815.0,Accrual Risk,2.6612077789150463,Asset Light,,Mixed,4.902864560574972,,3.560810244877603,37.228137809310375,48.582995951417004,100.0,96.35528785716258,43.205052478531506,
1007,PNB,Mar 2016,50804,27453,,,6100,34331,413,-5293,-31.0,-3510,-19.0,-2.0,1102,127.0,2019,26014,1511,29671,58,4,1622,27987,29671,-6.908904810644831,,-163.56011183597388,,-11.829732735667823,PNB,1.63,8.7,12.122087604846223,,1.7122442789255503,24392,1,,0,16.16,OK,97.39,OK,67.03,OK,12815.0,Accrual Risk,2.6612077789150463,Asset Light,,Mixed,4.902864560574972,,3.560810244877603,37.228137809310375,48.582995951417004,100.0,96.35528785716258,43.205052478531506,
1007,PNB,Mar 2016,50804,27453,,,6100,34331,413,-5293,-31.0,-3510,-19.0,-2.0,1102,127.0,2019,26014,1511,29671,58,4,1622,27987,29671,-6.908904810644831,,-163.56011183597388,,-11.829732735667823,PNB,1.63,8.7,12.122087604846223,,1.7122442789255503,24392,1,,0,16.16,OK,97.39,OK,67.03,OK,12815.0,Accrual Risk,2.6612077789150463,Asset Light,,Mixed,4.902864560574972,,3.560810244877603,37.228137809310375,48.582995951417004,100.0,96.35528785716258,43.205052478531506,
1007,PNB,Mar 2016,50804,27453,,,6100,34331,413,-5293,-31.0,-3510,-19.0,-2.0,1114,127.0,2019,26014,1511,29671,58,4,1622,27987,29671,-6.908904810644831,,-163.56011183597388,,-11.829732735667823,PNB,1.63,8.7,12.122087604846223,,1.7122442789255503,24392,1,,0,16.16,OK,97.39,OK,67.03,OK,12815.0,Accrual Risk,2.6612077789150463,Asset Light,,Mixed,4.902864560574972,,3.560810244877603,37.228137809310375,48.582995951417004,100.0,96.35528785716258,43.205052478531506,
1007,PNB,Mar 2016,50804,27453,,,6100,34331,413,-5293,-31.0,-3510,-19.0,-2.0,1114,127.0,2019,26014,1511,29671,58,4,1622,27987,29671,-6.908904810644831,,-163.56011183597388,,-11.829732735667823,PNB,1.63,8.7,12.122087604846223,,1.7122442789255503,24392,1,,0,16.16,OK,97.39,OK,67.03,OK,12815.0,Accrual Risk,2.6612077789150463,Asset Light,,Mixed,4.902864560574972,,3.560810244877603,37.228137809310375,48.582995951417004,100.0,96.35528785716258,43.205052478531506,
1007,PNB,Mar 2016,50804,27453,,,6100,34331,413,-5293,-31.0,-3510,-19.0,-2.0,1114,127.0,2019,26014,1511,29671,58,4,1622,27987,29671,-6.908904810644831,,-163.56011183597388,,-11.829732735667823,PNB,1.63,8.7,12.122087604846223,,1.7122442789255503,24392,1,,0,16.16,OK,97.39,OK,67.03,OK,12815.0,Accrual Risk,2.6612077789150463,Asset Light,,Mixed,4.902864560574972,,3.560810244877603,37.228137809310375,48.582995951417004,100.0,96.35528785716258,43.205052478531506,
1007,PNB,Mar 2016,50804,27453,,,6100,34331,413,-5293,-31.0,-3510,-19.0,-2.0,1114,127.0,2019,26014,1511,29671,58,4,1622,27987,29671,-6.908904810644831,,-163.56011183597388,,-11.829732735667823,PNB,1.63,8.7,12.122087604846223,,1.7122442789255503,24392,1,,0,16.16,OK,97.39,OK,67.03,OK,12815.0,Accrual Risk,2.6612077789150463,Asset Light,,Mixed,4.902864560574972,,3.560810244877603,37.228137809310375,48.582995951417004,100.0,96.35528785716258,43.205052478531506,
1007,PNB,Mar 2016,50804,27453,,,6100,34331,413,-5293,-31.0,-3510,-19.0,-2.0,1114,127.0,2019,26014,1511,29671,58,4,1622,27987,29671,-6.908904810644831,,-163.56011183597388,,-11.829732735667823,PNB,1.63,8.7,12.122087604846223,,1.7122442789255503,24392,1,,0,16.16,OK,97.39,OK,67.03,OK,12815.0,Accrual Risk,2.6612077789150463,Asset Light,,Mixed,4.902864560574972,,3.560810244877603,37.228137809310375,48.582995951417004,100.0,96.35528785716258,43.205052478531506,
1007,PNB,Mar 2016,50804,27453,,,6100,34331,413,-5293,-31.0,-3510,-19.0,-2.0,1126,127.0,2019,26014,1511,29671,58,4,1622,27987,29671,-6.908904810644831,,-163.56011183597388,,-11.829732735667823,PNB,1.63,8.7,12.122087604846223,,1.7122442789255503,24392,1,,0,16.16,OK,97.39,OK,67.03,OK,12815.0,Accrual Risk,2.6612077789150463,Asset Light,,Mixed,4.902864560574972,,3.560810244877603,37.228137809310375,48.582995951417004,100.0,96.35528785716258,43.205052478531506,
1007,PNB,Mar 2016,50804,27453,,,6100,34331,413,-5293,-31.0,-3510,-19.0,-2.0,1126,127.0,2019,26014,1511,29671,58,4,1622,27987,29671,-6.908904810644831,,-163.56011183597388,,-11.829732735667823,PNB,1.63,8.7,12.122087604846223,,1.7122442789255503,24392,1,,0,16.16,OK,97.39,OK,67.03,OK,12815.0,Accrual Risk,2.6612077789150463,Asset Light,,Mixed,4.902864560574972,,3.560810244877603,37.228137809310375,48.582995951417004,100.0,96.35528785716258,43.205052478531506,
1007,PNB,Mar 2016,50804,27453,,,6100,34331,413,-5293,-31.0,-3510,-19.0,-2.0,1126,127.0,2019,26014,1511,29671,58,4,1622,27987,29671,-6.908904810644831,,-163.56011183597388,,-11.829732735667823,PNB,1.63,8.7,12.122087604846223,,1.7122442789255503,24392,1,,0,16.16,OK,97.39,OK,67.03,OK,12815.0,Accrual Risk,2.6612077789150463,Asset Light,,Mixed,4.902864560574972,,3.560810244877603,37.228137809310375,48.582995951417004,100.0,96.35528785716258,43.205052478531506,
1007,PNB,Mar 2016,50804,27453,,,6100,34331,413,-5293,-31.0,-3510,-19.0,-2.0,1126,127.0,2019,26014,1511,29671,58,4,1622,27987,29671,-6.908904810644831,,-163.56011183597388,,-11.829732735667823,PNB,1.63,8.7,12.122087604846223,,1.7122442789255503,24392,1,,0,16.16,OK,97.39,OK,67.03,OK,12815.0,Accrual Risk,2.6612077789150463,Asset Light,,Mixed,4.902864560574972,,3.560810244877603,37.228137809310375,48.582995951417004,100.0,96.35528785716258,43.205052478531506,
1007,PNB,Mar 2016,50804,27453,,,6100,34331,413,-5293,-31.0,-3510,-19.0,-2.0,1126,127.0,2019,26014,1511,29671,58,4,1622,27987,29671,-6.908904810644831,,-163.56011183597388,,-11.829732735667823,PNB,1.63,8.7,12.122087604846223,,1.7122442789255503,24392,1,,0,16.16,OK,97.39,OK,67.03,OK,12815.0,Accrual Risk,2.6612077789150463,Asset Light,,Mixed,4.902864560574972,,3.560810244877603,37.228137809310375,48.582995951417004,100.0,96.35528785716258,43.205052478531506,
1008,PNB,Mar 2017,48058,22533,,,9168,32722,430,1540,41.0,1239,6.0,0.0,1079,166.0,5412,35497,1885,42960,58,2,3280,39620,42960,2.578134753839111,,22.212262459662963,,2.884078212290503,PNB,1.63,8.7,6.363750448189316,,1.1186685288640597,32217,1,,0,16.16,OK,97.39,OK,67.03,OK,22097.0,High Quality,0.3308502226476341,Asset Light,,Liquidating Assets,5.881617761183804,,4.51942790026682,39.92266514938632,48.582995951417004,100.0,98.08663001880716,43.205052478531506,
1008,PNB,Mar 2017,48058,22533,,,9168,32722,430,1540,41.0,1239,6.0,0.0,1079,166.0,5412,35497,1885,42960,58,2,3280,39620,42960,2.578134753839111,,22.212262459662963,,2.884078212290503,PNB,1.63,8.7,6.363750448189316,,1.1186685288640597,32217,1,,0,16.16,OK,97.39,OK,67.03,OK,22097.0,High Quality,0.3308502226476341,Asset Light,,Liquidating Assets,5.881617761183804,,4.51942790026682,39.92266514938632,48.582995951417004,100.0,98.08663001880716,43.205052478531506,
1008,PNB,Mar 2017,48058,22533,,,9168,32722,430,1540,41.0,1239,6.0,0.0,1079,166.0,5412,35497,1885,42960,58,2,3280,39620,42960,2.578134753839111,,22.212262459662963,,2.884078212290503,PNB,1.63,8.7,6.363750448189316,,1.1186685288640597,32217,1,,0,16.16,OK,97.39,OK,67.03,OK,22097.0,High Quality,0.3308502226476341,Asset Light,,Liquidating Assets,5.881617761183804,,4.51942790026682,39.92266514938632,48.582995951417004,100.0,98.08663001880716,43.205052478531506,
1008,PNB,Mar 2017,48058,22533,,,9168,32722,430,1540,41.0,1239,6.0,0.0,1079,166.0,5412,35497,1885,42960,58,2,3280,39620,42960,2.578134753839111,,22.212262459662963,,2.884078212290503,PNB,1.63,8.7,6.363750448189316,,1.1186685288640597,32217,1,,0,16.16,OK,97.39,OK,67.03,OK,22097.0,High Quality,0.3308502226476341,Asset Light,,Liquidating Assets,5.881617761183804,,4.51942790026682,39.92266514938632,48.582995951417004,100.0,98.08663001880716,43.205052478531506,
1008,PNB,Mar 2017,48058,22533,,,9168,32722,430,1540,41.0,1239,6.0,0.0,1079,166.0,5412,35497,1885,42960,58,2,3280,39620,42960,2.578134753839111,,22.212262459662963,,2.884078212290503,PNB,1.63,8.7,6.363750448189316,,1.1186685288640597,32217,1,,0,16.16,OK,97.39,OK,67.03,OK,22097.0,High Quality,0.3308502226476341,Asset Light,,Liquidating Assets,5.881617761183804,,4.51942790026682,39.92266514938632,48.582995951417004,100.0,98.08663001880716,43.205052478531506,
1008,PNB,Mar 2017,48058,22533,,,9168,32722,430,1540,41.0,1239,6.0,0.0,1091,166.0,5412,35497,1885,42960,58,2,3280,39620,42960,2.578134753839111,,22.212262459662963,,2.884078212290503,PNB,1.63,8.7,6.363750448189316,,1.1186685288640597,32217,1,,0,16.16,OK,97.39,OK,67.03,OK,22097.0,High Quality,0.3308502226476341,Asset Light,,Liquidating Assets,5.881617761183804,,4.51942790026682,39.92266514938632,48.582995951417004,100.0,98.08663001880716,43.205052478531506,
1008,PNB,Mar 2017,48058,22533,,,9168,32722,430,1540,41.0,1239,6.0,0.0,1091,166.0,5412,35497,1885,42960,58,2,3280,39620,42960,2.578134753839111,,22.212262459662963,,2.884078212290503,PNB,1.63,8.7,6.363750448189316,,1.1186685288640597,32217,1,,0,16.16,OK,97.39,OK,67.03,OK,22097.0,High Quality,0.3308502226476341,Asset Light,,Liquidating Assets,5.881617761183804,,4.51942790026682,39.92266514938632,48.582995951417004,100.0,98.08663001880716,43.205052478531506,
1008,PNB,Mar 2017,48058,22533,,,9168,32722,430,1540,41.0,1239,6.0,0.0,1091,166.0,5412,35497,1885,42960,58,2,3280,39620,42960,2.578134753839111,,22.212262459662963,,2.884078212290503,PNB,1.63,8.7,6.363750448189316,,1.1186685288640597,32217,1,,0,16.16,OK,97.39,OK,67.03,OK,22097.0,High Quality,0.3308502226476341,Asset Light,,Liquidating Assets,5.881617761183804,,4.51942790026682,39.92266514938632,48.582995951417004,100.0,98.08663001880716,43.205052478531506,
1008,PNB,Mar 2017,48058,22533,,,9168,32722,430,1540,41.0,1239,6.0,0.0,1091,166.0,5412,35497,1885,42960,58,2,3280,39620,42960,2.578134753839111,,22.212262459662963,,2.884078212290503,PNB,1.63,8.7,6.363750448189316,,1.1186685288640597,32217,1,,0,16.16,OK,97.39,OK,67.03,OK,22097.0,High Quality,0.3308502226476341,Asset Light,,Liquidating Assets,5.881617761183804,,4.51942790026682,39.92266514938632,48.582995951417004,100.0,98.08663001880716,43.205052478531506,
1008,PNB,Mar 2017,48058,22533,,,9168,32722,430,1540,41.0,1239,6.0,0.0,1091,166.0,5412,35497,1885,42960,58,2,3280,39620,42960,2.578134753839111,,22.212262459662963,,2.884078212290503,PNB,1.63,8.7,6.363750448189316,,1.1186685288640597,32217,1,,0,16.16,OK,97.39,OK,67.03,OK,22097.0,High Quality,0.3308502226476341,Asset Light,,Liquidating Assets,5.881617761183804,,4.51942790026682,39.92266514938632,48.582995951417004,100.0,98.08663001880716,43.205052478531506,
1008,PNB,Mar 2017,48058,22533,,,9168,32722,430,1540,41.0,1239,6.0,0.0,1103,166.0,5412,35497,1885,42960,58,2,3280,39620,42960,2.578134753839111,,22.212262459662963,,2.884078212290503,PNB,1.63,8.7,6.363750448189316,,1.1186685288640597,32217,1,,0,16.16,OK,97.39,OK,67.03,OK,22097.0,High Quality,0.3308502226476341,Asset Light,,Liquidating Assets,5.881617761183804,,4.51942790026682,39.92266514938632,48.582995951417004,100.0,98.08663001880716,43.205052478531506,
1008,PNB,Mar 2017,48058,22533,,,9168,32722,430,1540,41.0,1239,6.0,0.0,1103,166.0,5412,35497,1885,42960,58,2,3280,39620,42960,2.578134753839111,,22.212262459662963,,2.884078212290503,PNB,1.63,8.7,6.363750448189316,,1.1186685288640597,32217,1,,0,16.16,OK,97.39,OK,67.03,OK,22097.0,High Quality,0.3308502226476341,Asset Light,,Liquidating Assets,5.881617761183804,,4.51942790026682,39.92266514938632,48.582995951417004,100.0,98.08663001880716,43.205052478531506,
1008,PNB,Mar 2017,48058,22533,,,9168,32722,430,1540,41.0,1239,6.0,0.0,1103,166.0,5412,35497,1885,42960,58,2,3280,39620,42960,2.578134753839111,,22.212262459662963,,2.884078212290503,PNB,1.63,8.7,6.363750448189316,,1.1186685288640597,32217,1,,0,16.16,OK,97.39,OK,67.03,OK,22097.0,High Quality,0.3308502226476341,Asset Light,,Liquidating Assets,5.881617761183804,,4.51942790026682,39.92266514938632,48.582995951417004,100.0,98.08663001880716,43.205052478531506,
1008,PNB,Mar 2017,48058,22533,,,9168,32722,430,1540,41.0,1239,6.0,0.0,1103,166.0,5412,35497,1885,42960,58,2,3280,39620,42960,2.578134753839111,,22.212262459662963,,2.884078212290503,PNB,1.63,8.7,6.363750448189316,,1.1186685288640597,32217,1,,0,16.16,OK,97.39,OK,67.03,OK,22097.0,High Quality,0.3308502226476341,Asset Light,,Liquidating Assets,5.881617761183804,,4.51942790026682,39.92266514938632,48.582995951417004,100.0,98.08663001880716,43.205052478531506,
1008,PNB,Mar 2017,48058,22533,,,9168,32722,430,1540,41.0,1239,6.0,0.0,1103,166.0,5412,35497,1885,42960,58,2,3280,39620,42960,2.578134753839111,,22.212262459662963,,2.884078212290503,PNB,1.63,8.7,6.363750448189316,,1.1186685288640597,32217,1,,0,16.16,OK,97.39,OK,67.03,OK,22097.0,High Quality,0.3308502226476341,Asset Light,,Liquidating Assets,5.881617761183804,,4.51942790026682,39.92266514938632,48.582995951417004,100.0,98.08663001880716,43.205052478531506,
1008,PNB,Mar 2017,48058,22533,,,9168,32722,430,1540,41.0,1239,6.0,0.0,1115,166.0,5412,35497,1885,42960,58,2,3280,39620,42960,2.578134753839111,,22.212262459662963,,2.884078212290503,PNB,1.63,8.7,6.363750448189316,,1.1186685288640597,32217,1,,0,16.16,OK,97.39,OK,67.03,OK,22097.0,High Quality,0.3308502226476341,Asset Light,,Liquidating Assets,5.881617761183804,,4.51942790026682,39.92266514938632,48.582995951417004,100.0,98.08663001880716,43.205052478531506,
1008,PNB,Mar 2017,48058,22533,,,9168,32722,430,1540,41.0,1239,6.0,0.0,1115,166.0,5412,35497,1885,42960,58,2,3280,39620,42960,2.578134753839111,,22.212262459662963,,2.884078212290503,PNB,1.63,8.7,6.363750448189316,,1.1186685288640597,32217,1,,0,16.16,OK,97.39,OK,67.03,OK,22097.0,High Quality,0.3308502226476341,Asset Light,,Liquidating Assets,5.881617761183804,,4.51942790026682,39.92266514938632,48.582995951417004,100.0,98.08663001880716,43.205052478531506,
1008,PNB,Mar 2017,48058,22533,,,9168,32722,430,1540,41.0,1239,6.0,0.0,1115,166.0,5412,35497,1885,42960,58,2,3280,39620,42960,2.578134753839111,,22.212262459662963,,2.884078212290503,PNB,1.63,8.7,6.363750448189316,,1.1186685288640597,32217,1,,0,16.16,OK,97.39,OK,67.03,OK,22097.0,High Quality,0.3308502226476341,Asset Light,,Liquidating Assets,5.881617761183804,,4.51942790026682,39.92266514938632,48.582995951417004,100.0,98.08663001880716,43.205052478531506,
1008,PNB,Mar 2017,48058,22533,,,9168,32722,430,1540,41.0,1239,6.0,0.0,1115,166.0,5412,35497,1885,42960,58,2,3280,39620,42960,2.578134753839111,,22.212262459662963,,2.884078212290503,PNB,1.63,8.7,6.363750448189316,,1.1186685288640597,32217,1,,0,16.16,OK,97.39,OK,67.03,OK,22097.0,High Quality,0.3308502226476341,Asset Light,,Liquidating Assets,5.881617761183804,,4.51942790026682,39.92266514938632,48.582995951417004,100.0,98.08663001880716,43.205052478531506,
1008,PNB,Mar 2017,48058,22533,,,9168,32722,430,1540,41.0,1239,6.0,0.0,1115,166.0,5412,35497,1885,42960,58,2,3280,39620,42960,2.578134753839111,,22.212262459662963,,2.884078212290503,PNB,1.63,8.7,6.363750448189316,,1.1186685288640597,32217,1,,0,16.16,OK,97.39,OK,67.03,OK,22097.0,High Quality,0.3308502226476341,Asset Light,,Liquidating Assets,5.881617761183804,,4.51942790026682,39.92266514938632,48.582995951417004,100.0,98.08663001880716,43.205052478531506,
1008,PNB,Mar 2017,48058,22533,,,9168,32722,430,1540,41.0,1239,6.0,0.0,1127,166.0,5412,35497,1885,42960,58,2,3280,39620,42960,2.578134753839111,,22.212262459662963,,2.884078212290503,PNB,1.63,8.7,6.363750448189316,,1.1186685288640597,32217,1,,0,16.16,OK,97.39,OK,67.03,OK,22097.0,High Quality,0.3308502226476341,Asset Light,,Liquidating Assets,5.881617761183804,,4.51942790026682,39.92266514938632,48.582995951417004,100.0,98.08663001880716,43.205052478531506,
1008,PNB,Mar 2017,48058,22533,,,9168,32722,430,1540,41.0,1239,6.0,0.0,1127,166.0,5412,35497,1885,42960,58,2,3280,39620,42960,2.578134753839111,,22.212262459662963,,2.884078212290503,PNB,1.63,8.7,6.363750448189316,,1.1186685288640597,32217,1,,0,16.16,OK,97.39,OK,67.03,OK,22097.0,High Quality,0.3308502226476341,Asset Light,,Liquidating Assets,5.881617761183804,,4.51942790026682,39.92266514938632,48.582995951417004,100.0,98.08663001880716,43.205052478531506,
1008,PNB,Mar 2017,48058,22533,,,9168,32722,430,1540,41.0,1239,6.0,0.0,1127,166.0,5412,35497,1885,42960,58,2,3280,39620,42960,2.578134753839111,,22.212262459662963,,2.884078212290503,PNB,1.63,8.7,6.363750448189316,,1.1186685288640597,32217,1,,0,16.16,OK,97.39,OK,67.03,OK,22097.0,High Quality,0.3308502226476341,Asset Light,,Liquidating Assets,5.881617761183804,,4.51942790026682,39.92266514938632,48.582995951417004,100.0,98.08663001880716,43.205052478531506,
1008,PNB,Mar 2017,48058,22533,,,9168,32722,430,1540,41.0,1239,6.0,0.0,1127,166.0,5412,35497,1885,42960,58,2,3280,39620,42960,2.578134753839111,,22.212262459662963,,2.884078212290503,PNB,1.63,8.7,6.363750448189316,,1.1186685288640597,32217,1,,0,16.16,OK,97.39,OK,67.03,OK,22097.0,High Quality,0.3308502226476341,Asset Light,,Liquidating Assets,5.881617761183804,,4.51942790026682,39.92266514938632,48.582995951417004,100.0,98.08663001880716,43.205052478531506,
1008,PNB,Mar 2017,48058,22533,,,9168,32722,430,1540,41.0,1239,6.0,0.0,1127,166.0,5412,35497,1885,42960,58,2,3280,39620,42960,2.578134753839111,,22.212262459662963,,2.884078212290503,PNB,1.63,8.7,6.363750448189316,,1.1186685288640597,32217,1,,0,16.16,OK,97.39,OK,67.03,OK,22097.0,High Quality,0.3308502226476341,Asset Light,,Liquidating Assets,5.881617761183804,,4.51942790026682,39.92266514938632,48.582995951417004,100.0,98.08663001880716,43.205052478531506,
1009,PNB,Mar 2018,48725,43345,,,8883,33530,581,-19849,-37.0,-12111,-44.0,0.0,1080,167.0,6402,53777,2673,63018,255,10,2413,60340,63018,-24.85582349923037,,-184.36596133353632,,-19.218318575645053,PNB,1.63,8.7,8.186481960724615,,0.7731917864737059,51364,1,,0,16.16,OK,97.39,OK,67.03,OK,-1350.0,Accrual Risk,0.8045151359671626,Asset Light,,Distress Signal,4.793247660514697,,1.7473643329285016,33.11609517063598,48.582995951417004,100.0,97.53859473862869,43.205052478531506,
1009,PNB,Mar 2018,48725,43345,,,8883,33530,581,-19849,-37.0,-12111,-44.0,0.0,1080,167.0,6402,53777,2673,63018,255,10,2413,60340,63018,-24.85582349923037,,-184.36596133353632,,-19.218318575645053,PNB,1.63,8.7,8.186481960724615,,0.7731917864737059,51364,1,,0,16.16,OK,97.39,OK,67.03,OK,-1350.0,Accrual Risk,0.8045151359671626,Asset Light,,Distress Signal,4.793247660514697,,1.7473643329285016,33.11609517063598,48.582995951417004,100.0,97.53859473862869,43.205052478531506,
1009,PNB,Mar 2018,48725,43345,,,8883,33530,581,-19849,-37.0,-12111,-44.0,0.0,1080,167.0,6402,53777,2673,63018,255,10,2413,60340,63018,-24.85582349923037,,-184.36596133353632,,-19.218318575645053,PNB,1.63,8.7,8.186481960724615,,0.7731917864737059,51364,1,,0,16.16,OK,97.39,OK,67.03,OK,-1350.0,Accrual Risk,0.8045151359671626,Asset Light,,Distress Signal,4.793247660514697,,1.7473643329285016,33.11609517063598,48.582995951417004,100.0,97.53859473862869,43.205052478531506,
1009,PNB,Mar 2018,48725,43345,,,8883,33530,581,-19849,-37.0,-12111,-44.0,0.0,1080,167.0,6402,53777,2673,63018,255,10,2413,60340,63018,-24.85582349923037,,-184.36596133353632,,-19.218318575645053,PNB,1.63,8.7,8.186481960724615,,0.7731917864737059,51364,1,,0,16.16,OK,97.39,OK,67.03,OK,-1350.0,Accrual Risk,0.8045151359671626,Asset Light,,Distress Signal,4.793247660514697,,1.7473643329285016,33.11609517063598,48.582995951417004,100.0,97.53859473862869,43.205052478531506,
1009,PNB,Mar 2018,48725,43345,,,8883,33530,581,-19849,-37.0,-12111,-44.0,0.0,1080,167.0,6402,53777,2673,63018,255,10,2413,60340,63018,-24.85582349923037,,-184.36596133353632,,-19.218318575645053,PNB,1.63,8.7,8.186481960724615,,0.7731917864737059,51364,1,,0,16.16,OK,97.39,OK,67.03,OK,-1350.0,Accrual Risk,0.8045151359671626,Asset Light,,Distress Signal,4.793247660514697,,1.7473643329285016,33.11609517063598,48.582995951417004,100.0,97.53859473862869,43.205052478531506,
1009,PNB,Mar 2018,48725,43345,,,8883,33530,581,-19849,-37.0,-12111,-44.0,0.0,1092,167.0,6402,53777,2673,63018,255,10,2413,60340,63018,-24.85582349923037,,-184.36596133353632,,-19.218318575645053,PNB,1.63,8.7,8.186481960724615,,0.7731917864737059,51364,1,,0,16.16,OK,97.39,OK,67.03,OK,-1350.0,Accrual Risk,0.8045151359671626,Asset Light,,Distress Signal,4.793247660514697,,1.7473643329285016,33.11609517063598,48.582995951417004,100.0,97.53859473862869,43.205052478531506,
1009,PNB,Mar 2018,48725,43345,,,8883,33530,581,-19849,-37.0,-12111,-44.0,0.0,1092,167.0,6402,53777,2673,63018,255,10,2413,60340,63018,-24.85582349923037,,-184.36596133353632,,-19.218318575645053,PNB,1.63,8.7,8.186481960724615,,0.7731917864737059,51364,1,,0,16.16,OK,97.39,OK,67.03,OK,-1350.0,Accrual Risk,0.8045151359671626,Asset Light,,Distress Signal,4.793247660514697,,1.7473643329285016,33.11609517063598,48.582995951417004,100.0,97.53859473862869,43.205052478531506,
1009,PNB,Mar 2018,48725,43345,,,8883,33530,581,-19849,-37.0,-12111,-44.0,0.0,1092,167.0,6402,53777,2673,63018,255,10,2413,60340,63018,-24.85582349923037,,-184.36596133353632,,-19.218318575645053,PNB,1.63,8.7,8.186481960724615,,0.7731917864737059,51364,1,,0,16.16,OK,97.39,OK,67.03,OK,-1350.0,Accrual Risk,0.8045151359671626,Asset Light,,Distress Signal,4.793247660514697,,1.7473643329285016,33.11609517063598,48.582995951417004,100.0,97.53859473862869,43.205052478531506,
1009,PNB,Mar 2018,48725,43345,,,8883,33530,581,-19849,-37.0,-12111,-44.0,0.0,1092,167.0,6402,53777,2673,63018,255,10,2413,60340,63018,-24.85582349923037,,-184.36596133353632,,-19.218318575645053,PNB,1.63,8.7,8.186481960724615,,0.7731917864737059,51364,1,,0,16.16,OK,97.39,OK,67.03,OK,-1350.0,Accrual Risk,0.8045151359671626,Asset Light,,Distress Signal,4.793247660514697,,1.7473643329285016,33.11609517063598,48.582995951417004,100.0,97.53859473862869,43.205052478531506,
1009,PNB,Mar 2018,48725,43345,,,8883,33530,581,-19849,-37.0,-12111,-44.0,0.0,1092,167.0,6402,53777,2673,63018,255,10,2413,60340,63018,-24.85582349923037,,-184.36596133353632,,-19.218318575645053,PNB,1.63,8.7,8.186481960724615,,0.7731917864737059,51364,1,,0,16.16,OK,97.39,OK,67.03,OK,-1350.0,Accrual Risk,0.8045151359671626,Asset Light,,Distress Signal,4.793247660514697,,1.7473643329285016,33.11609517063598,48.582995951417004,100.0,97.53859473862869,43.205052478531506,
1009,PNB,Mar 2018,48725,43345,,,8883,33530,581,-19849,-37.0,-12111,-44.0,0.0,1104,167.0,6402,53777,2673,63018,255,10,2413,60340,63018,-24.85582349923037,,-184.36596133353632,,-19.218318575645053,PNB,1.63,8.7,8.186481960724615,,0.7731917864737059,51364,1,,0,16.16,OK,97.39,OK,67.03,OK,-1350.0,Accrual Risk,0.8045151359671626,Asset Light,,Distress Signal,4.793247660514697,,1.7473643329285016,33.11609517063598,48.582995951417004,100.0,97.53859473862869,43.205052478531506,
1009,PNB,Mar 2018,48725,43345,,,8883,33530,581,-19849,-37.0,-12111,-44.0,0.0,1104,167.0,6402,53777,2673,63018,255,10,2413,60340,63018,-24.85582349923037,,-184.36596133353632,,-19.218318575645053,PNB,1.63,8.7,8.186481960724615,,0.7731917864737059,51364,1,,0,16.16,OK,97.39,OK,67.03,OK,-1350.0,Accrual Risk,0.8045151359671626,Asset Light,,Distress Signal,4.793247660514697,,1.7473643329285016,33.11609517063598,48.582995951417004,100.0,97.53859473862869,43.205052478531506,
1009,PNB,Mar 2018,48725,43345,,,8883,33530,581,-19849,-37.0,-12111,-44.0,0.0,1104,167.0,6402,53777,2673,63018,255,10,2413,60340,63018,-24.85582349923037,,-184.36596133353632,,-19.218318575645053,PNB,1.63,8.7,8.186481960724615,,0.7731917864737059,51364,1,,0,16.16,OK,97.39,OK,67.03,OK,-1350.0,Accrual Risk,0.8045151359671626,Asset Light,,Distress Signal,4.793247660514697,,1.7473643329285016,33.11609517063598,48.582995951417004,100.0,97.53859473862869,43.205052478531506,
1009,PNB,Mar 2018,48725,43345,,,8883,33530,581,-19849,-37.0,-12111,-44.0,0.0,1104,167.0,6402,53777,2673,63018,255,10,2413,60340,63018,-24.85582349923037,,-184.36596133353632,,-19.218318575645053,PNB,1.63,8.7,8.186481960724615,,0.7731917864737059,51364,1,,0,16.16,OK,97.39,OK,67.03,OK,-1350.0,Accrual Risk,0.8045151359671626,Asset Light,,Distress Signal,4.793247660514697,,1.7473643329285016,33.11609517063598,48.582995951417004,100.0,97.53859473862869,43.205052478531506,
1009,PNB,Mar 2018,48725,43345,,,8883,33530,581,-19849,-37.0,-12111,-44.0,0.0,1104,167.0,6402,53777,2673,63018,255,10,2413,60340,63018,-24.85582349923037,,-184.36596133353632,,-19.218318575645053,PNB,1.63,8.7,8.186481960724615,,0.7731917864737059,51364,1,,0,16.16,OK,97.39,OK,67.03,OK,-1350.0,Accrual Risk,0.8045151359671626,Asset Light,,Distress Signal,4.793247660514697,,1.7473643329285016,33.11609517063598,48.582995951417004,100.0,97.53859473862869,43.205052478531506,
1009,PNB,Mar 2018,48725,43345,,,8883,33530,581,-19849,-37.0,-12111,-44.0,0.0,1116,167.0,6402,53777,2673,63018,255,10,2413,60340,63018,-24.85582349923037,,-184.36596133353632,,-19.218318575645053,PNB,1.63,8.7,8.186481960724615,,0.7731917864737059,51364,1,,0,16.16,OK,97.39,OK,67.03,OK,-1350.0,Accrual Risk,0.8045151359671626,Asset Light,,Distress Signal,4.793247660514697,,1.7473643329285016,33.11609517063598,48.582995951417004,100.0,97.53859473862869,43.205052478531506,
1009,PNB,Mar 2018,48725,43345,,,8883,33530,581,-19849,-37.0,-12111,-44.0,0.0,1116,167.0,6402,53777,2673,63018,255,10,2413,60340,63018,-24.85582349923037,,-184.36596133353632,,-19.218318575645053,PNB,1.63,8.7,8.186481960724615,,0.7731917864737059,51364,1,,0,16.16,OK,97.39,OK,67.03,OK,-1350.0,Accrual Risk,0.8045151359671626,Asset Light,,Distress Signal,4.793247660514697,,1.7473643329285016,33.11609517063598,48.582995951417004,100.0,97.53859473862869,43.205052478531506,
1009,PNB,Mar 2018,48725,43345,,,8883,33530,581,-19849,-37.0,-12111,-44.0,0.0,1116,167.0,6402,53777,2673,63018,255,10,2413,60340,63018,-24.85582349923037,,-184.36596133353632,,-19.218318575645053,PNB,1.63,8.7,8.186481960724615,,0.7731917864737059,51364,1,,0,16.16,OK,97.39,OK,67.03,OK,-1350.0,Accrual Risk,0.8045151359671626,Asset Light,,Distress Signal,4.793247660514697,,1.7473643329285016,33.11609517063598,48.582995951417004,100.0,97.53859473862869,43.205052478531506,
1009,PNB,Mar 2018,48725,43345,,,8883,33530,581,-19849,-37.0,-12111,-44.0,0.0,1116,167.0,6402,53777,2673,63018,255,10,2413,60340,63018,-24.85582349923037,,-184.36596133353632,,-19.218318575645053,PNB,1.63,8.7,8.186481960724615,,0.7731917864737059,51364,1,,0,16.16,OK,97.39,OK,67.03,OK,-1350.0,Accrual Risk,0.8045151359671626,Asset Light,,Distress Signal,4.793247660514697,,1.7473643329285016,33.11609517063598,48.582995951417004,100.0,97.53859473862869,43.205052478531506,
1009,PNB,Mar 2018,48725,43345,,,8883,33530,581,-19849,-37.0,-12111,-44.0,0.0,1116,167.0,6402,53777,2673,63018,255,10,2413,60340,63018,-24.85582349923037,,-184.36596133353632,,-19.218318575645053,PNB,1.63,8.7,8.186481960724615,,0.7731917864737059,51364,1,,0,16.16,OK,97.39,OK,67.03,OK,-1350.0,Accrual Risk,0.8045151359671626,Asset Light,,Distress Signal,4.793247660514697,,1.7473643329285016,33.11609517063598,48.582995951417004,100.0,97.53859473862869,43.205052478531506,
1009,PNB,Mar 2018,48725,43345,,,8883,33530,581,-19849,-37.0,-12111,-44.0,0.0,1128,167.0,6402,53777,2673,63018,255,10,2413,60340,63018,-24.85582349923037,,-184.36596133353632,,-19.218318575645053,PNB,1.63,8.7,8.186481960724615,,0.7731917864737059,51364,1,,0,16.16,OK,97.39,OK,67.03,OK,-1350.0,Accrual Risk,0.8045151359671626,Asset Light,,Distress Signal,4.793247660514697,,1.7473643329285016,33.11609517063598,48.582995951417004,100.0,97.53859473862869,43.205052478531506,
1009,PNB,Mar 2018,48725,43345,,,8883,33530,581,-19849,-37.0,-12111,-44.0,0.0,1128,167.0,6402,53777,2673,63018,255,10,2413,60340,63018,-24.85582349923037,,-184.36596133353632,,-19.218318575645053,PNB,1.63,8.7,8.186481960724615,,0.7731917864737059,51364,1,,0,16.16,OK,97.39,OK,67.03,OK,-1350.0,Accrual Risk,0.8045151359671626,Asset Light,,Distress Signal,4.793247660514697,,1.7473643329285016,33.11609517063598,48.582995951417004,100.0,97.53859473862869,43.205052478531506,
1009,PNB,Mar 2018,48725,43345,,,8883,33530,581,-19849,-37.0,-12111,-44.0,0.0,1128,167.0,6402,53777,2673,63018,255,10,2413,60340,63018,-24.85582349923037,,-184.36596133353632,,-19.218318575645053,PNB,1.63,8.7,8.186481960724615,,0.7731917864737059,51364,1,,0,16.16,OK,97.39,OK,67.03,OK,-1350.0,Accrual Risk,0.8045151359671626,Asset Light,,Distress Signal,4.793247660514697,,1.7473643329285016,33.11609517063598,48.582995951417004,100.0,97.53859473862869,43.205052478531506,
1009,PNB,Mar 2018,48725,43345,,,8883,33530,581,-19849,-37.0,-12111,-44.0,0.0,1128,167.0,6402,53777,2673,63018,255,10,2413,60340,63018,-24.85582349923037,,-184.36596133353632,,-19.218318575645053,PNB,1.63,8.7,8.186481960724615,,0.7731917864737059,51364,1,,0,16.16,OK,97.39,OK,67.03,OK,-1350.0,Accrual Risk,0.8045151359671626,Asset Light,,Distress Signal,4.793247660514697,,1.7473643329285016,33.11609517063598,48.582995951417004,100.0,97.53859473862869,43.205052478531506,
1009,PNB,Mar 2018,48725,43345,,,8883,33530,581,-19849,-37.0,-12111,-44.0,0.0,1128,167.0,6402,53777,2673,63018,255,10,2413,60340,63018,-24.85582349923037,,-184.36596133353632,,-19.218318575645053,PNB,1.63,8.7,8.186481960724615,,0.7731917864737059,51364,1,,0,16.16,OK,97.39,OK,67.03,OK,-1350.0,Accrual Risk,0.8045151359671626,Asset Light,,Distress Signal,4.793247660514697,,1.7473643329285016,33.11609517063598,48.582995951417004,100.0,97.53859473862869,43.205052478531506,
1010,PNB,Mar 2019,52147,39645,,,7367,34656,584,-15370,-35.0,-9550,-21.0,0.0,1081,167.0,7268,71859,4456,83750,102,5,4457,79185,83750,-18.31361343893225,,-128.4465366509751,,-11.402985074626866,PNB,1.63,8.7,9.664963012777404,,0.6226507462686567,67402,1,,0,16.16,OK,97.39,OK,67.03,OK,-34161.0,High Quality,1.2062055343548046,Asset Light,,Growth Funded by Debt,5.0878625950106215,,2.4084217709669056,23.591193580975162,48.582995951417004,100.0,97.09406422383373,43.205052478531506,
1010,PNB,Mar 2019,52147,39645,,,7367,34656,584,-15370,-35.0,-9550,-21.0,0.0,1081,167.0,7268,71859,4456,83750,102,5,4457,79185,83750,-18.31361343893225,,-128.4465366509751,,-11.402985074626866,PNB,1.63,8.7,9.664963012777404,,0.6226507462686567,67402,1,,0,16.16,OK,97.39,OK,67.03,OK,-34161.0,High Quality,1.2062055343548046,Asset Light,,Growth Funded by Debt,5.0878625950106215,,2.4084217709669056,23.591193580975162,48.582995951417004,100.0,97.09406422383373,43.205052478531506,
1010,PNB,Mar 2019,52147,39645,,,7367,34656,584,-15370,-35.0,-9550,-21.0,0.0,1081,167.0,7268,71859,4456,83750,102,5,4457,79185,83750,-18.31361343893225,,-128.4465366509751,,-11.402985074626866,PNB,1.63,8.7,9.664963012777404,,0.6226507462686567,67402,1,,0,16.16,OK,97.39,OK,67.03,OK,-34161.0,High Quality,1.2062055343548046,Asset Light,,Growth Funded by Debt,5.0878625950106215,,2.4084217709669056,23.591193580975162,48.582995951417004,100.0,97.09406422383373,43.205052478531506,
1010,PNB,Mar 2019,52147,39645,,,7367,34656,584,-15370,-35.0,-9550,-21.0,0.0,1081,167.0,7268,71859,4456,83750,102,5,4457,79185,83750,-18.31361343893225,,-128.4465366509751,,-11.402985074626866,PNB,1.63,8.7,9.664963012777404,,0.6226507462686567,67402,1,,0,16.16,OK,97.39,OK,67.03,OK,-34161.0,High Quality,1.2062055343548046,Asset Light,,Growth Funded by Debt,5.0878625950106215,,2.4084217709669056,23.591193580975162,48.582995951417004,100.0,97.09406422383373,43.205052478531506,
1010,PNB,Mar 2019,52147,39645,,,7367,34656,584,-15370,-35.0,-9550,-21.0,0.0,1081,167.0,7268,71859,4456,83750,102,5,4457,79185,83750,-18.31361343893225,,-128.4465366509751,,-11.402985074626866,PNB,1.63,8.7,9.664963012777404,,0.6226507462686567,67402,1,,0,16.16,OK,97.39,OK,67.03,OK,-34161.0,High Quality,1.2062055343548046,Asset Light,,Growth Funded by Debt,5.0878625950106215,,2.4084217709669056,23.591193580975162,48.582995951417004,100.0,97.09406422383373,43.205052478531506,
1010,PNB,Mar 2019,52147,39645,,,7367,34656,584,-15370,-35.0,-9550,-21.0,0.0,1093,167.0,7268,71859,4456,83750,102,5,4457,79185,83750,-18.31361343893225,,-128.4465366509751,,-11.402985074626866,PNB,1.63,8.7,9.664963012777404,,0.6226507462686567,67402,1,,0,16.16,OK,97.39,OK,67.03,OK,-34161.0,High Quality,1.2062055343548046,Asset Light,,Growth Funded by Debt,5.0878625950106215,,2.4084217709669056,23.591193580975162,48.582995951417004,100.0,97.09406422383373,43.205052478531506,
1010,PNB,Mar 2019,52147,39645,,,7367,34656,584,-15370,-35.0,-9550,-21.0,0.0,1093,167.0,7268,71859,4456,83750,102,5,4457,79185,83750,-18.31361343893225,,-128.4465366509751,,-11.402985074626866,PNB,1.63,8.7,9.664963012777404,,0.6226507462686567,67402,1,,0,16.16,OK,97.39,OK,67.03,OK,-34161.0,High Quality,1.2062055343548046,Asset Light,,Growth Funded by Debt,5.0878625950106215,,2.4084217709669056,23.591193580975162,48.582995951417004,100.0,97.09406422383373,43.205052478531506,
1010,PNB,Mar 2019,52147,39645,,,7367,34656,584,-15370,-35.0,-9550,-21.0,0.0,1093,167.0,7268,71859,4456,83750,102,5,4457,79185,83750,-18.31361343893225,,-128.4465366509751,,-11.402985074626866,PNB,1.63,8.7,9.664963012777404,,0.6226507462686567,67402,1,,0,16.16,OK,97.39,OK,67.03,OK,-34161.0,High Quality,1.2062055343548046,Asset Light,,Growth Funded by Debt,5.0878625950106215,,2.4084217709669056,23.591193580975162,48.582995951417004,100.0,97.09406422383373,43.205052478531506,
1010,PNB,Mar 2019,52147,39645,,,7367,34656,584,-15370,-35.0,-9550,-21.0,0.0,1093,167.0,7268,71859,4456,83750,102,5,4457,79185,83750,-18.31361343893225,,-128.4465366509751,,-11.402985074626866,PNB,1.63,8.7,9.664963012777404,,0.6226507462686567,67402,1,,0,16.16,OK,97.39,OK,67.03,OK,-34161.0,High Quality,1.2062055343548046,Asset Light,,Growth Funded by Debt,5.0878625950106215,,2.4084217709669056,23.591193580975162,48.582995951417004,100.0,97.09406422383373,43.205052478531506,
1010,PNB,Mar 2019,52147,39645,,,7367,34656,584,-15370,-35.0,-9550,-21.0,0.0,1093,167.0,7268,71859,4456,83750,102,5,4457,79185,83750,-18.31361343893225,,-128.4465366509751,,-11.402985074626866,PNB,1.63,8.7,9.664963012777404,,0.6226507462686567,67402,1,,0,16.16,OK,97.39,OK,67.03,OK,-34161.0,High Quality,1.2062055343548046,Asset Light,,Growth Funded by Debt,5.0878625950106215,,2.4084217709669056,23.591193580975162,48.582995951417004,100.0,97.09406422383373,43.205052478531506,
1010,PNB,Mar 2019,52147,39645,,,7367,34656,584,-15370,-35.0,-9550,-21.0,0.0,1105,167.0,7268,71859,4456,83750,102,5,4457,79185,83750,-18.31361343893225,,-128.4465366509751,,-11.402985074626866,PNB,1.63,8.7,9.664963012777404,,0.6226507462686567,67402,1,,0,16.16,OK,97.39,OK,67.03,OK,-34161.0,High Quality,1.2062055343548046,Asset Light,,Growth Funded by Debt,5.0878625950106215,,2.4084217709669056,23.591193580975162,48.582995951417004,100.0,97.09406422383373,43.205052478531506,
1010,PNB,Mar 2019,52147,39645,,,7367,34656,584,-15370,-35.0,-9550,-21.0,0.0,1105,167.0,7268,71859,4456,83750,102,5,4457,79185,83750,-18.31361343893225,,-128.4465366509751,,-11.402985074626866,PNB,1.63,8.7,9.664963012777404,,0.6226507462686567,67402,1,,0,16.16,OK,97.39,OK,67.03,OK,-34161.0,High Quality,1.2062055343548046,Asset Light,,Growth Funded by Debt,5.0878625950106215,,2.4084217709669056,23.591193580975162,48.582995951417004,100.0,97.09406422383373,43.205052478531506,
1010,PNB,Mar 2019,52147,39645,,,7367,34656,584,-15370,-35.0,-9550,-21.0,0.0,1105,167.0,7268,71859,4456,83750,102,5,4457,79185,83750,-18.31361343893225,,-128.4465366509751,,-11.402985074626866,PNB,1.63,8.7,9.664963012777404,,0.6226507462686567,67402,1,,0,16.16,OK,97.39,OK,67.03,OK,-34161.0,High Quality,1.2062055343548046,Asset Light,,Growth Funded by Debt,5.0878625950106215,,2.4084217709669056,23.591193580975162,48.582995951417004,100.0,97.09406422383373,43.205052478531506,
1010,PNB,Mar 2019,52147,39645,,,7367,34656,584,-15370,-35.0,-9550,-21.0,0.0,1105,167.0,7268,71859,4456,83750,102,5,4457,79185,83750,-18.31361343893225,,-128.4465366509751,,-11.402985074626866,PNB,1.63,8.7,9.664963012777404,,0.6226507462686567,67402,1,,0,16.16,OK,97.39,OK,67.03,OK,-34161.0,High Quality,1.2062055343548046,Asset Light,,Growth Funded by Debt,5.0878625950106215,,2.4084217709669056,23.591193580975162,48.582995951417004,100.0,97.09406422383373,43.205052478531506,
1010,PNB,Mar 2019,52147,39645,,,7367,34656,584,-15370,-35.0,-9550,-21.0,0.0,1105,167.0,7268,71859,4456,83750,102,5,4457,79185,83750,-18.31361343893225,,-128.4465366509751,,-11.402985074626866,PNB,1.63,8.7,9.664963012777404,,0.6226507462686567,67402,1,,0,16.16,OK,97.39,OK,67.03,OK,-34161.0,High Quality,1.2062055343548046,Asset Light,,Growth Funded by Debt,5.0878625950106215,,2.4084217709669056,23.591193580975162,48.582995951417004,100.0,97.09406422383373,43.205052478531506,
1010,PNB,Mar 2019,52147,39645,,,7367,34656,584,-15370,-35.0,-9550,-21.0,0.0,1117,167.0,7268,71859,4456,83750,102,5,4457,79185,83750,-18.31361343893225,,-128.4465366509751,,-11.402985074626866,PNB,1.63,8.7,9.664963012777404,,0.6226507462686567,67402,1,,0,16.16,OK,97.39,OK,67.03,OK,-34161.0,High Quality,1.2062055343548046,Asset Light,,Growth Funded by Debt,5.0878625950106215,,2.4084217709669056,23.591193580975162,48.582995951417004,100.0,97.09406422383373,43.205052478531506,
1010,PNB,Mar 2019,52147,39645,,,7367,34656,584,-15370,-35.0,-9550,-21.0,0.0,1117,167.0,7268,71859,4456,83750,102,5,4457,79185,83750,-18.31361343893225,,-128.4465366509751,,-11.402985074626866,PNB,1.63,8.7,9.664963012777404,,0.6226507462686567,67402,1,,0,16.16,OK,97.39,OK,67.03,OK,-34161.0,High Quality,1.2062055343548046,Asset Light,,Growth Funded by Debt,5.0878625950106215,,2.4084217709669056,23.591193580975162,48.582995951417004,100.0,97.09406422383373,43.205052478531506,
1010,PNB,Mar 2019,52147,39645,,,7367,34656,584,-15370,-35.0,-9550,-21.0,0.0,1117,167.0,7268,71859,4456,83750,102,5,4457,79185,83750,-18.31361343893225,,-128.4465366509751,,-11.402985074626866,PNB,1.63,8.7,9.664963012777404,,0.6226507462686567,67402,1,,0,16.16,OK,97.39,OK,67.03,OK,-34161.0,High Quality,1.2062055343548046,Asset Light,,Growth Funded by Debt,5.0878625950106215,,2.4084217709669056,23.591193580975162,48.582995951417004,100.0,97.09406422383373,43.205052478531506,
1010,PNB,Mar 2019,52147,39645,,,7367,34656,584,-15370,-35.0,-9550,-21.0,0.0,1117,167.0,7268,71859,4456,83750,102,5,4457,79185,83750,-18.31361343893225,,-128.4465366509751,,-11.402985074626866,PNB,1.63,8.7,9.664963012777404,,0.6226507462686567,67402,1,,0,16.16,OK,97.39,OK,67.03,OK,-34161.0,High Quality,1.2062055343548046,Asset Light,,Growth Funded by Debt,5.0878625950106215,,2.4084217709669056,23.591193580975162,48.582995951417004,100.0,97.09406422383373,43.205052478531506,
1010,PNB,Mar 2019,52147,39645,,,7367,34656,584,-15370,-35.0,-9550,-21.0,0.0,1117,167.0,7268,71859,4456,83750,102,5,4457,79185,83750,-18.31361343893225,,-128.4465366509751,,-11.402985074626866,PNB,1.63,8.7,9.664963012777404,,0.6226507462686567,67402,1,,0,16.16,OK,97.39,OK,67.03,OK,-34161.0,High Quality,1.2062055343548046,Asset Light,,Growth Funded by Debt,5.0878625950106215,,2.4084217709669056,23.591193580975162,48.582995951417004,100.0,97.09406422383373,43.205052478531506,
1010,PNB,Mar 2019,52147,39645,,,7367,34656,584,-15370,-35.0,-9550,-21.0,0.0,1129,167.0,7268,71859,4456,83750,102,5,4457,79185,83750,-18.31361343893225,,-128.4465366509751,,-11.402985074626866,PNB,1.63,8.7,9.664963012777404,,0.6226507462686567,67402,1,,0,16.16,OK,97.39,OK,67.03,OK,-34161.0,High Quality,1.2062055343548046,Asset Light,,Growth Funded by Debt,5.0878625950106215,,2.4084217709669056,23.591193580975162,48.582995951417004,100.0,97.09406422383373,43.205052478531506,
1010,PNB,Mar 2019,52147,39645,,,7367,34656,584,-15370,-35.0,-9550,-21.0,0.0,1129,167.0,7268,71859,4456,83750,102,5,4457,79185,83750,-18.31361343893225,,-128.4465366509751,,-11.402985074626866,PNB,1.63,8.7,9.664963012777404,,0.6226507462686567,67402,1,,0,16.16,OK,97.39,OK,67.03,OK,-34161.0,High Quality,1.2062055343548046,Asset Light,,Growth Funded by Debt,5.0878625950106215,,2.4084217709669056,23.591193580975162,48.582995951417004,100.0,97.09406422383373,43.205052478531506,
1010,PNB,Mar 2019,52147,39645,,,7367,34656,584,-15370,-35.0,-9550,-21.0,0.0,1129,167.0,7268,71859,4456,83750,102,5,4457,79185,83750,-18.31361343893225,,-128.4465366509751,,-11.402985074626866,PNB,1.63,8.7,9.664963012777404,,0.6226507462686567,67402,1,,0,16.16,OK,97.39,OK,67.03,OK,-34161.0,High Quality,1.2062055343548046,Asset Light,,Growth Funded by Debt,5.0878625950106215,,2.4084217709669056,23.591193580975162,48.582995951417004,100.0,97.09406422383373,43.205052478531506,
1010,PNB,Mar 2019,52147,39645,,,7367,34656,584,-15370,-35.0,-9550,-21.0,0.0,1129,167.0,7268,71859,4456,83750,102,5,4457,79185,83750,-18.31361343893225,,-128.4465366509751,,-11.402985074626866,PNB,1.63,8.7,9.664963012777404,,0.6226507462686567,67402,1,,0,16.16,OK,97.39,OK,67.03,OK,-34161.0,High Quality,1.2062055343548046,Asset Light,,Growth Funded by Debt,5.0878625950106215,,2.4084217709669056,23.591193580975162,48.582995951417004,100.0,97.09406422383373,43.205052478531506,
1010,PNB,Mar 2019,52147,39645,,,7367,34656,584,-15370,-35.0,-9550,-21.0,0.0,1129,167.0,7268,71859,4456,83750,102,5,4457,79185,83750,-18.31361343893225,,-128.4465366509751,,-11.402985074626866,PNB,1.63,8.7,9.664963012777404,,0.6226507462686567,67402,1,,0,16.16,OK,97.39,OK,67.03,OK,-34161.0,High Quality,1.2062055343548046,Asset Light,,Growth Funded by Debt,5.0878625950106215,,2.4084217709669056,23.591193580975162,48.582995951417004,100.0,97.09406422383373,43.205052478531506,
1011,PNB,Mar 2020,54918,25867,,,9388,36997,614,827,56.0,485,1.0,0.0,1082,168.0,7779,67736,3191,78874,250,4,2048,76572,78874,0.883134855602899,,6.1029319239964765,,0.6149047848467175,PNB,1.63,8.7,8.523467975336604,,0.6962750716332379,65688,1,,0,16.16,OK,97.39,OK,67.03,OK,-13131.0,Accrual Risk,0.6154630540077934,Asset Light,,Growth Funded by Debt,5.796744760657055,,4.348156681538583,29.696118162078054,48.582995951417004,100.0,97.43727415264878,43.205052478531506,
1011,PNB,Mar 2020,54918,25867,,,9388,36997,614,827,56.0,485,1.0,0.0,1082,168.0,7779,67736,3191,78874,250,4,2048,76572,78874,0.883134855602899,,6.1029319239964765,,0.6149047848467175,PNB,1.63,8.7,8.523467975336604,,0.6962750716332379,65688,1,,0,16.16,OK,97.39,OK,67.03,OK,-13131.0,Accrual Risk,0.6154630540077934,Asset Light,,Growth Funded by Debt,5.796744760657055,,4.348156681538583,29.696118162078054,48.582995951417004,100.0,97.43727415264878,43.205052478531506,
1011,PNB,Mar 2020,54918,25867,,,9388,36997,614,827,56.0,485,1.0,0.0,1082,168.0,7779,67736,3191,78874,250,4,2048,76572,78874,0.883134855602899,,6.1029319239964765,,0.6149047848467175,PNB,1.63,8.7,8.523467975336604,,0.6962750716332379,65688,1,,0,16.16,OK,97.39,OK,67.03,OK,-13131.0,Accrual Risk,0.6154630540077934,Asset Light,,Growth Funded by Debt,5.796744760657055,,4.348156681538583,29.696118162078054,48.582995951417004,100.0,97.43727415264878,43.205052478531506,
1011,PNB,Mar 2020,54918,25867,,,9388,36997,614,827,56.0,485,1.0,0.0,1082,168.0,7779,67736,3191,78874,250,4,2048,76572,78874,0.883134855602899,,6.1029319239964765,,0.6149047848467175,PNB,1.63,8.7,8.523467975336604,,0.6962750716332379,65688,1,,0,16.16,OK,97.39,OK,67.03,OK,-13131.0,Accrual Risk,0.6154630540077934,Asset Light,,Growth Funded by Debt,5.796744760657055,,4.348156681538583,29.696118162078054,48.582995951417004,100.0,97.43727415264878,43.205052478531506,
1011,PNB,Mar 2020,54918,25867,,,9388,36997,614,827,56.0,485,1.0,0.0,1082,168.0,7779,67736,3191,78874,250,4,2048,76572,78874,0.883134855602899,,6.1029319239964765,,0.6149047848467175,PNB,1.63,8.7,8.523467975336604,,0.6962750716332379,65688,1,,0,16.16,OK,97.39,OK,67.03,OK,-13131.0,Accrual Risk,0.6154630540077934,Asset Light,,Growth Funded by Debt,5.796744760657055,,4.348156681538583,29.696118162078054,48.582995951417004,100.0,97.43727415264878,43.205052478531506,
1011,PNB,Mar 2020,54918,25867,,,9388,36997,614,827,56.0,485,1.0,0.0,1094,168.0,7779,67736,3191,78874,250,4,2048,76572,78874,0.883134855602899,,6.1029319239964765,,0.6149047848467175,PNB,1.63,8.7,8.523467975336604,,0.6962750716332379,65688,1,,0,16.16,OK,97.39,OK,67.03,OK,-13131.0,Accrual Risk,0.6154630540077934,Asset Light,,Growth Funded by Debt,5.796744760657055,,4.348156681538583,29.696118162078054,48.582995951417004,100.0,97.43727415264878,43.205052478531506,
1011,PNB,Mar 2020,54918,25867,,,9388,36997,614,827,56.0,485,1.0,0.0,1094,168.0,7779,67736,3191,78874,250,4,2048,76572,78874,0.883134855602899,,6.1029319239964765,,0.6149047848467175,PNB,1.63,8.7,8.523467975336604,,0.6962750716332379,65688,1,,0,16.16,OK,97.39,OK,67.03,OK,-13131.0,Accrual Risk,0.6154630540077934,Asset Light,,Growth Funded by Debt,5.796744760657055,,4.348156681538583,29.696118162078054,48.582995951417004,100.0,97.43727415264878,43.205052478531506,
1011,PNB,Mar 2020,54918,25867,,,9388,36997,614,827,56.0,485,1.0,0.0,1094,168.0,7779,67736,3191,78874,250,4,2048,76572,78874,0.883134855602899,,6.1029319239964765,,0.6149047848467175,PNB,1.63,8.7,8.523467975336604,,0.6962750716332379,65688,1,,0,16.16,OK,97.39,OK,67.03,OK,-13131.0,Accrual Risk,0.6154630540077934,Asset Light,,Growth Funded by Debt,5.796744760657055,,4.348156681538583,29.696118162078054,48.582995951417004,100.0,97.43727415264878,43.205052478531506,
1011,PNB,Mar 2020,54918,25867,,,9388,36997,614,827,56.0,485,1.0,0.0,1094,168.0,7779,67736,3191,78874,250,4,2048,76572,78874,0.883134855602899,,6.1029319239964765,,0.6149047848467175,PNB,1.63,8.7,8.523467975336604,,0.6962750716332379,65688,1,,0,16.16,OK,97.39,OK,67.03,OK,-13131.0,Accrual Risk,0.6154630540077934,Asset Light,,Growth Funded by Debt,5.796744760657055,,4.348156681538583,29.696118162078054,48.582995951417004,100.0,97.43727415264878,43.205052478531506,
1011,PNB,Mar 2020,54918,25867,,,9388,36997,614,827,56.0,485,1.0,0.0,1094,168.0,7779,67736,3191,78874,250,4,2048,76572,78874,0.883134855602899,,6.1029319239964765,,0.6149047848467175,PNB,1.63,8.7,8.523467975336604,,0.6962750716332379,65688,1,,0,16.16,OK,97.39,OK,67.03,OK,-13131.0,Accrual Risk,0.6154630540077934,Asset Light,,Growth Funded by Debt,5.796744760657055,,4.348156681538583,29.696118162078054,48.582995951417004,100.0,97.43727415264878,43.205052478531506,
1011,PNB,Mar 2020,54918,25867,,,9388,36997,614,827,56.0,485,1.0,0.0,1106,168.0,7779,67736,3191,78874,250,4,2048,76572,78874,0.883134855602899,,6.1029319239964765,,0.6149047848467175,PNB,1.63,8.7,8.523467975336604,,0.6962750716332379,65688,1,,0,16.16,OK,97.39,OK,67.03,OK,-13131.0,Accrual Risk,0.6154630540077934,Asset Light,,Growth Funded by Debt,5.796744760657055,,4.348156681538583,29.696118162078054,48.582995951417004,100.0,97.43727415264878,43.205052478531506,
1011,PNB,Mar 2020,54918,25867,,,9388,36997,614,827,56.0,485,1.0,0.0,1106,168.0,7779,67736,3191,78874,250,4,2048,76572,78874,0.883134855602899,,6.1029319239964765,,0.6149047848467175,PNB,1.63,8.7,8.523467975336604,,0.6962750716332379,65688,1,,0,16.16,OK,97.39,OK,67.03,OK,-13131.0,Accrual Risk,0.6154630540077934,Asset Light,,Growth Funded by Debt,5.796744760657055,,4.348156681538583,29.696118162078054,48.582995951417004,100.0,97.43727415264878,43.205052478531506,
1011,PNB,Mar 2020,54918,25867,,,9388,36997,614,827,56.0,485,1.0,0.0,1106,168.0,7779,67736,3191,78874,250,4,2048,76572,78874,0.883134855602899,,6.1029319239964765,,0.6149047848467175,PNB,1.63,8.7,8.523467975336604,,0.6962750716332379,65688,1,,0,16.16,OK,97.39,OK,67.03,OK,-13131.0,Accrual Risk,0.6154630540077934,Asset Light,,Growth Funded by Debt,5.796744760657055,,4.348156681538583,29.696118162078054,48.582995951417004,100.0,97.43727415264878,43.205052478531506,
1011,PNB,Mar 2020,54918,25867,,,9388,36997,614,827,56.0,485,1.0,0.0,1106,168.0,7779,67736,3191,78874,250,4,2048,76572,78874,0.883134855602899,,6.1029319239964765,,0.6149047848467175,PNB,1.63,8.7,8.523467975336604,,0.6962750716332379,65688,1,,0,16.16,OK,97.39,OK,67.03,OK,-13131.0,Accrual Risk,0.6154630540077934,Asset Light,,Growth Funded by Debt,5.796744760657055,,4.348156681538583,29.696118162078054,48.582995951417004,100.0,97.43727415264878,43.205052478531506,
1011,PNB,Mar 2020,54918,25867,,,9388,36997,614,827,56.0,485,1.0,0.0,1106,168.0,7779,67736,3191,78874,250,4,2048,76572,78874,0.883134855602899,,6.1029319239964765,,0.6149047848467175,PNB,1.63,8.7,8.523467975336604,,0.6962750716332379,65688,1,,0,16.16,OK,97.39,OK,67.03,OK,-13131.0,Accrual Risk,0.6154630540077934,Asset Light,,Growth Funded by Debt,5.796744760657055,,4.348156681538583,29.696118162078054,48.582995951417004,100.0,97.43727415264878,43.205052478531506,
1011,PNB,Mar 2020,54918,25867,,,9388,36997,614,827,56.0,485,1.0,0.0,1118,168.0,7779,67736,3191,78874,250,4,2048,76572,78874,0.883134855602899,,6.1029319239964765,,0.6149047848467175,PNB,1.63,8.7,8.523467975336604,,0.6962750716332379,65688,1,,0,16.16,OK,97.39,OK,67.03,OK,-13131.0,Accrual Risk,0.6154630540077934,Asset Light,,Growth Funded by Debt,5.796744760657055,,4.348156681538583,29.696118162078054,48.582995951417004,100.0,97.43727415264878,43.205052478531506,
1011,PNB,Mar 2020,54918,25867,,,9388,36997,614,827,56.0,485,1.0,0.0,1118,168.0,7779,67736,3191,78874,250,4,2048,76572,78874,0.883134855602899,,6.1029319239964765,,0.6149047848467175,PNB,1.63,8.7,8.523467975336604,,0.6962750716332379,65688,1,,0,16.16,OK,97.39,OK,67.03,OK,-13131.0,Accrual Risk,0.6154630540077934,Asset Light,,Growth Funded by Debt,5.796744760657055,,4.348156681538583,29.696118162078054,48.582995951417004,100.0,97.43727415264878,43.205052478531506,
1011,PNB,Mar 2020,54918,25867,,,9388,36997,614,827,56.0,485,1.0,0.0,1118,168.0,7779,67736,3191,78874,250,4,2048,76572,78874,0.883134855602899,,6.1029319239964765,,0.6149047848467175,PNB,1.63,8.7,8.523467975336604,,0.6962750716332379,65688,1,,0,16.16,OK,97.39,OK,67.03,OK,-13131.0,Accrual Risk,0.6154630540077934,Asset Light,,Growth Funded by Debt,5.796744760657055,,4.348156681538583,29.696118162078054,48.582995951417004,100.0,97.43727415264878,43.205052478531506,
1011,PNB,Mar 2020,54918,25867,,,9388,36997,614,827,56.0,485,1.0,0.0,1118,168.0,7779,67736,3191,78874,250,4,2048,76572,78874,0.883134855602899,,6.1029319239964765,,0.6149047848467175,PNB,1.63,8.7,8.523467975336604,,0.6962750716332379,65688,1,,0,16.16,OK,97.39,OK,67.03,OK,-13131.0,Accrual Risk,0.6154630540077934,Asset Light,,Growth Funded by Debt,5.796744760657055,,4.348156681538583,29.696118162078054,48.582995951417004,100.0,97.43727415264878,43.205052478531506,
1011,PNB,Mar 2020,54918,25867,,,9388,36997,614,827,56.0,485,1.0,0.0,1118,168.0,7779,67736,3191,78874,250,4,2048,76572,78874,0.883134855602899,,6.1029319239964765,,0.6149047848467175,PNB,1.63,8.7,8.523467975336604,,0.6962750716332379,65688,1,,0,16.16,OK,97.39,OK,67.03,OK,-13131.0,Accrual Risk,0.6154630540077934,Asset Light,,Growth Funded by Debt,5.796744760657055,,4.348156681538583,29.696118162078054,48.582995951417004,100.0,97.43727415264878,43.205052478531506,
1011,PNB,Mar 2020,54918,25867,,,9388,36997,614,827,56.0,485,1.0,0.0,1130,168.0,7779,67736,3191,78874,250,4,2048,76572,78874,0.883134855602899,,6.1029319239964765,,0.6149047848467175,PNB,1.63,8.7,8.523467975336604,,0.6962750716332379,65688,1,,0,16.16,OK,97.39,OK,67.03,OK,-13131.0,Accrual Risk,0.6154630540077934,Asset Light,,Growth Funded by Debt,5.796744760657055,,4.348156681538583,29.696118162078054,48.582995951417004,100.0,97.43727415264878,43.205052478531506,
1011,PNB,Mar 2020,54918,25867,,,9388,36997,614,827,56.0,485,1.0,0.0,1130,168.0,7779,67736,3191,78874,250,4,2048,76572,78874,0.883134855602899,,6.1029319239964765,,0.6149047848467175,PNB,1.63,8.7,8.523467975336604,,0.6962750716332379,65688,1,,0,16.16,OK,97.39,OK,67.03,OK,-13131.0,Accrual Risk,0.6154630540077934,Asset Light,,Growth Funded by Debt,5.796744760657055,,4.348156681538583,29.696118162078054,48.582995951417004,100.0,97.43727415264878,43.205052478531506,
1011,PNB,Mar 2020,54918,25867,,,9388,36997,614,827,56.0,485,1.0,0.0,1130,168.0,7779,67736,3191,78874,250,4,2048,76572,78874,0.883134855602899,,6.1029319239964765,,0.6149047848467175,PNB,1.63,8.7,8.523467975336604,,0.6962750716332379,65688,1,,0,16.16,OK,97.39,OK,67.03,OK,-13131.0,Accrual Risk,0.6154630540077934,Asset Light,,Growth Funded by Debt,5.796744760657055,,4.348156681538583,29.696118162078054,48.582995951417004,100.0,97.43727415264878,43.205052478531506,
1011,PNB,Mar 2020,54918,25867,,,9388,36997,614,827,56.0,485,1.0,0.0,1130,168.0,7779,67736,3191,78874,250,4,2048,76572,78874,0.883134855602899,,6.1029319239964765,,0.6149047848467175,PNB,1.63,8.7,8.523467975336604,,0.6962750716332379,65688,1,,0,16.16,OK,97.39,OK,67.03,OK,-13131.0,Accrual Risk,0.6154630540077934,Asset Light,,Growth Funded by Debt,5.796744760657055,,4.348156681538583,29.696118162078054,48.582995951417004,100.0,97.43727415264878,43.205052478531506,
1011,PNB,Mar 2020,54918,25867,,,9388,36997,614,827,56.0,485,1.0,0.0,1130,168.0,7779,67736,3191,78874,250,4,2048,76572,78874,0.883134855602899,,6.1029319239964765,,0.6149047848467175,PNB,1.63,8.7,8.523467975336604,,0.6962750716332379,65688,1,,0,16.16,OK,97.39,OK,67.03,OK,-13131.0,Accrual Risk,0.6154630540077934,Asset Light,,Growth Funded by Debt,5.796744760657055,,4.348156681538583,29.696118162078054,48.582995951417004,100.0,97.43727415264878,43.205052478531506,
1012,PNB,Mar 2021,81935,38601,,,12777,50805,982,4325,38.0,2695,2.0,0.0,1083,168.0,8699,59394,3072,71333,181,2,2033,69117,71333,3.289192652712516,,30.393594225780983,,3.7780550376403625,PNB,1.63,8.7,6.69831961204466,,1.1486268627423493,57361,1,,0,16.16,OK,97.39,OK,67.03,OK,30163.0,High Quality,0.9605174833709648,Asset Light,,Mixed,5.924721611698132,,4.5912767263659315,42.26419257074513,48.582995951417004,100.0,97.98603610017922,43.205052478531506,
1012,PNB,Mar 2021,81935,38601,,,12777,50805,982,4325,38.0,2695,2.0,0.0,1083,168.0,8699,59394,3072,71333,181,2,2033,69117,71333,3.289192652712516,,30.393594225780983,,3.7780550376403625,PNB,1.63,8.7,6.69831961204466,,1.1486268627423493,57361,1,,0,16.16,OK,97.39,OK,67.03,OK,30163.0,High Quality,0.9605174833709648,Asset Light,,Mixed,5.924721611698132,,4.5912767263659315,42.26419257074513,48.582995951417004,100.0,97.98603610017922,43.205052478531506,
1012,PNB,Mar 2021,81935,38601,,,12777,50805,982,4325,38.0,2695,2.0,0.0,1083,168.0,8699,59394,3072,71333,181,2,2033,69117,71333,3.289192652712516,,30.393594225780983,,3.7780550376403625,PNB,1.63,8.7,6.69831961204466,,1.1486268627423493,57361,1,,0,16.16,OK,97.39,OK,67.03,OK,30163.0,High Quality,0.9605174833709648,Asset Light,,Mixed,5.924721611698132,,4.5912767263659315,42.26419257074513,48.582995951417004,100.0,97.98603610017922,43.205052478531506,
1012,PNB,Mar 2021,81935,38601,,,12777,50805,982,4325,38.0,2695,2.0,0.0,1083,168.0,8699,59394,3072,71333,181,2,2033,69117,71333,3.289192652712516,,30.393594225780983,,3.7780550376403625,PNB,1.63,8.7,6.69831961204466,,1.1486268627423493,57361,1,,0,16.16,OK,97.39,OK,67.03,OK,30163.0,High Quality,0.9605174833709648,Asset Light,,Mixed,5.924721611698132,,4.5912767263659315,42.26419257074513,48.582995951417004,100.0,97.98603610017922,43.205052478531506,
1012,PNB,Mar 2021,81935,38601,,,12777,50805,982,4325,38.0,2695,2.0,0.0,1083,168.0,8699,59394,3072,71333,181,2,2033,69117,71333,3.289192652712516,,30.393594225780983,,3.7780550376403625,PNB,1.63,8.7,6.69831961204466,,1.1486268627423493,57361,1,,0,16.16,OK,97.39,OK,67.03,OK,30163.0,High Quality,0.9605174833709648,Asset Light,,Mixed,5.924721611698132,,4.5912767263659315,42.26419257074513,48.582995951417004,100.0,97.98603610017922,43.205052478531506,
1012,PNB,Mar 2021,81935,38601,,,12777,50805,982,4325,38.0,2695,2.0,0.0,1095,168.0,8699,59394,3072,71333,181,2,2033,69117,71333,3.289192652712516,,30.393594225780983,,3.7780550376403625,PNB,1.63,8.7,6.69831961204466,,1.1486268627423493,57361,1,,0,16.16,OK,97.39,OK,67.03,OK,30163.0,High Quality,0.9605174833709648,Asset Light,,Mixed,5.924721611698132,,4.5912767263659315,42.26419257074513,48.582995951417004,100.0,97.98603610017922,43.205052478531506,
1012,PNB,Mar 2021,81935,38601,,,12777,50805,982,4325,38.0,2695,2.0,0.0,1095,168.0,8699,59394,3072,71333,181,2,2033,69117,71333,3.289192652712516,,30.393594225780983,,3.7780550376403625,PNB,1.63,8.7,6.69831961204466,,1.1486268627423493,57361,1,,0,16.16,OK,97.39,OK,67.03,OK,30163.0,High Quality,0.9605174833709648,Asset Light,,Mixed,5.924721611698132,,4.5912767263659315,42.26419257074513,48.582995951417004,100.0,97.98603610017922,43.205052478531506,
1012,PNB,Mar 2021,81935,38601,,,12777,50805,982,4325,38.0,2695,2.0,0.0,1095,168.0,8699,59394,3072,71333,181,2,2033,69117,71333,3.289192652712516,,30.393594225780983,,3.7780550376403625,PNB,1.63,8.7,6.69831961204466,,1.1486268627423493,57361,1,,0,16.16,OK,97.39,OK,67.03,OK,30163.0,High Quality,0.9605174833709648,Asset Light,,Mixed,5.924721611698132,,4.5912767263659315,42.26419257074513,48.582995951417004,100.0,97.98603610017922,43.205052478531506,
1012,PNB,Mar 2021,81935,38601,,,12777,50805,982,4325,38.0,2695,2.0,0.0,1095,168.0,8699,59394,3072,71333,181,2,2033,69117,71333,3.289192652712516,,30.393594225780983,,3.7780550376403625,PNB,1.63,8.7,6.69831961204466,,1.1486268627423493,57361,1,,0,16.16,OK,97.39,OK,67.03,OK,30163.0,High Quality,0.9605174833709648,Asset Light,,Mixed,5.924721611698132,,4.5912767263659315,42.26419257074513,48.582995951417004,100.0,97.98603610017922,43.205052478531506,
1012,PNB,Mar 2021,81935,38601,,,12777,50805,982,4325,38.0,2695,2.0,0.0,1095,168.0,8699,59394,3072,71333,181,2,2033,69117,71333,3.289192652712516,,30.393594225780983,,3.7780550376403625,PNB,1.63,8.7,6.69831961204466,,1.1486268627423493,57361,1,,0,16.16,OK,97.39,OK,67.03,OK,30163.0,High Quality,0.9605174833709648,Asset Light,,Mixed,5.924721611698132,,4.5912767263659315,42.26419257074513,48.582995951417004,100.0,97.98603610017922,43.205052478531506,
1012,PNB,Mar 2021,81935,38601,,,12777,50805,982,4325,38.0,2695,2.0,0.0,1107,168.0,8699,59394,3072,71333,181,2,2033,69117,71333,3.289192652712516,,30.393594225780983,,3.7780550376403625,PNB,1.63,8.7,6.69831961204466,,1.1486268627423493,57361,1,,0,16.16,OK,97.39,OK,67.03,OK,30163.0,High Quality,0.9605174833709648,Asset Light,,Mixed,5.924721611698132,,4.5912767263659315,42.26419257074513,48.582995951417004,100.0,97.98603610017922,43.205052478531506,
1012,PNB,Mar 2021,81935,38601,,,12777,50805,982,4325,38.0,2695,2.0,0.0,1107,168.0,8699,59394,3072,71333,181,2,2033,69117,71333,3.289192652712516,,30.393594225780983,,3.7780550376403625,PNB,1.63,8.7,6.69831961204466,,1.1486268627423493,57361,1,,0,16.16,OK,97.39,OK,67.03,OK,30163.0,High Quality,0.9605174833709648,Asset Light,,Mixed,5.924721611698132,,4.5912767263659315,42.26419257074513,48.582995951417004,100.0,97.98603610017922,43.205052478531506,
1012,PNB,Mar 2021,81935,38601,,,12777,50805,982,4325,38.0,2695,2.0,0.0,1107,168.0,8699,59394,3072,71333,181,2,2033,69117,71333,3.289192652712516,,30.393594225780983,,3.7780550376403625,PNB,1.63,8.7,6.69831961204466,,1.1486268627423493,57361,1,,0,16.16,OK,97.39,OK,67.03,OK,30163.0,High Quality,0.9605174833709648,Asset Light,,Mixed,5.924721611698132,,4.5912767263659315,42.26419257074513,48.582995951417004,100.0,97.98603610017922,43.205052478531506,
1012,PNB,Mar 2021,81935,38601,,,12777,50805,982,4325,38.0,2695,2.0,0.0,1107,168.0,8699,59394,3072,71333,181,2,2033,69117,71333,3.289192652712516,,30.393594225780983,,3.7780550376403625,PNB,1.63,8.7,6.69831961204466,,1.1486268627423493,57361,1,,0,16.16,OK,97.39,OK,67.03,OK,30163.0,High Quality,0.9605174833709648,Asset Light,,Mixed,5.924721611698132,,4.5912767263659315,42.26419257074513,48.582995951417004,100.0,97.98603610017922,43.205052478531506,
1012,PNB,Mar 2021,81935,38601,,,12777,50805,982,4325,38.0,2695,2.0,0.0,1107,168.0,8699,59394,3072,71333,181,2,2033,69117,71333,3.289192652712516,,30.393594225780983,,3.7780550376403625,PNB,1.63,8.7,6.69831961204466,,1.1486268627423493,57361,1,,0,16.16,OK,97.39,OK,67.03,OK,30163.0,High Quality,0.9605174833709648,Asset Light,,Mixed,5.924721611698132,,4.5912767263659315,42.26419257074513,48.582995951417004,100.0,97.98603610017922,43.205052478531506,
1012,PNB,Mar 2021,81935,38601,,,12777,50805,982,4325,38.0,2695,2.0,0.0,1119,168.0,8699,59394,3072,71333,181,2,2033,69117,71333,3.289192652712516,,30.393594225780983,,3.7780550376403625,PNB,1.63,8.7,6.69831961204466,,1.1486268627423493,57361,1,,0,16.16,OK,97.39,OK,67.03,OK,30163.0,High Quality,0.9605174833709648,Asset Light,,Mixed,5.924721611698132,,4.5912767263659315,42.26419257074513,48.582995951417004,100.0,97.98603610017922,43.205052478531506,
1012,PNB,Mar 2021,81935,38601,,,12777,50805,982,4325,38.0,2695,2.0,0.0,1119,168.0,8699,59394,3072,71333,181,2,2033,69117,71333,3.289192652712516,,30.393594225780983,,3.7780550376403625,PNB,1.63,8.7,6.69831961204466,,1.1486268627423493,57361,1,,0,16.16,OK,97.39,OK,67.03,OK,30163.0,High Quality,0.9605174833709648,Asset Light,,Mixed,5.924721611698132,,4.5912767263659315,42.26419257074513,48.582995951417004,100.0,97.98603610017922,43.205052478531506,
1012,PNB,Mar 2021,81935,38601,,,12777,50805,982,4325,38.0,2695,2.0,0.0,1119,168.0,8699,59394,3072,71333,181,2,2033,69117,71333,3.289192652712516,,30.393594225780983,,3.7780550376403625,PNB,1.63,8.7,6.69831961204466,,1.1486268627423493,57361,1,,0,16.16,OK,97.39,OK,67.03,OK,30163.0,High Quality,0.9605174833709648,Asset Light,,Mixed,5.924721611698132,,4.5912767263659315,42.26419257074513,48.582995951417004,100.0,97.98603610017922,43.205052478531506,
1012,PNB,Mar 2021,81935,38601,,,12777,50805,982,4325,38.0,2695,2.0,0.0,1119,168.0,8699,59394,3072,71333,181,2,2033,69117,71333,3.289192652712516,,30.393594225780983,,3.7780550376403625,PNB,1.63,8.7,6.69831961204466,,1.1486268627423493,57361,1,,0,16.16,OK,97.39,OK,67.03,OK,30163.0,High Quality,0.9605174833709648,Asset Light,,Mixed,5.924721611698132,,4.5912767263659315,42.26419257074513,48.582995951417004,100.0,97.98603610017922,43.205052478531506,
1012,PNB,Mar 2021,81935,38601,,,12777,50805,982,4325,38.0,2695,2.0,0.0,1119,168.0,8699,59394,3072,71333,181,2,2033,69117,71333,3.289192652712516,,30.393594225780983,,3.7780550376403625,PNB,1.63,8.7,6.69831961204466,,1.1486268627423493,57361,1,,0,16.16,OK,97.39,OK,67.03,OK,30163.0,High Quality,0.9605174833709648,Asset Light,,Mixed,5.924721611698132,,4.5912767263659315,42.26419257074513,48.582995951417004,100.0,97.98603610017922,43.205052478531506,
1012,PNB,Mar 2021,81935,38601,,,12777,50805,982,4325,38.0,2695,2.0,0.0,1131,168.0,8699,59394,3072,71333,181,2,2033,69117,71333,3.289192652712516,,30.393594225780983,,3.7780550376403625,PNB,1.63,8.7,6.69831961204466,,1.1486268627423493,57361,1,,0,16.16,OK,97.39,OK,67.03,OK,30163.0,High Quality,0.9605174833709648,Asset Light,,Mixed,5.924721611698132,,4.5912767263659315,42.26419257074513,48.582995951417004,100.0,97.98603610017922,43.205052478531506,
1012,PNB,Mar 2021,81935,38601,,,12777,50805,982,4325,38.0,2695,2.0,0.0,1131,168.0,8699,59394,3072,71333,181,2,2033,69117,71333,3.289192652712516,,30.393594225780983,,3.7780550376403625,PNB,1.63,8.7,6.69831961204466,,1.1486268627423493,57361,1,,0,16.16,OK,97.39,OK,67.03,OK,30163.0,High Quality,0.9605174833709648,Asset Light,,Mixed,5.924721611698132,,4.5912767263659315,42.26419257074513,48.582995951417004,100.0,97.98603610017922,43.205052478531506,
1012,PNB,Mar 2021,81935,38601,,,12777,50805,982,4325,38.0,2695,2.0,0.0,1131,168.0,8699,59394,3072,71333,181,2,2033,69117,71333,3.289192652712516,,30.393594225780983,,3.7780550376403625,PNB,1.63,8.7,6.69831961204466,,1.1486268627423493,57361,1,,0,16.16,OK,97.39,OK,67.03,OK,30163.0,High Quality,0.9605174833709648,Asset Light,,Mixed,5.924721611698132,,4.5912767263659315,42.26419257074513,48.582995951417004,100.0,97.98603610017922,43.205052478531506,
1012,PNB,Mar 2021,81935,38601,,,12777,50805,982,4325,38.0,2695,2.0,0.0,1131,168.0,8699,59394,3072,71333,181,2,2033,69117,71333,3.289192652712516,,30.393594225780983,,3.7780550376403625,PNB,1.63,8.7,6.69831961204466,,1.1486268627423493,57361,1,,0,16.16,OK,97.39,OK,67.03,OK,30163.0,High Quality,0.9605174833709648,Asset Light,,Mixed,5.924721611698132,,4.5912767263659315,42.26419257074513,48.582995951417004,100.0,97.98603610017922,43.205052478531506,
1012,PNB,Mar 2021,81935,38601,,,12777,50805,982,4325,38.0,2695,2.0,0.0,1131,168.0,8699,59394,3072,71333,181,2,2033,69117,71333,3.289192652712516,,30.393594225780983,,3.7780550376403625,PNB,1.63,8.7,6.69831961204466,,1.1486268627423493,57361,1,,0,16.16,OK,97.39,OK,67.03,OK,30163.0,High Quality,0.9605174833709648,Asset Light,,Mixed,5.924721611698132,,4.5912767263659315,42.26419257074513,48.582995951417004,100.0,97.98603610017922,43.205052478531506,
1013,PNB,Mar 2022,76242,36026,,,12329,46823,896,4826,19.0,3908,4.0,18.0,1084,169.0,9632,52961,2888,65649,150,4,3472,62024,65649,5.125783688780462,,39.87348229772472,,5.95287056923944,PNB,1.63,8.7,5.403632282420161,,1.161358131883197,49489,1,,0,16.16,OK,97.39,OK,67.03,OK,18828.0,High Quality,1.5791820781196717,Asset Light,,Mixed,5.974666986122117,,4.776855017774699,38.97368757184826,48.582995951417004,100.0,98.37530590132913,43.205052478531506,
1013,PNB,Mar 2022,76242,36026,,,12329,46823,896,4826,19.0,3908,4.0,18.0,1084,169.0,9632,52961,2888,65649,150,4,3472,62024,65649,5.125783688780462,,39.87348229772472,,5.95287056923944,PNB,1.63,8.7,5.403632282420161,,1.161358131883197,49489,1,,0,16.16,OK,97.39,OK,67.03,OK,18828.0,High Quality,1.5791820781196717,Asset Light,,Mixed,5.974666986122117,,4.776855017774699,38.97368757184826,48.582995951417004,100.0,98.37530590132913,43.205052478531506,
1013,PNB,Mar 2022,76242,36026,,,12329,46823,896,4826,19.0,3908,4.0,18.0,1084,169.0,9632,52961,2888,65649,150,4,3472,62024,65649,5.125783688780462,,39.87348229772472,,5.95287056923944,PNB,1.63,8.7,5.403632282420161,,1.161358131883197,49489,1,,0,16.16,OK,97.39,OK,67.03,OK,18828.0,High Quality,1.5791820781196717,Asset Light,,Mixed,5.974666986122117,,4.776855017774699,38.97368757184826,48.582995951417004,100.0,98.37530590132913,43.205052478531506,
1013,PNB,Mar 2022,76242,36026,,,12329,46823,896,4826,19.0,3908,4.0,18.0,1084,169.0,9632,52961,2888,65649,150,4,3472,62024,65649,5.125783688780462,,39.87348229772472,,5.95287056923944,PNB,1.63,8.7,5.403632282420161,,1.161358131883197,49489,1,,0,16.16,OK,97.39,OK,67.03,OK,18828.0,High Quality,1.5791820781196717,Asset Light,,Mixed,5.974666986122117,,4.776855017774699,38.97368757184826,48.582995951417004,100.0,98.37530590132913,43.205052478531506,
1013,PNB,Mar 2022,76242,36026,,,12329,46823,896,4826,19.0,3908,4.0,18.0,1084,169.0,9632,52961,2888,65649,150,4,3472,62024,65649,5.125783688780462,,39.87348229772472,,5.95287056923944,PNB,1.63,8.7,5.403632282420161,,1.161358131883197,49489,1,,0,16.16,OK,97.39,OK,67.03,OK,18828.0,High Quality,1.5791820781196717,Asset Light,,Mixed,5.974666986122117,,4.776855017774699,38.97368757184826,48.582995951417004,100.0,98.37530590132913,43.205052478531506,
1013,PNB,Mar 2022,76242,36026,,,12329,46823,896,4826,19.0,3908,4.0,18.0,1096,169.0,9632,52961,2888,65649,150,4,3472,62024,65649,5.125783688780462,,39.87348229772472,,5.95287056923944,PNB,1.63,8.7,5.403632282420161,,1.161358131883197,49489,1,,0,16.16,OK,97.39,OK,67.03,OK,18828.0,High Quality,1.5791820781196717,Asset Light,,Mixed,5.974666986122117,,4.776855017774699,38.97368757184826,48.582995951417004,100.0,98.37530590132913,43.205052478531506,
1013,PNB,Mar 2022,76242,36026,,,12329,46823,896,4826,19.0,3908,4.0,18.0,1096,169.0,9632,52961,2888,65649,150,4,3472,62024,65649,5.125783688780462,,39.87348229772472,,5.95287056923944,PNB,1.63,8.7,5.403632282420161,,1.161358131883197,49489,1,,0,16.16,OK,97.39,OK,67.03,OK,18828.0,High Quality,1.5791820781196717,Asset Light,,Mixed,5.974666986122117,,4.776855017774699,38.97368757184826,48.582995951417004,100.0,98.37530590132913,43.205052478531506,
1013,PNB,Mar 2022,76242,36026,,,12329,46823,896,4826,19.0,3908,4.0,18.0,1096,169.0,9632,52961,2888,65649,150,4,3472,62024,65649,5.125783688780462,,39.87348229772472,,5.95287056923944,PNB,1.63,8.7,5.403632282420161,,1.161358131883197,49489,1,,0,16.16,OK,97.39,OK,67.03,OK,18828.0,High Quality,1.5791820781196717,Asset Light,,Mixed,5.974666986122117,,4.776855017774699,38.97368757184826,48.582995951417004,100.0,98.37530590132913,43.205052478531506,
1013,PNB,Mar 2022,76242,36026,,,12329,46823,896,4826,19.0,3908,4.0,18.0,1096,169.0,9632,52961,2888,65649,150,4,3472,62024,65649,5.125783688780462,,39.87348229772472,,5.95287056923944,PNB,1.63,8.7,5.403632282420161,,1.161358131883197,49489,1,,0,16.16,OK,97.39,OK,67.03,OK,18828.0,High Quality,1.5791820781196717,Asset Light,,Mixed,5.974666986122117,,4.776855017774699,38.97368757184826,48.582995951417004,100.0,98.37530590132913,43.205052478531506,
1013,PNB,Mar 2022,76242,36026,,,12329,46823,896,4826,19.0,3908,4.0,18.0,1096,169.0,9632,52961,2888,65649,150,4,3472,62024,65649,5.125783688780462,,39.87348229772472,,5.95287056923944,PNB,1.63,8.7,5.403632282420161,,1.161358131883197,49489,1,,0,16.16,OK,97.39,OK,67.03,OK,18828.0,High Quality,1.5791820781196717,Asset Light,,Mixed,5.974666986122117,,4.776855017774699,38.97368757184826,48.582995951417004,100.0,98.37530590132913,43.205052478531506,
1013,PNB,Mar 2022,76242,36026,,,12329,46823,896,4826,19.0,3908,4.0,18.0,1108,169.0,9632,52961,2888,65649,150,4,3472,62024,65649,5.125783688780462,,39.87348229772472,,5.95287056923944,PNB,1.63,8.7,5.403632282420161,,1.161358131883197,49489,1,,0,16.16,OK,97.39,OK,67.03,OK,18828.0,High Quality,1.5791820781196717,Asset Light,,Mixed,5.974666986122117,,4.776855017774699,38.97368757184826,48.582995951417004,100.0,98.37530590132913,43.205052478531506,
1013,PNB,Mar 2022,76242,36026,,,12329,46823,896,4826,19.0,3908,4.0,18.0,1108,169.0,9632,52961,2888,65649,150,4,3472,62024,65649,5.125783688780462,,39.87348229772472,,5.95287056923944,PNB,1.63,8.7,5.403632282420161,,1.161358131883197,49489,1,,0,16.16,OK,97.39,OK,67.03,OK,18828.0,High Quality,1.5791820781196717,Asset Light,,Mixed,5.974666986122117,,4.776855017774699,38.97368757184826,48.582995951417004,100.0,98.37530590132913,43.205052478531506,
1013,PNB,Mar 2022,76242,36026,,,12329,46823,896,4826,19.0,3908,4.0,18.0,1108,169.0,9632,52961,2888,65649,150,4,3472,62024,65649,5.125783688780462,,39.87348229772472,,5.95287056923944,PNB,1.63,8.7,5.403632282420161,,1.161358131883197,49489,1,,0,16.16,OK,97.39,OK,67.03,OK,18828.0,High Quality,1.5791820781196717,Asset Light,,Mixed,5.974666986122117,,4.776855017774699,38.97368757184826,48.582995951417004,100.0,98.37530590132913,43.205052478531506,
1013,PNB,Mar 2022,76242,36026,,,12329,46823,896,4826,19.0,3908,4.0,18.0,1108,169.0,9632,52961,2888,65649,150,4,3472,62024,65649,5.125783688780462,,39.87348229772472,,5.95287056923944,PNB,1.63,8.7,5.403632282420161,,1.161358131883197,49489,1,,0,16.16,OK,97.39,OK,67.03,OK,18828.0,High Quality,1.5791820781196717,Asset Light,,Mixed,5.974666986122117,,4.776855017774699,38.97368757184826,48.582995951417004,100.0,98.37530590132913,43.205052478531506,
1013,PNB,Mar 2022,76242,36026,,,12329,46823,896,4826,19.0,3908,4.0,18.0,1108,169.0,9632,52961,2888,65649,150,4,3472,62024,65649,5.125783688780462,,39.87348229772472,,5.95287056923944,PNB,1.63,8.7,5.403632282420161,,1.161358131883197,49489,1,,0,16.16,OK,97.39,OK,67.03,OK,18828.0,High Quality,1.5791820781196717,Asset Light,,Mixed,5.974666986122117,,4.776855017774699,38.97368757184826,48.582995951417004,100.0,98.37530590132913,43.205052478531506,
1013,PNB,Mar 2022,76242,36026,,,12329,46823,896,4826,19.0,3908,4.0,18.0,1120,169.0,9632,52961,2888,65649,150,4,3472,62024,65649,5.125783688780462,,39.87348229772472,,5.95287056923944,PNB,1.63,8.7,5.403632282420161,,1.161358131883197,49489,1,,0,16.16,OK,97.39,OK,67.03,OK,18828.0,High Quality,1.5791820781196717,Asset Light,,Mixed,5.974666986122117,,4.776855017774699,38.97368757184826,48.582995951417004,100.0,98.37530590132913,43.205052478531506,
1013,PNB,Mar 2022,76242,36026,,,12329,46823,896,4826,19.0,3908,4.0,18.0,1120,169.0,9632,52961,2888,65649,150,4,3472,62024,65649,5.125783688780462,,39.87348229772472,,5.95287056923944,PNB,1.63,8.7,5.403632282420161,,1.161358131883197,49489,1,,0,16.16,OK,97.39,OK,67.03,OK,18828.0,High Quality,1.5791820781196717,Asset Light,,Mixed,5.974666986122117,,4.776855017774699,38.97368757184826,48.582995951417004,100.0,98.37530590132913,43.205052478531506,
1013,PNB,Mar 2022,76242,36026,,,12329,46823,896,4826,19.0,3908,4.0,18.0,1120,169.0,9632,52961,2888,65649,150,4,3472,62024,65649,5.125783688780462,,39.87348229772472,,5.95287056923944,PNB,1.63,8.7,5.403632282420161,,1.161358131883197,49489,1,,0,16.16,OK,97.39,OK,67.03,OK,18828.0,High Quality,1.5791820781196717,Asset Light,,Mixed,5.974666986122117,,4.776855017774699,38.97368757184826,48.582995951417004,100.0,98.37530590132913,43.205052478531506,
1013,PNB,Mar 2022,76242,36026,,,12329,46823,896,4826,19.0,3908,4.0,18.0,1120,169.0,9632,52961,2888,65649,150,4,3472,62024,65649,5.125783688780462,,39.87348229772472,,5.95287056923944,PNB,1.63,8.7,5.403632282420161,,1.161358131883197,49489,1,,0,16.16,OK,97.39,OK,67.03,OK,18828.0,High Quality,1.5791820781196717,Asset Light,,Mixed,5.974666986122117,,4.776855017774699,38.97368757184826,48.582995951417004,100.0,98.37530590132913,43.205052478531506,
1013,PNB,Mar 2022,76242,36026,,,12329,46823,896,4826,19.0,3908,4.0,18.0,1120,169.0,9632,52961,2888,65649,150,4,3472,62024,65649,5.125783688780462,,39.87348229772472,,5.95287056923944,PNB,1.63,8.7,5.403632282420161,,1.161358131883197,49489,1,,0,16.16,OK,97.39,OK,67.03,OK,18828.0,High Quality,1.5791820781196717,Asset Light,,Mixed,5.974666986122117,,4.776855017774699,38.97368757184826,48.582995951417004,100.0,98.37530590132913,43.205052478531506,
1013,PNB,Mar 2022,76242,36026,,,12329,46823,896,4826,19.0,3908,4.0,18.0,1132,169.0,9632,52961,2888,65649,150,4,3472,62024,65649,5.125783688780462,,39.87348229772472,,5.95287056923944,PNB,1.63,8.7,5.403632282420161,,1.161358131883197,49489,1,,0,16.16,OK,97.39,OK,67.03,OK,18828.0,High Quality,1.5791820781196717,Asset Light,,Mixed,5.974666986122117,,4.776855017774699,38.97368757184826,48.582995951417004,100.0,98.37530590132913,43.205052478531506,
1013,PNB,Mar 2022,76242,36026,,,12329,46823,896,4826,19.0,3908,4.0,18.0,1132,169.0,9632,52961,2888,65649,150,4,3472,62024,65649,5.125783688780462,,39.87348229772472,,5.95287056923944,PNB,1.63,8.7,5.403632282420161,,1.161358131883197,49489,1,,0,16.16,OK,97.39,OK,67.03,OK,18828.0,High Quality,1.5791820781196717,Asset Light,,Mixed,5.974666986122117,,4.776855017774699,38.97368757184826,48.582995951417004,100.0,98.37530590132913,43.205052478531506,
1013,PNB,Mar 2022,76242,36026,,,12329,46823,896,4826,19.0,3908,4.0,18.0,1132,169.0,9632,52961,2888,65649,150,4,3472,62024,65649,5.125783688780462,,39.87348229772472,,5.95287056923944,PNB,1.63,8.7,5.403632282420161,,1.161358131883197,49489,1,,0,16.16,OK,97.39,OK,67.03,OK,18828.0,High Quality,1.5791820781196717,Asset Light,,Mixed,5.974666986122117,,4.776855017774699,38.97368757184826,48.582995951417004,100.0,98.37530590132913,43.205052478531506,
1013,PNB,Mar 2022,76242,36026,,,12329,46823,896,4826,19.0,3908,4.0,18.0,1132,169.0,9632,52961,2888,65649,150,4,3472,62024,65649,5.125783688780462,,39.87348229772472,,5.95287056923944,PNB,1.63,8.7,5.403632282420161,,1.161358131883197,49489,1,,0,16.16,OK,97.39,OK,67.03,OK,18828.0,High Quality,1.5791820781196717,Asset Light,,Mixed,5.974666986122117,,4.776855017774699,38.97368757184826,48.582995951417004,100.0,98.37530590132913,43.205052478531506,
1013,PNB,Mar 2022,76242,36026,,,12329,46823,896,4826,19.0,3908,4.0,18.0,1132,169.0,9632,52961,2888,65649,150,4,3472,62024,65649,5.125783688780462,,39.87348229772472,,5.95287056923944,PNB,1.63,8.7,5.403632282420161,,1.161358131883197,49489,1,,0,16.16,OK,97.39,OK,67.03,OK,18828.0,High Quality,1.5791820781196717,Asset Light,,Mixed,5.974666986122117,,4.776855017774699,38.97368757184826,48.582995951417004,100.0,98.37530590132913,43.205052478531506,
1014,PNB,Mar 2023,86845,41502,,,12529,51817,905,5151,35.0,3359,3.0,21.0,1085,169.0,10784,53621,2231,66805,146,3,3188,63468,66805,3.8678104669238302,,30.667397060166163,,5.02806676146995,PNB,1.63,8.7,4.895553729571807,,1.299977546590824,50433,0,,0,16.16,OK,97.39,OK,67.03,OK,21860.0,High Quality,0.8428809948759284,Asset Light,,Mixed,5.926164158801845,,4.649743147703751,39.853865000754766,48.582995951417004,100.0,98.5280683735572,43.205052478531506,
1014,PNB,Mar 2023,86845,41502,,,12529,51817,905,5151,35.0,3359,3.0,21.0,1085,169.0,10784,53621,2231,66805,146,3,3188,63468,66805,3.8678104669238302,,30.667397060166163,,5.02806676146995,PNB,1.63,8.7,4.895553729571807,,1.299977546590824,50433,0,,0,16.16,OK,97.39,OK,67.03,OK,21860.0,High Quality,0.8428809948759284,Asset Light,,Mixed,5.926164158801845,,4.649743147703751,39.853865000754766,48.582995951417004,100.0,98.5280683735572,43.205052478531506,
1014,PNB,Mar 2023,86845,41502,,,12529,51817,905,5151,35.0,3359,3.0,21.0,1085,169.0,10784,53621,2231,66805,146,3,3188,63468,66805,3.8678104669238302,,30.667397060166163,,5.02806676146995,PNB,1.63,8.7,4.895553729571807,,1.299977546590824,50433,0,,0,16.16,OK,97.39,OK,67.03,OK,21860.0,High Quality,0.8428809948759284,Asset Light,,Mixed,5.926164158801845,,4.649743147703751,39.853865000754766,48.582995951417004,100.0,98.5280683735572,43.205052478531506,
1014,PNB,Mar 2023,86845,41502,,,12529,51817,905,5151,35.0,3359,3.0,21.0,1085,169.0,10784,53621,2231,66805,146,3,3188,63468,66805,3.8678104669238302,,30.667397060166163,,5.02806676146995,PNB,1.63,8.7,4.895553729571807,,1.299977546590824,50433,0,,0,16.16,OK,97.39,OK,67.03,OK,21860.0,High Quality,0.8428809948759284,Asset Light,,Mixed,5.926164158801845,,4.649743147703751,39.853865000754766,48.582995951417004,100.0,98.5280683735572,43.205052478531506,
1014,PNB,Mar 2023,86845,41502,,,12529,51817,905,5151,35.0,3359,3.0,21.0,1085,169.0,10784,53621,2231,66805,146,3,3188,63468,66805,3.8678104669238302,,30.667397060166163,,5.02806676146995,PNB,1.63,8.7,4.895553729571807,,1.299977546590824,50433,0,,0,16.16,OK,97.39,OK,67.03,OK,21860.0,High Quality,0.8428809948759284,Asset Light,,Mixed,5.926164158801845,,4.649743147703751,39.853865000754766,48.582995951417004,100.0,98.5280683735572,43.205052478531506,
1014,PNB,Mar 2023,86845,41502,,,12529,51817,905,5151,35.0,3359,3.0,21.0,1097,169.0,10784,53621,2231,66805,146,3,3188,63468,66805,3.8678104669238302,,30.667397060166163,,5.02806676146995,PNB,1.63,8.7,4.895553729571807,,1.299977546590824,50433,0,,0,16.16,OK,97.39,OK,67.03,OK,21860.0,High Quality,0.8428809948759284,Asset Light,,Mixed,5.926164158801845,,4.649743147703751,39.853865000754766,48.582995951417004,100.0,98.5280683735572,43.205052478531506,
1014,PNB,Mar 2023,86845,41502,,,12529,51817,905,5151,35.0,3359,3.0,21.0,1097,169.0,10784,53621,2231,66805,146,3,3188,63468,66805,3.8678104669238302,,30.667397060166163,,5.02806676146995,PNB,1.63,8.7,4.895553729571807,,1.299977546590824,50433,0,,0,16.16,OK,97.39,OK,67.03,OK,21860.0,High Quality,0.8428809948759284,Asset Light,,Mixed,5.926164158801845,,4.649743147703751,39.853865000754766,48.582995951417004,100.0,98.5280683735572,43.205052478531506,
1014,PNB,Mar 2023,86845,41502,,,12529,51817,905,5151,35.0,3359,3.0,21.0,1097,169.0,10784,53621,2231,66805,146,3,3188,63468,66805,3.8678104669238302,,30.667397060166163,,5.02806676146995,PNB,1.63,8.7,4.895553729571807,,1.299977546590824,50433,0,,0,16.16,OK,97.39,OK,67.03,OK,21860.0,High Quality,0.8428809948759284,Asset Light,,Mixed,5.926164158801845,,4.649743147703751,39.853865000754766,48.582995951417004,100.0,98.5280683735572,43.205052478531506,
1014,PNB,Mar 2023,86845,41502,,,12529,51817,905,5151,35.0,3359,3.0,21.0,1097,169.0,10784,53621,2231,66805,146,3,3188,63468,66805,3.8678104669238302,,30.667397060166163,,5.02806676146995,PNB,1.63,8.7,4.895553729571807,,1.299977546590824,50433,0,,0,16.16,OK,97.39,OK,67.03,OK,21860.0,High Quality,0.8428809948759284,Asset Light,,Mixed,5.926164158801845,,4.649743147703751,39.853865000754766,48.582995951417004,100.0,98.5280683735572,43.205052478531506,
1014,PNB,Mar 2023,86845,41502,,,12529,51817,905,5151,35.0,3359,3.0,21.0,1097,169.0,10784,53621,2231,66805,146,3,3188,63468,66805,3.8678104669238302,,30.667397060166163,,5.02806676146995,PNB,1.63,8.7,4.895553729571807,,1.299977546590824,50433,0,,0,16.16,OK,97.39,OK,67.03,OK,21860.0,High Quality,0.8428809948759284,Asset Light,,Mixed,5.926164158801845,,4.649743147703751,39.853865000754766,48.582995951417004,100.0,98.5280683735572,43.205052478531506,
1014,PNB,Mar 2023,86845,41502,,,12529,51817,905,5151,35.0,3359,3.0,21.0,1109,169.0,10784,53621,2231,66805,146,3,3188,63468,66805,3.8678104669238302,,30.667397060166163,,5.02806676146995,PNB,1.63,8.7,4.895553729571807,,1.299977546590824,50433,0,,0,16.16,OK,97.39,OK,67.03,OK,21860.0,High Quality,0.8428809948759284,Asset Light,,Mixed,5.926164158801845,,4.649743147703751,39.853865000754766,48.582995951417004,100.0,98.5280683735572,43.205052478531506,
1014,PNB,Mar 2023,86845,41502,,,12529,51817,905,5151,35.0,3359,3.0,21.0,1109,169.0,10784,53621,2231,66805,146,3,3188,63468,66805,3.8678104669238302,,30.667397060166163,,5.02806676146995,PNB,1.63,8.7,4.895553729571807,,1.299977546590824,50433,0,,0,16.16,OK,97.39,OK,67.03,OK,21860.0,High Quality,0.8428809948759284,Asset Light,,Mixed,5.926164158801845,,4.649743147703751,39.853865000754766,48.582995951417004,100.0,98.5280683735572,43.205052478531506,
1014,PNB,Mar 2023,86845,41502,,,12529,51817,905,5151,35.0,3359,3.0,21.0,1109,169.0,10784,53621,2231,66805,146,3,3188,63468,66805,3.8678104669238302,,30.667397060166163,,5.02806676146995,PNB,1.63,8.7,4.895553729571807,,1.299977546590824,50433,0,,0,16.16,OK,97.39,OK,67.03,OK,21860.0,High Quality,0.8428809948759284,Asset Light,,Mixed,5.926164158801845,,4.649743147703751,39.853865000754766,48.582995951417004,100.0,98.5280683735572,43.205052478531506,
1014,PNB,Mar 2023,86845,41502,,,12529,51817,905,5151,35.0,3359,3.0,21.0,1109,169.0,10784,53621,2231,66805,146,3,3188,63468,66805,3.8678104669238302,,30.667397060166163,,5.02806676146995,PNB,1.63,8.7,4.895553729571807,,1.299977546590824,50433,0,,0,16.16,OK,97.39,OK,67.03,OK,21860.0,High Quality,0.8428809948759284,Asset Light,,Mixed,5.926164158801845,,4.649743147703751,39.853865000754766,48.582995951417004,100.0,98.5280683735572,43.205052478531506,
1014,PNB,Mar 2023,86845,41502,,,12529,51817,905,5151,35.0,3359,3.0,21.0,1109,169.0,10784,53621,2231,66805,146,3,3188,63468,66805,3.8678104669238302,,30.667397060166163,,5.02806676146995,PNB,1.63,8.7,4.895553729571807,,1.299977546590824,50433,0,,0,16.16,OK,97.39,OK,67.03,OK,21860.0,High Quality,0.8428809948759284,Asset Light,,Mixed,5.926164158801845,,4.649743147703751,39.853865000754766,48.582995951417004,100.0,98.5280683735572,43.205052478531506,
1014,PNB,Mar 2023,86845,41502,,,12529,51817,905,5151,35.0,3359,3.0,21.0,1121,169.0,10784,53621,2231,66805,146,3,3188,63468,66805,3.8678104669238302,,30.667397060166163,,5.02806676146995,PNB,1.63,8.7,4.895553729571807,,1.299977546590824,50433,0,,0,16.16,OK,97.39,OK,67.03,OK,21860.0,High Quality,0.8428809948759284,Asset Light,,Mixed,5.926164158801845,,4.649743147703751,39.853865000754766,48.582995951417004,100.0,98.5280683735572,43.205052478531506,
1014,PNB,Mar 2023,86845,41502,,,12529,51817,905,5151,35.0,3359,3.0,21.0,1121,169.0,10784,53621,2231,66805,146,3,3188,63468,66805,3.8678104669238302,,30.667397060166163,,5.02806676146995,PNB,1.63,8.7,4.895553729571807,,1.299977546590824,50433,0,,0,16.16,OK,97.39,OK,67.03,OK,21860.0,High Quality,0.8428809948759284,Asset Light,,Mixed,5.926164158801845,,4.649743147703751,39.853865000754766,48.582995951417004,100.0,98.5280683735572,43.205052478531506,
1014,PNB,Mar 2023,86845,41502,,,12529,51817,905,5151,35.0,3359,3.0,21.0,1121,169.0,10784,53621,2231,66805,146,3,3188,63468,66805,3.8678104669238302,,30.667397060166163,,5.02806676146995,PNB,1.63,8.7,4.895553729571807,,1.299977546590824,50433,0,,0,16.16,OK,97.39,OK,67.03,OK,21860.0,High Quality,0.8428809948759284,Asset Light,,Mixed,5.926164158801845,,4.649743147703751,39.853865000754766,48.582995951417004,100.0,98.5280683735572,43.205052478531506,
1014,PNB,Mar 2023,86845,41502,,,12529,51817,905,5151,35.0,3359,3.0,21.0,1121,169.0,10784,53621,2231,66805,146,3,3188,63468,66805,3.8678104669238302,,30.667397060166163,,5.02806676146995,PNB,1.63,8.7,4.895553729571807,,1.299977546590824,50433,0,,0,16.16,OK,97.39,OK,67.03,OK,21860.0,High Quality,0.8428809948759284,Asset Light,,Mixed,5.926164158801845,,4.649743147703751,39.853865000754766,48.582995951417004,100.0,98.5280683735572,43.205052478531506,
1014,PNB,Mar 2023,86845,41502,,,12529,51817,905,5151,35.0,3359,3.0,21.0,1121,169.0,10784,53621,2231,66805,146,3,3188,63468,66805,3.8678104669238302,,30.667397060166163,,5.02806676146995,PNB,1.63,8.7,4.895553729571807,,1.299977546590824,50433,0,,0,16.16,OK,97.39,OK,67.03,OK,21860.0,High Quality,0.8428809948759284,Asset Light,,Mixed,5.926164158801845,,4.649743147703751,39.853865000754766,48.582995951417004,100.0,98.5280683735572,43.205052478531506,
1014,PNB,Mar 2023,86845,41502,,,12529,51817,905,5151,35.0,3359,3.0,21.0,1133,169.0,10784,53621,2231,66805,146,3,3188,63468,66805,3.8678104669238302,,30.667397060166163,,5.02806676146995,PNB,1.63,8.7,4.895553729571807,,1.299977546590824,50433,0,,0,16.16,OK,97.39,OK,67.03,OK,21860.0,High Quality,0.8428809948759284,Asset Light,,Mixed,5.926164158801845,,4.649743147703751,39.853865000754766,48.582995951417004,100.0,98.5280683735572,43.205052478531506,
1014,PNB,Mar 2023,86845,41502,,,12529,51817,905,5151,35.0,3359,3.0,21.0,1133,169.0,10784,53621,2231,66805,146,3,3188,63468,66805,3.8678104669238302,,30.667397060166163,,5.02806676146995,PNB,1.63,8.7,4.895553729571807,,1.299977546590824,50433,0,,0,16.16,OK,97.39,OK,67.03,OK,21860.0,High Quality,0.8428809948759284,Asset Light,,Mixed,5.926164158801845,,4.649743147703751,39.853865000754766,48.582995951417004,100.0,98.5280683735572,43.205052478531506,
1014,PNB,Mar 2023,86845,41502,,,12529,51817,905,5151,35.0,3359,3.0,21.0,1133,169.0,10784,53621,2231,66805,146,3,3188,63468,66805,3.8678104669238302,,30.667397060166163,,5.02806676146995,PNB,1.63,8.7,4.895553729571807,,1.299977546590824,50433,0,,0,16.16,OK,97.39,OK,67.03,OK,21860.0,High Quality,0.8428809948759284,Asset Light,,Mixed,5.926164158801845,,4.649743147703751,39.853865000754766,48.582995951417004,100.0,98.5280683735572,43.205052478531506,
1014,PNB,Mar 2023,86845,41502,,,12529,51817,905,5151,35.0,3359,3.0,21.0,1133,169.0,10784,53621,2231,66805,146,3,3188,63468,66805,3.8678104669238302,,30.667397060166163,,5.02806676146995,PNB,1.63,8.7,4.895553729571807,,1.299977546590824,50433,0,,0,16.16,OK,97.39,OK,67.03,OK,21860.0,High Quality,0.8428809948759284,Asset Light,,Mixed,5.926164158801845,,4.649743147703751,39.853865000754766,48.582995951417004,100.0,98.5280683735572,43.205052478531506,
1014,PNB,Mar 2023,86845,41502,,,12529,51817,905,5151,35.0,3359,3.0,21.0,1133,169.0,10784,53621,2231,66805,146,3,3188,63468,66805,3.8678104669238302,,30.667397060166163,,5.02806676146995,PNB,1.63,8.7,4.895553729571807,,1.299977546590824,50433,0,,0,16.16,OK,97.39,OK,67.03,OK,21860.0,High Quality,0.8428809948759284,Asset Light,,Mixed,5.926164158801845,,4.649743147703751,39.853865000754766,48.582995951417004,100.0,98.5280683735572,43.205052478531506,
1015,PNB,Mar 2024,109065,39623,,,14158,68534,906,14160,35.0,9157,8.0,18.0,1086,260.0,14673,55017,2422,72371,206,15,4345,67804,72371,8.395910695456838,,61.320565191187306,,12.652858189053626,PNB,1.63,8.7,3.684256345007701,,1.5070262950629396,50672,0,,0,16.16,OK,97.39,OK,67.03,OK,-29445.0,Accrual Risk,1.3808279466373263,Asset Light,,Growth Funded by Debt,6.087662263839213,,5.107284912438639,24.960229449947168,48.582995951417004,100.0,98.8922655671448,43.205052478531506,
1015,PNB,Mar 2024,109065,39623,,,14158,68534,906,14160,35.0,9157,8.0,18.0,1086,260.0,14673,55017,2422,72371,206,15,4345,67804,72371,8.395910695456838,,61.320565191187306,,12.652858189053626,PNB,1.63,8.7,3.684256345007701,,1.5070262950629396,50672,0,,0,16.16,OK,97.39,OK,67.03,OK,-29445.0,Accrual Risk,1.3808279466373263,Asset Light,,Growth Funded by Debt,6.087662263839213,,5.107284912438639,24.960229449947168,48.582995951417004,100.0,98.8922655671448,43.205052478531506,
1015,PNB,Mar 2024,109065,39623,,,14158,68534,906,14160,35.0,9157,8.0,18.0,1086,260.0,14673,55017,2422,72371,206,15,4345,67804,72371,8.395910695456838,,61.320565191187306,,12.652858189053626,PNB,1.63,8.7,3.684256345007701,,1.5070262950629396,50672,0,,0,16.16,OK,97.39,OK,67.03,OK,-29445.0,Accrual Risk,1.3808279466373263,Asset Light,,Growth Funded by Debt,6.087662263839213,,5.107284912438639,24.960229449947168,48.582995951417004,100.0,98.8922655671448,43.205052478531506,
1015,PNB,Mar 2024,109065,39623,,,14158,68534,906,14160,35.0,9157,8.0,18.0,1086,260.0,14673,55017,2422,72371,206,15,4345,67804,72371,8.395910695456838,,61.320565191187306,,12.652858189053626,PNB,1.63,8.7,3.684256345007701,,1.5070262950629396,50672,0,,0,16.16,OK,97.39,OK,67.03,OK,-29445.0,Accrual Risk,1.3808279466373263,Asset Light,,Growth Funded by Debt,6.087662263839213,,5.107284912438639,24.960229449947168,48.582995951417004,100.0,98.8922655671448,43.205052478531506,
1015,PNB,Mar 2024,109065,39623,,,14158,68534,906,14160,35.0,9157,8.0,18.0,1086,260.0,14673,55017,2422,72371,206,15,4345,67804,72371,8.395910695456838,,61.320565191187306,,12.652858189053626,PNB,1.63,8.7,3.684256345007701,,1.5070262950629396,50672,0,,0,16.16,OK,97.39,OK,67.03,OK,-29445.0,Accrual Risk,1.3808279466373263,Asset Light,,Growth Funded by Debt,6.087662263839213,,5.107284912438639,24.960229449947168,48.582995951417004,100.0,98.8922655671448,43.205052478531506,
1015,PNB,Mar 2024,109065,39623,,,14158,68534,906,14160,35.0,9157,8.0,18.0,1098,260.0,14673,55017,2422,72371,206,15,4345,67804,72371,8.395910695456838,,61.320565191187306,,12.652858189053626,PNB,1.63,8.7,3.684256345007701,,1.5070262950629396,50672,0,,0,16.16,OK,97.39,OK,67.03,OK,-29445.0,Accrual Risk,1.3808279466373263,Asset Light,,Growth Funded by Debt,6.087662263839213,,5.107284912438639,24.960229449947168,48.582995951417004,100.0,98.8922655671448,43.205052478531506,
1015,PNB,Mar 2024,109065,39623,,,14158,68534,906,14160,35.0,9157,8.0,18.0,1098,260.0,14673,55017,2422,72371,206,15,4345,67804,72371,8.395910695456838,,61.320565191187306,,12.652858189053626,PNB,1.63,8.7,3.684256345007701,,1.5070262950629396,50672,0,,0,16.16,OK,97.39,OK,67.03,OK,-29445.0,Accrual Risk,1.3808279466373263,Asset Light,,Growth Funded by Debt,6.087662263839213,,5.107284912438639,24.960229449947168,48.582995951417004,100.0,98.8922655671448,43.205052478531506,
1015,PNB,Mar 2024,109065,39623,,,14158,68534,906,14160,35.0,9157,8.0,18.0,1098,260.0,14673,55017,2422,72371,206,15,4345,67804,72371,8.395910695456838,,61.320565191187306,,12.652858189053626,PNB,1.63,8.7,3.684256345007701,,1.5070262950629396,50672,0,,0,16.16,OK,97.39,OK,67.03,OK,-29445.0,Accrual Risk,1.3808279466373263,Asset Light,,Growth Funded by Debt,6.087662263839213,,5.107284912438639,24.960229449947168,48.582995951417004,100.0,98.8922655671448,43.205052478531506,
1015,PNB,Mar 2024,109065,39623,,,14158,68534,906,14160,35.0,9157,8.0,18.0,1098,260.0,14673,55017,2422,72371,206,15,4345,67804,72371,8.395910695456838,,61.320565191187306,,12.652858189053626,PNB,1.63,8.7,3.684256345007701,,1.5070262950629396,50672,0,,0,16.16,OK,97.39,OK,67.03,OK,-29445.0,Accrual Risk,1.3808279466373263,Asset Light,,Growth Funded by Debt,6.087662263839213,,5.107284912438639,24.960229449947168,48.582995951417004,100.0,98.8922655671448,43.205052478531506,
1015,PNB,Mar 2024,109065,39623,,,14158,68534,906,14160,35.0,9157,8.0,18.0,1098,260.0,14673,55017,2422,72371,206,15,4345,67804,72371,8.395910695456838,,61.320565191187306,,12.652858189053626,PNB,1.63,8.7,3.684256345007701,,1.5070262950629396,50672,0,,0,16.16,OK,97.39,OK,67.03,OK,-29445.0,Accrual Risk,1.3808279466373263,Asset Light,,Growth Funded by Debt,6.087662263839213,,5.107284912438639,24.960229449947168,48.582995951417004,100.0,98.8922655671448,43.205052478531506,
1015,PNB,Mar 2024,109065,39623,,,14158,68534,906,14160,35.0,9157,8.0,18.0,1110,260.0,14673,55017,2422,72371,206,15,4345,67804,72371,8.395910695456838,,61.320565191187306,,12.652858189053626,PNB,1.63,8.7,3.684256345007701,,1.5070262950629396,50672,0,,0,16.16,OK,97.39,OK,67.03,OK,-29445.0,Accrual Risk,1.3808279466373263,Asset Light,,Growth Funded by Debt,6.087662263839213,,5.107284912438639,24.960229449947168,48.582995951417004,100.0,98.8922655671448,43.205052478531506,
1015,PNB,Mar 2024,109065,39623,,,14158,68534,906,14160,35.0,9157,8.0,18.0,1110,260.0,14673,55017,2422,72371,206,15,4345,67804,72371,8.395910695456838,,61.320565191187306,,12.652858189053626,PNB,1.63,8.7,3.684256345007701,,1.5070262950629396,50672,0,,0,16.16,OK,97.39,OK,67.03,OK,-29445.0,Accrual Risk,1.3808279466373263,Asset Light,,Growth Funded by Debt,6.087662263839213,,5.107284912438639,24.960229449947168,48.582995951417004,100.0,98.8922655671448,43.205052478531506,
1015,PNB,Mar 2024,109065,39623,,,14158,68534,906,14160,35.0,9157,8.0,18.0,1110,260.0,14673,55017,2422,72371,206,15,4345,67804,72371,8.395910695456838,,61.320565191187306,,12.652858189053626,PNB,1.63,8.7,3.684256345007701,,1.5070262950629396,50672,0,,0,16.16,OK,97.39,OK,67.03,OK,-29445.0,Accrual Risk,1.3808279466373263,Asset Light,,Growth Funded by Debt,6.087662263839213,,5.107284912438639,24.960229449947168,48.582995951417004,100.0,98.8922655671448,43.205052478531506,
1015,PNB,Mar 2024,109065,39623,,,14158,68534,906,14160,35.0,9157,8.0,18.0,1110,260.0,14673,55017,2422,72371,206,15,4345,67804,72371,8.395910695456838,,61.320565191187306,,12.652858189053626,PNB,1.63,8.7,3.684256345007701,,1.5070262950629396,50672,0,,0,16.16,OK,97.39,OK,67.03,OK,-29445.0,Accrual Risk,1.3808279466373263,Asset Light,,Growth Funded by Debt,6.087662263839213,,5.107284912438639,24.960229449947168,48.582995951417004,100.0,98.8922655671448,43.205052478531506,
1015,PNB,Mar 2024,109065,39623,,,14158,68534,906,14160,35.0,9157,8.0,18.0,1110,260.0,14673,55017,2422,72371,206,15,4345,67804,72371,8.395910695456838,,61.320565191187306,,12.652858189053626,PNB,1.63,8.7,3.684256345007701,,1.5070262950629396,50672,0,,0,16.16,OK,97.39,OK,67.03,OK,-29445.0,Accrual Risk,1.3808279466373263,Asset Light,,Growth Funded by Debt,6.087662263839213,,5.107284912438639,24.960229449947168,48.582995951417004,100.0,98.8922655671448,43.205052478531506,
1015,PNB,Mar 2024,109065,39623,,,14158,68534,906,14160,35.0,9157,8.0,18.0,1122,260.0,14673,55017,2422,72371,206,15,4345,67804,72371,8.395910695456838,,61.320565191187306,,12.652858189053626,PNB,1.63,8.7,3.684256345007701,,1.5070262950629396,50672,0,,0,16.16,OK,97.39,OK,67.03,OK,-29445.0,Accrual Risk,1.3808279466373263,Asset Light,,Growth Funded by Debt,6.087662263839213,,5.107284912438639,24.960229449947168,48.582995951417004,100.0,98.8922655671448,43.205052478531506,
1015,PNB,Mar 2024,109065,39623,,,14158,68534,906,14160,35.0,9157,8.0,18.0,1122,260.0,14673,55017,2422,72371,206,15,4345,67804,72371,8.395910695456838,,61.320565191187306,,12.652858189053626,PNB,1.63,8.7,3.684256345007701,,1.5070262950629396,50672,0,,0,16.16,OK,97.39,OK,67.03,OK,-29445.0,Accrual Risk,1.3808279466373263,Asset Light,,Growth Funded by Debt,6.087662263839213,,5.107284912438639,24.960229449947168,48.582995951417004,100.0,98.8922655671448,43.205052478531506,
1015,PNB,Mar 2024,109065,39623,,,14158,68534,906,14160,35.0,9157,8.0,18.0,1122,260.0,14673,55017,2422,72371,206,15,4345,67804,72371,8.395910695456838,,61.320565191187306,,12.652858189053626,PNB,1.63,8.7,3.684256345007701,,1.5070262950629396,50672,0,,0,16.16,OK,97.39,OK,67.03,OK,-29445.0,Accrual Risk,1.3808279466373263,Asset Light,,Growth Funded by Debt,6.087662263839213,,5.107284912438639,24.960229449947168,48.582995951417004,100.0,98.8922655671448,43.205052478531506,
1015,PNB,Mar 2024,109065,39623,,,14158,68534,906,14160,35.0,9157,8.0,18.0,1122,260.0,14673,55017,2422,72371,206,15,4345,67804,72371,8.395910695456838,,61.320565191187306,,12.652858189053626,PNB,1.63,8.7,3.684256345007701,,1.5070262950629396,50672,0,,0,16.16,OK,97.39,OK,67.03,OK,-29445.0,Accrual Risk,1.3808279466373263,Asset Light,,Growth Funded by Debt,6.087662263839213,,5.107284912438639,24.960229449947168,48.582995951417004,100.0,98.8922655671448,43.205052478531506,
1015,PNB,Mar 2024,109065,39623,,,14158,68534,906,14160,35.0,9157,8.0,18.0,1122,260.0,14673,55017,2422,72371,206,15,4345,67804,72371,8.395910695456838,,61.320565191187306,,12.652858189053626,PNB,1.63,8.7,3.684256345007701,,1.5070262950629396,50672,0,,0,16.16,OK,97.39,OK,67.03,OK,-29445.0,Accrual Risk,1.3808279466373263,Asset Light,,Growth Funded by Debt,6.087662263839213,,5.107284912438639,24.960229449947168,48.582995951417004,100.0,98.8922655671448,43.205052478531506,
1015,PNB,Mar 2024,109065,39623,,,14158,68534,906,14160,35.0,9157,8.0,18.0,1134,260.0,14673,55017,2422,72371,206,15,4345,67804,72371,8.395910695456838,,61.320565191187306,,12.652858189053626,PNB,1.63,8.7,3.684256345007701,,1.5070262950629396,50672,0,,0,16.16,OK,97.39,OK,67.03,OK,-29445.0,Accrual Risk,1.3808279466373263,Asset Light,,Growth Funded by Debt,6.087662263839213,,5.107284912438639,24.960229449947168,48.582995951417004,100.0,98.8922655671448,43.205052478531506,
1015,PNB,Mar 2024,109065,39623,,,14158,68534,906,14160,35.0,9157,8.0,18.0,1134,260.0,14673,55017,2422,72371,206,15,4345,67804,72371,8.395910695456838,,61.320565191187306,,12.652858189053626,PNB,1.63,8.7,3.684256345007701,,1.5070262950629396,50672,0,,0,16.16,OK,97.39,OK,67.03,OK,-29445.0,Accrual Risk,1.3808279466373263,Asset Light,,Growth Funded by Debt,6.087662263839213,,5.107284912438639,24.960229449947168,48.582995951417004,100.0,98.8922655671448,43.205052478531506,
1015,PNB,Mar 2024,109065,39623,,,14158,68534,906,14160,35.0,9157,8.0,18.0,1134,260.0,14673,55017,2422,72371,206,15,4345,67804,72371,8.395910695456838,,61.320565191187306,,12.652858189053626,PNB,1.63,8.7,3.684256345007701,,1.5070262950629396,50672,0,,0,16.16,OK,97.39,OK,67.03,OK,-29445.0,Accrual Risk,1.3808279466373263,Asset Light,,Growth Funded by Debt,6.087662263839213,,5.107284912438639,24.960229449947168,48.582995951417004,100.0,98.8922655671448,43.205052478531506,
1015,PNB,Mar 2024,109065,39623,,,14158,68534,906,14160,35.0,9157,8.0,18.0,1134,260.0,14673,55017,2422,72371,206,15,4345,67804,72371,8.395910695456838,,61.320565191187306,,12.652858189053626,PNB,1.63,8.7,3.684256345007701,,1.5070262950629396,50672,0,,0,16.16,OK,97.39,OK,67.03,OK,-29445.0,Accrual Risk,1.3808279466373263,Asset Light,,Growth Funded by Debt,6.087662263839213,,5.107284912438639,24.960229449947168,48.582995951417004,100.0,98.8922655671448,43.205052478531506,
1015,PNB,Mar 2024,109065,39623,,,14158,68534,906,14160,35.0,9157,8.0,18.0,1134,260.0,14673,55017,2422,72371,206,15,4345,67804,72371,8.395910695456838,,61.320565191187306,,12.652858189053626,PNB,1.63,8.7,3.684256345007701,,1.5070262950629396,50672,0,,0,16.16,OK,97.39,OK,67.03,OK,-29445.0,Accrual Risk,1.3808279466373263,Asset Light,,Growth Funded by Debt,6.087662263839213,,5.107284912438639,24.960229449947168,48.582995951417004,100.0,98.8922655671448,43.205052478531506,
1146,TATAMOTORS,Mar 2013,188793,164197,24596.0,13.0,213,3560,7601,13647,28.0,9976,35.0,6.0,1466,638.0,36999,53716,76977,168330,55512,18454,8765,85600,168330,5.284094219595007,13.02802540348424,26.505832026994717,26.924129475769814,5.926453989187904,TATAMOTORS,20.1,49.4,1.427212583362117,6.968820224719101,1.1215647834610587,44951,0,,0,11.01,OK,,TURNAROUND,,TURNAROUND,-806.0,High Quality,12.166234976932408,Capital Intensive,-3.276955602536998,Reinvestor,5.904238697003763,0.07287983041809792,4.792851501065545,33.27401618690416,33.68999421631001,,99.57088422369505,43.26837948316342,
1147,TATAMOTORS,Mar 2014,232834,197980,34853.0,15.0,-157,4749,11078,18869,25.0,14050,48.0,5.0,1467,644.0,64960,60642,92180,218426,69092,33263,10687,105385,218426,6.034342063444342,14.96903373218688,21.416377050179864,27.607211317586295,6.432384423099815,TATAMOTORS,20.1,49.4,0.9243643680263398,7.305959149294588,1.0659628432512611,49955,0,,0,11.01,OK,,TURNAROUND,,TURNAROUND,8160.0,High Quality,12.02186965821143,Capital Intensive,23.41261871287981,Reinvestor,5.877424589864318,0.07405592291594103,4.868660274091442,35.87680999547138,33.68999421631001,,99.72207410584915,43.27144312916802,
1148,TATAMOTORS,Mar 2015,263159,223920,39239.0,15.0,714,4861,13389,21703,35.0,14073,48.0,0.0,1468,644.0,55618,73610,107442,237315,88479,28640,15337,104858,237315,5.347717539586334,14.910757374819026,25.013330489495573,30.21359492423309,5.9300929144807535,TATAMOTORS,20.1,49.4,1.30834310902563,8.219090722073647,1.10890167077513,58273,0,,0,11.01,OK,,TURNAROUND,,TURNAROUND,-701.0,High Quality,13.76810217397087,Capital Intensive,-1.7864879329238768,Mixed,5.896375360690817,0.07854344991289215,4.799280317707829,33.30449726541181,33.68999421631001,,99.60662435614168,43.27974093072901,
1149,TATAMOTORS,Mar 2016,273046,234650,38395.0,14.0,-2670,4889,16711,14126,21.0,11678,40.0,1.0,1469,679.0,78273,69360,114872,263184,107232,25919,23767,106266,263184,4.276935021937695,14.061733187814507,14.791265579086026,25.88799287987486,4.437199829776886,TATAMOTORS,20.1,49.4,0.8785084608369642,7.307220290447944,1.0374718827892273,45593,0,,0,11.01,OK,,TURNAROUND,,TURNAROUND,1206.0,High Quality,13.438761234370766,Capital Intensive,3.1410339888006256,Reinvestor,5.842519781863079,0.07109586779082003,4.691083127264687,33.85809171030783,33.68999421631001,,99.73586146551871,43.27145458939932,
1150,TATAMOTORS,Mar 2017,269693,240104,29589.0,11.0,1869,4238,17905,9315,35.0,7557,26.0,0.0,1470,679.0,57383,78604,135914,272580,95944,33699,20338,122600,272580,2.802074951889741,10.971363735803305,13.015397333884469,21.650593417528867,2.7723970944309926,TATAMOTORS,20.1,49.4,1.3537942199717543,7.422840962718263,0.9894086139848852,58266,0,,0,11.01,OK,,TURNAROUND,,TURNAROUND,-9372.0,High Quality,14.67260922604591,Capital Intensive,-31.67393288046233,Mixed,5.833163510590557,0.06380014799130522,4.54205593150286,30.787340772651795,33.68999421631001,,99.59295870535851,43.272505256601555,
1151,TATAMOTORS,Mar 2018,291550,260093,31458.0,11.0,5933,4682,21554,11155,39.0,9091,31.0,0.0,1471,679.0,94749,88950,142813,327192,121414,40034,20813,144932,327192,3.11816155033442,10.789915966386554,9.526554051221863,17.06168848778054,2.778490916648329,TATAMOTORS,20.1,49.4,0.9321163599782034,7.986117043998291,0.8910670187535148,68137,0,,0,11.01,OK,,TURNAROUND,,TURNAROUND,-1282.0,High Quality,8.622534728176985,Capital Intensive,-4.075274969801004,Mixed,5.814782324785747,0.055899225538381586,4.573994893266584,33.1358352976695,33.68999421631001,,99.71974333741065,43.27762385427778,
1152,TATAMOTORS,Mar 2019,301938,277274,24664.0,8.0,-26686,5759,23591,-31371,-8.0,-28724,-100.0,0.0,1472,679.0,59500,106175,139349,305703,111234,31884,15771,146814,305703,-9.513211321529583,8.16856440726242,-47.73093604081158,14.826213977421643,-9.396047798026189,TATAMOTORS,20.1,49.4,1.7643197793250136,-0.3511026219829831,0.9876841247877842,90404,0,,1,11.01,OK,,TURNAROUND,,TURNAROUND,-1987.0,Accrual Risk,6.914664600017222,Moderate,-8.056276354200454,Mixed,5.5131177102331925,0.052050309288813136,3.2976581641457656,32.93117662768959,33.68999421631001,,99.46952720247762,43.201861941733085,
1153,TATAMOTORS,Mar 2020,261068,243081,17987.0,7.0,102,7243,21425,-10580,4.0,-11975,-39.0,0.0,1473,720.0,62359,124788,132313,320179,127107,35622,16308,141141,320179,-4.586927543781696,6.889775843841452,-18.984131010320397,9.574326518228322,-3.740095384144494,TATAMOTORS,20.1,49.4,1.9782812029360008,2.4974458097473424,0.8153813960315949,108480,0,,0,11.01,OK,,TURNAROUND,,TURNAROUND,-6482.0,Accrual Risk,12.684434706666462,Capital Intensive,-36.03713793295157,Mixed,5.664572023812109,0.04300790022133127,3.7954343748074835,31.62629617157654,33.68999421631001,,99.40519605555356,43.22774724712388,
1154,TATAMOTORS,Mar 2021,249795,217507,32287.0,13.0,-11118,8097,23547,-10474,24.0,-13395,-41.0,0.0,1474,766.0,54481,142131,144193,341570,138708,20964,24620,157278,341570,-5.362397165675854,12.92539882703817,-24.245660397849655,16.357952760692683,-3.921597329976286,TATAMOTORS,20.1,49.4,2.572646478541821,2.6144250957144624,0.7313142254881869,117511,0,,0,11.01,OK,,TURNAROUND,,TURNAROUND,3329.0,Accrual Risk,10.277227326407656,Capital Intensive,10.310651345742867,Mixed,5.636851332037204,0.05468757232433735,3.71707706790337,34.47439008813386,33.68999421631001,,99.22649001020082,43.22881026030909,
1155,TATAMOTORS,Mar 2022,278454,253734,24720.0,9.0,2424,9312,24836,-7003,60.0,-11309,-34.0,0.0,1475,766.0,43795,146449,138051,329061,138855,10251,29380,150575,329061,-4.061353042154179,8.877588398801956,-25.378694374004173,12.941730799434584,-3.4367488094912497,TATAMOTORS,20.1,49.4,3.286483696505913,2.9149484536082477,0.846207845961691,117069,0,,0,11.01,OK,,TURNAROUND,,TURNAROUND,9839.0,Accrual Risk,1.5959548076163388,Asset Light,39.801779935275086,Reinvestor,5.630881872720315,0.04880571048342203,3.848541036064454,36.36421695560794,33.68999421631001,,99.01186269012743,43.231541173643585,
1156,TATAMOTORS,Mar 2023,345967,314151,31816.0,9.0,6664,10225,24860,3394,21.0,2690,7.0,32.0,1476,766.0,44556,134113,155239,334674,132080,14274,26379,161941,334674,0.7775308049611668,9.196252821800924,5.935307356250828,17.73121185944771,0.8037672481280291,TATAMOTORS,20.1,49.4,2.9591147786946737,3.763325183374083,1.033743284509702,107734,0,,0,11.01,OK,,TURNAROUND,,TURNAROUND,19971.0,High Quality,4.45620536062688,Moderate,62.77030424943425,Reinvestor,5.795861620293458,0.05705197381295793,4.337485923106757,39.30549588360292,33.68999421631001,,99.11029173212323,43.23925053553886,
1157,TATAMOTORS,Mar 2024,437928,378389,59538.0,14.0,5673,9986,27270,27955,-14.0,31807,94.0,7.0,1477,766.0,84152,107262,177340,369521,121285,35698,22971,189566,369521,7.263066074788551,13.59538554282896,37.45613415294755,30.98033093974399,8.607629877598297,TATAMOTORS,20.1,49.4,1.2631244259167669,6.530242339274985,1.1851234435931923,84291,0,,0,11.01,OK,,TURNAROUND,,TURNAROUND,45133.0,High Quality,5.2022250232915,Moderate,75.80536800026874,Reinvestor,5.961931038472973,0.07986357353566409,4.992816658479757,46.60992347797815,33.68999421631001,,99.62022012353607,43.26439404188536,
1276,UNIONBANK,Mar 2013,25169,7268,325.0,1.0,2868,17575,156,3037,30.0,2146,36.0,22.0,1298,597.0,16722,287589,8003,312912,2483,13,81808,228608,312912,8.52636179427073,1.2912710079860146,12.391015647554708,0.1065895286447059,0.6858158204223552,,,,16.605404469080202,0.181678520625889,0.0804347548192463,205781,1,,1,23.36,OK,,TURNAROUND,,TURNAROUND,-4588.0,Accrual Risk,1.3627875561206246,Asset Light,-1411.6923076923078,Growth Funded by Debt,5.829873917203952,0.026706874834109023,5.120466340178867,32.17611676865732,69.40427993059572,,95.00730226689768,43.20670342605866,
1277,UNIONBANK,Mar 2014,29394,8829,-902.0,-3.0,3141,21467,198,2040,18.0,1687,27.0,15.0,1299,630.0,18004,327078,9300,355013,2621,2,94636,257753,355013,5.739266516976254,-3.0686534666938834,9.053343350864012,-0.2609108159392789,0.4751938661401131,,,,17.552753032091875,0.1042996226766665,0.082796967998355,232442,1,,1,23.36,OK,,TURNAROUND,,TURNAROUND,2207.0,High Quality,1.234945907328026,Asset Light,-244.67849223946783,Mixed,5.812289185053354,0.02607413308669173,4.8388443735046165,34.14867799208073,69.40427993059572,,94.72246578297987,43.20600026918694,
1278,UNIONBANK,Mar 2015,32164,9498,-973.0,-3.0,3957,23640,225,2759,36.0,1771,28.0,22.0,1300,636.0,19263,352618,11048,383566,2690,4,85818,295053,383566,5.506155950752394,-3.025121253575426,8.899944720840242,-0.2611961333308278,0.461719756182769,,,,17.72038795919393,0.1262267343485617,0.083855190501765,266800,1,,1,23.36,OK,,TURNAROUND,,TURNAROUND,-3885.0,Accrual Risk,0.988682999626912,Asset Light,399.2805755395684,Growth Funded by Debt,5.811480994919196,0.026073641843002964,4.815289722665325,32.38019484666566,69.40427993059572,,94.67206348642095,43.20619952505201,
1279,UNIONBANK,Mar 2016,32316,10349,-1928.0,-6.0,3934,23894,249,1758,24.0,1347,20.0,10.0,1301,687.0,22361,374754,9562,407365,3939,13,90573,312840,407365,4.168213887857409,-5.966084911498948,5.844324887191947,-0.4846632244181779,0.3306616916033532,,,,16.259718847622352,0.0839541307441198,0.0793293483730806,284181,1,,1,23.36,OK,,TURNAROUND,,TURNAROUND,72.0,Accrual Risk,0.0278499814333457,Asset Light,-3.734439834024896,Reinvestor,5.7953822735492055,0.025688888577356555,4.680097403221385,33.528896062425254,69.40427993059572,,95.11123853787696,43.20581538580348,
1280,UNIONBANK,Mar 2017,32817,13871,-4830.0,-15.0,5430,23771,241,359,-58.0,573,8.0,0.0,1302,687.0,23406,418420,13167,455681,3896,21,113441,338322,455681,1.7460462565133923,-14.717981533961058,2.378284148922924,-1.091493357257301,0.1257458616883302,,,,17.366870045241356,0.0252408396785999,0.0720174859166829,304979,1,,1,23.36,OK,,TURNAROUND,,TURNAROUND,-6904.0,Accrual Risk,0.8532163208093366,Asset Light,142.9399585921325,Growth Funded by Debt,5.777121224354545,0.024644082050514382,4.435349540630917,31.50379126557438,69.40427993059572,,94.77835466956489,43.205281846877895,
1281,UNIONBANK,Mar 2018,32952,21181,-11700.0,-36.0,5462,23471,368,-6607,-21.0,-5212,-45.0,0.0,1303,1169.0,24083,455969,9900,491120,3824,34,125485,361777,491120,-15.816945860645786,-35.506190823015295,-20.639949310945667,-2.431315341599805,-1.0612477602215344,,,,18.05674798035799,-0.2657747859060116,0.0670956181788565,330484,1,,1,23.36,OK,,TURNAROUND,,TURNAROUND,5782.0,Accrual Risk,0.9559359067734888,Asset Light,-49.41880341880342,Mixed,5.655848243069637,0.02233725073431343,2.6606974786748276,35.18648614126964,69.40427993059572,,94.57093111603521,43.202637332128624,
1282,UNIONBANK,Mar 2019,34314,19019,-8601.0,-25.0,5042,23896,374,-3933,-25.0,-2922,-17.0,0.0,1304,1763.0,25073,460780,10964,498581,3743,44,128391,366402,498581,-8.515474733344991,-25.0655709040042,-10.888358920852587,-1.7638879774248588,-0.5860632474963947,,,,17.17021910866001,-0.1489370605959156,0.0688233205838168,332389,1,,1,23.36,OK,,TURNAROUND,,TURNAROUND,-8075.0,High Quality,0.8655359328553942,Asset Light,93.88443204278572,Growth Funded by Debt,5.707225097898122,0.023486390219230734,3.3984744306281094,31.163854666217677,69.40427993059572,,94.83748112367266,43.20369905892502,
1283,UNIONBANK,Mar 2020,37479,21166,-9523.0,-25.0,5789,25837,417,-4151,-27.0,-3121,-9.0,0.0,1305,3423.0,30567,505150,16369,555509,4734,54,154251,396470,555509,-8.327329971450679,-25.408895648229677,-9.182112385995882,-1.7663315650851354,-0.5618270811093969,,,,14.861724036481318,-0.144521422765801,0.0674678538061489,350899,1,,1,23.36,OK,,TURNAROUND,,TURNAROUND,-81.0,Accrual Risk,0.0106726433469409,Asset Light,0.850572298645385,Growth Funded by Debt,5.716214562899851,0.023482182985281385,3.417485512988942,33.484480776599824,69.40427993059572,,95.53156949322762,43.20373918467204,
1284,UNIONBANK,Mar 2021,69311,36270,-11071.0,-16.0,14307,44112,908,2327,-22.0,2863,4.0,0.0,1306,6407.0,58331,977576,40063,1082377,7303,63,339059,735952,1082377,4.130657471397036,-15.97293358918498,4.422441224628503,-1.0621559338164892,0.2645104247411022,,,,15.100497389477589,0.0733587232499093,0.0640359135495303,638517,1,,1,23.36,OK,,TURNAROUND,,TURNAROUND,19926.0,High Quality,0.8671062313341317,Asset Light,-179.98374130611506,Reinvestor,5.787890991861581,0.024694593601989726,4.676302516139135,39.2924325642425,69.40427993059572,,95.45977821705307,43.20571910330546,
1285,UNIONBANK,Mar 2022,68230,32264,-4213.0,-6.0,13524,40178,745,8566,39.0,5265,8.0,25.0,1307,6835.0,64026,1085613,37292,1193766,7171,37,351839,834718,1193766,7.71654697347208,-6.174703209731789,7.430039090614018,-0.3642969924096867,0.4410412090811766,,,,15.32031724079536,0.2317437403554184,0.0571552548824476,733774,1,,1,23.36,OK,,TURNAROUND,,TURNAROUND,35781.0,High Quality,0.8178220724021692,Asset Light,-849.2997863755044,Reinvestor,5.8037367065359975,0.02589612849180426,5.038638623583309,43.89507541889711,69.40427993059572,,95.39368563403839,43.20715837830302,
1286,UNIONBANK,Mar 2023,81163,36155,-3024.0,-4.0,15915,48033,745,12147,31.0,8512,12.0,24.0,1308,6835.0,71969,1163059,46495,1288357,8826,22,343727,935782,1288357,10.48753742468859,-3.725835664034104,10.801482158266078,-0.24350512093524,0.6606864401714742,,,,14.75888279782752,0.2683779901317843,0.0629972903473183,819332,1,,1,23.36,OK,,TURNAROUND,,TURNAROUND,3495.0,Moderate,3.155378682404544,Moderate,-115.5753968253968,Reinvestor,5.82149936207424,0.026104101248719813,5.31863327854347,34.52257922177452,69.40427993059572,,95.56249046356908,43.207491280749984,
1287,UNIONBANK,Mar 2024,100376,32422,4590.0,5.0,17813,63364,895,21508,36.0,13797,18.0,20.0,1309,7634.0,89964,1251568,52831,1401996,9224,36,343953,1048783,1401996,13.745317605802184,4.572806248505619,14.136560175413432,0.3402101742854474,0.984096958907158,,,,12.823705403799256,0.35356038128906,0.0715950687448466,907615,1,,1,23.36,OK,,TURNAROUND,,TURNAROUND,18536.0,High Quality,1.3887781939905954,Asset Light,403.8344226579521,Reinvestor,5.8390704261032145,0.027109109927855164,5.647815588553415,38.888921143998424,69.40427993059572,,96.14433451357738,43.208265349459666,
1362,INDIGO,Mar 2013,9203,73,8348.0,855.0,9,296,86,993,21.0,787,25647.0,70.0,757,0.4,4,11,11,26,5,0,0,21,26,8.551559274149733,90.7095512332935,17886.363636363636,54207.792207792205,3026.923076923077,INDIGO,24.5,,2.5,28.23310810810811,353.96153846153845,11,0,,0,16.42,OK,,TURNAROUND,,TURNAROUND,-149.0,High Quality,20.5367814842986,Capital Intensive,-1.7848586487781506,Mixed,100.0,93.35849887730063,5.123012418849578,33.4647406495663,49.33487565066513,,99.24833241153522,43.46161214147038,
1363,INDIGO,Mar 2014,11117,123,10684.0,433.0,4,391,226,475,0.0,474,15454.0,80.0,758,0.4,4,14,16,35,10,0,0,25,35,4.263740217684627,96.10506431591256,10772.727272727272,58065.21739130435,1354.2857142857142,INDIGO,24.5,,3.1818181818181817,27.33503836317136,317.62857142857143,14,0,,0,16.42,OK,,TURNAROUND,,TURNAROUND,-1319.0,High Quality,26.21210758298102,Capital Intensive,-12.34556345937851,Mixed,62.52136850123689,100.0,4.689749858626939,33.12509434619538,49.33487565066513,,99.04333216013573,43.453451209624895,
1364,INDIGO,Mar 2015,13925,150,12022.0,1904.0,14,395,302,1847,29.0,1304,42481.0,83.0,759,0.4,26,4,30,61,12,1,1,46,61,9.364452423698385,86.33393177737881,4939.39393939394,39546.05263157895,2137.7049180327867,INDIGO,24.5,,0.1515151515151515,30.47088607594937,228.27868852459017,3,0,,0,16.42,OK,,TURNAROUND,,TURNAROUND,1444.0,High Quality,6.750448833034112,Moderate,12.01131259357844,Reinvestor,31.78809240533956,68.11472739150183,5.205151185090159,33.92718215492516,49.33487565066513,,99.9544443885779,43.4819472586301,
1365,INDIGO,Mar 2016,16140,350,12976.0,3164.0,20,515,505,2824,30.0,1986,55.0,27.0,760,0.4,129,8,58,196,13,0,124,58,196,12.304832713754648,80.39653035935564,1534.775888717156,9443.95924308588,1013.265306122449,INDIGO,24.5,,0.061823802163833,25.23495145631068,82.34693877551021,-116,0,,0,16.42,OK,,TURNAROUND,,TURNAROUND,1779.0,High Quality,8.28376703841388,Capital Intensive,13.70992601726264,Reinvestor,13.85065242490664,16.286609534592404,5.502261831719967,34.02443131016384,49.33487565066513,,99.98141162068711,43.43436731751838,
1366,INDIGO,Mar 2017,18580,406,16362.0,2219.0,12,789,457,2144,23.0,1659,46.0,74.0,761,29.0,69,52,97,246,91,2,16,137,246,8.928955866523143,88.06243272335846,1692.857142857143,10908.0,674.390243902439,INDIGO,24.5,,0.5306122448979592,20.75285171102661,75.52845528455285,36,0,,0,16.42,OK,,TURNAROUND,,TURNAROUND,749.0,High Quality,16.32400430570506,Capital Intensive,4.577679990221244,Reinvestor,14.683513252747199,18.80731385629481,5.161146447286357,33.72542644480312,49.33487565066513,,99.84046238938707,43.39363761834728,
1367,INDIGO,Mar 2018,23021,413,19991.0,3030.0,13,947,437,3127,28.0,2242,58.0,10.0,762,29.0,71,54,125,279,95,2,15,167,279,9.7389340167673,86.8381043395161,2242.0,12981.16883116883,803.584229390681,INDIGO,24.5,,0.54,21.123548046462517,82.51254480286738,39,0,,0,16.42,OK,,TURNAROUND,,TURNAROUND,-249.0,High Quality,18.03570652882151,Capital Intensive,-1.2455605022260017,Mixed,17.576706231832,22.37678117314803,5.242990667501306,33.435711050987585,49.33487565066513,,99.83763980089161,43.39700620697408,
1368,INDIGO,Mar 2019,28497,563,28648.0,-151.0,-1,1325,760,-149,-99.0,156,4.0,123.0,763,29.0,100,88,156,373,149,4,20,201,373,0.547426044846826,100.52988033828125,120.93023255813952,13201.84331797235,41.8230563002681,INDIGO,24.5,,0.6821705426356589,21.620377358490565,76.39946380697052,68,0,,0,16.42,OK,,TURNAROUND,,TURNAROUND,634.0,High Quality,8.864090956942835,Capital Intensive,2.2130689751466077,Reinvestor,6.401719469297465,22.75672628734523,4.314234993864248,33.69204240643761,49.33487565066513,,99.79489380531814,43.40152099012668,
1369,INDIGO,Mar 2020,35756,1902,31687.0,4069.0,11,1531,3974,-275,-10.0,-248,-6.0,0.0,764,29.0,150,75,169,422,201,1,21,199,422,-0.69358988701197,88.62009173285603,-138.54748603351956,12475.1968503937,-58.767772511848335,INDIGO,24.5,,0.4189944134078212,20.70411495754409,84.72985781990522,54,0,,0,16.42,OK,,TURNAROUND,,TURNAROUND,2370.0,Accrual Risk,12.789461908490882,Capital Intensive,7.479407959099945,Reinvestor,5.034645120804148,21.505626628729146,4.188836572701043,34.19599623776403,49.33487565066513,,99.87402219187742,43.39319473813026,
1370,INDIGO,Mar 2021,14641,2170,14638.0,2.0,0,1036,4699,-5830,0.0,-6171,-151.0,0.0,765,48.0,516,9,239,811,249,3,50,509,811,-42.14876033057851,99.97950959633904,-1094.148936170213,2554.624781849913,-760.9124537607892,INDIGO,24.5,,0.0159574468085106,14.12934362934363,18.053020961775587,-41,0,,0,16.42,OK,,TURNAROUND,,TURNAROUND,1608.0,Accrual Risk,22.04767433918448,Capital Intensive,10.985107255089494,Other,0.0,4.424934872819657,0.0,33.97479069659425,49.33487565066513,,99.99520212177576,43.33344853132213,
1371,INDIGO,Mar 2022,25931,2386,25373.0,558.0,2,725,5068,-6171,0.0,-317,-160.0,0.0,766,48.0,602,12,258,920,253,51,173,442,920,-1.2224750298870075,97.84813543635032,-48.76923076923077,3832.779456193354,-34.45652173913044,INDIGO,24.5,,0.0184615384615384,35.0,28.18586956521739,-161,0,,0,16.42,OK,,TURNAROUND,,TURNAROUND,3591.0,Accrual Risk,5.888704639234892,Moderate,14.152839632680408,Liquidating Assets,5.507647390480492,6.625590828745777,4.135395387789042,34.550447636410084,49.33487565066513,,99.9944492239621,43.523104184651736,
1372,INDIGO,Mar 2023,54446,3168,47926.0,6521.0,12,1431,5101,-317,0.0,-317,-8.0,0.0,767,48.0,729,12,274,1062,265,251,132,414,1062,-0.582228262865959,88.02483194357713,-40.7979407979408,6074.271229404309,-29.84934086629002,INDIGO,24.5,,0.0154440154440154,33.49965059399022,51.26741996233522,-120,0,,0,16.42,OK,,TURNAROUND,,TURNAROUND,8664.0,Accrual Risk,7.418359475443559,Moderate,18.077870049659893,Reinvestor,5.54964462285674,10.484867268359732,4.2000891049913935,36.023119172308085,49.33487565066513,,99.99535649366199,43.50947022212722,
1373,INDIGO,Mar 2024,68904,4805,52573.0,16331.0,24,2326,6406,8043,-2.0,8167,212.0,0.0,768,48.0,867,17,290,1222,548,15,188,471,1222,11.852722628584695,76.29890862649484,892.568306010929,5640.87982832618,668.3306055646481,INDIGO,24.5,,0.0185792349726775,22.61263972484953,56.38625204582652,-171,0,,0,16.42,OK,,TURNAROUND,,TURNAROUND,9424.0,High Quality,17.065772669220944,Capital Intensive,17.92555113841706,Reinvestor,10.467142204874188,9.73867794779126,5.456578380430701,36.24374412150629,49.33487565066513,,99.99441383650102,43.41053786837066,
