id_x,company_id,year,sales,expenses,operating_profit,opm_percentage,other_income,interest,depreciation,profit_before_tax,tax_percentage,net_profit,eps,dividend_payout,id_y,equity_capital,reserves,borrowings,other_liabilities,total_liabilities,fixed_assets,cwip,investments,other_asset,total_assets,net_profit_margin_pct,operating_profit_margin_pct,roe_calculated,roce_calculated,roa_calculated,id,roce_percentage,roe_percentage,debt_to_equity,high_leverage_flag,interest_coverage,icr_label,icr_warning,net_debt,asset_turnover
61,ABB,Dec 2012,1653,1451,202.0,12.0,33,0,19,215,33.0,145,68.0,25.0,136,21.0,626,0,260,907,109,1,0,798,907,8.771929824561402,12.220205686630369,22.411128284389488,31.221020092735703,15.986769570011026,ABB,46.0,34.9,0.0,False,,Debt Free,False,0,1.822491730981257
62,ABB,Mar 2014,2276,2009,267.0,12.0,49,0,22,295,33.0,198,93.0,25.0,137,21.0,767,0,351,1139,98,1,0,1040,1139,8.699472759226714,11.731107205623902,25.12690355329949,33.88324873096447,17.383669885864794,ABB,46.0,34.9,0.0,False,,Debt Free,False,0,1.9982440737489024
63,ABB,Mar 2015,2289,1977,312.0,14.0,48,0,15,344,34.0,229,108.0,29.0,138,21.0,916,0,436,1374,96,4,0,1274,1374,10.004368719965049,13.630406290956751,24.439701173959445,33.29775880469584,16.666666666666664,ABB,46.0,34.9,0.0,False,,Debt Free,False,0,1.665938864628821
64,ABB,Mar 2016,2614,2250,365.0,14.0,50,3,14,398,36.0,255,120.0,29.0,139,21.0,1174,0,421,1616,108,3,0,1505,1616,9.755164498852334,13.963274674827849,21.338912133891213,30.543933054393307,15.77970297029703,ABB,46.0,34.9,0.0,False,138.33333333333334,,False,0,1.6175742574257426
65,ABB,Mar 2017,2903,2505,398.0,14.0,57,2,16,436,37.0,277,130.0,31.0,140,21.0,1366,0,679,2066,110,6,0,1950,2066,9.541853255253187,13.709955218739237,19.971160778658977,28.69502523431867,13.407550822846078,ABB,46.0,34.9,0.0,False,227.5,,False,0,1.40513068731849
66,ABB,Mar 2018,3298,2774,525.0,16.0,117,4,16,621,35.0,401,189.0,29.0,141,21.0,1672,0,723,2416,81,2,0,2333,2416,12.15888417222559,15.918738629472406,23.685764914353218,31.010041346721795,16.5976821192053,ABB,46.0,34.9,0.0,False,160.5,,False,0,1.365066225165563
67,ABB,Mar 2019,3679,3074,605.0,16.0,113,2,17,699,36.0,450,212.0,31.0,142,21.0,1987,0,932,2941,105,1,0,2835,2941,12.231584669747214,16.444686055993476,22.410358565737052,30.12948207171315,15.300918055083304,ABB,46.0,34.9,0.0,False,359.0,,False,0,1.2509350561033663
68,ABB,Mar 2020,4093,3336,757.0,18.0,114,9,60,803,26.0,593,279.0,90.0,143,21.0,2410,175,940,3547,270,2,0,3275,3547,14.488150500855118,18.49499144881505,24.39325380501851,29.04834996162701,16.718353538201296,ABB,46.0,34.9,0.07198683669271905,False,96.77777777777777,,False,175,1.153932901043135
69,ABB,Mar 2021,4310,3388,922.0,21.0,81,18,58,926,25.0,691,325.0,85.0,144,21.0,2581,153,1086,3840,251,1,0,3589,3840,16.03248259860789,21.392111368909514,26.5564950038432,33.46642468239565,17.994791666666668,ABB,46.0,34.9,0.058800922367409685,False,55.72222222222222,,False,153,1.1223958333333333
70,ABB,Mar 2022,4913,3832,1082.0,22.0,83,19,66,1080,26.0,799,376.0,73.0,145,21.0,2799,152,1253,4224,271,1,0,3952,4224,16.26297577854671,22.023203745165887,28.333333333333332,36.4064602960969,18.915719696969695,ABB,46.0,34.9,0.05390070921985816,False,61.31578947368421,,False,152,1.1631155303030303
71,ABB,Mar 2023,5349,4143,1206.0,23.0,154,16,70,1274,25.0,949,447.0,73.0,146,21.0,3167,113,1254,4556,237,4,0,4315,4556,17.74163395027108,22.546270330902974,29.767879548306148,36.53438352014541,20.82967515364355,ABB,46.0,34.9,0.03544542032622334,False,85.0,,False,113,1.1740561896400352
72,ABB,Mar 2024,5849,4396,1453.0,25.0,248,12,71,1618,26.0,1201,565.0,73.0,147,21.0,3678,83,1411,5193,225,10,0,4958,5193,20.533424517011454,24.84185330825782,32.46823465801568,38.41882601797991,23.127286732139417,ABB,46.0,34.9,0.022438496891051634,False,141.75,,False,83,1.1263238975544
86,ADANIENSOL,Mar 2014,0,0,0.0,,0,0,0,0,0.0,0,0.0,,149,0.1,0,0,0,0,0,0,0,0,0,,,0.0,0.0,,ADANIENSOL,9.0,8.59,0.0,False,,Debt Free,False,0,
87,ADANIENSOL,Mar 2015,131,29,101.0,78.0,3,73,37,-5,34.0,-7,0.0,0.0,150,1090.0,-7,9701,708,11492,10573,10,0,909,11492,-5.343511450381679,77.09923664122137,-0.6463527239150507,0.936572700296736,-0.06091193873999304,ADANIENSOL,9.0,8.59,8.95752539242844,True,1.4246575342465753,,True,9701,0.011399234249912982
88,ADANIENSOL,Mar 2016,2194,267,1927.0,88.0,70,957,560,480,23.0,368,3.0,0.0,151,1100.0,1572,8585,489,11746,10060,258,20,1407,11746,16.773017319963536,87.83044667274385,13.77245508982036,17.118237541085545,3.1329814404903797,ADANIENSOL,9.0,8.59,3.2129491017964074,False,2.0867293625914316,,False,8565,0.18678699131619275
89,ADANIENSOL,Mar 2017,2876,893,1983.0,69.0,22,904,569,532,22.0,416,4.0,0.0,152,1100.0,1847,8975,890,12811,9853,1343,105,1510,12811,14.464534075104313,68.94993045897078,14.116050220563285,16.633115249119275,3.2472094293966123,ADANIENSOL,9.0,8.59,3.045469969460468,False,2.2179203539823007,,False,8870,0.22449457497463118
90,ADANIENSOL,Mar 2018,3944,1118,2826.0,72.0,111,886,579,1472,22.0,1143,10.0,0.0,153,1100.0,4957,10428,781,17265,9291,2353,0,5621,17265,28.98073022312373,71.65314401622717,18.87072808320951,17.142857142857142,6.620330147697655,ADANIENSOL,9.0,8.59,1.7216443784051512,False,3.31489841986456,,False,10428,0.22843903851723138
91,ADANIENSOL,Mar 2019,7305,4528,2778.0,38.0,336,1391,882,840,33.0,559,5.0,0.0,154,1100.0,6943,20137,4379,32558,24412,694,336,7117,32558,7.652292950034223,38.02874743326489,6.950142981474575,9.858055358410219,1.716935929725413,ADANIENSOL,9.0,8.59,2.50366778565212,False,2.2386772106398274,,False,19801,0.2243688187235088
92,ADANIENSOL,Mar 2020,11416,7158,4258.0,37.0,261,2238,1174,1107,36.0,706,7.0,0.0,155,1100.0,7399,24246,6966,39711,24924,2212,313,12262,39711,6.184302733006307,37.29852838121934,8.30685963054477,13.003511986562835,1.7778449296164793,ADANIENSOL,9.0,8.59,2.8528062124955875,False,2.019213583556747,,False,23933,0.2874770214801944
93,ADANIENSOL,Mar 2021,9926,5976,3950.0,40.0,1115,2117,1329,1620,20.0,1290,11.0,0.0,156,1100.0,7819,27095,7219,43234,26987,5255,442,10550,43234,12.996171670360667,39.79447914567802,14.46350487722839,10.967956905647803,2.9837627792940737,ADANIENSOL,9.0,8.59,3.0378966251821953,False,2.3925366084081245,,False,26653,0.22958782439746495
94,ADANIENSOL,Mar 2022,11258,7051,4206.0,37.0,1286,2365,1427,1700,27.0,1236,11.0,0.0,157,1100.0,8813,29902,7650,47464,30272,5060,561,11572,47464,10.978859477704743,37.360099484810796,12.46847573892868,10.563857842521662,2.604078880836002,ADANIENSOL,9.0,8.59,3.016443054574801,False,2.3221987315010573,,False,29341,0.23719029158941513
95,ADANIENSOL,Mar 2023,13293,8775,4518.0,34.0,1583,2781,1608,1712,25.0,1281,11.0,0.0,158,1115.0,10634,34270,7913,53932,32645,6200,1370,13716,53932,9.636650868878357,33.98781313473256,10.90305557919823,9.81768400008692,2.3752132314766743,ADANIENSOL,9.0,8.59,2.916843986722274,False,2.193815174397699,,False,32900,0.24647704516798932
96,ADANIENSOL,Mar 2024,16607,10896,5711.0,30.0,611,2767,1776,1780,33.0,1196,10.0,0.0,159,1115.0,11526,37070,8827,58538,38920,3003,766,15849,58538,7.201782380923707,34.38911302462817,9.461276797721698,11.488402969161756,2.043117291332126,ADANIENSOL,9.0,8.59,2.93252116130053,False,2.284784965666787,,False,36304,0.2836960606785336
98,ADANIENT,Mar 2013,46375,40354,6021.0,13.0,1775,3492,2298,2005,39.0,1218,15.0,10.0,170,110.0,21286,69332,21143,111871,48770,29248,323,33529,111871,2.6264150943396225,12.983288409703503,5.692652832305104,6.636319548540694,1.0887540113166057,ADANIENT,11.6,13.64,3.240418769863526,False,2.2325315005727377,,False,69009,0.41453996120531683
99,ADANIENT,Mar 2014,54947,45564,9383.0,17.0,1157,5703,3223,1614,-64.0,2646,20.0,7.0,171,110.0,23647,71980,22365,118102,70579,13574,288,33661,118102,4.815549529546654,17.07645549347553,11.1377699204445,9.800808464856846,2.240436233086654,ADANIENT,11.6,13.64,3.0298438355011155,False,1.84815009644047,,False,71692,0.4652503767929417
100,ADANIENT,Mar 2015,64465,52015,12450.0,19.0,792,7056,3522,2663,14.0,2298,18.0,8.0,172,110.0,25618,83571,21420,130718,83834,6733,744,39407,130718,3.564725044597844,19.312805398278137,8.931902985074627,11.390772102215024,1.757982833274683,ADANIENT,11.6,13.64,3.248250932835821,False,1.876700680272109,,False,82827,0.4931608500742055
101,ADANIENT,Mar 2016,34008,32325,1684.0,5.0,1044,1357,314,1056,7.0,1000,9.0,4.0,173,110.0,13268,19169,9132,41679,10473,7705,805,22696,41679,2.9404845918607387,4.951776052693484,7.4749588877261175,5.174055980581928,2.399289810216176,ADANIENT,11.6,13.64,1.4328748691882194,False,2.0103168754605747,,False,18364,0.8159504786583172
102,ADANIENT,Mar 2017,36533,34631,1902.0,5.0,749,1257,315,1079,25.0,925,9.0,4.0,174,110.0,14026,20846,12630,47611,13668,7731,1042,25170,47611,2.5319574083705145,5.206251881860236,6.543576683644596,5.437081927848608,1.9428283379891202,ADANIENT,11.6,13.64,1.4746745897000566,False,2.1089896579156724,,False,19804,0.7673226775325029
103,ADANIENT,Mar 2018,35924,33886,2038.0,6.0,363,1250,664,487,23.0,594,7.0,6.0,175,110.0,14979,17637,23679,56405,10555,5526,1461,38864,56405,1.653490702594366,5.673087629439929,3.936642587315263,6.227464401393387,1.0530981295984398,ADANIENT,11.6,13.64,1.1688647359003248,False,1.9208,,False,16176,0.6368938923854268
104,ADANIENT,Mar 2019,40379,38409,1969.0,5.0,504,1625,390,459,32.0,506,7.0,6.0,176,110.0,14646,11243,16537,42536,9020,5765,1511,26240,42536,1.2531266252259838,4.876297085118502,3.429113580916238,7.57336820646948,1.1895805905585857,ADANIENT,11.6,13.64,0.7619273515857956,False,1.5218461538461538,,False,9732,0.9492900131653188
105,ADANIENT,Mar 2020,43403,41108,2294.0,5.0,872,1572,472,1122,29.0,1040,10.0,10.0,177,110.0,16837,12419,17509,46875,10476,7347,1952,27099,46875,2.3961477317236133,5.285348939013432,6.136779370980115,7.811755090921474,2.2186666666666666,ADANIENT,11.6,13.64,0.7328140673865581,False,2.013994910941476,,False,10467,0.9259306666666667
106,ADANIENT,Mar 2021,39537,37031,2506.0,6.0,494,1377,537,1086,31.0,1046,8.0,12.0,178,110.0,17049,16227,18231,51617,10838,8825,5503,26451,51617,2.645623087234742,6.338366593317652,6.0959263360335685,7.506140298328641,2.026464149408141,ADANIENT,11.6,13.64,0.9456844804475786,False,2.178649237472767,,False,10724,0.7659685762442606
107,ADANIENT,Mar 2022,69420,65707,3714.0,5.0,1012,2526,1248,952,50.0,788,7.0,14.0,179,110.0,22147,41604,37726,101586,30123,23544,4292,43627,101586,1.135119562085854,5.3500432152117545,3.5404591813811384,5.815756095269413,0.7756974386234324,ADANIENT,11.6,13.64,1.8692546165251382,False,1.870942201108472,,False,37312,0.6833618805740949
108,ADANIENT,Mar 2023,127540,118722,8818.0,7.0,834,3969,2436,3247,32.0,2422,22.0,6.0,180,114.0,32937,53200,55027,141278,56881,24025,6310,54062,141278,1.899012074643249,6.913909361768857,7.328068742246831,10.223649580874424,1.7143504296493437,ADANIENT,11.6,13.64,1.6096335965628876,False,2.431846812799194,,False,46890,0.9027590990812441
109,ADANIENT,Mar 2024,96421,85044,11377.0,12.0,1146,4555,3042,4926,33.0,3335,28.0,5.0,181,114.0,38962,65310,56200,160586,65978,35180,8701,50728,160586,3.458790097592848,11.799296833677312,8.534650424813185,10.89897112639626,2.076768834144944,ADANIENT,11.6,13.64,1.671358378544375,False,2.7492864983534577,,False,56609,0.6004321671876751
111,ADANIGREEN,Mar 2017,502,98,403.0,80.0,80,334,333,-184,-75.0,-47,0.0,0.0,192,1274.0,-71,4347,610,6160,4341,267,26,1525,6160,-9.362549800796813,80.2788844621514,-3.906899418121363,7.261261261261261,-0.762987012987013,ADANIGREEN,96.5,14.7,3.6134663341645887,False,1.4461077844311376,,True,4321,0.08149350649350649
112,ADANIGREEN,Mar 2018,1480,637,843.0,57.0,42,552,543,-210,-35.0,-138,-1.0,0.0,193,1564.0,-223,9864,4503,15709,9120,1725,87,4777,15709,-9.324324324324325,56.95945945945946,-10.290827740492169,7.523427041499331,-0.8784773060029283,ADANIGREEN,96.5,14.7,7.355704697986577,True,1.6032608695652173,,False,9777,0.09421350818002419
113,ADANIGREEN,Mar 2019,2058,532,1526.0,74.0,73,1121,1062,-585,-19.0,-475,-3.0,0.0,194,1564.0,369,11142,1582,14658,10388,743,77,3449,14658,-23.080660835762874,74.14965986394559,-24.573202276254527,11.671128107074571,-3.240551234820576,ADANIGREEN,96.5,14.7,5.764097258147957,True,1.4264049955396967,,True,11065,0.14040114613180515
114,ADANIGREEN,Mar 2020,2549,1098,1450.0,57.0,-111,995,394,-50,23.0,-68,0.0,0.0,195,1564.0,793,14866,1201,18424,12554,1208,476,4186,18424,-2.6677128285602194,56.88505296194586,-2.8850233347475602,8.418974626952332,-0.36908380373425964,ADANIGREEN,96.5,14.7,6.307170131523122,True,1.3457286432160804,,True,14390,0.13835214937038645
115,ADANIGREEN,Mar 2021,3124,883,2241.0,72.0,391,1953,486,193,6.0,182,1.0,0.0,196,1564.0,636,24209,2283,28692,16429,4452,502,7309,28692,5.8258642765685025,71.73495518565942,8.272727272727273,8.485743496535273,0.6343231562804963,ADANIGREEN,96.5,14.7,11.004090909090909,True,1.3476702508960574,,True,23707,0.10888052418792694
116,ADANIGREEN,Mar 2022,5133,1621,3512.0,68.0,507,2617,849,553,12.0,489,3.0,0.0,197,1564.0,1050,52832,3508,58954,28452,19999,574,10029,58954,9.526592635885448,68.42002727449834,18.706962509563887,6.334090827111064,0.8294602571496421,ADANIGREEN,96.5,14.7,20.211170619739864,True,1.5357279327474207,,False,52258,0.08706788343454218
117,ADANIGREEN,Mar 2023,7776,2806,4970.0,64.0,667,2911,1300,1426,32.0,973,6.0,0.0,198,1584.0,5720,54223,5382,66909,48336,5291,1149,12133,66909,12.512860082304528,63.91460905349794,13.321467688937568,8.07775448177223,1.4542139323558863,ADANIGREEN,96.5,14.7,7.423740416210296,True,1.936447956028856,,False,53074,0.11621754920862665
118,ADANIGREEN,Mar 2024,9220,1902,7318.0,79.0,1262,5006,1903,1671,25.0,1260,7.0,0.0,199,1584.0,8250,64858,13394,88086,62284,6427,1515,17860,88086,13.665943600867678,79.3709327548807,12.812690665039659,9.797568682054303,1.430420271098699,ADANIGREEN,96.5,14.7,6.595281675818589,True,1.713943268078306,,False,63343,0.10467043571055559
120,ADANIPORTS,Mar 2013,3577,1195,2382.0,67.0,344,542,422,1762,7.0,1639,8.0,12.0,201,401.0,5993,11620,3022,21035,11382,2951,222,6480,21035,45.820519988817445,66.59211629857423,25.633406318423525,13.22304873986899,7.791775612075114,ADANIPORTS,12.9,18.1,1.817328745699093,False,5.029520295202952,,False,11398,0.17004991680532447
121,ADANIPORTS,Mar 2014,4830,1910,2919.0,60.0,685,977,649,1978,12.0,1741,8.0,12.0,202,414.0,8351,12979,2933,24677,13163,2025,63,9426,24677,36.04554865424431,60.43478260869565,19.86309184255562,13.42439293598234,7.055152571220165,ADANIPORTS,12.9,18.1,1.4807758128921849,False,3.6888433981576254,,False,12916,0.19572881630668235
122,ADANIPORTS,Mar 2015,6152,2250,3902.0,63.0,686,1175,912,2501,7.0,2324,11.0,10.0,203,414.0,10351,17776,3541,32082,20527,1276,260,10020,32082,37.77633289986996,63.42652795838751,21.58848118903855,13.67156021162538,7.243937410385887,ADANIPORTS,12.9,18.1,1.651277287505806,False,3.90468085106383,,False,17516,0.19175861853999127
123,ADANIPORTS,Mar 2016,7109,2532,4577.0,64.0,730,1124,1063,3119,9.0,2856,14.0,8.0,204,414.0,13091,22342,2538,38385,20883,1967,545,14990,38385,40.17442678295119,64.38317625545083,21.147723065531284,12.768153541440007,7.44040640875342,ADANIPORTS,12.9,18.1,1.6543502406516104,False,4.72153024911032,,False,21797,0.18520255308063047
124,ADANIPORTS,Mar 2017,8439,3021,5418.0,64.0,1037,1116,1160,4179,7.0,3902,19.0,7.0,205,414.0,17112,22214,3629,43369,21054,4514,1161,16641,43369,46.23770588932338,64.20191965872733,22.264064817984707,13.633618520382488,8.997209988701607,ADANIPORTS,12.9,18.1,1.2674883030925481,False,5.784050179211469,,False,21053,0.19458599460444095
125,ADANIPORTS,Mar 2018,11323,4166,7157.0,63.0,844,1579,1188,5234,30.0,3690,18.0,11.0,206,414.0,20489,22370,3960,47233,22670,4545,1079,18938,47233,32.588536606906295,63.20763048662016,17.652968473424867,16.539181475747004,7.812334596574429,ADANIPORTS,12.9,18.1,1.0701813136870306,False,5.067131095630145,,False,21291,0.23972646243092752
126,ADANIPORTS,Mar 2019,10925,4330,6596.0,60.0,1289,1385,1373,5126,21.0,4045,19.0,1.0,207,414.0,23958,27712,4228,56311,28121,4483,782,22924,56311,37.02517162471396,60.37528604118994,16.596914492040046,12.664157898778896,7.183321198344907,ADANIPORTS,12.9,18.1,1.1370425077958313,False,5.693140794223827,,False,26930,0.19401182717408677
127,ADANIPORTS,Mar 2020,11873,5926,5947.0,50.0,1928,1951,1680,4244,11.0,3785,19.0,17.0,208,406.0,25051,30242,6217,61917,32715,3216,1178,24808,61917,31.8790533142424,50.08843594710688,14.868209136976077,10.67703190362484,6.113022271750893,ADANIPORTS,12.9,18.1,1.1879640177554307,False,4.036391594054331,,False,29064,0.1917567065587803
128,ADANIPORTS,Mar 2021,12550,3862,8688.0,69.0,1967,2255,2107,6292,20.0,5049,25.0,20.0,209,406.0,30035,35855,8285,74582,48291,3697,2236,20358,74582,40.23107569721115,69.22709163346613,16.586183108307875,13.104863038494027,6.769729961652946,ADANIPORTS,12.9,18.1,1.1778522387569397,False,4.725055432372505,,False,33619,0.16827116462417205
129,ADANIPORTS,Mar 2022,17119,7591,9528.0,56.0,1832,2544,3099,5717,13.0,4953,23.0,22.0,210,422.0,41399,47935,8572,98328,62553,4023,3161,28591,98328,28.93276476429698,55.65745662713943,11.843332297171278,10.615446321137306,5.037222357822797,ADANIPORTS,12.9,18.1,1.1461944955883407,False,4.465408805031447,,False,44774,0.1741009681881051
130,ADANIPORTS,Mar 2023,20852,9905,10947.0,52.0,327,2363,3425,5487,2.0,5391,25.0,20.0,211,432.0,44957,53434,13740,112563,72224,6637,7432,26271,112563,25.85363514291195,52.498561289084975,11.8773271056864,11.077380771682705,4.789317981930119,ADANIPORTS,12.9,18.1,1.1772455881380952,False,4.771053745239103,,False,46002,0.18524737258246493
131,ADANIPORTS,Mar 2024,26711,11121,15589.0,58.0,671,2733,3888,9639,16.0,8104,38.0,16.0,212,432.0,52346,49470,14751,116999,75148,10936,4289,26627,116999,30.339560480700833,58.36172363445772,15.3548827162833,15.246263985603631,6.926554927819896,ADANIPORTS,12.9,18.1,0.9373223691689719,False,5.949506037321624,,False,45181,0.22830109659056916
133,ADANIPORTS,Mar 2013,3577,1195,2382.0,67.0,344,542,422,1762,7.0,1639,8.0,12.0,201,401.0,5993,11620,3022,21035,11382,2951,222,6480,21035,45.820519988817445,66.59211629857423,25.633406318423525,13.22304873986899,7.791775612075114,ADANIPORTS,12.9,18.1,1.817328745699093,False,5.029520295202952,,False,11398,0.17004991680532447
134,ADANIPORTS,Mar 2014,4830,1910,2919.0,60.0,685,977,649,1978,12.0,1741,8.0,12.0,202,414.0,8351,12979,2933,24677,13163,2025,63,9426,24677,36.04554865424431,60.43478260869565,19.86309184255562,13.42439293598234,7.055152571220165,ADANIPORTS,12.9,18.1,1.4807758128921849,False,3.6888433981576254,,False,12916,0.19572881630668235
135,ADANIPORTS,Mar 2015,6152,2250,3902.0,63.0,686,1175,912,2501,7.0,2324,11.0,10.0,203,414.0,10351,17776,3541,32082,20527,1276,260,10020,32082,37.77633289986996,63.42652795838751,21.58848118903855,13.67156021162538,7.243937410385887,ADANIPORTS,12.9,18.1,1.651277287505806,False,3.90468085106383,,False,17516,0.19175861853999127
136,ADANIPORTS,Mar 2016,7109,2532,4577.0,64.0,730,1124,1063,3119,9.0,2856,14.0,8.0,204,414.0,13091,22342,2538,38385,20883,1967,545,14990,38385,40.17442678295119,64.38317625545083,21.147723065531284,12.768153541440007,7.44040640875342,ADANIPORTS,12.9,18.1,1.6543502406516104,False,4.72153024911032,,False,21797,0.18520255308063047
137,ADANIPORTS,Mar 2017,8439,3021,5418.0,64.0,1037,1116,1160,4179,7.0,3902,19.0,7.0,205,414.0,17112,22214,3629,43369,21054,4514,1161,16641,43369,46.23770588932338,64.20191965872733,22.264064817984707,13.633618520382488,8.997209988701607,ADANIPORTS,12.9,18.1,1.2674883030925481,False,5.784050179211469,,False,21053,0.19458599460444095
138,ADANIPORTS,Mar 2018,11323,4166,7157.0,63.0,844,1579,1188,5234,30.0,3690,18.0,11.0,206,414.0,20489,22370,3960,47233,22670,4545,1079,18938,47233,32.588536606906295,63.20763048662016,17.652968473424867,16.539181475747004,7.812334596574429,ADANIPORTS,12.9,18.1,1.0701813136870306,False,5.067131095630145,,False,21291,0.23972646243092752
139,ADANIPORTS,Mar 2019,10925,4330,6596.0,60.0,1289,1385,1373,5126,21.0,4045,19.0,1.0,207,414.0,23958,27712,4228,56311,28121,4483,782,22924,56311,37.02517162471396,60.37528604118994,16.596914492040046,12.664157898778896,7.183321198344907,ADANIPORTS,12.9,18.1,1.1370425077958313,False,5.693140794223827,,False,26930,0.19401182717408677
140,ADANIPORTS,Mar 2020,11873,5926,5947.0,50.0,1928,1951,1680,4244,11.0,3785,19.0,17.0,208,406.0,25051,30242,6217,61917,32715,3216,1178,24808,61917,31.8790533142424,50.08843594710688,14.868209136976077,10.67703190362484,6.113022271750893,ADANIPORTS,12.9,18.1,1.1879640177554307,False,4.036391594054331,,False,29064,0.1917567065587803
141,ADANIPORTS,Mar 2021,12550,3862,8688.0,69.0,1967,2255,2107,6292,20.0,5049,25.0,20.0,209,406.0,30035,35855,8285,74582,48291,3697,2236,20358,74582,40.23107569721115,69.22709163346613,16.586183108307875,13.104863038494027,6.769729961652946,ADANIPORTS,12.9,18.1,1.1778522387569397,False,4.725055432372505,,False,33619,0.16827116462417205
142,ADANIPORTS,Mar 2022,17119,7591,9528.0,56.0,1832,2544,3099,5717,13.0,4953,23.0,22.0,210,422.0,41399,47935,8572,98328,62553,4023,3161,28591,98328,28.93276476429698,55.65745662713943,11.843332297171278,10.615446321137306,5.037222357822797,ADANIPORTS,12.9,18.1,1.1461944955883407,False,4.465408805031447,,False,44774,0.1741009681881051
143,ADANIPORTS,Mar 2023,20852,9905,10947.0,52.0,327,2363,3425,5487,2.0,5391,25.0,20.0,211,432.0,44957,53434,13740,112563,72224,6637,7432,26271,112563,25.85363514291195,52.498561289084975,11.8773271056864,11.077380771682705,4.789317981930119,ADANIPORTS,12.9,18.1,1.1772455881380952,False,4.771053745239103,,False,46002,0.18524737258246493
144,ADANIPORTS,Mar 2024,26711,11121,15589.0,58.0,671,2733,3888,9639,16.0,8104,38.0,16.0,212,432.0,52346,49470,14751,116999,75148,10936,4289,26627,116999,30.339560480700833,58.36172363445772,15.3548827162833,15.246263985603631,6.926554927819896,ADANIPORTS,12.9,18.1,0.9373223691689719,False,5.949506037321624,,False,45181,0.22830109659056916
146,ADANIPOWER,Mar 2013,6692,5732,960.0,14.0,215,1703,1290,-1818,26.0,-2295,-10.0,0.0,214,2393.0,1900,41795,8599,54688,29089,18976,22,6600,54688,-34.294680215182304,14.34548714883443,-53.459119496855344,2.0829717063009894,-4.1965330602691635,ADANIPOWER,32.2,57.1,9.735616119263918,True,0.6899588960657663,,True,41773,0.12236688121708601
147,ADANIPOWER,Mar 2014,15328,10735,4593.0,30.0,137,4162,1937,-1370,-79.0,-291,-1.0,0.0,215,2872.0,3671,44150,8045,58739,46365,3660,115,8599,58739,-1.8984864300626305,29.964770354906058,-4.447501146263182,9.060422543546446,-0.49541190691023,ADANIPOWER,32.2,57.1,6.747669264863212,True,1.1364728495915426,,True,44035,0.2609509865676978
148,ADANIPOWER,Mar 2015,18683,14005,4678.0,25.0,1188,4864,1818,-816,0.0,-816,-3.0,0.0,216,2872.0,2853,44742,8008,58474,45080,191,357,12846,58474,-4.367606915377617,25.03880533104962,-14.253275109170305,9.26942358372798,-1.3954920135444813,ADANIPOWER,32.2,57.1,7.815196506550218,True,1.2060032894736843,,True,44385,0.3195095256011219
149,ADANIPOWER,Mar 2016,25377,16575,8802.0,35.0,-201,5560,2666,375,-47.0,551,2.0,0.0,217,3334.0,4134,52729,15597,75794,56941,88,0,18765,75794,2.171257437837412,34.6849509398274,7.378146759507231,14.621991129126036,0.7269704725967755,ADANIPOWER,32.2,57.1,7.06065881092662,True,1.5469424460431656,,False,52729,0.33481542074570547
150,ADANIPOWER,Mar 2017,22616,16635,5980.0,26.0,-3666,5902,2672,-6260,-1.0,-6174,-16.0,0.0,218,3857.0,-857,52484,16027,71511,54391,125,164,16831,71511,-27.299257163070394,26.44145737530951,-205.79999999999998,10.77788191190253,-8.633636783152241,ADANIPOWER,32.2,57.1,17.494666666666667,True,0.3920704845814978,,True,52320,0.31625903707121983
151,ADANIPOWER,Mar 2018,20304,14868,5436.0,27.0,754,5570,2699,-2079,0.0,-2103,-5.0,0.0,219,3857.0,-2968,52835,15804,69528,52137,120,0,17271,69528,-10.35756501182033,26.773049645390074,-236.55793025871765,10.118382845655573,-3.0246807041767347,ADANIPOWER,32.2,57.1,59.43194600674916,True,1.111310592459605,,True,52835,0.29202623403520883
152,ADANIPOWER,Mar 2019,23884,18901,4983.0,21.0,2448,5657,2751,-976,1.0,-984,-3.0,0.0,220,3857.0,3855,46980,13293,67985,50419,350,3,17213,67985,-4.119912912409982,20.86333947412494,-12.759336099585061,9.11102172164119,-1.4473780981098772,ADANIPOWER,32.2,57.1,6.091804979253112,True,1.313593777620647,,True,46977,0.3513127895859381
153,ADANIPOWER,Mar 2020,26468,20734,5734.0,22.0,323,5315,3006,-2265,0.0,-2275,-6.0,0.0,221,3857.0,2624,55199,13346,75025,55846,2347,3,16830,75025,-8.595284872298626,21.66389602538915,-35.102607622280516,9.296368352788587,-3.032322559146951,ADANIPOWER,32.2,57.1,8.517049837987965,True,1.139604891815616,,True,55196,0.3527890703098967
154,ADANIPOWER,Mar 2021,26221,17533,8688.0,33.0,1909,5106,3202,2289,45.0,1270,3.0,0.0,222,3857.0,9256,52519,13175,78806,52851,6439,20,19495,78806,4.84344609282636,33.13374775942947,9.685045374818882,13.237445148707947,1.6115524198665077,ADANIPOWER,32.2,57.1,4.005109433386716,False,2.0754014884449665,,False,52499,0.3327284724513362
155,ADANIPOWER,Mar 2022,27711,17830,9881.0,36.0,3908,4095,3118,6577,25.0,4912,13.0,0.0,223,3857.0,14600,49145,14379,81981,53274,10270,183,18254,81981,17.725812854101257,35.6573201977554,26.613209080565635,14.61643146652466,5.991632207462705,ADANIPOWER,32.2,57.1,2.662675407704394,False,3.3672771672771673,,False,48962,0.33801734548248985
156,ADANIPOWER,Mar 2023,38773,28677,10096.0,26.0,4216,3334,3304,7675,-40.0,10727,28.0,0.0,224,3857.0,26019,42350,13596,85821,51451,12880,654,20836,85821,27.666159440848016,26.038738297268715,35.90507430713616,13.978345748068563,12.499271740017011,ADANIPOWER,32.2,57.1,1.4175257731958764,False,4.2927414517096585,,False,41696,0.4517891891262045
157,ADANIPOWER,Mar 2024,50351,32124,18228.0,36.0,9883,3388,3931,20792,0.0,20829,54.0,0.0,225,3857.0,39288,34616,14248,92009,63016,925,374,27694,92009,41.36759945184802,36.20186292228556,48.27674122146251,23.441056570774553,22.638002804073516,ADANIPOWER,32.2,57.1,0.8023177656738903,False,8.297225501770956,,False,34242,0.5472399439185297
159,AMBUJACEM,Dec 2012,9749,7276,2473.0,25.0,69,78,569,1896,32.0,1292,8.0,43.0,227,308.0,8489,60,3487,12345,5951,524,1581,4289,12345,13.252641296543235,25.36670427736178,14.686825053995682,27.921418087388506,10.46577561765897,AMBUJACEM,12.8,9.24,0.006820506991019666,False,32.58974358974359,,False,-1521,0.7897124341838802
160,AMBUJACEM,Dec 2013,9161,7492,1669.0,18.0,390,67,494,1498,15.0,1278,8.0,44.0,228,309.0,9153,48,3446,12956,6147,698,1714,4399,12956,13.950442091474729,18.218535094422005,13.506658211794548,17.549947423764458,9.864155603581352,AMBUJACEM,12.8,9.24,0.0050729232720355105,False,30.73134328358209,,False,-1666,0.7070855202222909
161,AMBUJACEM,Dec 2014,9955,8022,1934.0,19.0,419,66,513,1774,16.0,1487,10.0,46.0,229,310.0,9760,34,3774,13878,6310,692,2097,4780,13878,14.937217478653944,19.427423405323957,14.766633565044687,19.1409342834521,10.714800403516357,AMBUJACEM,12.8,9.24,0.0033763654419066533,False,35.65151515151515,,False,-2063,0.7173223807465052
162,AMBUJACEM,Dec 2015,9437,7895,1542.0,16.0,353,92,630,1173,31.0,808,5.0,54.0,230,310.0,9961,35,3827,14133,6170,416,2149,5398,14133,8.562043022146868,16.33993853979019,7.866809463538117,14.962157966233262,5.717115969716267,AMBUJACEM,12.8,9.24,0.0034076526141563626,False,20.597826086956523,,False,-2114,0.6677280124531239
163,AMBUJACEM,Dec 2016,20094,16913,3181.0,16.0,441,153,1461,2008,29.0,1434,6.0,50.0,231,397.0,19424,29,12974,32824,21410,582,175,10657,32824,7.136458644371454,15.830596197870012,7.234751021643711,16.025188916876573,4.368754569826956,AMBUJACEM,12.8,9.24,0.00146309469754301,False,23.673202614379086,,False,-146,0.6121740190104802
164,AMBUJACEM,Dec 2017,23609,19751,3858.0,16.0,335,206,1219,2768,30.0,1945,8.0,47.0,232,397.0,20275,24,14813,35509,20898,667,153,13791,35509,8.238383667245541,16.34122580371892,9.408862229102168,18.641283339775804,5.477484581373736,AMBUJACEM,12.8,9.24,0.0011609907120743034,False,20.354368932038835,,False,-129,0.6648736939930722
165,AMBUJACEM,Dec 2018,26041,22030,4011.0,15.0,232,170,1154,2919,-2.0,2973,11.0,14.0,233,397.0,21973,40,14981,37391,20636,1008,133,15613,37391,11.416612265273992,15.402634307438271,13.29012069736254,17.89825970548862,7.951111229975128,AMBUJACEM,12.8,9.24,0.001788109074653554,False,24.958823529411763,,False,-93,0.6964510176245621
166,AMBUJACEM,Dec 2019,27104,22507,4597.0,17.0,601,170,1153,3875,28.0,2783,11.0,14.0,234,397.0,23681,41,16059,40178,20701,1554,150,17773,40178,10.267857142857142,16.960596221959857,11.558268959215882,19.059662506737425,6.926676290507243,AMBUJACEM,12.8,9.24,0.0017027992358169283,False,30.576470588235296,,False,-109,0.6745980387276619
167,AMBUJACEM,Dec 2020,24516,19511,5006.0,20.0,288,140,1162,3992,22.0,3107,12.0,151.0,235,397.0,22360,471,16490,39718,20486,2422,167,16643,39718,12.673356175558819,20.41931799641051,13.65294195192688,21.551575684518685,7.822649680245733,AMBUJACEM,12.8,9.24,0.02069692841762974,False,37.81428571428572,,False,304,0.6172516239488394
168,AMBUJACEM,Dec 2021,28965,22755,6210.0,21.0,252,146,1152,5164,28.0,3711,14.0,45.0,236,397.0,24957,477,19374,45205,22254,2168,198,20585,45205,12.812014500258934,21.439668565510097,14.636743709079436,24.04088111184236,8.209268886185155,AMBUJACEM,12.8,9.24,0.01881359943204228,False,44.26027397260274,,False,279,0.6407477048999004
170,AMBUJACEM,Mar 2024,33160,26760,6400.0,19.0,1401,276,1623,5901,20.0,4738,16.0,12.0,238,440.0,41016,699,23107,65261,32388,2658,849,29365,65261,14.288299155609169,19.300361881785282,11.428984947896565,15.182066184319773,7.2600787606687,AMBUJACEM,12.8,9.24,0.01686125048243921,False,28.264492753623188,,False,-150,0.5081135747230352
172,APOLLOHOSP,Mar 2013,3769,3157,612.0,16.0,33,103,142,399,26.0,303,22.0,25.0,240,70.0,2677,1213,854,4814,2341,403,527,1543,4814,8.039267710267975,16.23772884054126,11.030214779759739,15.454545454545453,6.294142085583713,APOLLOHOSP,17.2,13.81,0.4415726246814707,False,6.262135922330097,,False,686,0.7829248026589115
173,APOLLOHOSP,Mar 2014,4357,3681,676.0,16.0,18,119,168,407,25.0,315,23.0,25.0,241,70.0,2907,1344,1029,5350,2681,491,322,1855,5350,7.229745237548772,15.515262795501492,10.581121934833725,15.64452672992363,5.887850467289719,APOLLOHOSP,17.2,13.81,0.4514612025529056,False,5.831932773109243,,False,1022,0.814392523364486
174,APOLLOHOSP,Mar 2015,5129,4392,737.0,14.0,47,118,212,455,29.0,335,24.0,24.0,242,70.0,3102,1992,1296,6459,3244,533,311,2372,6459,6.531487619418989,14.369272762721778,10.561160151324085,14.271882261812548,5.1865613872116425,APOLLOHOSP,17.2,13.81,0.6279949558638083,False,6.6440677966101696,,False,1681,0.7940857717912989
175,APOLLOHOSP,Mar 2016,6150,5465,684.0,11.0,92,180,264,332,29.0,235,17.0,35.0,243,70.0,3262,2834,1195,7360,3997,562,352,2448,7360,3.8211382113821135,11.121951219512196,7.052821128451381,11.093091144988646,3.192934782608696,APOLLOHOSP,17.2,13.81,0.8505402160864346,False,4.311111111111111,,False,2482,0.8355978260869565
176,APOLLOHOSP,Mar 2017,7256,6522,734.0,10.0,60,257,314,222,41.0,131,16.0,38.0,244,70.0,3244,3125,1665,8103,4591,347,406,2759,8103,1.8054024255788312,10.115766262403527,3.952926976463488,11.399285603354558,1.6166851783290141,APOLLOHOSP,17.2,13.81,0.9429692214846107,False,3.0894941634241246,,False,2719,0.8954708132790324
177,APOLLOHOSP,Mar 2018,8243,7442,801.0,10.0,24,295,359,171,65.0,60,8.0,59.0,245,70.0,3182,3427,1917,8596,4773,712,352,2759,8596,0.7278903311901006,9.717335921387845,1.8450184501845017,11.992813295403504,0.6979990693345742,APOLLOHOSP,17.2,13.81,1.0538130381303814,False,2.7966101694915255,,False,3075,0.9589343880874825
178,APOLLOHOSP,Mar 2019,9617,8548,1070.0,11.0,26,327,396,373,47.0,200,17.0,35.0,246,70.0,3264,3673,2159,9166,4982,822,462,2901,9166,2.0796506186960593,11.126130810023916,5.9988002399520095,15.270443841872414,2.181976871045167,APOLLOHOSP,17.2,13.81,1.1016796640671866,False,3.3516819571865444,,False,3211,1.0492035784420686
179,APOLLOHOSP,Mar 2020,11247,9656,1591.0,14.0,222,533,620,660,34.0,432,33.0,18.0,247,70.0,3270,3596,4354,11289,7432,236,434,3187,11289,3.841024273139504,14.145994487418868,12.934131736526947,22.93829296424452,3.826733988838692,APOLLOHOSP,17.2,13.81,1.0766467065868264,False,3.401500938086304,,False,3162,0.996279564177518
180,APOLLOHOSP,Mar 2021,10560,9420,1140.0,11.0,103,449,573,221,38.0,137,10.0,29.0,248,72.0,4531,4160,2629,11392,6778,234,1343,3037,11392,1.2973484848484849,10.795454545454545,2.976319791440365,13.009243409791168,1.2025983146067416,APOLLOHOSP,17.2,13.81,0.9037584184227677,False,2.7683741648106905,,False,2817,0.9269662921348315
181,APOLLOHOSP,Mar 2022,14663,12474,2189.0,15.0,368,379,601,1578,30.0,1108,73.0,16.0,249,72.0,5551,4068,3570,13261,8296,46,816,4104,13261,7.556434563186251,14.928732183045762,19.704783923172684,22.587968217934165,8.355327652514893,APOLLOHOSP,17.2,13.81,0.723457229237062,False,6.746701846965699,,False,3252,1.1057235502601614
182,APOLLOHOSP,Mar 2023,16612,14548,2065.0,12.0,75,381,615,1144,22.0,844,57.0,26.0,250,72.0,6126,4332,3886,14416,8520,610,574,4712,14416,5.080664579821816,12.430772935227546,13.617295901903839,19.610636277302945,5.854605993340733,APOLLOHOSP,17.2,13.81,0.6989351403678606,False,5.616797900262467,,False,3758,1.152330743618202
183,APOLLOHOSP,Mar 2024,19059,16665,2394.0,13.0,105,449,687,1362,33.0,935,63.0,26.0,251,72.0,6864,5333,4474,16742,9664,873,986,5219,16742,4.905818773282963,12.56099480560365,13.480392156862745,19.51259271334257,5.5847568988173455,APOLLOHOSP,17.2,13.81,0.7688869665513264,False,5.565701559020044,,False,4347,1.1383944570541153
185,ASIANPAINT,Mar 2013,10504,8767,1737.0,17.0,114,42,155,1655,30.0,1160,12.0,40.0,253,96.0,3288,251,3149,6784,2441,59,296,3989,6784,11.043412033511043,16.536557501904035,34.2789598108747,47.785419532324624,17.099056603773587,ASIANPAINT,41.75,31.45,0.0741725768321513,False,44.07142857142857,,False,-45,1.5483490566037736
185,ASIANPAINT,Mar 2013,10504,8767,1737.0,17.0,114,42,155,1655,30.0,1160,12.0,40.0,266,96.0,3288,251,3149,6784,2441,59,296,3989,6784,11.043412033511043,16.536557501904035,34.2789598108747,47.785419532324624,17.099056603773587,ASIANPAINT,41.75,31.45,0.0741725768321513,False,44.07142857142857,,False,-45,1.5483490566037736
186,ASIANPAINT,Mar 2014,12220,10217,2004.0,16.0,124,48,246,1834,31.0,1263,13.0,42.0,254,96.0,3943,249,3787,8075,2562,72,1424,4019,8075,10.335515548281506,16.399345335515548,31.27011636543699,46.73507462686567,15.640866873065015,ASIANPAINT,41.75,31.45,0.06164892300074276,False,44.333333333333336,,False,-1175,1.513312693498452
186,ASIANPAINT,Mar 2014,12220,10217,2004.0,16.0,124,48,246,1834,31.0,1263,13.0,42.0,267,96.0,3943,249,3787,8075,2562,72,1424,4019,8075,10.335515548281506,16.399345335515548,31.27011636543699,46.73507462686567,15.640866873065015,ASIANPAINT,41.75,31.45,0.06164892300074276,False,44.333333333333336,,False,-1175,1.513312693498452
187,ASIANPAINT,Mar 2015,13615,11372,2243.0,16.0,142,42,266,2077,31.0,1427,15.0,42.0,255,96.0,4646,418,3754,8914,2660,196,1588,4471,8914,10.481087036356959,16.47447668013221,30.09278785322649,43.468992248062015,16.008525914292125,ASIANPAINT,41.75,31.45,0.08814846056516237,False,56.785714285714285,,False,-1170,1.5273726722010321
187,ASIANPAINT,Mar 2015,13615,11372,2243.0,16.0,142,42,266,2077,31.0,1427,15.0,42.0,268,96.0,4646,418,3754,8914,2660,196,1588,4471,8914,10.481087036356959,16.47447668013221,30.09278785322649,43.468992248062015,16.008525914292125,ASIANPAINT,41.75,31.45,0.08814846056516237,False,56.785714285714285,,False,-1170,1.5273726722010321
188,ASIANPAINT,Mar 2016,14271,11546,2725.0,19.0,213,49,276,2614,32.0,1803,18.0,41.0,256,96.0,6429,323,3711,10559,3416,107,2712,4324,10559,12.634013033424427,19.09466750753276,27.632183908045977,39.79264018691589,17.075480632635667,ASIANPAINT,41.75,31.45,0.04950191570881226,False,59.95918367346939,,False,-2389,1.351548442087319
188,ASIANPAINT,Mar 2016,14271,11546,2725.0,19.0,213,49,276,2614,32.0,1803,18.0,41.0,269,96.0,6429,323,3711,10559,3416,107,2712,4324,10559,12.634013033424427,19.09466750753276,27.632183908045977,39.79264018691589,17.075480632635667,ASIANPAINT,41.75,31.45,0.04950191570881226,False,59.95918367346939,,False,-2389,1.351548442087319
189,ASIANPAINT,Mar 2017,15062,12068,2994.0,20.0,338,37,335,2960,32.0,2016,20.0,51.0,257,96.0,7508,560,4241,12405,3304,258,2652,6192,12405,13.384676669764971,19.87783826849024,26.512361914781696,36.67319941205292,16.251511487303507,ASIANPAINT,41.75,31.45,0.07364544976328248,False,90.05405405405405,,False,-2092,1.2141878274889157
189,ASIANPAINT,Mar 2017,15062,12068,2994.0,20.0,338,37,335,2960,32.0,2016,20.0,51.0,270,96.0,7508,560,4241,12405,3304,258,2652,6192,12405,13.384676669764971,19.87783826849024,26.512361914781696,36.67319941205292,16.251511487303507,ASIANPAINT,41.75,31.45,0.07364544976328248,False,90.05405405405405,,False,-2092,1.2141878274889157
190,ASIANPAINT,Mar 2018,16825,13621,3204.0,19.0,336,41,360,3138,33.0,2098,21.0,41.0,258,96.0,8314,533,4820,13763,3732,1405,2141,6485,13763,12.469539375928678,19.043090638930163,24.94649227110583,35.826903723582696,15.243769526992661,ASIANPAINT,41.75,31.45,0.0633769322235434,False,86.34146341463415,,False,-1608,1.2224805638305603
190,ASIANPAINT,Mar 2018,16825,13621,3204.0,19.0,336,41,360,3138,33.0,2098,21.0,41.0,271,96.0,8314,533,4820,13763,3732,1405,2141,6485,13763,12.469539375928678,19.043090638930163,24.94649227110583,35.826903723582696,15.243769526992661,ASIANPAINT,41.75,31.45,0.0633769322235434,False,86.34146341463415,,False,-1608,1.2224805638305603
191,ASIANPAINT,Mar 2019,19240,15475,3765.0,20.0,274,110,622,3306,33.0,2208,22.0,47.0,259,96.0,9375,1320,5459,16249,6497,210,2569,6974,16249,11.476091476091476,19.56860706860707,23.3132720937599,34.89018626633305,13.588528524832297,ASIANPAINT,41.75,31.45,0.13937282229965156,False,36.71818181818182,,False,-1249,1.1840728660225244
191,ASIANPAINT,Mar 2019,19240,15475,3765.0,20.0,274,110,622,3306,33.0,2208,22.0,47.0,272,96.0,9375,1320,5459,16249,6497,210,2569,6974,16249,11.476091476091476,19.56860706860707,23.3132720937599,34.89018626633305,13.588528524832297,ASIANPAINT,41.75,31.45,0.13937282229965156,False,36.71818181818182,,False,-1249,1.1840728660225244
192,ASIANPAINT,Mar 2020,20211,16054,4157.0,21.0,355,102,780,3629,24.0,2774,28.0,43.0,260,96.0,10034,1118,4889,16138,6272,140,2019,7707,16138,13.725199148978279,20.568007520657066,27.38400789733465,36.9576813655761,17.189242781013757,ASIANPAINT,41.75,31.45,0.11036525172754195,False,44.23529411764706,,False,-901,1.2523856735654977
192,ASIANPAINT,Mar 2020,20211,16054,4157.0,21.0,355,102,780,3629,24.0,2774,28.0,43.0,273,96.0,10034,1118,4889,16138,6272,140,2019,7707,16138,13.725199148978279,20.568007520657066,27.38400789733465,36.9576813655761,17.189242781013757,ASIANPAINT,41.75,31.45,0.11036525172754195,False,44.23529411764706,,False,-901,1.2523856735654977
193,ASIANPAINT,Mar 2021,21713,16857,4856.0,22.0,332,92,791,4304,26.0,3207,33.0,55.0,261,96.0,12710,1093,6456,20355,5859,183,4737,9577,20355,14.769953484087875,22.36448210749321,25.042948617835393,34.93776530685661,15.755342667649227,ASIANPAINT,41.75,31.45,0.0853506168983289,False,56.391304347826086,,False,-3644,1.0667157946450503
193,ASIANPAINT,Mar 2021,21713,16857,4856.0,22.0,332,92,791,4304,26.0,3207,33.0,55.0,274,96.0,12710,1093,6456,20355,5859,183,4737,9577,20355,14.769953484087875,22.36448210749321,25.042948617835393,34.93776530685661,15.755342667649227,ASIANPAINT,41.75,31.45,0.0853506168983289,False,56.391304347826086,,False,-3644,1.0667157946450503
194,ASIANPAINT,Mar 2022,29101,24298,4804.0,17.0,296,95,816,4188,26.0,3085,32.0,61.0,262,96.0,13716,1587,7560,22958,5519,426,3248,13765,22958,10.60101027456101,16.50802377925157,22.335650159281784,31.19683096304955,13.437581670877256,ASIANPAINT,41.75,31.45,0.11490008688097307,False,53.68421052631579,,False,-1661,1.2675755727850857
194,ASIANPAINT,Mar 2022,29101,24298,4804.0,17.0,296,95,816,4188,26.0,3085,32.0,61.0,275,96.0,13716,1587,7560,22958,5519,426,3248,13765,22958,10.60101027456101,16.50802377925157,22.335650159281784,31.19683096304955,13.437581670877256,ASIANPAINT,41.75,31.45,0.11490008688097307,False,53.68421052631579,,False,-1661,1.2675755727850857
195,ASIANPAINT,Mar 2023,34489,28229,6260.0,18.0,431,144,858,5689,26.0,4195,43.0,60.0,263,96.0,15896,1933,7854,25779,5770,1020,4262,14728,25779,12.163298442981821,18.150714720635566,26.231865932966482,34.92329149232915,16.272935334962565,ASIANPAINT,41.75,31.45,0.12087293646823412,False,46.46527777777778,,False,-2329,1.3378719112455875
195,ASIANPAINT,Mar 2023,34489,28229,6260.0,18.0,431,144,858,5689,26.0,4195,43.0,60.0,276,96.0,15896,1933,7854,25779,5770,1020,4262,14728,25779,12.163298442981821,18.150714720635566,26.231865932966482,34.92329149232915,16.272935334962565,ASIANPAINT,41.75,31.45,0.12087293646823412,False,46.46527777777778,,False,-2329,1.3378719112455875
196,ASIANPAINT,Mar 2024,35495,27910,7585.0,21.0,821,205,853,7348,24.0,5558,57.0,58.0,264,96.0,18632,2474,8698,29901,7147,2698,4588,15468,29901,15.658543456824905,21.3692069305536,29.677488252883382,35.774926893689276,18.588007090063876,ASIANPAINT,41.75,31.45,0.1321016659547202,False,41.00487804878049,,False,-2114,1.187084044011906
196,ASIANPAINT,Mar 2024,35495,27910,7585.0,21.0,821,205,853,7348,24.0,5558,57.0,58.0,277,96.0,18632,2474,8698,29901,7147,2698,4588,15468,29901,15.658543456824905,21.3692069305536,29.677488252883382,35.774926893689276,18.588007090063876,ASIANPAINT,41.75,31.45,0.1321016659547202,False,41.00487804878049,,False,-2114,1.187084044011906
198,ATGL,Mar 2018,1374,1008,366.0,27.0,80,125,61,259,36.0,162,6.0,0.0,279,257.0,759,1345,442,2803,897,102,180,1624,2803,11.790393013100436,26.637554585152838,15.94488188976378,15.501905972045742,5.779521940777738,ATGL,21.2,20.5,1.3238188976377954,False,3.568,,False,1165,0.49018908312522297
199,ATGL,Mar 2019,1719,1264,455.0,26.0,59,90,67,357,36.0,229,2.0,12.0,280,110.0,992,394,552,2048,980,190,176,701,2048,13.321698662012798,26.46887725421757,20.780399274047188,30.414438502673796,11.181640625,ATGL,21.2,20.5,0.35753176043557167,False,5.711111111111111,,False,218,0.83935546875
200,ATGL,Mar 2020,1875,1280,595.0,32.0,44,41,51,547,20.0,436,4.0,6.0,281,110.0,1361,428,577,2476,1198,342,282,655,2476,23.253333333333334,31.733333333333334,29.63970088375255,31.332280147446024,17.60904684975767,ATGL,21.2,20.5,0.2909585316111489,False,15.585365853658537,,False,146,0.7572697899838449
201,ATGL,Mar 2021,1696,991,704.0,42.0,30,40,63,631,25.0,463,4.0,6.0,282,110.0,1824,529,741,3204,1379,696,417,711,3204,27.299528301886795,41.509433962264154,23.94002068252327,28.583028826634187,14.450686641697876,ATGL,21.2,20.5,0.27352637021716647,False,18.35,,False,112,0.529338327091136
202,ATGL,Mar 2022,3038,2265,773.0,25.0,46,53,83,684,26.0,509,5.0,5.0,283,110.0,2306,1035,964,4415,1733,1171,634,878,4415,16.754443712969056,25.44437129690586,21.06788079470199,22.39930454940597,11.528878822197056,ATGL,21.2,20.5,0.4283940397350993,False,15.452830188679245,,False,401,0.6881087202718007
203,ATGL,Mar 2023,4378,3508,870.0,20.0,54,78,113,733,25.0,546,5.0,5.0,284,110.0,2831,1422,1282,5645,2335,1619,682,1010,5645,12.47144814984011,19.872087711283694,18.56511390683441,19.94040797616319,9.67227635075288,ATGL,21.2,20.5,0.48350901054063244,False,11.846153846153847,,False,740,0.7755535872453498
204,ATGL,Mar 2024,4475,3371,1104.0,25.0,62,111,158,896,26.0,668,6.0,4.0,285,110.0,3470,1557,1454,6592,3174,1502,706,1209,6592,14.927374301675977,24.670391061452516,18.65921787709497,21.491142690286157,10.133495145631068,ATGL,21.2,20.5,0.43491620111731844,False,10.504504504504505,,False,851,0.6788531553398058
206,BAJAJ-AUTO,Mar 2013,20025,16370,3656.0,18.0,790,1,168,4277,29.0,3133,108.0,42.0,299,289.0,7776,116,4461,12642,2355,294,6059,3934,12642,15.645443196004994,18.257178526841447,38.84686918784873,44.688913335778025,24.782471127986078,BAJAJ-AUTO,33.5,26.5,0.014383137011779294,False,4446.0,,False,-5943,1.5840056953013764
207,BAJAJ-AUTO,Mar 2014,20137,15974,4163.0,21.0,674,1,181,4655,31.0,3380,117.0,43.0,300,289.0,9878,59,5081,15308,2660,144,8448,4056,15308,16.785022595222724,20.673387297015445,33.24481164551982,40.70995501662429,22.07995819179514,BAJAJ-AUTO,33.5,26.5,0.0058030884233303826,False,4837.0,,False,-8389,1.3154559707342566
208,BAJAJ-AUTO,Mar 2015,21595,17467,4128.0,19.0,228,6,267,4083,31.0,3026,105.0,48.0,301,289.0,10806,112,4758,15966,2448,255,8985,4277,15966,14.012502894188469,19.115536003704563,27.273546642631818,36.834121531185865,18.95277464612301,BAJAJ-AUTO,33.5,26.5,0.010094637223974764,False,726.0,,False,-8873,1.3525616935988976
209,BAJAJ-AUTO,Mar 2016,22574,17781,4793.0,21.0,1194,1,307,5679,28.0,4061,140.0,39.0,302,289.0,13731,118,3102,17240,2026,52,11067,4095,17240,17.989722689820148,21.23239124656685,28.96576319543509,33.901541943697836,23.55568445475638,BAJAJ-AUTO,33.5,26.5,0.008416547788873038,False,5987.0,,False,-10949,1.3093967517401393
210,BAJAJ-AUTO,Mar 2017,21755,17326,4429.0,20.0,1468,1,307,5588,27.0,4079,141.0,39.0,303,289.0,17567,120,3661,21638,2002,42,15477,4117,21638,18.7497127097219,20.358538267065043,22.843862007168457,24.638406764574988,18.8510952953138,BAJAJ-AUTO,33.5,26.5,0.006720430107526882,False,5897.0,,False,-15357,1.0054071540807838
211,BAJAJ-AUTO,Mar 2018,25210,20364,4846.0,19.0,1404,1,315,5933,29.0,4219,146.0,41.0,304,289.0,20136,121,4595,25141,1878,56,18895,4312,25141,16.735422451408173,19.22253074176914,20.656058751529986,23.586099484084492,16.781353168131737,BAJAJ-AUTO,33.5,26.5,0.005924112607099143,False,6250.0,,False,-18774,1.0027445209021122
212,BAJAJ-AUTO,Mar 2019,30358,25160,5198.0,17.0,2028,4,266,6956,29.0,4928,170.0,35.0,305,289.0,22944,125,5476,28834,1764,48,20603,6420,28834,16.2329534224916,17.12234007510376,21.211208195239532,22.25361760424694,17.09093431365749,BAJAJ-AUTO,33.5,26.5,0.005380278052769767,False,1806.5,,False,-20478,1.0528542692654506
213,BAJAJ-AUTO,Mar 2020,29919,24809,5109.0,17.0,1832,3,246,6692,22.0,5212,180.0,67.0,306,289.0,21373,126,4722,26510,1699,60,19914,4837,26510,17.42036832781844,17.076105484808984,24.06056689133044,23.448687350835325,19.660505469634103,BAJAJ-AUTO,33.5,26.5,0.005816637429600221,False,2313.6666666666665,,False,-19788,1.1285929837797057
214,BAJAJ-AUTO,Mar 2021,27741,22803,4938.0,18.0,1570,7,259,6241,22.0,4857,168.0,83.0,307,289.0,26984,121,6207,33602,1668,16,24687,7232,33602,17.508381096571863,17.800367686817346,17.808821911780882,18.025845075563993,14.454496756145469,BAJAJ-AUTO,33.5,26.5,0.0044366223004436624,False,929.7142857142857,,False,-24566,0.8255758585798464
215,BAJAJ-AUTO,Mar 2022,33145,27886,5259.0,16.0,2671,9,270,7652,19.0,6166,213.0,66.0,308,289.0,29570,123,5129,35111,1836,77,26634,6564,35111,18.60310755770101,15.866646553024587,20.650390167118793,17.540524314588755,17.561447979265758,BAJAJ-AUTO,33.5,26.5,0.004119360996684417,False,881.1111111111111,,False,-26511,0.9440061519182023
216,BAJAJ-AUTO,Mar 2023,36455,29991,6465.0,18.0,1703,40,286,7842,23.0,6060,214.0,65.0,309,283.0,29079,124,5651,35136,2842,85,26183,6026,35136,16.62323412426279,17.734192840488273,20.638921054424088,21.925659635081054,17.247267759562842,BAJAJ-AUTO,33.5,26.5,0.004223145562291397,False,204.2,,False,-26059,1.037539845173042
217,BAJAJ-AUTO,Mar 2024,44870,36106,8765.0,20.0,1700,60,365,10040,23.0,7708,276.0,29.0,310,279.0,28683,1912,8470,39344,3217,35,28087,8005,39344,17.178515712057056,19.534209939826162,26.61418410330778,28.389583468290468,19.59129727531517,BAJAJ-AUTO,33.5,26.5,0.06601754022512257,False,174.41666666666666,,False,-26175,1.1404534363562424
219,AXISBANK,Mar 2013,27183,17516,8313.0,1353.0,5,6551,352,7553,31.0,5179,22.0,16.0,287,468.0,32690,296254,11145,340558,2245,142,113378,224792,340558,19.05234889452967,30.58161350844278,15.6191567645817,2.5235874831517977,1.52073949224508,AXISBANK,7.06,18.4,8.93461608058387,True,1.2697298122424057,,True,182876,0.07981900293048468
220,AXISBANK,Mar 2014,30641,18690,9644.0,2307.0,8,7405,364,9349,33.0,6218,26.0,15.0,288,470.0,37926,333280,14674,386350,2346,102,113093,270810,386350,20.293071374955126,31.474168597630626,16.194395249505156,2.5947330470624954,1.6094215089944353,AXISBANK,7.06,18.4,8.680070840712574,True,1.3034436191762322,,True,220187,0.0793089167852983
221,AXISBANK,Mar 2015,35479,21254,11127.0,3097.0,9,8365,406,11057,33.0,7358,31.0,15.0,289,474.0,44475,406638,15656,467243,2447,105,118527,346164,467243,20.739028721215366,31.36221426759492,16.369663396293575,2.46397704096885,1.5747694454491559,AXISBANK,7.06,18.4,9.046652873256358,True,1.331261207411835,,True,288111,0.07593265174652161
222,AXISBANK,Mar 2016,40988,24155,13367.0,3466.0,8,9371,444,12394,34.0,8224,35.0,14.0,290,477.0,53082,472150,20678,546387,3358,216,131399,411414,546387,20.064409095344978,32.611983995315704,15.355029033402415,2.5426614343676825,1.5051602618656739,AXISBANK,7.06,18.4,8.815511865419444,True,1.4272756376053783,,True,340751,0.07501642608627218
223,AXISBANK,Mar 2017,44542,26449,23808.0,-5715.0,-13,11691,509,5468,33.0,3679,15.0,33.0,291,479.0,55901,527437,27644,611462,3518,292,129018,478633,611462,8.259620133806294,53.450675766692115,6.525363604114934,4.077990192132123,0.6016727122862908,AXISBANK,7.06,18.4,9.355037247250799,True,2.0353263193909847,,False,398419,0.07284508276883928
224,AXISBANK,Mar 2018,45780,27163,28895.0,-10277.0,-22,10967,568,122,-99.0,276,1.0,0.0,292,513.0,63694,611425,28071,703703,3697,352,153037,546618,703703,0.6028833551769331,63.11708169506335,0.42985967262136526,4.276736448244015,0.0392210918526708,AXISBANK,7.06,18.4,9.522715591757908,True,2.632716330810614,,False,458388,0.06505585452953874
225,AXISBANK,Mar 2019,54986,33278,27155.0,-5447.0,-10,13130,710,6974,33.0,4677,18.0,6.0,293,514.0,67288,711996,34248,814046,3842,288,174056,635860,814046,8.505801476739535,49.385298075873855,6.898026606884752,3.482312085950464,0.574537556845682,AXISBANK,7.06,18.4,10.501106162060116,True,2.0674028941355673,,False,537940,0.06754655142338394
226,AXISBANK,Mar 2020,62635,37429,35066.0,-9859.0,-16,15537,773,4904,67.0,1627,6.0,0.0,294,564.0,85776,797337,44194,927872,3912,483,155282,768196,927872,2.5975892073122058,55.984673106090845,1.8844104702339586,3.9681919977548357,0.17534746171885776,AXISBANK,7.06,18.4,9.234850590687978,True,2.2559052584153956,,False,642055,0.06750392295489033
227,AXISBANK,Mar 2021,63346,34107,31749.0,-2510.0,-4,12264,948,8806,25.0,6588,22.0,0.0,295,613.0,102981,850551,46859,1001005,4501,118,225336,771050,1001005,10.400025258106274,50.119976004799035,6.359441666505782,3.3274816720729032,0.6581385707364099,AXISBANK,7.06,18.4,8.210427244821128,True,2.588470319634703,,False,625215,0.06328240118680725
228,AXISBANK,Mar 2022,67377,34245,29962.0,3170.0,5,15221,1008,17383,25.0,13025,42.0,2.0,296,614.0,117647,1020943,56576,1195779,4753,215,274608,916203,1195779,19.33152262641554,44.4691808777476,11.01377461716035,2.630082057296147,1.0892480968473273,AXISBANK,7.06,18.4,8.632964375406939,True,1.968793114775639,,False,746335,0.056345695985629454
229,AXISBANK,Mar 2023,85164,42218,29089.0,13857.0,16,16143,13094,16906,43.0,9580,31.0,3.0,297,615.0,129166,1152038,62598,1344418,5000,142,288095,1051181,1344418,11.248884505189986,34.15645108261707,7.381666037401469,2.2693531614057836,0.712575999428749,AXISBANK,7.06,18.4,8.876784737365254,True,1.8029486464721551,,False,863943,0.06334636995339248
230,AXISBANK,Mar 2024,109369,59474,37943.0,11952.0,11,22442,1334,33060,25.0,24861,81.0,1.0,298,617.0,156406,1295302,65913,1518239,5860,267,332354,1179758,1518239,22.73130411725443,34.69264599658038,15.832712405189048,2.612569500628303,1.6374892227113123,AXISBANK,7.06,18.4,8.249122739980766,True,1.691203992514036,,False,962948,0.0720367478374617
232,BAJAJFINSV,Mar 2013,8055,4124,3931.0,49.0,2,1204,22,2708,18.0,2214,10.0,2.0,312,80.0,7722,12991,44578,65370,1208,2,43251,20910,65370,27.48603351955307,48.80198634388579,28.377339143809277,18.905400856057327,3.386874713171179,BAJAJFINSV,21.14,11.72,1.6650858754165598,False,3.2666112956810633,,False,-30260,0.12322166131252868
233,BAJAJFINSV,Mar 2014,6023,1531,4491.0,75.0,3,1562,31,2902,24.0,2191,10.0,2.0,313,80.0,9232,19507,45565,74383,1262,1,45314,27805,74383,36.37722065415906,74.5641706790636,23.528780068728523,15.583469239043687,2.9455655190029977,BAJAJFINSV,21.14,11.72,2.0948238831615122,False,2.87708066581306,,False,-25807,0.08097280292539961
234,BAJAJFINSV,Mar 2015,11335,5823,5511.0,49.0,8,2230,38,3251,26.0,2409,11.0,2.0,314,80.0,11009,26312,50827,88228,1261,3,51367,35598,88228,21.25275694750772,48.619320688134096,21.724231220128054,14.734900136359991,2.730425715192456,BAJAJFINSV,21.14,11.72,2.372801875732708,False,2.4748878923766817,,False,-25055,0.12847395384685134
235,BAJAJFINSV,Mar 2016,20533,13795,6739.0,33.0,0,2877,58,3804,27.0,2775,12.0,1.0,315,80.0,13519,36062,54290,103951,1274,11,53698,48969,103951,13.514829786197827,32.82033799249987,20.405912199426428,13.570004631400897,2.6695269886773576,BAJAJFINSV,21.14,11.72,2.651812633281859,False,2.3423705248522766,,False,-17636,0.19752575732797184
236,BAJAJFINSV,Mar 2017,24507,15794,8713.0,36.0,0,3716,73,4925,30.0,3450,14.0,1.0,316,80.0,16071,48282,64181,128614,1645,4,62658,64306,128614,14.077610478638755,35.553107275472314,21.360906445421335,13.522573836388185,2.6824451459405663,BAJAJFINSV,21.14,11.72,2.989412420283574,False,2.344725511302476,,False,-14376,0.19054690780163902
237,BAJAJFINSV,Mar 2018,32862,22074,10788.0,33.0,1,4531,160,6099,32.0,4176,17.0,1.0,317,80.0,20403,65695,75337,161514,1792,28,69428,90266,161514,12.707686689793682,32.82819061530034,20.387638529512277,12.518276126157488,2.585534380920539,BAJAJFINSV,21.14,11.72,3.2072938534394377,False,2.3811520635621277,,False,-3733,0.20346223856755452
238,BAJAJFINSV,Mar 2019,42605,27569,15037.0,35.0,2,6657,226,8155,34.0,5374,20.0,1.0,318,80.0,23660,99754,84934,208428,2097,66,81679,124587,208428,12.61354301138364,35.29397957986152,22.636899747262003,12.176300063160964,2.5783483984877273,BAJAJFINSV,21.14,11.72,4.201937657961246,False,2.259125732311852,,False,18075,0.20441111558907632
239,BAJAJFINSV,Mar 2020,54351,36094,18258.0,34.0,0,9500,457,8302,28.0,5994,21.0,2.0,319,80.0,31222,127212,92791,251304,3216,45,91821,156223,251304,11.028315946348734,33.59275818292212,19.148936170212767,11.518225519512471,2.385159010600707,BAJAJFINSV,21.14,11.72,4.0640214682767875,False,1.9218947368421053,,False,35391,0.21627590488014517
240,BAJAJFINSV,Mar 2021,60592,40950,19641.0,32.0,-7,9274,498,9862,25.0,7367,28.0,1.0,320,80.0,35750,128461,115554,279845,3182,129,113654,162879,279845,12.158370742012146,32.415170319514125,20.56098241696902,11.955006665002953,2.63252872125641,BAJAJFINSV,21.14,11.72,3.585291655037678,False,2.1171015742937245,,False,14807,0.21651985920777572
241,BAJAJFINSV,Mar 2022,68406,46951,21455.0,31.0,8,9629,563,11271,26.0,8314,29.0,1.0,321,80.0,40167,161179,131987,333413,3586,113,119222,210493,333413,12.153904628248984,31.364207818027655,20.657440306109773,10.651554417006743,2.4936040286371557,BAJAJFINSV,21.14,11.72,4.004745695331329,False,2.2289957420292867,,False,41957,0.20516896461745643
242,BAJAJFINSV,Mar 2023,82072,52204,29868.0,36.0,1,12380,678,16811,27.0,12210,40.0,2.0,322,159.0,46248,212265,146729,405401,4336,191,136176,264698,405401,14.877181011794521,36.39243590993274,26.310685887904846,11.546669140842457,3.011832728582317,BAJAJFINSV,21.14,11.72,4.573986683043507,False,2.4126817447495963,,False,76089,0.2024464665849369
243,BAJAJFINSV,Mar 2024,110382,69497,40886.0,37.0,-4,18607,900,21375,27.0,15595,51.0,2.0,323,159.0,60169,288933,188154,537415,5455,220,168385,363355,537415,14.128209309488865,37.04045949520755,25.850351412279537,11.706431579821395,2.9018542467180857,BAJAJFINSV,21.14,11.72,4.789368120938867,False,2.197130112323319,,False,120548,0.2053943414307379
245,BAJAJHLDNG,Mar 2013,337,15,322.0,95.0,3,0,2,322,21.0,1856,167.0,15.0,325,111.0,10234,0,430,10775,532,0,9577,666,10775,550.7418397626113,95.54896142433235,17.941034316094733,3.112614789753504,17.22505800464037,BAJAJHLDNG,13.1,14.8,0.0,False,,Debt Free,False,-9577,0.03127610208816705
246,BAJAJHLDNG,Mar 2014,423,23,400.0,94.0,5,0,5,400,20.0,1988,179.0,17.0,326,111.0,11888,0,449,12448,532,0,11325,592,12448,469.97635933806146,94.56264775413712,16.56804733727811,3.3336111342611883,15.97043701799486,BAJAJHLDNG,13.1,14.8,0.0,False,,Debt Free,False,-11325,0.03398136246786632
247,BAJAJHLDNG,Mar 2015,524,40,484.0,92.0,35,0,6,513,19.0,2029,182.0,19.0,327,111.0,13282,0,500,13893,544,0,13078,271,13893,387.2137404580153,92.36641221374046,15.149705069812589,3.6138281191667287,14.604477074785862,BAJAJHLDNG,13.1,14.8,0.0,False,,Debt Free,False,-13078,0.037716835816598286
248,BAJAJHLDNG,Mar 2016,470,42,429.0,91.0,7,0,5,430,21.0,2265,204.0,16.0,328,111.0,15182,0,178,15472,544,0,13276,1651,15472,481.9148936170213,91.27659574468086,14.810697704832275,2.805204995749689,14.639348500517062,BAJAJHLDNG,13.1,14.8,0.0,False,,Debt Free,False,-13276,0.030377456049638055
249,BAJAJHLDNG,Mar 2017,842,215,628.0,75.0,8,0,5,630,21.0,2473,222.0,15.0,329,111.0,17707,0,71,17889,222,0,17364,302,17889,293.70546318289786,74.58432304038006,13.879223257380177,3.5245257604669433,13.824137738274917,BAJAJHLDNG,13.1,14.8,0.0,False,,Debt Free,False,-17364,0.047068030633350105
250,BAJAJHLDNG,Mar 2018,420,65,355.0,85.0,2390,0,5,2739,3.0,2655,239.0,17.0,330,111.0,25090,0,68,25269,215,0,24575,478,25269,632.1428571428571,84.52380952380952,10.535296218404032,1.408674258957978,10.506945268906566,BAJAJHLDNG,13.1,14.8,0.0,False,,Debt Free,False,-24575,0.016621156357592308
251,BAJAJHLDNG,Mar 2019,431,85,347.0,80.0,2827,0,4,3170,4.0,3048,274.0,12.0,331,111.0,26841,0,56,27008,193,0,26257,558,27008,707.1925754060325,80.51044083526682,11.308993766696348,1.2874740279014545,11.285545023696683,BAJAJHLDNG,13.1,14.8,0.0,False,,Debt Free,False,-26257,0.0159582345971564
252,BAJAJHLDNG,Mar 2020,435,134,301.0,69.0,3058,13,33,3314,7.0,3080,269.0,15.0,332,111.0,27652,168,4797,32729,374,0,32068,287,32729,708.0459770114943,69.19540229885057,11.093901955840508,1.0776556514267301,9.410614439793456,BAJAJHLDNG,13.1,14.8,0.006051219248640277,False,258.38461538461536,,False,-31900,0.013290965199058938
253,BAJAJHLDNG,Mar 2021,457,106,352.0,77.0,3451,4,34,3766,3.0,3654,328.0,12.0,333,111.0,37056,136,8186,45490,342,0,44914,234,45490,799.562363238512,77.02407002188184,9.831301961417386,0.9436238372248881,8.032534622994064,BAJAJHLDNG,13.1,14.8,0.0036591600075335648,False,950.75,,False,-44778,0.010046163992086172
254,BAJAJHLDNG,Mar 2022,484,117,367.0,76.0,3896,3,34,4226,2.0,4126,364.0,32.0,334,111.0,42731,114,10632,53588,310,0,52964,314,53588,852.4793388429752,75.82644628099173,9.630736193455022,0.8543626035943757,7.69948495931925,BAJAJHLDNG,13.1,14.8,0.0026609401988702676,False,1421.0,,False,-52850,0.009031872807344929
255,BAJAJHLDNG,Mar 2023,522,142,380.0,73.0,4673,7,34,5012,1.0,4946,436.0,28.0,335,111.0,44071,93,8913,53188,278,0,52555,355,53188,947.5095785440614,72.79693486590038,11.194604137431535,0.8582721626199887,9.299090020305332,BAJAJHLDNG,13.1,14.8,0.0021049296093431716,False,721.8571428571429,,False,-52462,0.009814243814394224
256,BAJAJHLDNG,Mar 2024,1702,140,1562.0,92.0,5967,2,34,7493,2.0,7365,653.0,20.0,336,111.0,54136,63,10851,65161,244,0,64715,203,65161,432.7262044653349,91.7743830787309,13.576787656460265,2.8760817529000184,11.302773131167417,BAJAJHLDNG,13.1,14.8,0.0011613545449517945,False,3764.5,,False,-64652,0.026119918356071883
258,BAJFINANCE,Mar 2015,5392,2274,1752.0,1367.0,25,26,36,1357,34.0,898,18.0,10.0,338,50.0,4750,26655,1325,32780,252,0,326,32201,32780,16.654302670623146,32.49258160237389,18.708333333333332,5.569861707200763,2.7394752898108603,BAJFINANCE,11.9,22.1,5.553125,True,68.34615384615384,,False,26329,0.16449054301403296
259,BAJFINANCE,Mar 2016,7299,2959,2354.0,1986.0,27,35,56,1965,35.0,1279,24.0,10.0,339,54.0,7373,37025,2522,46973,290,0,1029,45654,46973,17.522948349088914,32.25099328675161,17.220950585700823,5.295599748042832,2.7228407808741193,BAJFINANCE,11.9,22.1,4.985189174633096,False,68.02857142857142,,False,35996,0.1553871372916356
260,BAJFINANCE,Mar 2017,9970,3853,3250.0,2867.0,29,22,71,2817,35.0,1836,33.0,11.0,340,109.0,9491,49250,4881,63731,366,0,4070,59295,63731,18.415245737211634,32.59779338014042,19.125,5.52251486830926,2.8808586088402817,BAJFINANCE,11.9,22.1,5.130208333333333,True,149.04545454545453,,False,45180,0.15643878175456213
261,BAJFINANCE,Mar 2018,12746,4696,4115.0,3935.0,31,10,102,3843,35.0,2496,43.0,9.0,341,115.0,15733,66557,2393,84798,470,0,3139,81189,84798,19.58261415345991,32.28463831790366,15.749621403331652,4.993629027364845,2.9434656477747114,BAJFINANCE,11.9,22.1,4.1997097425542655,False,414.6,,False,63418,0.15031014882426472
262,BAJFINANCE,Mar 2019,18487,6723,5454.0,6310.0,34,13,144,6179,35.0,3995,69.0,9.0,342,115.0,19582,101588,2948,124233,695,0,8599,114939,124233,21.609779845296696,29.501812084167252,20.2822764888054,4.496846271179454,3.215731729894634,BAJFINANCE,11.9,22.1,5.1575366807127985,True,422.15384615384613,,False,92989,0.1488090925921454
263,BAJFINANCE,Mar 2020,26374,9608,9159.0,7608.0,29,9,295,7322,28.0,5264,87.0,11.0,343,120.0,32208,129806,2257,164391,1321,0,17544,145526,164391,19.959050580116784,34.72738302874043,16.283098243009157,5.649031048392071,3.2021217706565444,BAJFINANCE,11.9,22.1,4.015280871071517,False,1020.8888888888889,,False,112262,0.1604345736688748
264,BAJFINANCE,Mar 2021,26673,9519,10839.0,6314.0,24,3,325,5992,26.0,4420,73.0,14.0,344,120.0,36798,131634,2918,171470,1316,51,18397,151707,171470,16.5710643722116,40.63659880778315,11.972479549271359,6.43065641463762,2.577710386656558,BAJFINANCE,11.9,22.1,3.5655777669429547,False,3621.0,,False,113237,0.15555490756400536
265,BAJFINANCE,Mar 2022,31641,9855,11880.0,9906.0,31,-17,385,9504,26.0,7028,116.0,17.0,345,121.0,43592,165232,3562,212506,1716,34,12246,198510,212506,22.211687367655887,37.546221674409786,16.07759705350811,5.685706764938141,3.3072007378615194,BAJFINANCE,11.9,22.1,3.779928167821929,False,-700.6470588235294,,True,152986,0.14889461944603918
266,BAJFINANCE,Mar 2023,41411,12701,12693.0,16018.0,39,-5,485,15528,26.0,11508,190.0,16.0,346,121.0,54251,216690,4164,275226,2308,80,22752,250087,275226,27.7897177078554,30.65127623095313,21.16530567203708,4.682692520530359,4.181291011750343,BAJFINANCE,11.9,22.1,3.985323328183624,False,-2546.4,,True,193938,0.15046180230065473
267,BAJFINANCE,Mar 2024,54972,18886,16099.0,19987.0,36,6,683,19310,25.0,14451,233.0,15.0,347,124.0,76572,293346,5700,375742,3250,43,30881,341568,375742,26.287928399912687,29.285818234737686,18.841921351830603,4.350587230638684,3.845990067652804,BAJFINANCE,11.9,22.1,3.824788776468134,False,2689.1666666666665,,False,262465,0.14630251608816688
269,BANKBARODA,Mar 2013,36442,24486,10950.0,1006.0,3,4511,322,5195,9.0,4829,23.0,19.0,349,423.0,32859,509192,16914,559387,2550,0,125617,431220,559387,13.251193677624718,30.047747104988748,14.509344390361157,2.0185299203279787,0.8632663969666795,BANKBARODA,6.33,16.7,15.299320954269575,True,2.4280647306583907,,False,383575,0.06514631194503984
270,BANKBARODA,Mar 2014,40463,27604,12049.0,809.0,2,5555,368,5996,18.0,5036,23.0,19.0,350,431.0,37416,616973,21284,676104,2849,0,122113,551142,676104,12.4459382645874,29.777821713664338,13.306206568552328,1.8400476466815308,0.744855820997953,BANKBARODA,6.33,16.7,16.301767643406347,True,2.169396939693969,,False,494860,0.059847301598570636
271,BANKBARODA,Mar 2015,44915,30547,13466.0,902.0,2,5449,368,5983,36.0,3950,18.0,18.0,351,444.0,41574,665483,26465,733966,2978,0,124739,606248,733966,8.794389402204164,29.981075364577535,9.400733019182256,1.903318864566976,0.5381720679159525,BANKBARODA,6.33,16.7,15.838045599504975,True,2.4716461736098365,,False,540744,0.06119493273530382
272,BANKBARODA,Mar 2016,45799,32107,25391.0,-11700.0,-26,5992,525,-6233,-19.0,-5033,-22.0,0.0,352,462.0,42041,620536,28134,691173,6359,0,128894,555920,691173,-10.98932291098059,55.440075110810284,-11.841517069383338,3.8294881598216692,-0.7281823798093965,BANKBARODA,6.33,16.7,14.599816483542337,True,4.233144192256342,,False,491642,0.06626271570214692
273,BANKBARODA,Mar 2017,44473,29596,19250.0,-4372.0,-10,7937,540,3024,41.0,1855,8.0,15.0,353,462.0,42605,648499,27649,719216,5930,0,140716,572570,719216,4.171070087468801,43.28468958694039,4.307242204007709,2.7835376522269746,0.25791973482236213,BANKBARODA,6.33,16.7,15.057909768500243,True,2.4240897064382008,,False,507783,0.06183538742185936
274,BANKBARODA,Mar 2018,46056,29160,26093.0,-9197.0,-20,7992,901,-2106,-9.0,-1836,-7.0,0.0,354,530.0,46036,672311,28919,747796,5532,0,175137,567126,747796,-3.986451276706618,56.654941809970474,-3.9427908774642444,3.6296890845026337,-0.24552150586523597,BANKBARODA,6.33,16.7,14.437808701627796,True,3.2623873873873874,,False,497174,0.061588989510508216
275,BANKBARODA,Mar 2019,52906,32506,25815.0,-5414.0,-10,7887,948,1525,29.0,1166,4.0,0.0,355,530.0,54466,734456,30217,819670,7368,0,195716,616586,819670,2.203908819415567,48.79408762711223,2.1201541930322207,3.269989815720272,0.14225236985616163,BANKBARODA,6.33,16.7,13.354716706669576,True,3.271839736274883,,False,538740,0.06454548781826833
276,BANKBARODA,Mar 2020,78895,50040,40583.0,-11728.0,-15,12191,1697,-1234,-99.0,981,2.0,0.0,356,925.0,75179,1068981,54850,1199935,9268,0,289727,900941,1199935,1.2434248051207302,51.439254705621394,1.2890255439924314,3.5441037128248123,0.08175442836486976,BANKBARODA,6.33,16.7,14.046318196152633,True,3.327700762857846,,False,779254,0.06574939475888278
277,BANKBARODA,Mar 2021,74314,43201,38070.0,-6957.0,-9,14687,1357,6373,77.0,1620,3.0,0.0,357,1036.0,81354,1067173,53104,1202667,8441,0,281859,912367,1202667,2.1799391770056786,51.22857065963344,1.9662580410243962,3.3116932260345884,0.13470062785459316,BANKBARODA,6.33,16.7,12.95270057045758,True,2.591475454483557,,False,785314,0.061791002829544674
278,BANKBARODA,Mar 2022,73385,38815,37518.0,-2948.0,-4,14395,1438,10008,23.0,7933,15.0,19.0,358,1036.0,90833,1185331,62922,1340121,11098,1,347587,981435,1340121,10.810111058118144,51.12488928255093,8.635121749447583,2.9375195740682742,0.5919614721357251,BANKBARODA,6.33,16.7,12.902404510770772,True,2.6060437651962487,,False,837744,0.05475998062861488
279,BANKBARODA,Mar 2023,94503,49942,38231.0,6329.0,7,16275,2040,20565,29.0,15005,29.0,19.0,359,1036.0,104019,1342592,78224,1525871,9865,3,397487,1118516,1525871,15.877802821074463,40.45480037670762,14.282994621864736,2.6409062430274783,0.9833727752870327,BANKBARODA,6.33,16.7,12.77989624482414,True,2.3494930875576037,,False,945105,0.06193380698630487
280,BANKBARODA,Mar 2024,118379,69899,44379.0,4102.0,3,23399,1702,25799,29.0,18869,36.0,21.0,360,1036.0,118677,1453761,81302,1654775,9054,6,407136,1238579,1654775,15.93948250956673,37.4889127294537,15.761863790899902,2.8204469854601983,1.1402758683204666,BANKBARODA,6.33,16.7,12.143718727289434,True,1.8967477242617206,,False,1046625,0.07153782236255685
282,BHARTIARTL,Mar 2013,76947,53987,22960.0,30.0,1159,4519,14815,4785,53.0,2267,4.0,17.0,374,1899.0,48423,66736,40912,157970,125674,2992,7710,21594,157970,2.9461837368578374,29.838720158030853,4.50498787806526,19.61420834116421,1.43508261062227,BHARTIARTL,13.1,14.9,1.326179404634156,False,5.337242752821421,,False,59026,0.48709881623092993
283,BHARTIARTL,Mar 2014,85864,59352,26512.0,31.0,2881,5879,15650,7864,62.0,3019,5.0,26.0,375,1999.0,57757,75896,45840,181492,140614,0,15531,25347,181492,3.516025342401938,30.87673530233858,5.05221233014258,19.544127620676438,1.6634342009565162,BHARTIARTL,13.1,14.9,1.2700984001606532,False,4.999659806089471,,False,60365,0.47310074273246205
284,BHARTIARTL,Mar 2015,96101,62499,33602.0,35.0,1243,4446,19858,10540,52.0,5048,8.0,33.0,376,1999.0,37778,83415,58747,181939,124279,17415,10752,29494,181939,5.252806942695706,34.96529692719118,12.690750936470824,27.276121826092602,2.7745563073337767,BHARTIARTL,13.1,14.9,2.097066143751414,False,7.837381916329285,,False,72663,0.5282045081043647
285,BHARTIARTL,Mar 2016,96532,62548,33984.0,35.0,4858,8546,17450,12846,46.0,6893,11.0,9.0,377,1999.0,64771,100646,57056,224472,172293,5702,11977,34500,224472,7.140637301620188,35.2049061451125,10.323498577205331,20.299135088641467,3.0707616094657686,BHARTIARTL,13.1,14.9,1.5073536019170286,False,4.545050315937281,,False,88669,0.4300402722834028
286,BHARTIARTL,Mar 2017,95468,60138,35330.0,37.0,1713,9547,19773,7723,45.0,4241,7.0,11.0,378,1999.0,65458,107288,57578,232322,178235,10838,14339,28910,232322,4.442326224494071,37.00716470440357,6.286967994426079,20.21803198947037,1.8254835960434226,BHARTIARTL,13.1,14.9,1.5904650369865247,False,3.880067036765476,,False,92949,0.41092965797470754
287,BHARTIARTL,Mar 2018,82639,52560,30079.0,36.0,1756,9326,19243,3267,33.0,2184,2.0,194.0,379,1999.0,67536,111334,68653,249521,187200,9751,16159,36411,249521,2.6428199760403683,36.398068708479045,3.1408643129359315,16.630268315742335,0.8752770307909956,BHARTIARTL,13.1,14.9,1.60112173725462,False,3.413574951747802,,False,95175,0.33119056111509654
288,BHARTIARTL,Mar 2019,80780,55016,25764.0,32.0,4474,10622,21348,-1732,-99.0,1688,1.0,244.0,380,1999.0,69424,125428,77176,274026,200832,9634,15711,47850,274026,2.0896261450854174,31.894033176528847,2.3633843439788302,13.088071688739197,0.6159999416113799,BHARTIARTL,13.1,14.9,1.7561289780602887,False,2.8467331952551307,,False,109717,0.29478954551757863
289,BHARTIARTL,Mar 2020,87539,50930,36610.0,42.0,-37775,13992,27690,-42846,-28.0,-30664,-55.0,-3.0,381,2728.0,74417,148228,133718,359091,229256,4282,25476,100077,359091,-35.02895852134477,41.821359622568224,-39.748525503921186,16.244181867393166,-8.53933961029377,BHARTIARTL,13.1,14.9,1.9214207012768163,False,-0.08326186392224127,,True,122752,0.2437794319545742
290,BHARTIARTL,Mar 2021,100616,55337,45279.0,45.0,-4215,15091,29404,-3432,99.0,-12364,-26.0,0.0,382,2746.0,56207,162785,122679,344417,223480,5726,27550,87661,344417,-12.28830404707005,45.00178897988392,-20.972639221074417,20.420045278662204,-3.58983441583894,BHARTIARTL,13.1,14.9,2.7612674503417978,False,2.7210920416142073,,False,135235,0.2921342442446221
291,BHARTIARTL,Mar 2022,116547,59013,57534.0,49.0,4656,16616,33091,12483,33.0,8305,7.0,39.0,383,2795.0,63759,169678,124975,361207,244083,5955,29349,81820,361207,7.125880546045801,49.36549203325697,12.478588815097515,24.354871482271665,2.299235618357341,BHARTIARTL,13.1,14.9,2.5494786188658836,False,3.742778045257583,,False,140329,0.32265985985875134
292,BHARTIARTL,Mar 2023,139145,67871,71274.0,51.0,1019,19300,36432,16561,26.0,12287,15.0,27.0,384,2837.0,74726,226020,140974,444557,277394,49425,32954,84784,444557,8.830356822020196,51.22282511049624,15.84131609143535,23.477599206806705,2.7638750486439307,BHARTIARTL,13.1,14.9,2.914018281912768,False,3.7457512953367877,,False,193066,0.3129969835139251
293,BHARTIARTL,Mar 2024,149982,71691,78292.0,52.0,-3428,22648,39538,12679,32.0,8558,13.0,62.0,385,2877.0,79742,215592,144408,442019,303303,16904,31602,90210,442019,5.706018055499993,52.20093077836007,10.35839213740181,26.253894054880604,1.9361158683224027,BHARTIARTL,13.1,14.9,2.6094723973904306,False,3.3055457435535147,,False,183990,0.3393112060793767
295,BEL,Mar 2013,6273,5604,669.0,11.0,622,7,136,1147,21.0,911,1.0,20.0,361,2.0,4,24,15,45,12,0,0,33,45,14.522556990275785,10.664753706360592,15183.333333333334,2230.0,2024.4444444444443,BEL,34.6,26.3,4.0,False,184.42857142857142,,False,24,139.4
296,BEL,Mar 2014,6518,5593,925.0,14.0,438,7,150,1206,21.0,952,1.0,20.0,362,2.0,5,21,18,46,7,0,0,39,46,14.605707272169377,14.191469776004908,13600.0,3303.5714285714284,2069.5652173913045,BEL,34.6,26.3,3.0,False,194.71428571428572,,False,21,141.69565217391303
297,BEL,Mar 2015,7093,5913,1179.0,17.0,507,7,166,1513,21.0,1197,2.0,20.0,363,2.0,5,26,16,49,6,0,0,43,49,16.875793035387,16.622021711546594,17100.0,3572.7272727272725,2442.8571428571427,BEL,34.6,26.3,3.7142857142857144,False,240.85714285714286,,False,26,144.75510204081633
298,BEL,Mar 2016,7354,5961,1393.0,19.0,573,10,192,1764,24.0,1337,2.0,31.0,364,9.0,3,25,15,52,6,0,0,46,52,18.18058199619255,18.94207234158281,11141.666666666668,3764.8648648648646,2571.153846153846,BEL,34.6,26.3,2.0833333333333335,False,196.6,,False,25,141.42307692307693
299,BEL,Mar 2017,8656,6864,1792.0,21.0,420,18,212,1983,24.0,1523,2.0,33.0,365,9.0,6,29,32,77,6,0,0,71,77,17.594731977818853,20.70240295748614,10153.333333333334,4072.7272727272725,1977.922077922078,BEL,34.6,26.3,1.9333333333333333,False,122.88888888888889,,False,29,112.41558441558442
300,BEL,Mar 2018,10401,8361,2039.0,20.0,196,6,272,1957,28.0,1431,2.0,34.0,366,10.0,21,48,42,121,11,0,0,110,121,13.758292471877704,19.603884241899816,4616.129032258064,2581.012658227848,1182.6446280991736,BEL,34.6,26.3,1.5483870967741935,False,372.5,,False,48,85.95867768595042
301,BEL,Mar 2019,12164,9255,2909.0,24.0,73,16,338,2628,30.0,1887,3.0,44.0,367,11.0,38,47,30,126,11,0,0,114,126,15.512989148306477,23.914830647813222,3851.020408163265,3030.208333333333,1497.6190476190477,BEL,34.6,26.3,0.9591836734693877,False,186.375,,False,47,96.53968253968254
302,BEL,Mar 2020,12968,10209,2759.0,21.0,99,8,372,2478,28.0,1825,3.0,37.0,368,11.0,44,44,23,122,14,0,0,108,122,14.073103022825418,21.275447254781,3318.181818181818,2786.868686868687,1495.9016393442623,BEL,34.6,26.3,0.8,False,357.25,,False,44,106.29508196721312
303,BEL,Mar 2021,14109,10895,3214.0,23.0,125,10,387,2942,30.0,2100,3.0,46.0,369,11.0,48,49,43,152,15,1,0,136,152,14.88411652136934,22.779785952229073,3559.322033898305,2975.925925925926,1381.578947368421,BEL,34.6,26.3,0.8305084745762712,False,333.9,,False,49,92.82236842105263
304,BEL,Mar 2022,15368,12024,3344.0,22.0,232,9,401,3166,26.0,2400,3.0,46.0,370,11.0,58,58,35,163,17,0,0,145,163,15.616866215512754,21.759500260281104,3478.260869565217,2633.070866141732,1472.3926380368098,BEL,34.6,26.3,0.8405797101449275,False,397.3333333333333,,False,58,94.28220858895706
305,BEL,Mar 2023,17734,13645,4090.0,23.0,281,19,429,3923,25.0,2986,4.0,44.0,371,11.0,64,39,29,144,17,0,0,126,144,16.837712867937295,23.063042742754032,3981.333333333333,3587.7192982456136,2073.611111111111,BEL,34.6,26.3,0.52,False,230.05263157894737,,False,39,123.15277777777777
306,BEL,Mar 2024,20268,15217,5051.0,25.0,670,12,443,5266,25.0,3985,5.0,40.0,372,11.0,73,43,33,161,18,0,1,142,161,19.661535425300965,24.921057825143084,4744.047619047619,3977.165354330709,2475.1552795031057,BEL,34.6,26.3,0.5119047619047619,False,476.75,,False,42,125.88819875776397
308,BHEL,Mar 2013,48903,39420,9483.0,19.0,1132,128,957,9531,30.0,6693,18.0,20.0,387,490.0,30059,2698,38572,71818,4667,2467,6,64679,71818,13.686276915526655,19.39144837740016,21.90906412648532,28.522874244292716,9.319390682001726,BHEL,3.28,1.05,0.08831712985695113,False,82.9296875,,False,2692,0.6809295719735999
309,BHEL,Mar 2014,39561,34982,4579.0,12.0,1617,133,985,5078,31.0,3502,10.0,20.0,388,490.0,32681,4693,37468,75331,4729,2931,6,67665,75331,8.852152372285838,11.574530471929426,10.557414609146544,12.093281216987112,4.648816556265016,BHEL,3.28,1.05,0.14147900274336017,False,46.58646616541353,,False,4687,0.5251622837875509
310,BHEL,Mar 2015,31323,29183,2141.0,7.0,1221,92,1082,2187,34.0,1450,4.0,20.0,389,490.0,33717,1889,34887,70983,4230,2614,6,64134,70983,4.629186220987772,6.835232895955048,4.238898471073172,5.931405141843971,2.042742628516687,BHEL,3.28,1.05,0.055222615254187736,False,36.54347826086956,,False,1883,0.44127467140019444
311,BHEL,Mar 2016,25505,26862,-1357.0,-5.0,1492,360,937,-1161,-39.0,-706,-2.0,-14.0,390,490.0,31825,211,33051,65577,3969,318,796,60494,65577,-2.768084689276612,-5.320525387178984,-2.1847439269689,-4.172046977802373,-1.0765969775988533,BHEL,3.28,1.05,0.006529475475785239,False,0.375,,True,-585,0.3889320950943166
312,BHEL,Mar 2017,28465,27370,1095.0,4.0,753,413,850,586,22.0,455,1.0,85.0,391,490.0,31899,156,29153,61698,3601,168,757,57171,61698,1.5984542420516425,3.846829439662744,1.4047979252215257,3.364572130895683,0.7374631268436578,BHEL,3.28,1.05,0.0048164500293309456,False,4.47457627118644,,False,-601,0.4613601737495543
313,BHEL,Mar 2018,28827,27174,1653.0,6.0,679,330,787,1215,64.0,438,1.0,151.0,392,734.0,31601,110,31495,63940,3073,203,429,60235,63940,1.5194088875013008,5.734207513789156,1.3545693520952529,5.094775774387425,0.6850172036284017,BHEL,3.28,1.05,0.0034018865006958405,False,7.066666666666666,,False,-319,0.450844541757898
314,BHEL,Mar 2019,30441,28409,2032.0,7.0,662,378,476,1840,46.0,1002,3.0,69.0,393,696.0,30208,2598,30987,64490,2970,235,152,61132,64490,3.2916132847146935,6.675207778982293,3.2422987315557856,6.065309533759178,1.553729260350442,BHEL,3.28,1.05,0.08406678747087756,False,7.126984126984127,,False,2446,0.47202667080167465
315,BHEL,Mar 2020,21463,21596,-133.0,-1.0,590,613,503,-659,99.0,-1468,-4.0,0.0,394,696.0,27964,5080,26550,60291,2817,314,162,56998,60291,-6.839677584680613,-0.6196710618273308,-5.12212142358688,-0.3941908713692946,-2.4348576072714003,BHEL,3.28,1.05,0.17725052337752967,False,0.7455138662316476,,True,4918,0.35599011461080426
316,BHEL,Mar 2021,17309,20357,-3049.0,-18.0,393,467,473,-3596,-25.0,-2700,-8.0,0.0,395,696.0,25287,4951,25025,55960,2491,420,185,52864,55960,-15.59882142238142,-17.615113524755905,-10.391409767925182,-9.856468610590289,-4.824874910650465,BHEL,3.28,1.05,0.1905476657814725,False,-5.687366167023555,,True,4766,0.30931022158684773
317,BHEL,Mar 2022,21211,20383,828.0,4.0,405,448,314,470,5.0,445,1.0,31.0,396,696.0,25810,4830,25654,56991,2398,431,205,53956,56991,2.0979680354533023,3.9036349064164817,1.678865162604693,2.642328312484044,0.7808250425505782,BHEL,3.28,1.05,0.18222289292990265,False,2.752232142857143,,False,4625,0.3721815725289958
318,BHEL,Mar 2023,23365,22321,1044.0,4.0,544,612,260,716,9.0,654,2.0,21.0,397,696.0,23682,5454,27832,57664,2476,354,235,54599,57664,2.7990584207147444,4.468221699122619,2.682746738862909,3.4995977473853577,1.1341564927857937,BHEL,3.28,1.05,0.22372631060792517,False,2.5947712418300655,,False,5219,0.4051921476137625
319,BHEL,Mar 2024,23893,23182,711.0,3.0,608,828,249,243,-16.0,282,1.0,31.0,398,696.0,23742,8856,26493,59788,2574,308,256,56650,59788,1.180262001423011,2.9757669610346125,1.1539405843358703,2.1355199134979275,0.4716665551615709,BHEL,3.28,1.05,0.36238644733611586,False,1.5929951690821256,,False,8600,0.399628688031043
321,BOSCHLTD,Dec 2012,8659,7310,1350.0,16.0,369,6,367,1346,29.0,958,305.0,20.0,400,31.0,5542,230,2098,7902,863,408,1529,5102,7902,11.063633213996997,15.59071486314817,17.19002332675399,23.263829053937616,12.123513034674765,BOSCHLTD,20.6,16.0,0.041270410909743406,False,286.5,,False,-1299,1.0957985320172108
322,BOSCHLTD,Dec 2013,8757,7468,1289.0,15.0,353,0,384,1257,30.0,885,282.0,20.0,401,31.0,6263,183,2414,8891,938,440,2202,5311,8891,10.106200753682767,14.71965284914925,14.061010486177311,19.90118882198549,9.95388595208638,BOSCHLTD,20.6,16.0,0.029075309818875118,False,,Debt Free,False,-2019,0.9849285794623777
323,BOSCHLTD,Mar 2015,12086,10104,1981.0,16.0,537,14,548,1956,32.0,1338,426.0,20.0,402,31.0,7316,111,2973,10431,968,276,2890,6298,10431,11.070660268078768,16.390865464173423,18.211514904042467,26.562080986859748,12.82714984181766,BOSCHLTD,20.6,16.0,0.015108207431604737,False,179.85714285714286,,False,-2779,1.1586616815262198
324,BOSCHLTD,Mar 2016,9701,7823,1878.0,19.0,623,13,386,2102,27.0,1531,488.0,17.0,403,31.0,9504,50,2848,12433,1149,151,4628,6505,12433,15.781878156891041,19.3588289867024,16.056633455689564,19.593114241001565,12.314003056382209,BOSCHLTD,20.6,16.0,0.005243838489774515,False,192.3846153846154,,False,-4578,0.7802622054210568
325,BOSCHLTD,Mar 2017,10435,8473,1963.0,19.0,912,27,456,2391,27.0,1741,570.0,29.0,404,30.0,8769,0,3000,11800,1514,129,3927,6231,11800,16.684235745088642,18.811691423095354,19.786339356745085,22.309353335606318,14.754237288135593,BOSCHLTD,20.6,16.0,0.0,False,106.48148148148148,,False,-3927,0.8843220338983051
326,BOSCHLTD,Mar 2018,11690,9597,2093.0,18.0,418,3,467,2041,33.0,1371,449.0,22.0,405,30.0,9951,0,3946,13927,1318,313,5240,7056,13927,11.72797262617622,17.904191616766468,13.736098587315901,20.96984270113215,9.844187549364545,BOSCHLTD,20.6,16.0,0.0,False,837.0,,False,-5240,0.8393767501974582
327,BOSCHLTD,Mar 2019,12085,9931,2154.0,18.0,600,13,402,2339,32.0,1598,542.0,19.0,406,30.0,9097,0,3583,12710,1176,644,4054,6836,12710,13.223003723624327,17.823748448489862,17.508491289580366,23.60030678207516,12.572777340676634,BOSCHLTD,20.6,16.0,0.0,False,211.84615384615384,,False,-4054,0.9508261211644374
328,BOSCHLTD,Mar 2020,9842,8358,1483.0,15.0,-105,10,383,985,34.0,650,220.0,48.0,407,30.0,9240,74,3977,13320,1342,487,4042,7450,13320,6.604348709611868,15.068075594391384,7.011866235167206,15.871147260273974,4.87987987987988,BOSCHLTD,20.6,16.0,0.007982740021574973,False,137.8,,False,-3968,0.7388888888888889
329,BOSCHLTD,Mar 2021,9718,8555,1163.0,12.0,-241,14,341,567,15.0,482,164.0,70.0,408,30.0,9793,54,4898,14774,1241,488,5157,7888,14774,4.959868285655484,11.967483021197777,4.9068512674335745,11.774830414093348,3.262488154866658,BOSCHLTD,20.6,16.0,0.005497302249821846,False,65.85714285714286,,False,-5103,0.6577771761202111
330,BOSCHLTD,Mar 2022,11782,10319,1462.0,12.0,391,29,324,1500,19.0,1217,413.0,51.0,409,30.0,10658,73,4650,15410,1211,606,5528,8066,15410,10.329315905618742,12.408759124087592,11.386601796407184,13.58609794628752,7.897469175859831,BOSCHLTD,20.6,16.0,0.0068300898203592815,False,63.89655172413793,,False,-5455,0.764568462037638
331,BOSCHLTD,Mar 2023,14929,13120,1810.0,13.0,471,12,386,1882,24.0,1424,483.0,99.0,410,30.0,10983,53,5194,16259,1731,366,5023,9140,16259,9.538482148837831,12.124053854913257,12.930173431399256,16.35640701247063,8.758226213174241,BOSCHLTD,20.6,16.0,0.004812494324888767,False,190.08333333333334,,False,-4970,0.9181991512393136
332,BOSCHLTD,Mar 2024,16727,14632,2095.0,13.0,1566,51,430,3181,22.0,2490,844.0,44.0,411,30.0,12034,39,5252,17355,1770,224,5125,10236,17355,14.886112273569676,12.524660728164047,20.639920424403183,17.30975791126167,14.34745030250648,BOSCHLTD,20.6,16.0,0.003232758620689655,False,71.7843137254902,,False,-5086,0.9638144626908672
334,BPCL,Mar 2013,242181,235472,6709.0,3.0,1492,2518,2463,3220,40.0,1936,4.0,42.0,413,723.0,16052,33157,29696,79628,24721,7463,7470,39974,79628,0.7994021000821699,2.770242091658718,11.540983606557377,13.436273331731154,2.4313055709047067,BPCL,32.1,41.9,1.9765722801788375,False,3.256949960285941,,False,25687,3.0414050334053346
335,BPCL,Mar 2014,264421,255007,9414.0,4.0,1344,1982,2611,6166,34.0,4053,9.0,31.0,414,723.0,18717,33152,35868,88460,27580,9372,6985,44523,88460,1.5327829484042492,3.5602316003645704,20.848765432098766,17.90006084575601,4.581731856206195,BPCL,32.1,41.9,1.705349794238683,False,5.4278506559031285,,False,26167,2.9891589418946416
336,BPCL,Mar 2015,242598,232818,9780.0,4.0,2117,1180,3027,7690,34.0,5082,11.0,34.0,415,723.0,21839,25492,38268,86322,29109,15787,7712,33714,86322,2.0948235352311233,4.031360522345609,22.524598883077743,20.352103883131477,5.887259331340794,BPCL,32.1,41.9,1.1298643737257335,False,10.082203389830509,,False,17780,2.81038437478279
337,BPCL,Mar 2016,187815,174844,12971.0,7.0,1913,680,2072,12132,33.0,8089,19.0,25.0,416,656.0,27138,23388,35241,86422,25358,17459,9401,34203,86422,4.306897745121529,6.906264142906584,29.103403612290425,25.342893986167013,9.359885214412996,BPCL,32.1,41.9,0.8414765776786357,False,21.888235294117646,,False,13987,2.173231353127676
338,BPCL,Mar 2017,201251,187468,13783.0,7.0,2721,696,2108,13700,31.0,9507,20.0,49.0,417,1311.0,29508,35725,42541,109086,33684,16834,21327,37241,109086,4.723951682227666,6.84866162155716,30.847853596807163,20.712611204616493,8.715142181398162,BPCL,32.1,41.9,1.1591875141957884,False,23.71264367816092,,False,14398,1.844883853106723
339,BPCL,Mar 2018,235895,220578,15317.0,6.0,2927,1186,2885,14174,31.0,9792,21.0,46.0,418,1967.0,34652,37659,46078,120356,45539,9875,23725,41217,120356,4.150999385319739,6.493143135717163,26.740216827330077,20.62117989175799,8.13586360463957,BPCL,32.1,41.9,1.0284005570878505,False,15.382799325463743,,False,13934,1.9599770680315065
340,BPCL,Mar 2019,298226,283113,15112.0,5.0,2975,1764,3418,12905,34.0,8528,18.0,48.0,419,1967.0,36798,44839,53322,136926,49315,13654,24907,49050,136926,2.859576294488073,5.067297955241997,21.999226106023475,18.075690158365628,6.228181645560376,BPCL,32.1,41.9,1.1566877337804722,False,10.253401360544217,,False,19932,2.1780085593678336
341,BPCL,Mar 2020,284572,275597,8975.0,3.0,1393,2637,4080,3652,0.0,3666,7.0,106.0,420,1967.0,34565,65476,48852,150860,60175,17757,27029,45900,150860,1.2882504251999494,3.1538591287969298,10.035037775101282,8.798329542780959,2.4300676123558262,BPCL,32.1,41.9,1.792291689477718,False,3.931740614334471,,False,38447,1.8863316982632905
342,BPCL,Mar 2021,230171,209170,21001.0,9.0,7489,1723,4334,22432,23.0,17320,37.0,102.0,421,2093.0,51462,54532,52891,160978,64098,17037,26768,53075,160978,7.524840227483046,9.124086005621908,32.340584445896745,19.429718652566912,10.759234181068221,BPCL,32.1,41.9,1.0182429278312015,False,16.535113174695297,,False,27764,1.4298289207220862
343,BPCL,Mar 2022,346791,327654,19137.0,6.0,4939,2606,5434,16037,27.0,11682,27.0,29.0,422,2129.0,49776,64534,71089,187529,83901,15433,23616,64578,187529,3.3685995311297003,5.518309298684223,22.50650226375108,16.435215005281737,6.229436513819196,BPCL,32.1,41.9,1.243309893073885,False,9.23867996930161,,False,40918,1.849265980195063
344,BPCL,Mar 2023,473187,462288,10899.0,2.0,2036,3745,6369,2821,24.0,2131,5.0,40.0,423,2129.0,51393,69376,65210,188109,86675,16249,26778,58406,188109,0.45035049568141133,2.3033177158290488,3.9815403011845594,8.868329834496901,1.1328538241126156,BPCL,32.1,41.9,1.2962146407084938,False,3.4539385847797064,,False,42598,2.5154936765386027
345,BPCL,Mar 2024,448083,404001,44082.0,10.0,3032,4149,6771,36194,26.0,26859,62.0,33.0,424,2136.0,73499,54599,72184,202418,86798,20204,26631,68785,202418,5.994201967046283,9.837909494446341,35.511337343822305,33.84830382235054,13.26907686075349,BPCL,32.1,41.9,0.7218747934157467,False,11.355507351168956,,False,27968,2.213651947949293
347,BRITANNIA,Mar 2013,6185,5765,421.0,7.0,52,41,73,358,27.0,260,11.0,39.0,426,24.0,534,380,946,1883,737,147,108,891,1883,4.203718674211803,6.806790622473727,46.59498207885305,44.882729211087415,13.807753584705257,BRITANNIA,48.9,57.1,0.6810035842293907,False,11.536585365853659,,False,272,3.2846521508231548
348,BRITANNIA,Mar 2014,6913,6286,627.0,9.0,34,8,83,569,30.0,395,16.0,36.0,427,24.0,774,150,1159,2107,848,107,198,954,2107,5.713872414291914,9.069868363951974,49.49874686716792,66.13924050632912,18.74703369719981,BRITANNIA,48.9,57.1,0.18796992481203006,False,82.625,,False,-48,3.280968201233982
349,BRITANNIA,Mar 2015,7858,6988,870.0,11.0,228,4,144,950,28.0,689,29.0,28.0,428,24.0,1221,145,1403,2793,844,48,518,1383,2793,8.768134385339781,11.071519470603207,55.34136546184739,62.589928057553955,24.668814894378805,BRITANNIA,48.9,57.1,0.11646586345381527,False,274.5,,False,-373,2.8134622269960614
350,BRITANNIA,Mar 2016,8397,7174,1224.0,15.0,115,5,113,1220,32.0,825,34.0,29.0,429,24.0,2068,131,1271,3494,950,90,788,1665,3494,9.824937477670597,14.576634512325832,39.4359464627151,55.06072874493927,23.611906124785346,BRITANNIA,48.9,57.1,0.06261950286806883,False,267.8,,False,-657,2.403262736119061
351,BRITANNIA,Mar 2017,9054,7776,1278.0,14.0,151,5,119,1304,32.0,885,37.0,30.0,430,24.0,2672,125,1288,4109,1160,30,487,2432,4109,9.774685222001326,14.115308151093439,32.826409495548965,45.30308401276143,21.538087125821367,BRITANNIA,48.9,57.1,0.046364985163204746,False,285.8,,False,-362,2.2034558286687758
352,BRITANNIA,Mar 2018,9914,8413,1501.0,15.0,166,8,142,1518,34.0,1004,42.0,30.0,431,24.0,3382,201,1581,5188,1346,203,1079,2560,5188,10.127092999798265,15.14020576961872,29.47739283617146,41.613529248683115,19.35235158057055,BRITANNIA,48.9,57.1,0.05901350557839107,False,208.375,,False,-878,1.9109483423284503
353,BRITANNIA,Mar 2019,11055,9322,1732.0,16.0,206,9,162,1768,35.0,1155,48.0,31.0,432,24.0,4229,156,1829,6238,1688,101,1476,2972,6238,10.44776119402985,15.66711895070104,27.157300728897248,39.283284191426624,18.515549855722988,BRITANNIA,48.9,57.1,0.03667999059487421,False,215.33333333333334,,False,-1320,1.7722026290477717
354,BRITANNIA,Mar 2020,11600,9756,1843.0,16.0,263,77,185,1844,24.0,1394,58.0,60.0,433,24.0,4379,1538,1889,7830,1878,40,2893,3019,7830,12.017241379310345,15.887931034482758,31.66023166023166,31.021713516243054,17.803320561941252,BRITANNIA,48.9,57.1,0.3493072904837611,False,27.350649350649352,,False,-1355,1.4814814814814814
355,BRITANNIA,Mar 2021,13136,10627,2509.0,19.0,313,111,198,2514,26.0,1851,77.0,204.0,434,24.0,3524,2122,2331,8000,1793,117,2781,3310,8000,14.091047503045068,19.10018270401949,52.17023675310034,44.25044091710759,23.1375,BRITANNIA,48.9,57.1,0.5980834272829764,False,25.423423423423422,,False,-659,1.642
356,BRITANNIA,Mar 2022,14136,11935,2201.0,16.0,222,144,201,2078,27.0,1516,63.0,89.0,435,24.0,2534,2481,2487,7527,1753,536,1762,3475,7527,10.724391624221845,15.570175438596493,59.26505082095387,43.67930144870014,20.14082635844294,BRITANNIA,48.9,57.1,0.9698983580922595,False,16.82638888888889,,False,719,1.8780390593862097
357,BRITANNIA,Mar 2023,16301,13470,2831.0,17.0,597,169,226,3033,24.0,2316,96.0,75.0,436,24.0,3510,2997,2819,9351,2655,105,3324,3266,9351,14.207717317955954,17.36703269738053,65.53480475382003,43.3471137651202,24.767404555662495,BRITANNIA,48.9,57.1,0.8480475382003395,False,20.284023668639055,,False,-327,1.743236017538231
358,BRITANNIA,Mar 2024,16769,13603,3167.0,19.0,211,164,300,2913,27.0,2134,89.0,83.0,437,24.0,3917,2065,3065,9072,2771,188,2767,3346,9072,12.725863199952292,18.886039716142882,54.14869322506978,52.730602730602726,23.522927689594354,BRITANNIA,48.9,57.1,0.5239786856127886,False,20.597560975609756,,False,-702,1.8484347442680775
360,CANBK,Mar 2013,34070,26198,7217.0,655.0,2,3308,191,3771,22.0,2995,12.0,19.0,439,443.0,24733,376040,18108,419324,2883,1,127534,288907,419324,8.790724977986498,21.182858820076316,11.896250397203687,1.798781703620992,0.7142448321584265,CANBK,6.63,17.9,14.936447410231967,True,2.1822853688029022,,False,248506,0.08124982114069311
361,CANBK,Mar 2014,39570,30606,9636.0,-672.0,-2,4144,230,3242,20.0,2672,10.0,19.0,440,461.0,29715,447913,23000,501090,6661,1,135445,358982,501090,6.7525903462218855,24.351781652767247,8.854718981972429,2.0155243061438353,0.5332375421580954,CANBK,6.63,17.9,14.843352332979851,True,2.3248069498069497,,False,312468,0.07896785008681076
362,CANBK,Mar 2015,43813,34133,10302.0,-621.0,-1,4733,429,3683,22.0,2931,11.0,17.0,441,475.0,32017,499488,26578,558558,6969,1,152122,399466,558558,6.689795266245178,23.513569032022456,9.020682014034225,1.9365389676303622,0.52474407313117,CANBK,6.63,17.9,15.37264557429521,True,2.1764208747094864,,False,347366,0.07843948166528812
363,CANBK,Mar 2016,44039,34263,17785.0,-8008.0,-18,5266,172,-2914,-13.0,-2535,-9.0,0.0,442,543.0,31867,506712,24603,563725,7206,0,152470,404049,563725,-5.756261495492632,40.38465905220373,-7.821659981487196,3.2988822567062743,-0.44968734755421524,CANBK,6.63,17.9,15.634433816723234,True,3.3739080896315987,,False,354242,0.07812142445341257
364,CANBK,Mar 2017,41457,31540,15691.0,-5775.0,-14,7852,331,1746,29.0,1411,5.0,4.0,443,597.0,34088,534858,26615,596159,7185,0,162073,426901,596159,3.403526545577345,37.84885544057698,4.06804093988756,2.755015863595901,0.23668182481519193,CANBK,6.63,17.9,15.420441112873,True,1.9965613856342332,,False,372785,0.06954017300753658
365,CANBK,Mar 2018,41345,29113,25582.0,-13350.0,-32,7398,456,-6408,-36.0,-3873,-11.0,0.0,444,733.0,36164,563756,30781,631435,8335,0,157444,465657,631435,-9.367517233039061,61.874470915467406,-10.496788356776973,4.259031420803692,-0.6133647960597687,CANBK,6.63,17.9,15.279182589370409,True,3.4536361178696944,,False,406312,0.06547784015773594
366,CANBK,Mar 2019,47951,32339,27202.0,-11590.0,-24,9907,429,-2111,-99.0,696,2.0,0.0,445,753.0,36936,640166,33928,711783,8433,0,168678,534672,711783,1.4514817209234425,56.72874392609122,1.8466926689484995,4.012952622611031,0.09778261071141064,CANBK,6.63,17.9,16.98548648146674,True,2.7433128091248613,,False,471488,0.06736744204343177
367,CANBK,Mar 2020,49759,35817,26809.0,-12867.0,-26,11799,446,-1514,34.0,-1921,-4.0,0.0,446,1030.0,40176,668170,32064,741440,8323,0,192645,540472,741440,-3.8606081311923472,53.87769046805603,-4.661942435567636,3.779236963190184,-0.2590904186447993,CANBK,6.63,17.9,16.215356986846576,True,2.2699381303500297,,False,475525,0.0671112969356927
368,CANBK,Mar 2021,70253,45182,43437.0,-18367.0,-26,23086,838,3882,30.0,2957,4.0,0.0,447,1647.0,60763,1060998,56132,1179540,11269,2,286191,882077,1179540,4.2090729221527905,61.82938806883692,4.73802275276398,3.86653824790281,0.25069094731844616,CANBK,6.63,17.9,17.000448646050312,True,1.8804037078749025,,False,774807,0.05955965885006019
369,CANBK,Mar 2022,70614,43035,41235.0,-13657.0,-19,23643,841,9145,37.0,6158,7.0,19.0,448,1814.0,68147,1132626,56202,1258789,11447,2,311347,935992,1258789,8.720650295975302,58.39493584841533,8.802046854676176,3.428857953728088,0.4892003346073091,CANBK,6.63,17.9,16.18939123225797,True,1.7432643911517152,,False,821279,0.056096772374083344
370,CANBK,Mar 2023,85885,52990,42772.0,-9877.0,-12,25325,1021,14427,25.0,11345,12.0,19.0,449,1814.0,76240,1237160,65816,1381030,10334,0,352893,1017803,1381030,13.209524363975083,49.80147872154625,14.534809234632434,3.2520943359787835,0.821488309450193,CANBK,6.63,17.9,15.850052527737208,True,1.6884501480750247,,False,884267,0.06218909075110606
371,CANBK,Mar 2024,110519,72118,46146.0,-7745.0,-7,28646,902,20000,26.0,15401,17.0,19.0,450,1814.0,90319,1369780,73104,1535018,12331,0,399207,1123480,1535018,13.935160470145405,41.753906568101414,16.716051794688113,3.15654898752525,1.0033107103630055,CANBK,6.63,17.9,14.867419925542423,True,1.6106611743349857,,False,970573,0.0719985042520674
373,CHOLAFIN,Mar 2013,2570,1410,688.0,472.0,18,1,22,452,32.0,308,4.0,16.0,451,143.0,1809,15269,1007,18228,73,0,172,17984,18228,11.98443579766537,26.770428015564203,15.778688524590164,3.995122234481157,1.6897081413210446,CHOLAFIN,10.4,20.2,7.822233606557377,True,706.0,,False,15097,0.14099188062321702
374,CHOLAFIN,Mar 2014,3279,1769,932.0,578.0,18,1,25,554,34.0,368,5.0,14.0,452,143.0,2144,18075,1182,21544,74,0,39,21431,21544,11.222933821286977,28.42329978652028,16.09094884127678,4.577153521265101,1.708132194578537,CHOLAFIN,10.4,20.2,7.903366856143419,True,950.0,,False,18036,0.1522001485332343
375,CHOLAFIN,Mar 2015,3715,1958,1061.0,696.0,19,0,30,666,33.0,444,6.0,11.0,453,144.0,2531,19950,1243,23868,69,0,25,23775,23868,11.951547779273216,28.559892328398384,16.598130841121495,4.68950276243094,1.860231271995978,CHOLAFIN,10.4,20.2,7.457943925233645,True,,Debt Free,False,19925,0.15564772917714095
376,CHOLAFIN,Mar 2016,4214,2048,1266.0,899.0,21,2,22,879,35.0,575,7.0,12.0,454,156.0,3514,22546,1673,27889,120,0,16,27753,27889,13.64499288087328,30.042714760322735,15.66757493188011,4.8291119926762285,2.0617447739252035,CHOLAFIN,10.4,20.2,6.143324250681199,True,643.5,,False,22530,0.15109899960557927
377,CHOLAFIN,Mar 2017,4694,2228,1322.0,1143.0,24,3,39,1107,35.0,718,9.0,12.0,455,156.0,4142,24071,2230,30598,150,0,182,30266,30598,15.296122709842352,28.163613123135917,16.70544439274081,4.660016214882442,2.3465585986012156,CHOLAFIN,10.4,20.2,5.600511865984179,True,448.6666666666667,,False,23889,0.15340871952415192
378,CHOLAFIN,Mar 2018,5559,2657,1451.0,1451.0,26,0,51,1401,34.0,918,12.0,11.0,456,156.0,4969,38330,711,44167,170,4,23,43970,44167,16.51376146788991,26.101816873538407,17.912195121951218,3.339086411230008,2.078474879434872,CHOLAFIN,10.4,20.2,7.479024390243903,True,,Debt Free,False,38307,0.12586320103244503
379,CHOLAFIN,Mar 2019,7108,3588,1632.0,1888.0,27,1,57,1832,35.0,1197,15.0,8.0,457,156.0,6052,50567,715,57490,167,14,42,57267,57490,16.840180078784467,22.960045019696118,19.281572164948454,2.8745046235138707,2.0821012349973906,CHOLAFIN,10.4,20.2,8.145457474226804,True,1659.0,,False,50525,0.12363889372064707
380,CHOLAFIN,Mar 2020,8712,4592,2421.0,1699.0,20,0,111,1588,34.0,1054,13.0,13.0,458,164.0,8036,55005,853,64058,283,11,33,63732,64058,12.098255280073463,27.789256198347108,12.853658536585366,3.830393165097698,1.6453838708670268,CHOLAFIN,10.4,20.2,6.707926829268293,True,,Debt Free,False,54972,0.13600174841549845
381,CHOLAFIN,Mar 2021,9583,4576,2913.0,2094.0,22,56,102,2048,26.0,1521,19.0,11.0,459,164.0,9436,63730,1314,74644,228,10,1583,72823,74644,15.871856412396953,30.397579046227698,15.84375,3.972453293331515,2.0376721504742514,CHOLAFIN,10.4,20.2,6.638541666666667,True,52.410714285714285,,False,62147,0.12838272332672418
382,CHOLAFIN,Mar 2022,10148,4298,2926.0,2924.0,29,84,101,2908,26.0,2154,26.0,8.0,460,164.0,11605,69174,1536,82478,259,37,2055,80127,82478,21.225857311785575,28.83326763894363,18.302319653326535,3.6148894901350337,2.6116055190475036,CHOLAFIN,10.4,20.2,5.87764465969921,True,35.17857142857143,,False,67119,0.12303887097165304
383,CHOLAFIN,Mar 2023,12884,5748,3621.0,3515.0,27,220,121,3615,26.0,2665,32.0,6.0,461,164.0,14182,97358,1923,113627,403,60,3562,109602,113627,20.684570009313877,28.104625892579943,18.576606719643106,3.241602807419609,2.3453932604046575,CHOLAFIN,10.4,20.2,6.786421302105117,True,16.581818181818182,,False,93796,0.113388543215961
384,CHOLAFIN,Mar 2024,19163,9231,5385.0,4548.0,24,255,198,4605,26.0,3420,41.0,5.0,462,168.0,19425,134475,2618,156686,1563,13,4036,151075,156686,17.846892448990243,28.10102802275218,17.455213596692694,3.495209907313654,2.1827093677801463,CHOLAFIN,10.4,20.2,6.863420609401317,True,21.211764705882352,,False,130439,0.12230192869816066
386,CIPLA,Mar 2013,8279,34,6065.0,2214.0,27,245,330,2095,26.0,1545,19.0,10.0,464,161.0,8858,967,1672,11658,3610,378,2532,5138,11658,18.661674115231307,73.25763981157145,17.130502272979268,60.73502904065692,13.252702007205352,CIPLA,22.8,16.8,0.10721809513249805,False,24.86530612244898,,False,-1565,0.7101561159718648
387,CIPLA,Mar 2014,10173,146,8026.0,2147.0,21,251,373,1880,25.0,1404,17.0,12.0,465,161.0,9890,1248,2102,13400,6496,442,709,5753,13400,13.80123857269242,78.89511451882434,13.968759327430105,71.03283476413841,10.477611940298507,CIPLA,22.8,16.8,0.1241667495771565,False,32.059760956175296,,False,539,0.7591791044776119
388,CIPLA,Mar 2015,11345,168,9183.0,2163.0,19,164,505,1654,24.0,1229,15.0,14.0,466,161.0,10641,1703,3166,15670,6830,581,640,7620,15670,10.832966064345527,80.94314676068753,11.377522680985003,73.43462614954018,7.84301212507977,CIPLA,22.8,16.8,0.15765598963154973,False,56.109756097560975,,False,1063,0.7239948947032546
389,CIPLA,Mar 2016,13790,207,11310.0,2480.0,18,208,754,1727,19.0,1383,17.0,12.0,467,161.0,11356,5202,4331,21049,9368,2061,759,8862,21049,10.029006526468455,82.01595358955765,12.00833550403751,67.64758657814463,6.570383391134971,CIPLA,22.8,16.8,0.45168012503256055,False,54.46153846153846,,False,4443,0.6551380113069505
390,CIPLA,Mar 2017,14394,159,11898.0,2496.0,17,208,1323,1222,15.0,1035,13.0,16.0,468,161.0,12383,4113,4213,20869,9492,1683,973,8721,20869,7.190496040016674,82.65944143393081,8.250956632653061,71.42942906885995,4.959509320044084,CIPLA,22.8,16.8,0.3278858418367347,False,57.28365384615385,,False,3140,0.6897311802194642
391,CIPLA,Mar 2018,15156,114,12329.0,2826.0,19,280,1323,1669,15.0,1417,18.0,17.0,469,161.0,14068,4098,4346,22673,9950,981,1259,10483,22673,9.349432567959884,81.3473211929269,9.958535385480358,67.27233044142523,6.249724341728047,CIPLA,22.8,16.8,0.2880033733923677,False,44.1,,False,2839,0.668460283156177
392,CIPLA,Mar 2019,16362,168,13265.0,3097.0,19,477,1326,2079,27.0,1492,19.0,16.0,470,161.0,14851,4316,4433,23762,9608,676,2554,10923,23762,9.118689646742451,81.07199608849774,9.938715694111377,68.63100165562915,6.278932749768538,CIPLA,22.8,16.8,0.2875033306687983,False,27.849056603773583,,False,1762,0.6885784024913728
393,CIPLA,Mar 2020,17132,197,13926.0,3206.0,19,344,1175,2178,29.0,1500,19.0,21.0,471,161.0,15602,2816,4843,23423,9683,825,1471,11444,23423,8.755545178613122,81.28648143824422,9.515955084692001,74.95559502664298,6.403961917773129,CIPLA,22.8,16.8,0.17864619678995114,False,40.53779069767442,,False,1345,0.731417837168595
394,CIPLA,Mar 2021,19160,161,14907.0,4252.0,22,266,1068,3290,27.0,2389,30.0,17.0,472,161.0,18165,2014,4514,24855,9516,969,2710,11661,24855,12.468684759916492,77.80271398747391,13.036123540325221,73.28908554572271,9.611748139207403,CIPLA,22.8,16.8,0.10989850485648806,False,56.12406015037594,,False,-696,0.7708710521021928
395,CIPLA,Mar 2022,21763,106,17211.0,4553.0,21,99,1052,3493,27.0,2547,31.0,16.0,473,161.0,20680,1056,4960,26857,9683,766,2551,13857,26857,11.703349722005237,79.08376602490466,12.221102634230602,78.59980819290314,9.483561082771716,CIPLA,22.8,16.8,0.05066935367784655,False,174.06060606060606,,False,-1495,0.8103287783445656
396,CIPLA,Mar 2023,22753,110,17726.0,5027.0,22,293,1172,4038,30.0,2833,35.0,24.0,474,161.0,23246,803,5089,29300,9160,1093,3662,15384,29300,12.45110534874522,77.90621017008746,12.103216986371597,73.21767864518793,9.668941979522184,CIPLA,22.8,16.8,0.03430597684453369,False,60.57337883959045,,False,-2859,0.7765529010238907
397,CIPLA,Mar 2024,25774,90,19483.0,6291.0,24,552,1051,5702,27.0,4154,51.0,25.0,475,161.0,26545,559,5267,32533,9607,1153,5449,16323,32533,16.11701714906495,75.59168153953597,15.554557028383135,71.45791307537137,12.768573448498447,CIPLA,22.8,16.8,0.020931625851868495,False,35.33876811594203,,False,-4890,0.7922417237881536
399,COALINDIA,Mar 2013,68303,46,50216.0,18087.0,26,8752,1813,24979,31.0,17356,27.0,51.0,477,6316.0,42156,1305,61206,110983,13466,3496,2395,91626,110983,25.41030408620412,73.51946473800565,35.80623865324311,100.88193342306688,15.638431111071066,COALINDIA,63.6,52.0,0.026922759531275788,False,5.740630712979891,,False,-1090,0.6154365983979528
400,COALINDIA,Mar 2014,70608,59,52842.0,17766.0,25,7169,1996,22880,34.0,15112,24.0,121.0,478,6316.0,36088,178,62356,104938,14784,4316,3775,82063,104938,21.402673917969636,74.83854520734195,35.63814734459013,124.0946878962942,14.400884331700622,COALINDIA,63.6,52.0,0.0041977171964908975,False,7.374389733575115,,False,-3597,0.6728544473879815
401,COALINDIA,Mar 2015,74120,9,56777.0,17343.0,23,6570,2320,21584,36.0,13727,22.0,95.0,479,6316.0,34037,408,70505,111267,16115,5159,2813,87179,111267,18.519967620075555,76.60145709660011,34.01729735087849,139.2924609307917,12.336991201344514,COALINDIA,63.6,52.0,0.010110772433276337,False,8.645357686453577,,False,-2405,0.6661453980065968
402,COALINDIA,Mar 2016,77861,388,59147.0,18714.0,24,5939,2826,21440,33.0,14267,23.0,121.0,480,6316.0,28517,1199,77528,113560,22082,4553,2906,84018,113560,18.323679377351947,75.96486045645446,40.95828668216921,164.15130994671404,12.563402606551602,COALINDIA,63.6,52.0,0.034421382022794475,False,9.963125105236571,,False,-1707,0.6856375484325467
403,COALINDIA,Mar 2017,78164,410,65716.0,12448.0,16,5316,2907,14446,36.0,9280,15.0,133.0,481,6207.0,18311,3014,91054,118587,23811,8585,1483,84708,118587,11.872473261347935,84.0745100046057,37.84974304592544,238.68952491646084,7.8254783407962085,COALINDIA,63.6,52.0,0.12293009217717596,False,12.364936042136945,,False,1531,0.6591278976616324
404,COALINDIA,Mar 2018,85244,430,75956.0,9288.0,11,4975,3063,10770,35.0,7038,11.0,146.0,482,6207.0,13971,1538,103754,125471,27574,10273,1704,85920,125471,8.25629956360565,89.10421847871991,34.87957181088314,349.7697550193406,5.60926429214719,COALINDIA,63.6,52.0,0.07622162751511548,False,15.269748743718592,,False,-166,0.6793920507527635
405,COALINDIA,Mar 2019,99586,264,74579.0,25007.0,25,5834,3450,27127,36.0,17464,28.0,46.0,483,6163.0,20292,2210,104356,133021,32618,9658,3170,87576,133021,17.536601530335588,74.88904062820076,66.01398601398601,260.1744287458573,13.128754106494464,COALINDIA,63.6,52.0,0.08353808353808354,False,12.787795680493657,,False,-960,0.7486487096022433
406,COALINDIA,Mar 2020,96080,503,74500.0,21581.0,22,6444,3451,24071,31.0,16700,27.0,44.0,484,6163.0,25994,6434,111430,150020,36784,8328,1973,102936,150020,17.38134887593672,77.53955037468776,51.93270516528283,193.05019305019303,11.131849086788428,COALINDIA,63.6,52.0,0.20008085331343098,False,11.56455617628802,,False,4461,0.64044794027463
407,COALINDIA,Mar 2021,90026,642,71398.0,18628.0,21,3742,3718,18009,29.0,12702,21.0,78.0,485,6163.0,30355,5884,118649,161051,42405,10490,5950,102206,161051,14.109257325661476,79.3081998533757,34.78284681526918,168.3835668128862,7.886942645497388,COALINDIA,63.6,52.0,0.16112602004490936,False,19.085783003741316,,False,-66,0.5589906302972351
408,COALINDIA,Mar 2022,109715,541,84995.0,24721.0,23,3866,4429,23616,26.0,17378,28.0,60.0,486,6163.0,36980,3514,132780,179436,46677,12897,8921,110942,179436,15.839219796746114,77.46889668687052,40.27999907285075,182.1698780461667,9.684790120154261,COALINDIA,63.6,52.0,0.08145006142363767,False,21.99120538023797,,False,-5407,0.6114436344992086
409,COALINDIA,Mar 2023,138252,684,94020.0,44232.0,32,6560,6833,43275,27.0,31723,52.0,47.0,487,6163.0,54680,4331,156222,221396,64547,17622,7139,132087,221396,22.94578016954547,68.00624945751237,52.13911214108443,144.25998097400804,14.328623823375308,COALINDIA,63.6,52.0,0.07118320924346268,False,14.33719512195122,,False,-2808,0.6244557263907207
410,COALINDIA,Mar 2024,142324,819,94352.0,47971.0,34,8396,6735,48813,23.0,37369,61.0,42.0,488,6163.0,76567,6523,147217,236470,75668,18960,7110,134731,236470,26.25628846856468,66.29380849329698,45.16982956605826,105.7129732333927,15.802850255846407,COALINDIA,63.6,52.0,0.0788468512027076,False,11.24178180085755,,False,-587,0.6018691588785047
412,DABUR,Mar 2013,6140,5148,992.0,16.0,100,59,85,948,19.0,766,4.0,34.0,490,174.0,1921,1151,1462,4709,1582,93,929,2105,4709,12.47557003257329,16.156351791530945,36.563245823389025,30.560690080098585,16.266723295816522,DABUR,22.3,19.2,0.5494033412887828,False,18.508474576271187,,False,222,1.3038861754087916
413,DABUR,Mar 2014,7058,5897,1162.0,16.0,126,54,97,1136,19.0,916,5.0,33.0,491,174.0,2482,708,1948,5312,1767,22,1076,2447,5312,12.978180787758573,16.463587418532164,34.48795180722892,34.54221165279429,17.24397590361446,DABUR,22.3,19.2,0.26656626506024095,False,23.85185185185185,,False,-368,1.3286897590361446
414,DABUR,Mar 2015,7795,6475,1320.0,17.0,154,40,115,1319,19.0,1068,6.0,33.0,492,176.0,3178,734,2019,6106,1877,50,1813,2365,6106,13.701090442591404,16.93393200769724,31.84257602862254,32.28962818003914,17.490992466426466,DABUR,22.3,19.2,0.21884317233154443,False,36.85,,False,-1079,1.2766131673763512
415,DABUR,Mar 2016,7780,6261,1518.0,20.0,217,48,133,1554,19.0,1254,7.0,32.0,493,176.0,3995,805,1956,6932,1667,45,2691,2529,6932,16.118251928020566,19.511568123393317,30.064732678014867,30.5064308681672,18.09001731102135,DABUR,22.3,19.2,0.19299928074802206,False,36.145833333333336,,False,-1886,1.122331217541835
416,DABUR,Mar 2017,7614,6102,1512.0,20.0,296,54,143,1611,21.0,1280,7.0,31.0,494,176.0,4671,975,1910,7732,1958,42,3240,2492,7732,16.811137378513266,19.858156028368796,26.408087476789767,25.97045688766747,16.554578375581997,DABUR,22.3,19.2,0.20115535382710956,False,33.48148148148148,,False,-2265,0.9847387480600104
417,DABUR,Mar 2018,7722,6104,1617.0,21.0,291,53,162,1693,20.0,1358,8.0,81.0,495,176.0,5530,938,2058,8702,2028,42,3805,2827,8702,17.586117586117584,20.94017094017094,23.79950928846828,24.337748344370862,15.605607906228453,DABUR,22.3,19.2,0.16438836312653346,False,36.0,,False,-2867,0.8873822109859802
418,DABUR,Mar 2019,8515,6775,1740.0,20.0,222,60,177,1725,16.0,1446,8.0,34.0,496,177.0,5455,699,2106,8437,1969,64,3359,3045,8437,16.981796829125074,20.434527304756312,25.67471590909091,27.483809824672246,17.13879340997985,DABUR,22.3,19.2,0.12411221590909091,False,32.7,,False,-2660,1.0092449922958397
419,DABUR,Mar 2020,8685,6892,1792.0,21.0,205,50,220,1728,16.0,1448,8.0,37.0,497,177.0,6429,522,2209,9337,2253,147,2800,4137,9337,16.672423719055843,20.63327576280944,21.91946715107478,25.140291806958476,15.50819320981043,DABUR,22.3,19.2,0.07901907356948229,False,39.94,,False,-2278,0.9301702902431188
420,DABUR,Mar 2021,9562,7560,2002.0,21.0,325,31,240,2056,18.0,1695,10.0,50.0,498,177.0,7487,509,2661,10833,2243,147,4160,4283,10833,17.72641706755909,20.937042459736457,22.116388308977037,24.49528936742934,15.646635281085572,DABUR,22.3,19.2,0.06641440501043841,False,75.06451612903226,,False,-3651,0.8826733130250162
421,DABUR,Mar 2022,10889,8637,2252.0,21.0,308,39,253,2269,23.0,1742,10.0,53.0,499,177.0,8205,1030,2872,12284,2308,168,6220,3589,12284,15.997795940857745,20.681421618146754,20.782629444046766,23.926901827454312,14.181048518397915,DABUR,22.3,19.2,0.12288236697685516,False,65.64102564102564,,False,-5190,0.8864376424617388
422,DABUR,Mar 2023,11530,9367,2162.0,19.0,445,78,311,2219,23.0,1701,10.0,54.0,500,177.0,8796,1174,3505,13652,3579,175,6265,3633,13652,14.752818733738074,18.751084128360798,18.956870611835505,21.306790184290925,12.459712862584237,DABUR,22.3,19.2,0.13083695531037556,False,33.42307692307692,,False,-5091,0.8445648989159098
423,DABUR,Mar 2024,12404,10004,2400.0,19.0,482,124,399,2359,23.0,1811,10.0,53.0,501,177.0,9689,1365,3885,15116,3815,232,6933,4136,15116,14.600128990648178,19.348597226701063,18.355969997972835,21.369423915946932,11.980682720296375,DABUR,22.3,19.2,0.13835394283397526,False,23.241935483870968,,False,-5568,0.8205874569992061
425,DIVISLAB,Mar 2013,2145,1329,816.0,38.0,45,3,77,781,23.0,602,23.0,33.0,503,27.0,2474,33,605,3139,909,303,408,1519,3139,28.065268065268068,38.04195804195804,24.070371851259495,32.202052091554854,19.17808219178082,DIVISLAB,16.5,12.2,0.013194722111155539,False,287.0,,False,-375,0.6833386428798981
426,DIVISLAB,Mar 2014,2532,1514,1018.0,40.0,68,3,92,991,22.0,773,29.0,34.0,504,27.0,2937,18,729,3710,1222,144,502,1842,3710,30.529225908372826,40.20537124802528,26.07962213225371,34.13816230717639,20.835579514824797,DIVISLAB,16.5,12.2,0.006072874493927126,False,362.0,,False,-484,0.6824797843665769
427,DIVISLAB,Mar 2015,3115,1942,1173.0,38.0,38,3,136,1072,21.0,852,32.0,31.0,505,27.0,3469,27,883,4405,1309,218,733,2145,4405,27.351524879614768,37.65650080256822,24.37070938215103,33.29548680102186,19.3416572077185,DIVISLAB,16.5,12.2,0.007723112128146453,False,403.6666666666667,,False,-706,0.7071509648127128
428,DIVISLAB,Mar 2016,3776,2354,1423.0,38.0,93,5,118,1393,19.0,1126,42.0,24.0,506,53.0,4240,42,562,4898,1439,264,803,2392,4898,29.81991525423729,37.6853813559322,26.22874446773818,32.825836216839676,22.988975091874234,DIVISLAB,16.5,12.2,0.009783368273934312,False,303.2,,False,-761,0.7709269089424254
429,DIVISLAB,Mar 2017,4064,2615,1450.0,36.0,72,3,123,1395,24.0,1060,40.0,25.0,507,53.0,5304,36,762,6155,1559,444,1631,2521,6155,26.08267716535433,35.67913385826771,19.787194325182007,26.88670498794734,17.221770917952885,DIVISLAB,16.5,12.2,0.006720179204778794,False,507.3333333333333,,False,-1595,0.6602761982128351
430,DIVISLAB,Mar 2018,3891,2622,1269.0,33.0,107,2,142,1231,29.0,877,33.0,30.0,508,53.0,5872,63,797,6785,1996,120,1889,2780,6785,22.539193009509123,32.61372397841172,14.801687763713081,21.19238476953908,12.92557111274871,DIVISLAB,16.5,12.2,0.010632911392405063,False,688.0,,False,-1826,0.5734708916728076
431,DIVISLAB,Mar 2019,4946,3072,1874.0,38.0,154,5,169,1855,27.0,1353,51.0,31.0,509,53.0,6904,106,973,8036,2088,492,1946,3511,8036,27.355438738374442,37.88920339668419,19.448037947391118,26.532634857709187,16.83673469387755,DIVISLAB,16.5,12.2,0.015236452493891045,False,405.6,,False,-1840,0.6154803384768541
432,DIVISLAB,Mar 2020,5394,3568,1826.0,34.0,186,7,186,1819,24.0,1377,52.0,31.0,510,53.0,7257,39,1183,8531,2782,920,971,3858,8531,25.528364849833146,33.852428624397476,18.83720930232558,24.84691794802014,16.14113234087446,DIVISLAB,16.5,12.2,0.00533515731874145,False,287.42857142857144,,False,-932,0.6322822646817489
433,DIVISLAB,Mar 2021,6969,4102,2867.0,41.0,57,2,256,2666,26.0,1984,75.0,27.0,511,53.0,9242,5,1471,10771,3704,711,0,6356,10771,28.46893384990673,41.13933132443679,21.34480903711673,30.827956989247312,18.419831027759727,DIVISLAB,16.5,12.2,0.0005379236148466917,False,1462.0,,False,5,0.6470151332281125
434,DIVISLAB,Mar 2022,8960,5075,3885.0,43.0,112,2,312,3684,20.0,2960,112.0,27.0,512,53.0,11675,4,1628,13360,4325,470,72,8493,13360,33.035714285714285,43.359375,25.2387448840382,33.1145584725537,22.15568862275449,DIVISLAB,16.5,12.2,0.00034106412005457026,False,1998.5,,False,-68,0.6706586826347305
435,DIVISLAB,Mar 2023,7767,5397,2370.0,31.0,344,2,343,2369,23.0,1824,69.0,44.0,513,53.0,12714,4,1654,14425,4722,212,77,9414,14425,23.483970645036695,30.513711857860176,14.286833241951907,18.557669720460417,12.64471403812825,DIVISLAB,16.5,12.2,0.0003133077465340331,False,1357.0,,False,-73,0.5384402079722703
436,DIVISLAB,Mar 2024,7845,5635,2210.0,28.0,335,4,378,2163,26.0,1600,60.0,50.0,514,53.0,13518,3,1886,15460,4739,778,82,9861,15460,20.395156150414277,28.170809432759718,11.78984599513669,16.281125681449833,10.34928848641656,DIVISLAB,16.5,12.2,0.0002210596124088129,False,636.25,,False,-79,0.5074385510996119
438,DLF,Mar 2013,7773,5140,2633.0,34.0,1279,2314,796,802,17.0,667,4.0,48.0,516,340.0,25389,26600,12318,64647,19849,7834,1334,35630,64647,8.580985462498392,33.87366525151164,2.5924054568774535,5.031626822603146,1.031757080761675,DLF,5.74,6.95,1.0338528508686695,False,1.6905790838375108,,False,25266,0.1202375980323913
439,DLF,Mar 2014,8298,5805,2493.0,30.0,1133,2463,663,500,-16.0,590,4.0,55.0,517,356.0,27039,24133,12997,64525,18835,5979,891,38820,64525,7.1101470233791275,30.04338394793926,2.1536776784084686,4.8381462505822075,0.9143742735373886,DLF,5.74,6.95,0.8809271764920606,False,1.4721883881445392,,True,23242,0.12860131731886865
440,DLF,Mar 2015,7649,4635,3014.0,39.0,503,2304,545,668,24.0,507,3.0,66.0,518,356.0,27013,24495,14398,66262,19619,5901,623,40119,66262,6.628317427114655,39.40384363969146,1.8524608133289489,5.811352768779885,0.7651444266698862,DLF,5.74,6.95,0.8949906828894004,False,1.5264756944444444,,False,23872,0.11543569466662643
441,DLF,Mar 2016,9926,5960,3966.0,40.0,506,2680,766,1026,55.0,305,2.0,117.0,519,357.0,23712,25264,12396,61729,3943,1779,21310,34697,61729,3.07273826314729,39.955671972597216,1.2671901616186798,8.039243508402084,0.4940951578674529,DLF,5.74,6.95,1.049648926004404,False,1.6686567164179105,,False,3954,0.1607996241636832
442,DLF,Mar 2017,8221,4775,3446.0,42.0,1135,2980,572,1030,22.0,708,4.0,50.0,520,357.0,24216,29202,10179,63954,24640,153,1209,37952,63954,8.612090986497993,41.9170417224182,2.881211085337566,6.408182240818223,1.1070456890890328,DLF,5.74,6.95,1.1883774874862654,False,1.537248322147651,,False,27993,0.12854551709040873
443,DLF,Mar 2018,6707,4329,2378.0,35.0,9722,2951,534,8615,50.0,4477,25.0,8.0,521,357.0,34954,17491,7783,60585,8082,137,20832,31533,60585,66.75115550916952,35.455494259728646,12.678768655659708,4.503617287223969,7.3896178922175455,DLF,5.74,6.95,0.49534139503270935,False,4.1003049813622505,,False,-3341,0.11070396962944623
444,DLF,Mar 2019,8366,6218,2148.0,26.0,784,2062,225,646,43.0,1314,6.0,33.0,522,441.0,33135,17222,15684,66483,6322,103,21005,39053,66483,15.706430791298112,25.67535261773847,3.913509649749821,4.228512933580062,1.9764451062677677,DLF,5.74,6.95,0.5129258994519895,False,1.4219204655674103,,True,-3783,0.12583668005354753
445,DLF,Mar 2020,6083,4937,1146.0,19.0,1135,1427,200,653,99.0,-590,-2.0,-85.0,523,495.0,33952,8103,13341,55890,5187,89,18566,32049,55890,-9.699161597895776,18.839388459641622,-1.7127761488663744,2.693301997649824,-1.0556450169976739,DLF,5.74,6.95,0.23523093447905477,False,1.598458304134548,,False,-10463,0.10883879048130256
446,DLF,Mar 2021,5414,3945,1469.0,27.0,383,853,159,840,43.0,1083,4.0,45.0,524,495.0,34849,6886,11258,53488,4856,95,19746,28791,53488,20.003694126339123,27.133357960842257,3.0641693073789047,3.478569737153682,2.024753215674544,DLF,5.74,6.95,0.19482797645993663,False,2.17116060961313,,False,-12860,0.10121896500149566
447,DLF,Mar 2022,5717,3974,1743.0,30.0,195,625,149,1165,28.0,1500,6.0,49.0,525,495.0,35867,4182,10623,51167,4862,81,19779,26444,51167,26.237537169844323,30.488018191359107,4.125185633353501,4.2990331491712706,2.931576992983759,DLF,5.74,6.95,0.1150101754578956,False,3.1008,,False,-15597,0.111732171125921
448,DLF,Mar 2023,5695,3969,1726.0,30.0,317,392,149,1502,27.0,2034,8.0,49.0,526,495.0,37192,3334,11551,52572,4785,61,19481,28245,52572,35.71553994732221,30.307287093942055,5.397086528511158,4.207600984861413,3.8689796850034237,DLF,5.74,6.95,0.08846551861384562,False,5.211734693877551,,False,-16147,0.10832762687362094
449,DLF,Mar 2024,6427,4303,2124.0,33.0,531,356,148,2151,24.0,2724,11.0,45.0,527,495.0,38936,4834,14804,59069,3880,71,20138,34981,59069,42.38369379181578,33.04807841916913,6.908270142781061,4.7983734327346665,4.611555976908361,DLF,5.74,6.95,0.12259389820192235,False,7.457865168539326,,False,-15304,0.10880495691479457
451,DMART,Mar 2013,3341,3126,215.0,6.0,15,43,46,141,34.0,94,2.0,0.0,529,544.0,245,526,176,1492,925,118,16,433,1492,2.8135288835677943,6.435199042202933,11.913814955640051,16.34980988593156,6.3002680965147455,DMART,19.4,14.5,0.6666666666666666,False,5.348837209302325,,False,510,2.2392761394101877
452,DMART,Mar 2014,4686,4345,341.0,7.0,16,56,57,245,34.0,161,3.0,0.0,530,547.0,409,641,211,1808,1172,89,16,532,1808,3.4357661118224496,7.276995305164319,16.84100418410042,21.35253600500939,8.904867256637168,DMART,19.4,14.5,0.6705020920502092,False,6.375,,False,625,2.5918141592920354
453,DMART,Mar 2015,6439,5983,456.0,7.0,20,72,82,323,34.0,212,4.0,0.0,531,562.0,638,904,251,2355,1528,98,15,713,2355,3.292436713775431,7.081845006988663,17.666666666666668,21.673003802281368,9.00212314225053,DMART,19.4,14.5,0.7533333333333333,False,6.611111111111111,,False,889,2.7341825902335457
454,DMART,Mar 2016,8584,7919,664.0,8.0,17,91,98,492,35.0,320,6.0,0.0,532,562.0,959,1192,389,3102,2094,82,29,897,3102,3.727865796831314,7.735321528424977,21.038790269559502,24.474751197935866,10.31592520954223,DMART,19.4,14.5,0.7836949375410914,False,7.483516483516484,,False,1163,2.7672469374597033
455,DMART,Mar 2017,11898,10929,969.0,8.0,28,122,128,747,36.0,479,8.0,0.0,533,624.0,3218,1497,480,5819,2578,153,26,3063,5819,4.025886703647672,8.144225920322743,12.467464862051015,18.14946619217082,8.23165492352638,DMART,19.4,14.5,0.3896408120770432,False,8.172131147540984,,False,1471,2.044681216703901
456,DMART,Mar 2018,15033,13680,1353.0,9.0,88,60,159,1222,34.0,806,13.0,0.0,534,624.0,4045,439,540,5648,3400,147,68,2033,5648,5.361537949843678,9.000199560965875,17.262797172842152,26.487862176977288,14.270538243626063,DMART,19.4,14.5,0.09402441636324695,False,24.016666666666666,,False,371,2.6616501416430594
457,DMART,Mar 2019,20005,18371,1633.0,8.0,48,47,212,1422,37.0,902,14.0,0.0,535,624.0,4963,700,718,7006,4400,377,17,2212,7006,4.508872781804548,8.162959260184955,16.144621442634687,25.974232543343405,12.874678846702825,DMART,19.4,14.5,0.12529085376767496,False,35.765957446808514,,False,683,2.8554096488723952
458,DMART,Mar 2020,24870,22742,2128.0,9.0,60,69,374,1745,25.0,1301,20.0,0.0,536,648.0,10432,333,663,12076,5948,364,15,5749,12076,5.231202251708886,8.556493767591476,11.74187725631769,18.645404363445195,10.77343491222259,DMART,19.4,14.5,0.030054151624548737,False,31.71014492753623,,False,318,2.0594567737661476
459,DMART,Mar 2021,24143,22398,1745.0,7.0,194,42,414,1483,26.0,1099,17.0,0.0,537,648.0,11536,393,1079,13655,7009,1020,3,5624,13655,4.5520440707451435,7.227767883030278,9.020026263952726,13.874532877474754,8.048333943610398,DMART,19.4,14.5,0.032255416940249505,False,46.166666666666664,,False,390,1.7680703039179788
460,DMART,Mar 2022,30976,28474,2502.0,8.0,114,54,498,2064,28.0,1492,23.0,0.0,538,648.0,13030,647,1146,15471,9260,1129,6,5076,15471,4.8166322314049586,8.077221074380166,10.908027489399034,17.465968586387433,9.64384978346584,DMART,19.4,14.5,0.04730223716917678,False,48.44444444444444,,False,641,2.0021976601383233
461,DMART,Mar 2023,42840,39201,3639.0,8.0,128,67,639,3060,22.0,2378,37.0,0.0,539,648.0,15430,643,1383,18105,11340,829,202,5733,18105,5.550887021475257,8.494397759103641,14.790396815524318,21.763052449016207,13.134493233913282,DMART,19.4,14.5,0.039992536385122526,False,56.223880597014926,,False,441,2.3661971830985915
462,DMART,Mar 2024,50789,46683,4106.0,8.0,145,58,731,3461,27.0,2536,39.0,0.0,540,651.0,18047,592,1882,21172,13415,935,107,6716,21172,4.993207190533383,8.084427730414067,13.56294790886726,21.28564022809746,11.978084262233137,DMART,19.4,14.5,0.031661140228901485,False,73.29310344827586,,False,485,2.398875873795579
464,DRREDDY,Mar 2013,11833,9164,2669.0,23.0,146,100,550,2165,29.0,1527,18.0,17.0,542,85.0,6284,3682,3329,13380,4051,565,197,8567,13380,12.904588861658075,22.555564945491422,23.97550635892605,26.55457168440951,11.41255605381166,DRREDDY,26.5,21.4,0.5781127335531481,False,28.15,,False,3485,0.8843796711509716
465,DRREDDY,Mar 2014,13415,10164,3251.0,24.0,170,127,648,2646,26.0,1963,23.0,16.0,543,85.0,7780,4477,3563,15906,4641,639,1067,9559,15906,14.632873648900485,24.23406634364517,24.958677685950413,26.340949602981688,12.341254872375204,DRREDDY,26.5,21.4,0.5692307692307692,False,26.937007874015748,,False,3410,0.84339243052936
466,DRREDDY,Mar 2015,15023,11515,3508.0,23.0,260,108,760,2900,19.0,2336,27.0,15.0,544,85.0,9768,4314,4290,18457,5377,529,2248,10303,18457,15.549490780802769,23.35086201158224,23.708515173043743,24.761770311286792,12.656444709324374,DRREDDY,26.5,21.4,0.4378361920227342,False,34.888888888888886,,False,2066,0.8139459283740587
467,DRREDDY,Mar 2016,15568,11983,3585.0,23.0,295,83,939,2859,26.0,2131,25.0,16.0,545,85.0,12484,3352,4408,20330,6563,772,3833,9162,20330,13.688335046248715,23.028006166495373,16.95441164770467,22.51742980968532,10.482046237088047,DRREDDY,26.5,21.4,0.2666878828864667,False,46.74698795180723,,False,-481,0.7657648794884407
468,DRREDDY,Mar 2017,14196,11724,2472.0,17.0,172,79,1027,1554,19.0,1292,16.0,26.0,546,83.0,12179,4918,4474,21654,6931,3324,2110,9290,21654,9.101155255001409,17.413355874894336,10.536617191322787,14.388824214202561,5.966565068809458,DRREDDY,26.5,21.4,0.4010764964932311,False,33.46835443037975,,False,2808,0.655583264062067
469,DRREDDY,Mar 2018,14281,11930,2351.0,16.0,155,79,1077,1350,32.0,947,11.0,35.0,547,83.0,12489,5071,4706,22349,6968,3470,2298,9612,22349,6.631188292136406,16.462432602758913,7.532612153993,13.325398174913564,4.237326054857041,DRREDDY,26.5,21.4,0.40335666560610883,False,31.72151898734177,,False,2773,0.6389995078079556
470,DRREDDY,Mar 2019,15448,12270,3178.0,21.0,381,89,1135,2336,17.0,1950,23.0,17.0,548,83.0,13941,3838,4557,22418,7191,2934,2587,9707,22418,12.622993267736923,20.572242361470742,13.904734740444951,17.791960586720414,8.698367383352663,DRREDDY,26.5,21.4,0.27367370222475756,False,39.98876404494382,,False,1251,0.6890891248104202
471,DRREDDY,Mar 2020,17517,15040,2477.0,14.0,670,98,1163,1886,-7.0,2026,24.0,21.0,549,83.0,15516,2210,5414,23223,6850,1535,2678,12160,23223,11.565907404235885,14.140549180795798,12.988012052054618,13.908697849401989,8.724109718813246,DRREDDY,26.5,21.4,0.14167574844541317,False,32.11224489795919,,False,-468,0.7542953106833742
472,DRREDDY,Mar 2021,19048,15173,3874.0,20.0,335,97,1229,2884,32.0,1952,23.0,21.0,550,83.0,17558,3031,5915,26588,8206,1565,2212,14605,26588,10.247795044099119,20.338093238135237,11.06513236211099,18.74032507739938,7.341657890777794,DRREDDY,26.5,21.4,0.17181565670880336,False,43.391752577319586,,False,819,0.7164134195877839
473,DRREDDY,Mar 2022,21545,17778,3768.0,17.0,555,96,1165,3061,29.0,2182,26.0,23.0,551,83.0,19129,3384,7149,29746,8122,1293,2616,17715,29746,10.127639823624971,17.488976560686933,11.35748490526754,16.675517790759425,7.335440059167619,DRREDDY,26.5,21.4,0.17613991255465333,False,45.03125,,False,768,0.7242990654205608
474,DRREDDY,Mar 2023,24670,18200,6470.0,26.0,971,143,1250,6048,25.0,4507,54.0,15.0,552,83.0,23203,1347,7576,32209,9219,1030,4986,16974,32209,18.269152817186868,26.22618565058776,19.35497723954307,26.265578695246216,13.992983327641342,DRREDDY,26.5,21.4,0.05784591600103066,False,52.03496503496503,,False,-3639,0.7659349871154025
475,DRREDDY,Mar 2024,28011,20078,7933.0,28.0,909,171,1470,7201,23.0,5578,67.0,12.0,553,83.0,28171,2002,8523,38780,10426,1419,4930,22004,38780,19.913605369319196,28.321016743422227,19.74233736816026,26.219592808038072,14.383702939659617,DRREDDY,26.5,21.4,0.07085722375592836,False,51.707602339181285,,False,-2928,0.7223053120165034
477,EICHERMOT,Dec 2012,6390,5840,550.0,9.0,136,4,82,600,21.0,475,12.0,17.0,555,27.0,1728,23,2694,4471,992,504,638,2337,4471,7.433489827856025,8.607198748043817,27.065527065527068,30.93363329583802,10.624021471706554,EICHERMOT,31.1,24.2,0.013105413105413105,False,171.5,,False,-615,1.4292104674569448
478,EICHERMOT,Dec 2013,6810,6094,715.0,11.0,93,8,130,671,22.0,525,15.0,21.0,556,27.0,2028,84,3197,5337,1656,464,825,2391,5337,7.709251101321586,10.499265785609397,25.547445255474454,33.42683496961197,9.83698707138842,EICHERMOT,31.1,24.2,0.040875912408759124,False,101.0,,False,-741,1.2759977515458123
479,EICHERMOT,Dec 2014,8738,7621,1118.0,13.0,105,10,220,993,29.0,702,23.0,22.0,557,27.0,2489,58,3829,6403,2309,419,1078,2597,6403,8.033875028610666,12.794689860379949,27.90143084260731,43.43434343434344,10.963610807434016,EICHERMOT,31.1,24.2,0.023052464228934817,False,122.3,,False,-1020,1.3646728096204903
480,EICHERMOT,Mar 2016,6173,4484,1690.0,27.0,326,2,137,1877,29.0,1338,49.0,20.0,558,27.0,3626,23,1263,4939,790,94,3388,667,4939,21.675036449052325,27.37728819050705,36.627429509991785,45.97388465723613,27.090504150637777,EICHERMOT,31.1,24.2,0.006296194908294552,False,1008.0,,False,-3365,1.2498481473982588
481,EICHERMOT,Mar 2017,7033,4859,2174.0,31.0,416,4,154,2433,30.0,1667,61.0,16.0,559,27.0,5318,112,1552,7009,873,374,4987,775,7009,23.702545144319636,30.911417602729983,31.18802619270346,39.83873923401136,23.783706662862034,EICHERMOT,31.1,24.2,0.02095416276894294,False,647.5,,False,-4875,1.003424168925667
482,EICHERMOT,Mar 2018,8965,6156,2809.0,31.0,536,5,223,3116,30.0,1960,72.0,15.0,560,27.0,7003,151,2341,9522,1502,333,5581,2106,9522,21.862799776910204,31.3329615170106,27.880512091038405,39.117114607993315,20.583910943079182,EICHERMOT,31.1,24.2,0.021479374110953058,False,669.0,,False,-5430,0.9415038857382902
483,EICHERMOT,Mar 2019,9797,6893,2904.0,30.0,701,7,300,3297,33.0,2203,81.0,15.0,561,27.0,8891,187,2281,11387,1875,450,4923,4140,11387,22.486475451668877,29.641727059303868,24.702848172235928,31.89456342668863,19.34662334240801,EICHERMOT,31.1,24.2,0.020968827091276072,False,515.0,,False,-4736,0.8603670852726794
484,EICHERMOT,Mar 2020,9154,6971,2183.0,24.0,572,19,382,2355,22.0,1827,67.0,19.0,562,27.0,9954,249,2220,12450,2378,312,5749,4011,12450,19.958488092637097,23.847498361372075,18.30477908025248,21.339198435972627,14.674698795180724,EICHERMOT,31.1,24.2,0.024947400060114217,False,145.0,,False,-5500,0.7352610441767068
485,EICHERMOT,Mar 2021,8720,6937,1783.0,20.0,482,16,451,2203,25.0,1347,49.0,34.0,563,27.0,11411,219,2901,14559,2433,314,3902,7909,14559,15.447247706422019,20.44724770642202,11.776534359153699,15.295530582482627,9.252009066556768,EICHERMOT,31.1,24.2,0.01914670396922539,False,141.5625,,False,-3683,0.5989422350436157
486,EICHERMOT,Mar 2022,10298,8120,2178.0,21.0,496,19,452,2203,24.0,1677,61.0,34.0,564,27.0,12581,108,3424,16140,2424,505,7721,5490,16140,16.284715478733737,21.149737813167604,13.301078680203046,17.1280276816609,10.390334572490707,EICHERMOT,31.1,24.2,0.008565989847715736,False,140.73684210526315,,False,-7613,0.6380421313506816
487,EICHERMOT,Mar 2023,14442,10996,3446.0,24.0,908,28,526,3800,23.0,2914,107.0,35.0,565,27.0,14963,288,3919,19198,2690,472,12321,3715,19198,20.177260767206757,23.8609610857222,19.43962641761174,22.555308286424925,15.178664444212938,EICHERMOT,31.1,24.2,0.019212808539026016,False,155.5,,False,-12033,0.7522658610271903
488,EICHERMOT,Mar 2024,16536,12206,4329.0,26.0,1521,51,598,5202,23.0,4001,146.0,35.0,566,27.0,18018,419,4650,23115,2914,555,13527,6119,23115,24.195694242864054,26.179245283018872,22.172346910501524,23.445623916811094,17.309106640709494,EICHERMOT,31.1,24.2,0.023219728456636186,False,114.70588235294117,,False,-13108,0.7153796236210254
490,GAIL,Mar 2013,50974,43547,7427.0,15.0,887,437,1319,6558,34.0,4367,6.0,28.0,568,1268.0,27526,16472,14542,59809,24303,18376,1254,15876,59809,8.567112645662494,14.570173029387531,15.166354101548935,16.40745813634958,7.301576685783076,GAIL,14.7,14.0,0.5720636243661874,False,19.02517162471396,,False,15218,0.8522797572271732
491,GAIL,Mar 2014,61765,53777,7988.0,13.0,1247,669,1644,6922,32.0,4786,7.0,28.0,569,1268.0,31188,18537,15872,66865,27779,18490,1282,19314,66865,7.7487250060714,12.932890795758114,14.746117821050037,15.664895181691604,7.157705825170119,GAIL,14.7,14.0,0.5711424698052748,False,13.804185351270553,,False,17255,0.9237269124355044
492,GAIL,Mar 2015,60557,54926,5631.0,9.0,945,652,1433,4492,32.0,3160,5.0,24.0,570,1268.0,32754,18291,17355,69669,33976,13806,1272,20615,69669,5.21822415245141,9.298677279257559,9.288107695020868,10.764054823848756,4.53573325295325,GAIL,14.7,14.0,0.5376227147140086,False,10.085889570552148,,False,17019,0.8692101221490189
493,GAIL,Mar 2016,52053,47517,4536.0,9.0,731,822,1496,2949,37.0,1874,3.0,37.0,571,1268.0,35135,9052,13608,59063,29946,3688,9844,15584,59063,3.6001767429350853,8.71419514725376,5.147927368623465,9.97910020899791,3.1728831925232375,GAIL,14.7,14.0,0.24866082465730846,False,6.407542579075426,,False,-792,0.8813131740683676
494,GAIL,Mar 2017,48552,42531,6021.0,12.0,1212,509,1541,5183,35.0,3374,5.0,56.0,572,1691.0,37614,6553,12433,58291,30092,4126,10125,13948,58291,6.949250288350635,12.40113692535838,8.584149599287622,13.129661127829387,5.788200579849376,GAIL,14.7,14.0,0.16672179112072255,False,14.210216110019646,,False,-3572,0.8329244651833044
495,GAIL,Mar 2018,54496,46695,7802.0,14.0,948,295,1527,6928,31.0,4805,7.0,43.0,573,2255.0,39424,3876,15798,61353,30480,5938,10452,14482,61353,8.817160892542573,14.31664709336465,11.528587538088725,17.126550323784436,7.831727869867815,GAIL,14.7,14.0,0.09299647304397898,False,29.661016949152543,,False,-6576,0.8882369240297948
496,GAIL,Mar 2019,76190,66252,9938.0,13.0,1719,159,1667,9831,33.0,6553,10.0,25.0,574,2255.0,43749,2224,20199,68426,32700,9738,10722,15267,68426,8.600866255414097,13.04370652316577,14.244413529258326,20.606286804346023,9.57676906439073,GAIL,14.7,14.0,0.04834362229371359,False,73.31446540880503,,False,-8498,1.1134656417151376
497,GAIL,Mar 2020,72518,63495,9022.0,12.0,3796,309,2080,10429,9.0,9515,14.0,31.0,575,4510.0,44758,6912,18754,74934,38230,11666,9893,15145,74934,13.120880333158663,12.44104911883946,19.31273849151579,16.059095763616945,12.697840766541225,GAIL,14.7,14.0,0.14029390273605585,False,41.48220064724919,,False,-2981,0.9677582939653562
498,GAIL,Mar 2021,57372,50127,7245.0,13.0,2833,179,2174,7725,20.0,6143,9.0,36.0,576,4440.0,48742,7873,19975,81030,41160,13400,13058,13413,81030,10.70731367217458,12.628111273792095,11.550900680681433,11.866350012284006,7.581142786622238,GAIL,14.7,14.0,0.14803881012372608,False,56.30167597765363,,False,-5185,0.7080340614587189
499,GAIL,Mar 2022,92770,77608,15161.0,16.0,2925,202,2420,15464,20.0,12304,18.0,36.0,577,4440.0,59674,9216,23254,96584,44572,15490,16408,20114,96584,13.262908267758974,16.342567640400993,19.19081635836167,20.67503068321287,12.739170048869378,GAIL,14.7,14.0,0.14374395607823565,False,89.53465346534654,,False,-7192,0.9605110577321295
500,GAIL,Mar 2023,145668,138168,7500.0,5.0,2822,365,2702,7256,23.0,5596,9.0,59.0,578,6575.0,58352,17816,25062,107805,49697,16646,17248,24214,107805,3.841612433753467,5.14869429112777,8.61891046868021,9.064210869801675,5.190853856500163,GAIL,14.7,14.0,0.274400480539683,False,28.279452054794522,,False,568,1.3512174759983304
501,GAIL,Mar 2024,133228,118914,14314.0,11.0,2672,719,3672,12595,21.0,9903,15.0,37.0,579,6575.0,70422,21794,25944,124735,55188,23627,21910,24010,124735,7.433122166511544,10.743987750322754,12.861540060002339,14.489174115050965,7.939231170080571,GAIL,14.7,14.0,0.28304998896060884,False,23.624478442280946,,False,-116,1.0680883472962681
503,GODREJCP,Mar 2013,6412,5417,995.0,16.0,194,87,77,1025,17.0,845,8.0,22.0,581,34.0,3279,2456,1926,7695,4496,141,121,2937,7695,13.178415470991892,15.517779164067374,25.505584062782976,17.247356560929102,10.981156595191683,GODREJCP,26.49,6.77,0.7413220645940235,False,13.666666666666666,,False,2335,0.8332683560753736
504,GODREJCP,Mar 2014,7599,6430,1169.0,15.0,62,120,82,1030,20.0,819,7.0,24.0,582,34.0,3741,2373,2171,8320,5121,167,136,2895,8320,10.777733912356888,15.383603105671797,21.695364238410598,19.014313597918022,9.84375,GODREJCP,26.49,6.77,0.6286092715231788,False,10.258333333333333,,False,2237,0.9133413461538461
505,GODREJCP,Mar 2015,8273,6894,1379.0,17.0,73,112,91,1249,22.0,976,9.0,21.0,583,34.0,4277,2717,2097,9125,5551,225,186,3164,9125,11.797413272089932,16.66868125226641,22.639758756668986,19.621513944223107,10.695890410958905,GODREJCP,26.49,6.77,0.6302482022732545,False,12.964285714285714,,False,2531,0.9066301369863013
506,GODREJCP,Mar 2016,8424,6766,1657.0,20.0,-262,128,101,1167,29.0,831,8.0,24.0,584,34.0,4233,2891,2521,9679,5931,44,190,3514,9679,9.864672364672366,19.669990503323838,19.475041012420906,23.14892428052529,8.585597685711335,GODREJCP,26.49,6.77,0.67752519334427,False,10.8984375,,False,2701,0.8703378448186796
507,GODREJCP,Mar 2017,9268,7361,1907.0,21.0,76,154,142,1687,22.0,1308,13.0,39.0,585,34.0,5268,4001,3637,12940,8083,97,934,3826,12940,14.113077255071213,20.576176089771256,24.669935873255376,20.498763839621628,10.108191653786708,GODREJCP,26.49,6.77,0.7546208977744248,False,12.876623376623376,,False,3067,0.7162287480680062
508,GODREJCP,Mar 2018,9847,7763,2084.0,21.0,283,173,156,2039,20.0,1634,16.0,42.0,586,68.0,6190,3508,4098,13864,8315,84,997,4468,13864,16.593886462882097,21.163806235401644,26.110578459571748,21.339340569322136,11.785920369301788,GODREJCP,26.49,6.77,0.5605624800255673,False,13.68208092485549,,False,2511,0.7102567801500288
509,GODREJCP,Mar 2019,10314,8183,2132.0,21.0,362,238,170,2085,-12.0,2342,23.0,44.0,587,102.0,7165,3382,3445,14094,8670,52,516,4855,14094,22.70700019391119,20.67093271281753,32.22787945507087,20.02065921682787,16.617000141904356,GODREJCP,26.49,6.77,0.4653914958029448,False,10.478991596638656,,False,2866,0.7318007662835249
510,GODREJCP,Mar 2020,9911,7757,2154.0,22.0,32,228,197,1760,15.0,1497,15.0,55.0,588,102.0,7796,3575,3407,14880,9231,57,672,4920,14880,15.104429421854505,21.733427504792655,18.95416561154723,18.7745140765275,10.060483870967742,GODREJCP,26.49,6.77,0.45264623955431754,False,9.587719298245615,,False,2903,0.6660618279569892
511,GODREJCP,Mar 2021,11029,8629,2399.0,22.0,23,138,204,2080,17.0,1721,17.0,0.0,589,102.0,9337,1864,2941,14244,8905,57,679,4602,14244,15.604315894460061,21.751745398494876,18.23286365081047,21.224453684862425,12.082280258354395,GODREJCP,26.49,6.77,0.1974785464561924,False,17.55072463768116,,False,1185,0.7742909295141814
512,GODREJCP,Mar 2022,12276,9867,2409.0,20.0,78,122,210,2155,17.0,1783,17.0,0.0,590,102.0,11454,1704,2822,16082,9219,116,1015,5731,16082,14.524275008145976,19.623655913978492,15.429214260989962,18.167420814479637,11.08692948638229,GODREJCP,26.49,6.77,0.1474558670820353,False,20.385245901639344,,False,689,0.7633378932968536
513,GODREJCP,Mar 2023,13316,10873,2443.0,18.0,114,188,236,2133,20.0,1702,17.0,0.0,591,102.0,13692,1130,2513,17437,9934,45,3029,4429,17437,12.781616100931211,18.34635025533193,12.338697984630999,16.369606003752345,9.760853357802374,GODREJCP,26.49,6.77,0.08191967522111063,False,13.601063829787234,,False,-1899,0.7636634742214831
514,GODREJCP,Mar 2024,14096,11139,2957.0,21.0,-2209,310,241,198,99.0,-561,-5.0,,592,102.0,12496,3222,2571,18392,10440,83,3504,4365,18392,-3.9798524404086266,20.977582292849036,-4.45308779171297,18.691529709228824,-3.050239234449761,GODREJCP,26.49,6.77,0.2557548817272583,False,2.412903225806452,,False,-282,0.7664201826881253
516,GRASIM,Mar 2013,27909,21986,5924.0,21.0,824,324,1252,5171,28.0,3778,57.0,8.0,594,92.0,19565,9550,14916,44123,20561,6084,8011,9467,44123,13.536851911569745,21.226127772403167,19.219616421630974,20.2828089156709,8.56242775876527,GRASIM,9.3,6.9,0.48583201912804597,False,20.82716049382716,,False,1539,0.6325272533599257
517,GRASIM,Mar 2014,28331,23416,4915.0,17.0,576,447,1457,3586,20.0,2954,44.0,9.0,595,92.0,21523,9681,16441,47736,25209,4045,7611,10872,47736,10.42674102573153,17.348487522501856,13.66643534582466,15.704882413087933,6.1882017764370705,GRASIM,9.3,6.9,0.44788341429562806,False,12.284116331096197,,False,2070,0.5934933802580862
518,GRASIM,Mar 2015,31734,26590,5144.0,16.0,530,667,1563,3443,30.0,2582,37.0,9.0,596,92.0,23048,11930,18963,54033,31828,2755,7255,12194,54033,8.136383689418288,16.209743492783765,11.158167675021607,14.667807242657544,4.778561249606722,GRASIM,9.3,6.9,0.5155574762316335,False,8.506746626686656,,False,4675,0.5873077563711065
519,GRASIM,Mar 2016,34487,28576,5911.0,17.0,1320,718,1834,4679,26.0,3455,51.0,9.0,597,93.0,27336,12505,19642,59576,34271,1788,10601,12916,59576,10.018267753066374,17.13979180560791,12.596157351708046,14.80192317323584,5.799315160467302,GRASIM,9.3,6.9,0.45590433482810166,False,10.071030640668523,,False,1904,0.5788740432388881
520,GRASIM,Mar 2017,36068,28682,7387.0,20.0,1076,702,1808,5952,29.0,4246,66.0,8.0,598,93.0,31294,9213,22147,62747,34786,1297,14200,12464,62747,11.772208051458357,20.480758567150936,13.527893713958008,18.194581280788178,6.766857379635679,GRASIM,9.3,6.9,0.29352916812693153,False,12.055555555555555,,False,-4987,0.5748163258801218
521,GRASIM,Mar 2018,55894,44281,11612.0,21.0,410,3663,2724,5635,35.0,3688,39.0,15.0,599,131.0,57230,67070,83467,207899,69257,2290,65995,70356,207899,6.598203742798869,20.775038465667155,6.429455553424801,9.332079626459644,1.773938306581561,GRASIM,9.3,6.9,1.1692613448161644,False,3.282009282009282,,False,1075,0.26885170202838876
522,GRASIM,Mar 2019,77200,60560,16640.0,22.0,-1846,6060,3571,5163,47.0,2745,25.0,27.0,600,132.0,57888,84487,98620,241127,87129,2766,62747,88484,241127,3.5556994818652847,21.554404145077722,4.731127197518097,11.676619394135026,1.1384042434070012,GRASIM,9.3,6.9,1.4561702861082386,False,2.441254125412541,,False,21740,0.3201632334827705
523,GRASIM,Mar 2020,68252,57880,10373.0,15.0,7076,6890,4004,6554,-1.0,6639,65.0,6.0,601,132.0,56501,84777,102772,244181,87736,3904,66337,86204,244181,9.727187481685519,15.19808943327668,11.722847103279006,7.335407679796337,2.718884761713647,GRASIM,9.3,6.9,1.4969540727137889,False,2.532510885341074,,False,18440,0.27951396709817716
524,GRASIM,Mar 2021,76404,57769,18635.0,24.0,1130,5723,4033,10009,30.0,6987,63.0,14.0,602,132.0,65362,79078,122777,267349,85023,5769,88017,88540,267349,9.144809172294645,24.39008428878069,10.668152807890799,12.88977118667515,2.613437865860729,GRASIM,9.3,6.9,1.2074083122118056,False,3.4536082474226806,,False,-8939,0.28578375082756996
525,GRASIM,Mar 2022,95701,75270,20431.0,21.0,1648,4776,4161,13143,15.0,11206,111.0,9.0,603,132.0,75567,74744,138706,289149,88996,6615,96766,96771,289149,11.709386526786554,21.34878423422953,14.803365962562253,13.580558749825517,3.8755105499240874,GRASIM,9.3,6.9,0.9873842454986196,False,4.622906197654942,,False,-22022,0.3309746877907238
526,GRASIM,Mar 2023,117627,96038,21589.0,18.0,3733,6044,4552,14727,25.0,11078,100.0,10.0,604,132.0,78610,103039,155042,336823,94896,7778,105355,128793,336823,9.417905752930874,18.353779319373952,14.068730791699474,11.876378719448127,3.2889677961421873,GRASIM,9.3,6.9,1.3085646795864976,False,4.1896095301125085,,False,-2316,0.34922496385341856
527,GRASIM,Mar 2024,130978,103783,27195.0,21.0,783,9277,5001,13700,28.0,9926,85.0,12.0,605,133.0,88520,137155,186309,412116,100494,18358,129306,163959,412116,7.578371940325857,20.763028905617738,11.196462612658342,12.043417416566287,2.4085451668947577,GRASIM,9.3,6.9,1.5470993649397087,False,3.015845639754231,,False,7849,0.3178182841724175
532,HAL,Mar 2016,16758,14281,2478.0,15.0,1598,6,863,3207,38.0,1998,28.0,31.0,607,5.0,115,18,38,176,84,21,0,71,176,11.92266380236305,14.786967418546364,1664.9999999999998,1795.6521739130433,1135.2272727272727,HAL,38.9,28.9,0.15,False,679.3333333333334,,False,18,95.2159090909091
533,HAL,Mar 2017,17950,14714,3236.0,18.0,1044,16,681,3583,27.0,2616,36.0,31.0,608,5.0,128,2,34,170,75,1,22,72,170,14.573816155988858,18.027855153203344,1966.9172932330828,2397.037037037037,1538.8235294117646,HAL,38.9,28.9,0.015037593984962405,False,267.5,,False,-20,105.58823529411765
534,HAL,Mar 2018,18519,15059,3460.0,19.0,761,35,947,3240,39.0,1987,30.0,54.0,609,5.0,125,3,33,166,66,1,24,74,166,10.729521032453155,18.683514228630056,1528.4615384615386,2601.503759398496,1196.987951807229,HAL,38.9,28.9,0.023076923076923078,False,120.6,,False,-21,111.56024096385542
535,HAL,Mar 2019,20008,15440,4569.0,23.0,376,177,1024,3742,37.0,2346,35.0,28.0,610,5.0,128,8,33,175,59,0,22,93,175,11.72530987604958,22.835865653738505,1763.9097744360904,3240.425531914894,1340.5714285714287,HAL,38.9,28.9,0.06015037593984962,False,27.937853107344633,,False,-14,114.33142857142857
536,HAL,Mar 2020,21445,16565,4880.0,23.0,415,359,998,3938,28.0,2842,42.0,39.0,611,5.0,133,2,33,173,50,0,18,104,173,13.252506411750991,22.75588715318256,2059.4202898550725,3485.7142857142853,1642.7745664739884,HAL,38.9,28.9,0.014492753623188406,False,14.749303621169917,,False,-16,123.95953757225433
537,HAL,Mar 2021,22882,17541,5341.0,23.0,360,267,1157,4277,24.0,3239,48.0,31.0,612,5.0,139,6,36,186,45,0,17,124,186,14.155231186085132,23.341491128397866,2249.3055555555557,3560.666666666667,1741.3978494623657,HAL,38.9,28.9,0.041666666666666664,False,21.352059925093634,,False,-11,123.02150537634408
538,HAL,Mar 2022,24620,19200,5420.0,22.0,986,65,1110,5231,3.0,5086,76.0,26.0,613,5.0,148,12,36,202,45,1,29,127,202,20.65800162469537,22.014622258326565,3324.183006535948,3284.848484848485,2517.8217821782177,HAL,38.9,28.9,0.0784313725490196,False,98.55384615384615,,False,-17,121.88118811881188
539,HAL,Mar 2023,26928,20258,6669.0,25.0,1672,64,1784,6493,10.0,5811,87.0,32.0,614,5.0,172,47,47,271,57,23,35,156,271,21.57976827094474,24.766042780748663,3283.050847457627,2977.2321428571427,2144.280442804428,HAL,38.9,28.9,0.2655367231638418,False,130.328125,,False,12,99.36531365313652
540,HAL,Mar 2024,30381,20631,9749.0,32.0,1899,43,1406,10199,26.0,7595,114.0,31.0,615,5.0,194,123,127,450,240,9,43,158,450,24.999177117277245,32.08913465652875,3816.5829145728644,3027.639751552795,1687.7777777777776,HAL,38.9,28.9,0.6180904522613065,False,270.8837209302326,,False,80,67.51333333333334
542,HAVELLS,Mar 2013,7135,6461,674.0,9.0,222,123,110,664,12.0,581,9.0,16.0,643,62.0,1380,982,2034,4458,1500,25,0,2933,4458,8.142957252978276,9.446391030133146,40.29126213592233,27.805280528052805,13.032750112157917,HAVELLS,24.4,18.0,0.680998613037448,False,7.284552845528455,,False,982,1.6004934948407357
543,HAVELLS,Mar 2014,8051,7274,777.0,10.0,35,102,116,594,25.0,446,7.0,42.0,644,62.0,1604,1054,2613,5332,1600,44,0,3688,5332,5.539684511240839,9.650975034157247,26.770708283313326,28.566176470588232,8.364591147786946,HAVELLS,24.4,18.0,0.6326530612244898,False,7.96078431372549,,False,1054,1.5099399849962492
544,HAVELLS,Mar 2015,8468,7713,755.0,9.0,48,96,139,569,32.0,385,6.0,49.0,645,62.0,1756,424,2546,4788,1541,38,0,3209,4788,4.546528105810109,8.915918752952292,21.177117711771174,33.675289919714544,8.04093567251462,HAVELLS,24.4,18.0,0.23322332233223322,False,8.364583333333334,,False,424,1.7685881370091896
545,HAVELLS,Mar 2016,7594,6798,796.0,10.0,949,91,134,1520,14.0,1300,21.0,29.0,646,62.0,2965,134,1225,4387,1224,20,189,2954,4387,17.118777982617857,10.481959441664472,42.94681202510737,25.18190446061373,29.63300661043994,HAVELLS,24.4,18.0,0.04426825239511067,False,19.175824175824175,,False,-55,1.7310234784590837
546,HAVELLS,Mar 2017,6130,5315,815.0,13.0,42,13,121,723,32.0,494,8.0,44.0,647,62.0,3214,208,1683,5168,1300,12,162,3694,5168,8.05872756933116,13.295269168026099,15.079365079365079,23.392652123995408,9.558823529411764,HAVELLS,24.4,18.0,0.06349206349206349,False,65.92307692307692,,False,46,1.1861455108359134
547,HAVELLS,Mar 2018,8116,7083,1033.0,13.0,97,25,140,965,31.0,661,11.0,4.0,648,63.0,3667,115,2763,6608,2819,24,0,3765,6608,8.144406111384919,12.727944800394283,17.721179624664877,26.86605981794538,10.003026634382566,HAVELLS,24.4,18.0,0.030831099195710455,False,45.2,,False,115,1.2282082324455206
548,HAVELLS,Mar 2019,10073,8885,1189.0,12.0,124,16,149,1147,31.0,788,13.0,36.0,649,63.0,4135,94,2856,7148,2904,233,0,4012,7148,7.822892881961679,11.803832026208678,18.770843258694615,27.7027027027027,11.024062674874092,HAVELLS,24.4,18.0,0.022391615054787994,False,82.0625,,False,94,1.409205372132065
549,HAVELLS,Mar 2020,9440,8374,1067.0,11.0,107,51,218,904,19.0,735,12.0,34.0,650,63.0,4249,72,2690,7073,3350,86,0,3638,7073,7.786016949152542,11.302966101694915,17.045454545454543,24.338503649635037,10.39163014279655,HAVELLS,24.4,18.0,0.016697588126159554,False,23.019607843137255,,False,72,1.3346529054149583
550,HAVELLS,Mar 2021,10457,8868,1589.0,15.0,187,90,249,1438,27.0,1044,17.0,39.0,651,63.0,5114,521,3155,8852,3290,90,306,5166,8852,9.983742947308023,15.195562780912308,20.166119374154917,27.88697788697789,11.793944871215544,HAVELLS,24.4,18.0,0.10063743480780375,False,19.733333333333334,,False,215,1.1813149570718482
551,HAVELLS,Mar 2022,13938,12163,1775.0,13.0,159,67,261,1607,26.0,1196,19.0,39.0,652,63.0,5940,616,3904,10523,3434,57,426,6606,10523,8.58085808580858,12.73496914908882,19.923371647509576,26.81673968877474,11.365580157749692,HAVELLS,24.4,18.0,0.10261535898717308,False,28.865671641791046,,False,190,1.324527226076214
552,HAVELLS,Mar 2023,16911,15290,1621.0,10.0,178,55,296,1447,26.0,1072,17.0,44.0,653,63.0,6563,223,4309,11157,3621,166,201,7170,11157,6.3390692448702035,9.58547690852108,16.178690009055238,23.66768871368083,9.608317648113292,HAVELLS,24.4,18.0,0.03365529731361304,False,32.70909090909091,,False,22,1.5157300349556333
553,HAVELLS,Mar 2024,18590,16709,1881.0,10.0,249,84,338,1707,26.0,1271,20.0,44.0,654,63.0,7384,303,4683,12433,3988,299,20,8126,12433,6.837009144701453,10.118343195266272,17.067275412917954,24.270967741935483,10.222794176787582,HAVELLS,24.4,18.0,0.040687525177924,False,25.357142857142858,,False,283,1.4952143489101584
555,HCLTECH,Jun 2013,25581,19901,5680.0,22.0,332,106,637,5270,23.0,4040,14.0,21.0,630,139.0,13025,1044,8191,22399,6753,494,713,14440,22399,15.792971345920801,22.203979516047063,30.689759951382555,39.97747747747748,18.036519487477122,HCLTECH,29.6,23.3,0.07930720145852324,False,56.716981132075475,,False,331,1.1420599133889906
556,HCLTECH,Jun 2014,32144,24108,8035.0,25.0,677,114,681,7917,18.0,6528,23.0,11.0,631,140.0,19410,1018,9412,29980,7444,531,662,21343,29980,20.3086112493778,24.99688899950224,33.39130434782609,39.06553870089459,21.774516344229486,HCLTECH,29.6,23.3,0.05207161125319693,False,76.42105263157895,,False,356,1.0721814543028685
557,HCLTECH,Jun 2015,36701,28215,8486.0,23.0,1126,91,404,9117,20.0,7342,26.0,58.0,632,281.0,23943,648,10372,35245,8275,552,869,25548,35245,20.004904498515028,23.121985776954308,30.30878467635403,34.11868768092634,20.831323591998867,HCLTECH,29.6,23.3,0.026750330250990752,False,105.62637362637362,,False,-221,1.0413108242303872
559,HCLTECH,Mar 2017,47568,37178,10390.0,22.0,1069,89,828,10542,18.0,8606,30.0,40.0,634,285.0,32664,582,12231,45762,15235,448,1306,28773,45762,18.091994618230743,21.84241506895392,26.119153843819237,30.98625152843637,18.805996241423014,HCLTECH,29.6,23.3,0.01766366202312665,False,128.75280898876406,,False,-724,1.039465058345352
560,HCLTECH,Mar 2018,50569,39323,11246.0,22.0,1230,69,1383,11024,21.0,8722,31.0,19.0,635,278.0,36108,557,11046,47989,18753,320,2660,26256,47989,17.24772093575115,22.238921078130872,23.97075798383994,30.44149094551065,18.174998437141845,HCLTECH,29.6,23.3,0.015308085527400648,False,180.81159420289856,,False,-2103,1.0537623205317885
561,HCLTECH,Mar 2019,60427,46501,13926.0,23.0,943,174,2073,12622,20.0,10120,37.0,11.0,636,271.0,41095,4195,12788,58349,22888,235,2305,32921,58349,16.747480430933194,23.04598937561024,24.46453609244307,30.565615328899714,17.343913348986273,HCLTECH,29.6,23.3,0.10141178745829908,False,85.45402298850574,,False,1890,1.035613292430033
562,HCLTECH,Mar 2020,70676,53360,17316.0,24.0,589,505,3420,13980,21.0,11057,41.0,25.0,637,543.0,50724,7986,23566,82819,37490,400,7066,37863,82819,15.644631841077594,24.50053766483672,21.56748005539626,29.22383676775859,13.350801144664873,HCLTECH,29.6,23.3,0.15577271929311254,False,35.45544554455446,,False,920,0.8533790555307357
563,HCLTECH,Mar 2021,75379,55331,20048.0,27.0,927,511,4611,15853,30.0,11169,41.0,24.0,638,543.0,59370,6864,19270,86047,37145,312,6862,41728,86047,14.817124132716009,26.596266864776663,18.64203094487006,30.022313071866062,12.980115518263274,HCLTECH,29.6,23.3,0.11456612087526914,False,41.04696673189824,,False,2,0.8760212442037492
564,HCLTECH,Mar 2022,85651,65122,20529.0,24.0,1067,319,4326,16951,20.0,13523,50.0,84.0,639,543.0,61371,6343,20664,88921,35077,129,6351,47364,88921,15.78849050215409,23.96819651842944,21.841586717059148,30.076036157463705,15.207881152933503,HCLTECH,29.6,23.3,0.10244855767677746,False,67.69905956112852,,False,-8,0.9632257846852824
565,HCLTECH,Mar 2023,101456,78828,22628.0,22.0,1358,353,4145,19488,24.0,14845,55.0,88.0,640,543.0,64862,4794,23051,93250,34619,40,5495,53096,93250,14.631958681595963,22.303264469326606,22.697041510587876,32.23407740851009,15.919571045576408,HCLTECH,29.6,23.3,0.07329714853604465,False,67.94900849858357,,False,-701,1.088
566,HCLTECH,Mar 2024,109913,85715,24198.0,22.0,1495,553,4173,20967,25.0,15710,58.0,90.0,641,543.0,67720,5758,24985,99006,35063,108,7137,56698,99006,14.293122742532729,22.015594151738192,23.01393141233172,32.690722902959976,15.867725188372422,HCLTECH,29.6,23.3,0.08435023365512796,False,46.46112115732369,,False,-1379,1.1101650405025958
568,HDFCBANK,Mar 2013,35861,19695,12631.0,3534.0,10,7133,663,10004,31.0,6903,14.0,19.0,656,476.0,36167,335588,35492,407723,2773,0,110960,293989,407723,19.249323777920306,35.22210758205293,18.838523046693776,3.3933229634286235,1.6930612204854767,HDFCBANK,7.67,17.1,9.158311273640258,True,1.7721856161502874,,False,224628,0.08795432192934909
569,HDFCBANK,Mar 2014,42555,23445,13508.0,5602.0,13,8298,689,13211,34.0,8768,18.0,19.0,657,480.0,43687,416677,42776,503620,3026,0,119571,381023,503620,20.60392433321584,31.742450945834804,19.851925645844183,2.9311437275954555,1.7409951947897222,HDFCBANK,7.67,17.1,9.434125025471506,True,1.6294287780187997,,False,297106,0.08449823279456734
570,HDFCBANK,Mar 2015,50666,27288,16164.0,7214.0,14,9546,680,16079,33.0,10703,21.0,19.0,658,501.0,62653,509762,34181,607097,3225,0,149454,454417,607097,21.12462006079027,31.903051355938892,16.947461760141874,2.8213560103051756,1.7629802156821726,HDFCBANK,7.67,17.1,8.071729423314437,True,1.6947412528807877,,False,360308,0.08345618574955897
571,HDFCBANK,Mar 2016,63162,34070,20055.0,9037.0,14,11212,738,19511,34.0,12821,25.0,19.0,659,506.0,73798,649587,38321,762212,3667,0,193634,564912,762212,20.298597257844907,31.751686140400874,17.25479112833764,2.7704447216500827,1.6820779520658296,HDFCBANK,7.67,17.1,8.742288436692506,True,1.7899571887263646,,False,455953,0.08286670899959592
572,HDFCBANK,Mar 2017,73271,38042,23856.0,11374.0,16,12905,886,23393,35.0,15317,30.0,18.0,660,513.0,91281,741550,59000,892344,4000,0,210777,677567,892344,20.904587080836894,32.558583887213224,16.686275791446064,2.862683357653022,1.7164905014209766,HDFCBANK,7.67,17.1,8.078414711201168,True,1.849825648973266,,False,530773,0.08211071066763491
573,HDFCBANK,Mar 2018,85288,42381,29532.0,13374.0,16,16057,967,28464,35.0,18561,36.0,18.0,661,519.0,109080,944817,48770,1103186,4008,0,238461,860717,1103186,21.76273332708001,34.62620767282619,16.935373497933377,2.8007920972367644,1.6824905319683174,HDFCBANK,7.67,17.1,8.620671721457313,True,1.840194307778539,,False,706356,0.07731062576936255
574,HDFCBANK,Mar 2019,105161,53713,34856.0,16592.0,16,18947,1221,34318,35.0,22446,41.0,18.0,662,545.0,153128,1080235,58898,1292806,4369,0,289446,998991,1292806,21.34441475451926,33.145367579235646,14.60633943503413,2.8248459366500582,1.7362233776761555,HDFCBANK,7.67,17.1,7.02943913374503,True,1.8405024542143875,,False,790789,0.0813432177759076
575,HDFCBANK,Mar 2020,122189,62137,45459.0,14593.0,12,24879,1277,38195,29.0,27296,50.0,5.0,663,548.0,175810,1333041,71430,1580830,4776,0,389305,1186750,1580830,22.339163099788035,37.203839952859916,15.477608047267491,3.0117285091615935,1.726687879152091,HDFCBANK,7.67,17.1,7.558721464294219,True,1.8276860002411672,,False,943736,0.07729420620813117
576,HDFCBANK,Mar 2021,128552,59248,52457.0,16848.0,13,27333,1385,42796,26.0,31857,58.0,11.0,664,551.0,209259,1511418,78279,1799507,5248,0,438823,1355435,1799507,24.78141141328023,40.80605513722074,15.183737667413375,3.0476497012597985,1.7703182038191572,HDFCBANK,7.67,17.1,7.20374624660407,True,1.9196575567994731,,False,1072595,0.0714373436724614
577,HDFCBANK,Mar 2022,135936,58584,56557.0,20795.0,15,31759,1681,50873,25.0,38151,69.0,23.0,665,555.0,246772,1784970,90639,2122934,6432,0,449264,1667238,2122934,28.06541313559322,41.60560852165725,15.425327602728373,2.7829101750383924,1.7970883692097823,HDFCBANK,7.67,17.1,7.217044641304831,True,1.7812903428949274,,False,1335706,0.06403213665615605
578,HDFCBANK,Mar 2023,170754,77780,63042.0,29932.0,18,33912,2345,61498,25.0,46149,82.0,23.0,666,558.0,288880,2139212,101783,2530432,8431,0,511582,2010419,2530432,27.026599669700268,36.91977933167012,15.944347321360706,2.5957630782533507,1.8237597374677526,HDFCBANK,7.67,17.1,7.39091618930479,True,1.859518754423213,,False,1627630,0.06748017729778946
579,HDFCBANK,Mar 2024,283649,154139,174196.0,-44685.0,-16,124346,3092,76569,15.0,65446,84.0,23.0,667,760.0,455636,3107503,466296,4030194,12604,0,1005682,3011909,4030194,23.07288232992184,61.41252040373843,14.33974005030719,4.887792835880029,1.6238920508541275,HDFCBANK,7.67,17.1,6.808786667718385,True,1.4007688224792112,,True,2101821,0.07038097917866981
581,HDFCLIFE,Mar 2013,14060,15,13535.0,525.0,4,28,35,502,11.0,447,2.0,0.0,668,1995.0,-658,0,40581,41918,252,29,40404,1232,41918,3.1792318634423897,96.26600284495022,33.43305908750935,1012.341062079282,1.0663676702132736,HDFCLIFE,6.61,11.4,0.0,False,483.5357142857143,,False,-40404,0.33541676606708337
582,HDFCLIFE,Mar 2014,17166,11,16561.0,605.0,4,241,41,794,9.0,725,4.0,14.0,669,1995.0,-67,0,50347,52275,279,10,50527,1458,52275,4.223464988931609,96.47559128509845,37.60373443983403,858.9730290456432,1.3868962219033953,HDFCLIFE,6.61,11.4,0.0,False,68.7344398340249,,False,-50527,0.3283787661406026
583,HDFCLIFE,Mar 2015,27215,-14,26341.0,874.0,3,79,43,924,15.0,786,4.0,18.0,670,1995.0,546,0,66767,69309,346,6,67024,1932,69309,2.8881131728826013,96.78853573397024,30.932703659976386,1036.6391184573001,1.1340518547374798,HDFCLIFE,6.61,11.4,0.0,False,333.46835443037975,,False,-67024,0.3926618476676911
584,HDFCLIFE,Mar 2016,18141,8,17187.0,953.0,5,108,45,1008,19.0,817,4.0,22.0,671,1995.0,1108,0,73441,76544,335,12,74144,2053,76544,4.503610605810043,94.74119398048619,26.32935868514341,553.8833387044796,1.067359949832776,HDFCLIFE,6.61,11.4,0.0,False,159.1851851851852,,False,-74144,0.23700094063545152
585,HDFCLIFE,Mar 2017,30647,9,29674.0,972.0,3,139,41,1061,16.0,887,4.0,25.0,672,1998.0,1828,0,91270,95097,337,16,91723,3020,95097,2.8942473977877117,96.82513786014944,23.183481442760062,775.5880815473079,0.9327318422242553,HDFCLIFE,6.61,11.4,0.0,False,213.50359712230215,,False,-91723,0.32227094440413473
586,HDFCLIFE,Mar 2018,32260,11,31186.0,1074.0,3,282,44,1300,15.0,1107,6.0,25.0,673,2012.0,2693,0,105778,110483,336,5,106590,3551,110483,3.4314941103533787,96.67079975201489,23.52816153028693,662.826780021254,1.0019641030746813,HDFCLIFE,6.61,11.4,0.0,False,110.59929078014184,,False,-106590,0.2919906229917725
587,HDFCLIFE,Mar 2019,38855,14,37640.0,1215.0,3,136,45,1291,1.0,1278,6.0,26.0,674,2017.0,3625,0,124378,130020,370,10,124958,4682,130020,3.289151975292755,96.87298931926392,22.651542006380716,667.1393123006026,0.9829257037378865,HDFCLIFE,6.61,11.4,0.0,False,276.7867647058824,,False,-124958,0.2988386402091986
588,HDFCLIFE,Mar 2020,29380,0,28239.0,1141.0,4,369,47,1463,11.0,1297,6.0,0.0,675,2019.0,4788,0,125417,132224,322,8,127256,4637,132224,4.414567733151804,96.11640571817563,19.05391508741002,414.85235786690174,0.9809111810261374,HDFCLIFE,6.61,11.4,0.0,False,76.53929539295393,,False,-127256,0.2221986931268151
589,HDFCLIFE,Mar 2021,71528,0,70294.0,1235.0,2,445,51,1629,16.0,1361,7.0,30.0,676,2021.0,6619,600,170415,179655,585,14,173564,5493,179655,1.9027513700928307,98.27480147634493,15.752314814814813,760.7575757575758,0.7575631070663216,HDFCLIFE,6.61,11.4,0.06944444444444445,False,157.9685393258427,,False,-172964,0.3981408811332832
590,HDFCLIFE,Mar 2022,67126,0,66348.0,778.0,1,766,56,1487,11.0,1327,6.0,27.0,677,2113.0,13501,600,214521,230734,6605,20,216551,7559,230734,1.976879301611894,98.84098560915294,8.498783143332906,409.20192426298263,0.5751211351599678,HDFCLIFE,6.61,11.4,0.038427052645062125,False,86.61749347258485,,False,-215951,0.2909237476921477
591,HDFCLIFE,Mar 2023,70207,0,70127.0,80.0,0,1437,76,1441,5.0,1368,6.0,30.0,678,2149.0,10844,950,234126,248069,997,31,238197,8844,248069,1.9485236514877435,99.88605124845101,10.528746247979681,502.9548877572975,0.5514594729692142,HDFCLIFE,6.61,11.4,0.07311629338874778,False,48.80097425191371,,False,-237247,0.28301400013705863
592,HDFCLIFE,Mar 2024,101482,0,100951.0,531.0,1,525,79,977,-61.0,1574,7.0,27.0,679,2151.0,12515,950,287071,302687,1549,28,291128,9982,302687,1.5510139729213062,99.47675449833469,10.732306013909723,646.4587602459017,0.5200091183301563,HDFCLIFE,6.61,11.4,0.06477567162143734,False,192.2895238095238,,False,-290178,0.33527042786773137
594,HEROMOTOCO,Mar 2014,25275,12,21722.0,3553.0,14,430,1107,2864,26.0,2102,105.0,62.0,681,40.0,5583,284,4215,10122,2247,855,4106,2914,10122,8.316518298714143,85.94263105835806,37.38218033078428,367.7331979007957,20.766646907725747,HEROMOTOCO,29.1,22.0,0.050506846878890274,False,50.54883720930233,,False,-3822,2.497036158861885
595,HEROMOTOCO,Mar 2015,27538,12,24018.0,3520.0,13,325,540,3292,29.0,2364,118.0,51.0,682,40.0,6500,100,4014,10654,2952,719,3118,3864,10654,8.584501416224853,87.21766286585809,36.14678899082569,361.7168674698795,22.18884925849446,HEROMOTOCO,29.1,22.0,0.01529051987767584,False,73.94153846153846,,False,-3018,2.5847568988173455
596,HEROMOTOCO,Mar 2016,28457,15,24033.0,4424.0,16,421,443,4387,29.0,3112,157.0,46.0,683,40.0,8794,232,3829,12896,3784,653,4501,3958,12896,10.935797870471237,84.45373721755631,35.22752999773602,265.08934480476506,24.13151364764268,HEROMOTOCO,29.1,22.0,0.026262168892913742,False,57.12351543942993,,False,-4269,2.2066532258064515
597,HEROMOTOCO,Mar 2017,28610,27,24025.0,4585.0,16,830,502,4885,27.0,3546,179.0,47.0,684,40.0,10276,261,4736,15312,4599,581,6066,4066,15312,12.394267738552953,83.9741349178609,34.373788290034895,227.14380259052663,23.15830721003135,HEROMOTOCO,29.1,22.0,0.025300504071345483,False,28.965060240963854,,False,-5805,1.8684691745036572
598,HEROMOTOCO,Mar 2018,32458,31,27124.0,5334.0,16,564,575,5292,30.0,3722,186.0,51.0,685,40.0,11932,228,5197,17397,4961,355,7669,4411,17397,11.467126748413333,83.56645511122065,31.089208152355496,222.32786885245903,21.39449330344312,HEROMOTOCO,29.1,22.0,0.019044437019712663,False,48.12056737588652,,False,-7441,1.8657239753980572
599,HEROMOTOCO,Mar 2019,33971,37,28946.0,5025.0,15,741,624,5104,32.0,3466,172.0,50.0,686,40.0,13080,312,5072,18504,4952,573,6114,6865,18504,10.202820052397634,85.2079715051073,26.417682926829265,215.50029779630734,18.731085170773888,HEROMOTOCO,29.1,22.0,0.02378048780487805,False,39.08367071524966,,False,-5802,1.8358733246865542
600,HEROMOTOCO,Mar 2020,29254,47,25184.0,4070.0,14,1434,846,4611,21.0,3659,182.0,49.0,687,40.0,14366,453,4815,19674,6473,391,8359,4451,19674,12.50769125589663,86.0873726669857,25.39913924753575,169.4865064943805,18.598149842431635,HEROMOTOCO,29.1,22.0,0.031445231153685964,False,17.571827057182706,,False,-7906,1.4869370743112738
601,HEROMOTOCO,Mar 2021,30959,46,26902.0,4058.0,13,553,715,3849,24.0,2936,146.0,72.0,688,40.0,15376,584,7096,23096,6380,495,10582,5639,23096,9.483510449303918,86.89557156238897,19.045147898287492,168.13750000000002,12.712157949428473,HEROMOTOCO,29.1,22.0,0.03788271925272444,False,48.67088607594937,,False,-9998,1.3404485625216487
602,HEROMOTOCO,Mar 2022,29551,53,26295.0,3256.0,11,545,690,3058,24.0,2329,116.0,82.0,689,40.0,15807,605,6027,22478,6194,517,10528,5240,22478,7.881289973266556,88.98176034651958,14.696788035590332,159.82859226841722,10.361242103389982,HEROMOTOCO,29.1,22.0,0.038177573042216195,False,48.26788990825688,,False,-9923,1.314663226265682
603,HEROMOTOCO,Mar 2023,34158,105,30060.0,4099.0,12,567,697,3864,28.0,2800,141.0,71.0,690,40.0,16616,568,6694,23917,6159,454,10891,6413,23917,8.197201241290474,88.00281046899701,16.810758885686838,174.52392011147236,11.707153907262617,HEROMOTOCO,29.1,22.0,0.034101825168107586,False,53.03703703703704,,False,-10323,1.4281891541581302
604,HEROMOTOCO,Mar 2024,37789,76,32554.0,5235.0,14,689,757,5090,26.0,3742,187.0,75.0,691,40.0,17659,606,7847,26153,6232,484,12751,6685,26153,9.902352536452407,86.14676228532112,21.14243742584327,177.84211963944279,14.308109968263679,HEROMOTOCO,29.1,22.0,0.03423922255494661,False,47.268505079825836,,False,-12145,1.4449202768324858
606,HINDALCO,Mar 2013,80193,2079,72494.0,7699.0,10,1111,2822,3909,23.0,3007,16.0,6.0,693,191.0,35139,56951,28309,120590,37929,33834,12601,36226,120590,3.749703839487237,90.39941141994937,8.511180300028306,78.55788298783065,2.493573264781491,HINDALCO,11.3,10.2,1.6119728276252476,False,65.26012601260126,,False,44350,0.665005390165022
607,HINDALCO,Mar 2014,87695,2702,79671.0,8024.0,9,677,3347,2653,20.0,2195,11.0,9.0,694,206.0,40398,64756,32621,137982,61163,23059,12961,40798,137982,2.5029933291521753,90.85010547921775,5.405871342724855,75.61788154897494,1.5907872041280746,HINDALCO,11.3,10.2,1.5948182445079302,False,117.69571639586411,,False,51795,0.6355539128292096
608,HINDALCO,Mar 2015,104281,4178,95437.0,8844.0,8,-832,3493,340,75.0,259,4.0,24.0,695,207.0,38122,68468,34950,141746,71959,14111,12346,43330,141746,0.248367391950595,91.51906867022755,0.6757285606198962,89.36299708793318,0.18272120553666418,HINDALCO,11.3,10.2,1.7863236713715462,False,-114.71754807692308,,True,56122,0.7356891905238948
609,HINDALCO,Mar 2016,98759,5134,90981.0,7778.0,8,1500,4347,-203,99.0,-702,-1.0,-82.0,696,207.0,40402,67552,32986,141146,85648,4214,12463,38821,141146,-0.7108212922366569,92.12426209256877,-1.7286808342978157,84.1162711143573,-0.4973573462939084,HINDALCO,11.3,10.2,1.663473614223448,False,60.659333333333336,,False,55089,0.6996939339407422
610,HINDALCO,Mar 2017,100184,5742,87867.0,12317.0,12,1198,4457,3315,43.0,1882,8.0,13.0,697,223.0,45836,63817,36268,146144,84687,1814,15157,44486,146144,1.8785434799968057,87.70562165615267,4.086063527215094,79.96923805016564,1.2877709656229472,HINDALCO,11.3,10.2,1.3855489697996048,False,73.35475792988314,,False,48660,0.685515655791548
611,HINDALCO,Mar 2018,115183,3911,101488.0,13695.0,12,2879,4506,8157,25.0,6083,27.0,4.0,698,223.0,54629,52074,40088,147014,85088,2063,10781,49081,147014,5.281161282480921,88.1102245991162,11.089841755997957,94.91423975459664,4.137701171317017,HINDALCO,11.3,10.2,0.9493546269962809,False,35.2552969781174,,False,41293,0.7834832056810916
612,HINDALCO,Mar 2019,130542,3778,115031.0,15511.0,12,1127,4777,8083,32.0,5495,24.0,5.0,699,222.0,57279,52415,42056,151972,85860,4097,9012,53003,151972,4.209373228539474,88.11800033705627,9.556355541642754,104.65355362276647,3.6157976469349618,HINDALCO,11.3,10.2,0.9115493643588807,False,102.07897071872227,,False,43403,0.858987181849288
613,HINDALCO,Mar 2020,118144,4197,103838.0,14306.0,12,906,5091,5924,36.0,3767,17.0,6.0,700,222.0,58095,68399,41902,168618,89195,7721,9411,62291,168618,3.188481852654388,87.89104821235102,6.459522952140885,81.94545282363711,2.2340438150138184,HINDALCO,11.3,10.2,1.172882692868289,False,114.62472406181016,,False,58988,0.7006606649349417
614,HINDALCO,Mar 2021,132008,3738,114449.0,17559.0,13,-987,6628,6206,44.0,3483,16.0,19.0,701,222.0,66311,67206,55083,188822,100269,10202,17133,61218,188822,2.6384764559723655,86.69853342221684,5.234996167315468,85.5763838521299,1.8445943798921738,HINDALCO,11.3,10.2,1.010115281138683,False,-115.96960486322189,,True,50073,0.6991134507631526
615,HINDALCO,Mar 2022,195059,3768,166712.0,28347.0,15,1253,6729,19103,28.0,13730,61.0,6.0,702,222.0,77969,64486,79178,221855,106874,4945,14119,95917,221855,7.038895923797416,85.46747394378112,17.559565678914453,116.84574248126889,6.188726871154583,HINDALCO,11.3,10.2,0.8247240731030425,False,133.06225059856345,,False,50367,0.8792184084199139
616,HINDALCO,Mar 2023,223202,3646,200536.0,22666.0,10,1307,7086,13241,24.0,10097,45.0,7.0,703,222.0,94584,60291,68392,223489,110626,7700,14116,91047,223489,4.523704984722359,89.84507307282192,10.650169820475497,129.29714952578064,4.517895735360577,HINDALCO,11.3,10.2,0.6359407632428328,False,153.43993879112472,,False,46175,0.9987158204654368
617,HINDALCO,Mar 2024,215962,3858,192090.0,23872.0,11,1519,7521,14012,28.0,10155,45.0,8.0,704,222.0,105924,56356,68221,230723,111810,14867,15444,88602,230723,4.702216130615571,88.94620349876368,9.567011474761177,118.20777590429657,4.401381743475944,HINDALCO,11.3,10.2,0.5309290976579428,False,126.46543778801843,,False,40912,0.9360228499109322
619,HINDUNILVR,Mar 2013,27004,26,22784.0,4220.0,16,1123,251,5066,24.0,3839,18.0,104.0,706,216.0,2649,25,9202,12092,2431,222,2252,7186,12092,14.216412383350615,84.37268552806991,133.99650959860384,788.3737024221454,31.74826331458816,HINDUNILVR,27.2,20.2,0.008726003490401396,False,20.302760463045413,,False,-2227,2.2332120410188554
620,HINDUNILVR,Mar 2014,29234,41,24475.0,4759.0,16,792,296,5215,24.0,3956,18.0,71.0,707,216.0,3321,46,10171,13754,2746,373,2838,7797,13754,13.532188547581583,83.72100978312923,111.84619734238055,683.0867987719788,28.762541806020064,HINDUNILVR,27.2,20.2,0.013005371783997738,False,30.9229797979798,,False,-2792,2.125490766322524
621,HINDUNILVR,Mar 2015,31972,18,26560.0,5412.0,17,1247,322,6320,31.0,4376,20.0,74.0,708,216.0,3811,43,10359,14430,2821,516,3025,8067,14430,13.68697610409108,83.07268860252721,108.66650111745717,652.5798525798525,30.325710325710325,HINDUNILVR,27.2,20.2,0.010677924012912838,False,21.312750601443465,,False,-2982,2.2156618156618157
622,HINDUNILVR,Mar 2016,32186,17,26276.0,5910.0,18,486,353,6026,31.0,4151,19.0,83.0,709,216.0,6357,177,8043,14793,3258,408,2592,8535,14793,12.896911700739452,81.63797924563475,63.15228966986155,389.27407407407406,28.06056918812952,HINDUNILVR,27.2,20.2,0.026928343222272933,False,54.10288065843621,,False,-2415,2.175758804840127
623,HINDUNILVR,Mar 2017,33162,35,26834.0,6328.0,19,606,432,6467,31.0,4490,21.0,82.0,710,216.0,6528,277,8685,15706,4419,229,3794,7264,15706,13.539593510644716,80.91791809902901,66.57769869513642,382.1962683378436,28.587800840443144,HINDUNILVR,27.2,20.2,0.041073546856465006,False,44.31188118811881,,False,-3517,2.111422386349166
624,HINDUNILVR,Mar 2018,35545,26,28046.0,7499.0,21,353,520,7306,28.0,5227,24.0,83.0,711,216.0,7065,0,10581,17862,4528,461,2873,10000,17862,14.705303136868759,78.90279926853285,71.78958934212334,385.19434143661584,29.26324039861158,HINDUNILVR,27.2,20.2,0.0,False,79.5099150141643,,False,-2873,1.989978725786586
625,HINDUNILVR,Mar 2019,39310,33,30430.0,8880.0,23,322,565,8604,30.0,6060,28.0,78.0,712,216.0,7651,99,10663,18629,4715,406,2716,10792,18629,15.41592470109387,77.41032816077335,77.03063429515699,381.9984935977906,32.52992645874711,HINDUNILVR,27.2,20.2,0.01258421253336723,False,94.57453416149069,,False,-2617,2.1101508400880347
626,HINDUNILVR,Mar 2020,39783,118,29922.0,9861.0,25,424,1002,9165,26.0,6756,31.0,80.0,713,216.0,8013,0,11924,20153,5479,597,1255,12822,20153,16.982128044642185,75.21303069150139,82.09989063069631,363.61647830842145,33.52354488165534,HINDUNILVR,27.2,20.2,0.0,False,70.62971698113208,,False,-1255,1.974048528755024
627,HINDUNILVR,Mar 2021,47028,117,35402.0,11626.0,25,170,1074,10605,25.0,7999,34.0,119.0,714,235.0,47439,0,21066,68740,51443,745,2709,13843,68740,17.00901590541805,75.27855745513311,16.778537567646936,74.25850568444015,11.636601687518185,HINDUNILVR,27.2,20.2,0.0,False,208.39411764705883,,False,-2709,0.6841431480942682
628,HINDUNILVR,Mar 2022,52446,106,39589.0,12857.0,25,219,1091,11879,25.0,8892,38.0,90.0,715,235.0,48826,1043,20402,70506,51473,1313,3521,14199,70506,16.954581855622926,75.48526103039318,18.12437577709382,79.0136516046623,12.611692621904519,HINDUNILVR,27.2,20.2,0.02125924869040582,False,180.88584474885846,,False,-2478,0.7438515870989703
629,HINDUNILVR,Mar 2023,60580,114,46433.0,14147.0,23,448,1137,13344,24.0,10143,43.0,91.0,716,235.0,50069,1219,21554,73077,52678,1132,2882,16385,73077,16.743149554308353,76.64740838560581,20.16340648854962,90.12091687207655,13.879880126441973,HINDUNILVR,27.2,20.2,0.024232665394402036,False,103.69642857142857,,False,-1663,0.8289886010646305
630,HINDUNILVR,Mar 2024,61896,334,47237.0,14659.0,24,817,1216,13926,26.0,10282,44.0,96.0,717,235.0,50983,1484,25787,78489,53744,1025,4625,19095,78489,16.611735814915342,76.31672482874498,20.074973642078955,89.63037455884027,13.099924830230988,HINDUNILVR,27.2,20.2,0.028974188761763442,False,57.847001223990205,,False,-3141,0.7885945801322478
632,ICICIBANK,Mar 2013,44885,28285,31684.0,-15085.0,-34,29320,625,13610,26.0,10130,15.0,24.0,719,1154.0,67609,487659,118401,674822,5473,0,255667,413682,674822,22.568786899855187,70.58928372507519,14.731759812689965,5.6942392644431745,1.5011365960208765,ICICIBANK,7.6,18.8,7.091880807992671,True,1.079467939972715,,True,231992,0.06651383624126066
633,ICICIBANK,Mar 2014,49479,29711,32852.0,-13084.0,-26,30085,719,16282,28.0,11677,17.0,24.0,720,1155.0,75275,543055,128278,747762,5507,0,267609,474646,747762,23.599911073384668,66.39584470179268,15.278032186314276,5.303114683971363,1.5615931272249726,ICICIBANK,7.6,18.8,7.1052597147716865,True,1.0911085258434436,,True,275446,0.06616944963771895
634,ICICIBANK,Mar 2015,54964,32318,38766.0,-16120.0,-29,35252,798,18334,29.0,12942,19.0,24.0,721,1160.0,83545,597207,144167,826079,5871,0,274311,545897,826079,23.546321228440434,70.52980132450331,15.278909155303703,5.68489775806849,1.5666782474799628,ICICIBANK,7.6,18.8,7.050433858686028,True,1.0988596391694088,,True,322896,0.06653600926787874
635,ICICIBANK,Mar 2016,59294,33996,52252.0,-26955.0,-45,42102,843,14304,24.0,10927,16.0,29.0,722,1163.0,92948,671455,153190,918756,8713,0,286044,623999,918756,18.428508786723782,88.12358754680069,11.610757509749126,6.825276984610079,1.1893255663092268,ICICIBANK,7.6,18.8,7.1347132641242785,True,1.2400123509571992,,True,385411,0.06453726560697291
636,ICICIBANK,Mar 2017,60940,34836,63841.0,-37737.0,-62,52458,912,13809,18.0,11340,16.0,14.0,723,1165.0,103467,700874,180219,985725,9338,0,304373,672013,985725,18.608467344929437,104.76042008532984,10.837984555394144,7.9255772148190085,1.1504222780187172,ICICIBANK,7.6,18.8,6.698467008181054,True,1.2158107438331618,,True,396501,0.06182251642192295
637,ICICIBANK,Mar 2018,62162,34262,72806.0,-44906.0,-72,56807,922,10978,17.0,9100,12.0,12.0,724,1286.0,109344,815198,198453,1124281,9465,0,372208,742608,1124281,14.63916862391815,117.12300119043788,8.225616921269095,7.863879683915371,0.8094061893779224,ICICIBANK,7.6,18.8,7.368688420862334,True,1.280370376890172,,True,442990,0.05529044785067078
638,ICICIBANK,Mar 2019,71982,39178,83775.0,-50971.0,-71,59325,946,7408,23.0,5689,7.0,15.0,725,1289.0,112964,891641,232899,1238794,9660,0,398201,830933,1238794,7.903364730071407,116.38326248228724,4.979300324717951,8.328412337681703,0.45923696756684323,ICICIBANK,7.6,18.8,7.804092671527225,True,1.4109397387273495,,True,493440,0.05810651327016437
639,ICICIBANK,Mar 2020,84836,44666,85361.0,-45190.0,-53,64950,1171,18589,40.0,11225,15.0,0.0,726,1295.0,121665,1014636,239696,1377292,10409,0,443473,923411,1377292,13.231411193361309,100.6188410580414,9.128985035783995,7.503630462835664,0.8150050969583792,ICICIBANK,7.6,18.8,8.251756668835394,True,1.3134411085450346,,True,571163,0.06159623376887399
640,ICICIBANK,Mar 2021,89163,42659,91309.0,-44805.0,-50,72174,1340,26028,22.0,20364,27.0,8.0,727,1383.0,156204,1103840,312385,1573812,10809,0,536579,1026424,1573812,22.83907001783251,102.40682794432668,12.922385729787356,7.238548088791504,1.2939283726391717,ICICIBANK,7.6,18.8,7.004638707507599,True,1.2644304043007177,,True,567261,0.05665416199647734
641,ICICIBANK,Mar 2022,95407,41167,80798.0,-26558.0,-28,62129,1330,34241,25.0,26538,36.0,14.0,728,1390.0,180663,1252968,317616,1752637,10707,0,567098,1174833,1752637,27.815569088222038,84.68770635278334,14.577073709304432,5.630440251397017,1.5141754966944097,ICICIBANK,7.6,18.8,6.882435334765151,True,1.3000370197492315,,True,685870,0.05443625805001264
642,ICICIBANK,Mar 2023,121067,50543,87864.0,-17341.0,-14,65112,1515,46256,26.0,35461,49.0,16.0,729,1397.0,213101,1399894,344099,1958490,11070,0,639552,1307868,1958490,29.290392922926973,72.57469004765956,16.53208887728557,5.442544313896501,1.810629617715689,ICICIBANK,7.6,18.8,6.526373206276982,True,1.3492136626121145,,True,760342,0.061816501488391566
643,ICICIBANK,Mar 2024,159516,74108,99560.0,-14152.0,-9,76522,1935,60434,26.0,46081,63.0,16.0,730,1405.0,254739,1651008,456911,2364063,15714,0,827163,1521186,2364063,28.888011233982798,62.41380175029464,17.99027109750765,5.2203495054405735,1.9492289334082888,ICICIBANK,7.6,18.8,6.445624336310825,True,1.3009461331381824,,True,823845,0.06747535915921023
645,ICICIGI,Mar 2013,4012,8,4191.0,-178.0,-4,586,49,351,0.0,353,8.0,0.0,731,437.0,1433,0,10767,12637,390,10,7800,4436,12637,8.798604187437686,104.46161515453637,18.877005347593585,224.11764705882354,2.793384505816254,ICICIGI,22.5,17.0,0.0,False,7.145051194539249,,False,-7800,0.3174804146553771
646,ICICIGI,Mar 2014,4352,9,4578.0,-225.0,-5,817,50,533,3.0,520,12.0,0.0,732,445.0,1949,0,12350,14744,373,17,9290,5064,14744,11.948529411764707,105.19301470588236,21.72096908939014,191.2280701754386,3.5268583830710796,ICICIGI,22.5,17.0,0.0,False,5.597307221542228,,False,-9290,0.2951709169831796
647,ICICIGI,Mar 2015,4234,12,4456.0,-221.0,-5,992,54,705,17.0,585,13.0,15.0,733,447.0,2439,0,11760,14646,381,9,10200,4056,14646,13.816721776098253,105.24326877657062,20.27027027027027,154.4005544005544,3.9942646456370343,ICICIGI,22.5,17.0,0.0,False,4.486895161290323,,False,-10200,0.2890891711047385
648,ICICIGI,Mar 2016,6033,0,5269.0,764.0,13,0,57,708,28.0,507,11.0,26.0,734,448.0,2789,0,12440,15676,510,10,11426,3730,15676,8.403779214321233,87.33631692358695,15.66265060240964,162.77417361754712,3.2342434294462876,ICICIGI,22.5,17.0,0.0,False,,Debt Free,False,-11426,0.3848558305690227
649,ICICIGI,Mar 2017,7520,0,6601.0,919.0,12,-2,7,910,23.0,702,16.0,22.0,735,451.0,3450,485,18965,23351,516,11,14806,8018,23351,9.335106382978724,87.77925531914894,17.9953857985132,150.5015959872321,3.006295233608839,ICICIGI,22.5,17.0,0.12432709561650859,False,-3306.5,,True,-14321,0.3220418825746221
650,ICICIGI,Mar 2018,6912,59,7174.0,-262.0,-4,1569,51,1196,28.0,862,19.0,17.0,736,454.0,4087,485,24723,29750,368,38,18193,11151,29750,12.471064814814815,103.79050925925925,18.982602950891874,142.73776362912852,2.8974789915966386,ICICIGI,22.5,17.0,0.1068046685752037,False,4.569789674952199,,False,-17708,0.2323361344537815
651,ICICIGI,Mar 2019,11163,70,9494.0,1669.0,15,-2,0,1598,34.0,1049,23.0,26.0,737,454.0,4946,485,27517,33403,1965,17,20714,10707,33403,9.39711547075159,85.04882200125414,19.425925925925927,161.32540356839422,3.1404364877406223,ICICIGI,22.5,17.0,0.08981481481481482,False,-4754.5,,True,-20229,0.3341915396820645
652,ICICIGI,Mar 2020,11517,0,9745.0,1772.0,15,15,90,1697,30.0,1194,26.0,13.0,738,454.0,5680,485,30423,37042,664,12,26327,10039,37042,10.367283146652774,84.61404879742989,19.46527551353114,147.22767789696329,3.2233680686787967,ICICIGI,22.5,17.0,0.07906749266384089,False,650.6666666666666,,False,-25842,0.3109173370768317
653,ICICIGI,Mar 2021,12161,0,10090.0,2072.0,17,12,130,1954,25.0,1473,32.0,25.0,739,455.0,7144,485,31214,39298,717,14,30788,7779,39298,12.112490749116027,82.97015048104596,19.38412949072246,124.8144482929243,3.7482823553361495,ICICIGI,22.5,17.0,0.06382418739307803,False,842.25,,False,-30303,0.3094559519568426
654,ICICIGI,Mar 2022,16026,0,15010.0,1016.0,6,809,141,1684,24.0,1271,26.0,35.0,740,491.0,8702,255,41401,50848,941,11,38412,11485,50848,7.93086234868339,93.660302009235,13.8257369737844,158.86960203217612,2.4996066708621774,ICICIGI,22.5,17.0,0.02773849668225824,False,18.561186650185412,,False,-38157,0.3151746381371932
655,ICICIGI,Mar 2023,17876,0,16612.0,1264.0,7,991,142,2113,18.0,1729,35.0,31.0,741,491.0,9953,35,44607,55086,883,25,42836,11342,55086,9.672186171402998,92.92906690534795,16.554959785522787,158.5265769634507,3.1387285335656974,ICICIGI,22.5,17.0,0.003351206434316354,False,16.769929364278507,,False,-42801,0.3245107649856588
656,ICICIGI,Mar 2024,20487,0,17910.0,2577.0,13,112,134,2555,25.0,1919,39.0,28.0,742,493.0,11712,35,51068,63308,930,94,48584,13700,63308,9.366915605017816,87.42129155073948,15.7230643179025,146.3235294117647,3.0312124849939974,ICICIGI,22.5,17.0,0.0028676771814829987,False,160.02678571428572,,False,-48549,0.3236083907247109
658,ICICIPRULI,Mar 2013,20025,14,19280.0,745.0,4,900,41,1591,5.0,1515,11.0,32.0,744,1429.0,2532,0,71260,75220,165,7,73716,1332,75220,7.5655430711610485,96.27965043695382,38.24791719262812,486.74577126988135,2.014091996809359,ICICIPRULI,8.75,8.07,0.0,False,21.426666666666666,,False,-73716,0.2662190906673757
659,ICICIPRULI,Mar 2014,21888,15,20384.0,1504.0,7,129,47,1572,1.0,1561,11.0,70.0,745,1429.0,2954,0,77090,81474,197,5,80101,1171,81474,7.131761695906433,93.12865497076024,35.614875655943415,465.06958704083956,1.915948646193878,ICICIPRULI,8.75,8.07,0.0,False,158.06976744186048,,False,-80101,0.2686501215111569
660,ICICIPRULI,Mar 2015,34453,17,32798.0,1655.0,5,43,40,1642,0.0,1640,11.0,51.0,746,1432.0,3833,0,95951,101215,209,6,99491,1509,101215,4.760107973180855,95.1963544538937,31.14909781576448,622.9439696106363,1.6203131946845823,ICICIPRULI,8.75,8.07,0.0,False,762.8604651162791,,False,-99491,0.34039421034431655
661,ICICIPRULI,Mar 2016,20849,0,19008.0,1842.0,9,0,0,1842,10.0,1650,12.0,73.0,747,1432.0,3891,1029,98413,104765,212,7,103024,1522,104765,7.91404863542616,91.16984028010936,30.99755776817584,299.24433249370276,1.5749534672839212,ICICIPRULI,8.75,8.07,0.19331204208153296,False,,Debt Free,False,-101995,0.1990073020569847
662,ICICIPRULI,Mar 2017,37816,15,36010.0,1806.0,5,130,58,1863,10.0,1682,12.0,63.0,748,1435.0,4971,0,118335,124741,207,7,121581,2946,124741,4.447852760736196,95.22424370636767,26.256634405245084,562.1292538245395,1.3483938721029975,ICICIPRULI,8.75,8.07,0.0,False,277.03846153846155,,False,-121581,0.3031561395210877
663,ICICIPRULI,Mar 2018,38832,20,37062.0,1771.0,5,132,44,1839,12.0,1619,11.0,59.0,749,1436.0,5138,0,135245,141819,404,18,138537,2859,141819,4.169241862381541,95.44190358467245,24.627319744447824,563.7663522969273,1.141595977971922,ICICIPRULI,8.75,8.07,0.0,False,280.81060606060606,,False,-138537,0.27381380492035623
664,ICICIPRULI,Mar 2019,41463,23,40922.0,541.0,1,813,57,1274,11.0,1139,8.0,40.0,750,1436.0,5435,0,156215,163086,463,13,159003,3607,163086,2.747027470274703,98.69522224634011,16.57691747926066,595.5756076262553,0.698404522767129,ICICIPRULI,8.75,8.07,0.0,False,50.33579335793358,,False,-159003,0.25424009418343696
665,ICICIPRULI,Mar 2020,21025,0,21344.0,-319.0,-2,1578,61,1198,11.0,1067,7.0,11.0,751,1436.0,5777,0,148818,156031,932,20,150776,4303,156031,5.074910820451843,101.51724137931035,14.792735338971303,295.910162207126,0.6838384679967442,ICICIPRULI,8.75,8.07,0.0,False,13.524714828897338,,False,-150776,0.13474886400779332
666,ICICIPRULI,Mar 2021,83182,0,83572.0,-390.0,0,1669,60,1219,22.0,956,7.0,30.0,752,1436.0,7673,1200,206911,217220,911,22,211727,4560,217220,1.1492871053833762,100.46885143420452,10.495114721703809,810.6702880977787,0.44010680416167947,ICICIPRULI,8.75,8.07,0.1317378416950269,False,50.07309766327142,,False,-210527,0.382938955897247
667,ICICIPRULI,Mar 2022,63564,0,65728.0,-2163.0,-3,3191,67,961,21.0,759,5.0,10.0,753,1437.0,7721,1200,234079,244437,433,54,238101,5848,244437,1.194072116292241,103.40444276634572,8.287835772002621,634.5626568835683,0.31050945642435474,ICICIPRULI,8.75,8.07,0.1310329766324525,False,20.5969915387026,,False,-236901,0.26004246492961375
668,ICICIPRULI,Mar 2023,50478,0,52235.0,-1757.0,-3,2925,84,1085,25.0,813,6.0,11.0,754,1439.0,8651,1200,244562,255851,479,117,248216,7039,255851,1.6106026387733272,103.48072427592219,8.057482656095145,462.66607617360495,0.3177630730386045,ICICIPRULI,8.75,8.07,0.11892963330029732,False,17.857094017094017,,False,-247016,0.1972945190755557
669,ICICIPRULI,Mar 2024,90307,0,92136.0,-1829.0,-2,2970,113,1028,17.0,851,6.0,10.0,755,1441.0,9564,1200,286796,299001,670,49,289728,8553,299001,0.942341125272681,102.02531365231931,7.732848705134029,754.9037279803359,0.28461443272764975,ICICIPRULI,8.75,8.07,0.10904134484325306,False,31.021548821548823,,False,-288528,0.3020290902037117
697,INDUSINDBK,Mar 2013,6983,4750,1947.0,286.0,4,1363,73,1576,33.0,1061,20.0,15.0,770,523.0,7107,63576,2100,73307,741,16,19654,52896,73307,15.194042675068022,27.881999140770443,13.905635648754917,2.7343201415611045,1.4473379077032207,INDUSINDBK,7.93,15.2,8.332372214941023,True,1.4314013206162877,,True,43922,0.09525693317145702
698,INDUSINDBK,Mar 2014,8254,5363,2555.0,335.0,4,1891,98,2128,34.0,1408,27.0,13.0,771,526.0,8517,75264,2719,87026,991,25,21563,64447,87026,17.058395929246426,30.95468863581294,15.570054185557892,3.0305905796671686,1.617907292073633,INDUSINDBK,7.93,15.2,8.3229016919164,True,1.3532522474881015,,True,53701,0.09484521867028245
699,INDUSINDBK,Mar 2015,9692,6272,3133.0,288.0,3,2548,127,2709,34.0,1794,34.0,12.0,772,529.0,10115,94752,6390,111787,1120,38,22878,87751,111787,18.510111432108957,32.32562938505985,16.85456595264938,2.972598580591294,1.6048377718339342,INDUSINDBK,7.93,15.2,8.901916572717024,True,1.2307692307692308,,True,71874,0.08670060024868724
700,INDUSINDBK,Mar 2016,11872,7355,4188.0,329.0,3,3297,157,3469,34.0,2286,38.0,12.0,773,595.0,17101,117996,7205,142897,1218,37,34054,107587,142897,19.255390835579515,35.27628032345013,12.918173598553345,3.0864015564661145,1.599753668726425,INDUSINDBK,7.93,15.2,6.667947558770344,True,1.2711555959963603,,True,83942,0.08308082045109415
701,INDUSINDBK,Mar 2017,14406,8343,5684.0,379.0,3,4171,191,4360,34.0,2868,48.0,13.0,774,598.0,20048,149026,8976,178648,1307,28,36702,140611,178648,19.908371511870055,39.455782312925166,13.891310665504214,3.349992927530765,1.605391608078456,INDUSINDBK,7.93,15.2,7.218153637508476,True,1.3634619995204986,,True,112324,0.08063902198737181
702,INDUSINDBK,Mar 2018,17281,9783,6555.0,942.0,5,4750,212,5481,34.0,3606,60.0,12.0,775,600.0,23241,189928,7856,221626,1313,25,50077,170211,221626,20.866847983334296,37.931832648573575,15.125204479677864,3.066394098302373,1.6270654165125031,INDUSINDBK,7.93,15.2,7.966444360555346,True,1.3810526315789473,,True,139851,0.07797370344634655
703,INDUSINDBK,Mar 2019,22261,13415,9283.0,-437.0,-2,5647,229,4981,34.0,3301,55.0,14.0,776,603.0,26083,242189,8944,277819,1688,22,59266,216843,277819,14.82862405103095,41.70073222227214,12.369781908116616,3.45253370525337,1.1881836735428464,INDUSINDBK,7.93,15.2,9.075507756876265,True,1.6435275367451745,,False,182923,0.08012770904797728
704,INDUSINDBK,Mar 2020,28783,16724,12611.0,-553.0,-2,6951,278,6121,28.0,4418,64.0,0.0,777,694.0,34013,262793,9558,307058,1742,78,59980,245257,307058,15.349338150991903,43.81405690859187,12.729420577981386,4.238991596638655,1.4388161194302054,INDUSINDBK,7.93,15.2,7.57175785864523,True,1.813983599482089,,False,202813,0.09373799086817475
705,INDUSINDBK,Mar 2021,29000,15472,15997.0,-2469.0,-9,6559,305,3784,25.0,2836,37.0,14.0,778,773.0,42592,307528,12080,362973,1734,75,69695,291469,362973,9.779310344827588,55.16206896551724,6.5398362734924484,4.558939619770129,0.7813253327382478,INDUSINDBK,7.93,15.2,7.091617664014758,True,2.4375667022411953,,False,237833,0.07989574982161207
706,INDUSINDBK,Mar 2022,30822,15822,15840.0,-839.0,-3,7334,321,6174,25.0,4611,60.0,14.0,779,775.0,46923,341005,13273,401975,1754,95,70971,329155,401975,14.960093439750827,51.39186295503212,9.667071994632899,4.075090750521607,1.1470862615834319,INDUSINDBK,7.93,15.2,7.149251540945113,True,2.1593946004908644,,False,270034,0.07667641022451645
707,INDUSINDBK,Mar 2023,36368,18776,15525.0,2067.0,6,8166,373,9860,25.0,7390,95.0,15.0,780,776.0,53846,385449,17733,457804,1857,135,83116,372695,457804,20.320061592608887,42.68862736471624,13.5293471495002,3.5278398258462835,1.6142279228665544,INDUSINDBK,7.93,15.2,7.056662150781737,True,1.90191036002939,,False,302333,0.07944010974128667
708,INDUSINDBK,Mar 2024,45748,25132,17638.0,2978.0,7,9388,425,11942,25.0,8950,115.0,14.0,781,778.0,62019,432404,19734,514935,2001,197,106527,406211,514935,19.56369677362945,38.55469091544986,14.252273197764223,3.5617860222414732,1.7380834474254032,INDUSINDBK,7.93,15.2,6.885742949503957,True,1.8795270558159352,,False,325877,0.08884228106460039
710,INFY,Mar 2013,40352,28814,11538.0,29.0,2365,5,1099,12799,26.0,9429,21.0,25.0,782,286.0,37708,0,8281,46275,7139,1140,2116,35880,46275,23.366871530531323,28.59337827121332,24.81707638048113,30.3679528346581,20.376012965964343,INFY,40.0,31.8,0.0,False,2780.6,,False,-2116,0.8720043219881145
711,INFY,Mar 2014,50133,36743,13390.0,27.0,2664,9,1317,14728,28.0,10656,23.0,34.0,783,286.0,44244,0,12436,56966,8378,961,4331,43296,56966,21.255460475136136,26.70895418187621,23.92993487536492,30.06961598922075,18.705894744233404,INFY,40.0,31.8,0.0,False,1783.7777777777778,,False,-4331,0.8800512586455078
712,INFY,Mar 2015,53319,38436,14883.0,28.0,3430,12,1017,17284,28.0,12372,27.0,55.0,784,572.0,50164,0,15553,66289,11346,776,2270,51897,66289,23.20373600405109,27.913126652787934,24.385052034058656,29.334200567644274,18.663730030623483,INFY,40.0,31.8,0.0,False,1526.0833333333333,,False,-2270,0.804341595136448
713,INFY,Mar 2016,62441,45362,17079.0,27.0,3120,0,1459,18740,28.0,13489,29.0,41.0,785,1144.0,60600,0,13354,75098,13386,960,1892,58860,75098,21.602793036626576,27.352220496148366,21.84665716506867,27.66098730240995,17.961863165463793,INFY,40.0,31.8,0.0,False,,Debt Free,False,-1892,0.8314602253056007
714,INFY,Mar 2017,68484,49880,18604.0,27.0,3050,0,1703,19951,28.0,14353,31.0,41.0,786,1144.0,67838,0,14166,83148,14179,1365,16423,51181,83148,20.958180012849716,27.165469306699375,20.80687715635963,26.969354324316484,17.26199066724395,INFY,40.0,31.8,0.0,False,,Debt Free,False,-16423,0.8236397748592871
715,INFY,Mar 2018,70522,51700,18822.0,27.0,3311,0,1863,20270,21.0,16029,37.0,59.0,787,1088.0,63835,0,14426,79349,12574,1606,12163,53006,79349,22.729077451008195,26.68954368849437,24.689247262141308,28.991266577330066,20.200632648174523,INFY,40.0,31.8,0.0,False,,Debt Free,False,-12163,0.888757262221326
716,INFY,Mar 2019,82675,62505,20170.0,24.0,2882,0,2011,21041,27.0,15410,35.0,60.0,788,2170.0,62778,0,19118,84066,15710,1388,11261,55707,84066,18.639250075597218,24.396734200181434,23.726673646609594,31.055613721746628,18.33083529607689,INFY,40.0,31.8,0.0,False,,Debt Free,False,-11261,0.9834534770299527
717,INFY,Mar 2020,90791,68524,22267.0,25.0,2803,170,2893,22007,24.0,16639,39.0,45.0,789,2122.0,63328,4633,21717,91800,23789,954,8792,58265,91800,18.32670639160269,24.525558700752278,25.422459893048128,31.772327097869667,18.125272331154683,INFY,40.0,31.8,0.0707868601986249,False,147.47058823529412,,False,-4159,0.98900871459695
718,INFY,Mar 2021,100472,72583,27889.0,28.0,2201,195,3267,26628,27.0,19423,45.0,59.0,790,2124.0,74227,5325,25835,107511,25505,922,14205,66879,107511,19.331754120550997,27.757982323433396,25.43909051616875,34.14589353053529,18.066058356819305,INFY,40.0,31.8,0.06974368377624393,False,154.30769230769232,,False,-8880,0.9345276297309113
719,INFY,Mar 2022,121641,90150,31491.0,26.0,2295,200,3476,30110,26.0,22146,53.0,59.0,791,2098.0,73252,5474,35905,116729,25800,416,20324,70189,116729,18.20603250548746,25.88847510296693,29.39084273390843,38.962436899930715,18.97214916601701,INFY,40.0,31.8,0.07264764432647644,False,168.93,,False,-14850,1.0420803742000702
720,INFY,Mar 2023,146767,111637,35130.0,24.0,2701,284,4225,33322,28.0,24108,58.0,73.0,792,2069.0,73338,8299,40890,124596,29225,288,19478,75605,124596,16.426035825492104,23.93589839677857,31.970506716883047,41.968317683320194,19.34893576037754,INFY,40.0,31.8,0.11005609558794277,False,133.20774647887325,,False,-11179,1.1779431121384314
721,INFY,Mar 2024,153670,117245,36425.0,24.0,4711,470,4678,35988,27.0,26248,63.0,,793,2071.0,86045,8359,39545,136020,27622,293,24623,83482,136020,17.08075746730006,23.703390381987376,29.788006718416632,37.75589530966572,19.297162182032054,INFY,40.0,31.8,0.09486358890553362,False,87.52340425531915,,False,-16264,1.129760329363329
723,IOC,Mar 2013,461780,447919,13861.0,3.0,3499,7164,5692,4504,19.0,3627,3.0,36.0,795,2428.0,60609,89671,89170,241878,66774,27240,17351,130514,241878,0.7854389536142752,3.0016458053618607,5.753763662610847,9.076800167640203,1.4995162850693324,IOC,21.31,25.44,1.422513761758967,False,2.4232272473478504,,False,72320,1.9091442793474396
724,IOC,Mar 2014,488345,471123,17222.0,4.0,5064,5948,6360,9978,30.0,6967,5.0,30.0,796,2428.0,65485,94916,103124,265953,72554,38061,15895,139443,265953,1.4266553358793475,3.526605166429471,10.258713353849778,10.576740015599187,2.619635800310581,IOC,21.31,25.44,1.39761165019952,False,3.7468056489576327,,False,79021,1.8362079013961115
725,IOC,Mar 2015,449507,438932,10575.0,2.0,5860,4201,5219,7014,31.0,4872,3.0,33.0,797,2428.0,66404,64893,100158,233883,76781,40378,16069,100655,233883,1.0838540890353208,2.352577379217676,7.078103207810321,7.908020190689849,2.083092828465515,IOC,21.31,25.44,0.942773709902371,False,3.912163770530826,,False,48824,1.9219310509955834
726,IOC,Mar 2016,346045,324007,22038.0,6.0,5219,3487,5698,18072,31.0,12413,8.0,28.0,798,2370.0,87610,58552,83184,231715,100033,26219,31185,74278,231715,3.587105723244087,6.3685358840613215,13.79528784174261,14.837206797188484,5.357011846449302,IOC,21.31,25.44,0.6507223827517226,False,7.816747920848867,,False,27367,1.4934078501607577
727,IOC,Mar 2017,355379,321230,34149.0,10.0,4356,3743,6806,27956,27.0,20385,14.0,45.0,799,4739.0,97357,63271,108352,273719,115958,16778,43687,97295,273719,5.736129596852938,9.609177807354964,19.966502115655853,20.650432069276217,7.447418703122545,IOC,21.31,25.44,0.6197206550697383,False,10.287202778519903,,False,19584,1.2983351539352401
728,IOC,Mar 2018,421492,379834,41658.0,10.0,4331,3875,7664,34450,34.0,22626,15.0,90.0,800,9479.0,104395,65650,116336,295860,124053,19130,44806,107871,295860,5.36807341539104,9.883461607812247,19.869329258654304,23.204696865043115,7.647535996755223,IOC,21.31,25.44,0.5765143931011468,False,11.868129032258064,,False,20844,1.424633272493747
729,IOC,Mar 2019,528158,492896,35262.0,7.0,4097,4925,8506,25927,33.0,17274,12.0,49.0,801,9181.0,103288,96765,126128,335363,132494,28281,44112,130476,335363,3.2706122031664764,6.676411225428754,15.358898896584835,16.852901536079223,5.150836556209242,IOC,21.31,25.44,0.8603704131805209,False,7.991675126903553,,False,52653,1.5748845281083483
730,IOC,Mar 2020,483763,467710,16053.0,3.0,-7165,5792,10273,-7177,-74.0,-1876,-1.0,-437.0,802,9181.0,86217,129790,104773,329962,147022,32845,35571,114524,329962,-0.3877931962551911,3.31836043682547,-1.9664982494391918,7.1287102332273475,-0.5685503179153963,IOC,21.31,25.44,1.3605107025304515,False,1.5345303867403315,,False,94219,1.4661173104781762
731,IOC,Mar 2021,363950,324021,39929.0,11.0,4696,2933,10941,30751,29.0,21762,15.0,51.0,803,9181.0,102657,116649,126658,355145,157085,36291,44717,117053,355145,5.9793927737326555,10.971012501717269,19.458502476796795,17.47539247309475,6.12763800701122,IOC,21.31,25.44,1.043017578998194,False,15.214797136038186,,False,71932,1.0247926903095919
732,IOC,Mar 2022,589321,541563,47758.0,8.0,4332,5454,12348,34289,25.0,25727,18.0,46.0,804,9181.0,124354,132020,145327,410882,160514,47469,52352,150546,410882,4.365532536597202,8.103902626921492,19.266110008611975,17.984221724313233,6.261408384889092,IOC,21.31,25.44,0.9886546598270116,False,9.550788412174551,,False,79668,1.434282835461276
733,IOC,Mar 2023,841756,811073,30683.0,4.0,5124,7588,13181,15038,22.0,11704,7.0,42.0,805,13772.0,125949,148977,153298,441995,180048,51133,52190,158624,441995,1.3904266794653084,3.6451180627165116,8.37669355358178,10.628061157333962,2.6479937555854702,IOC,21.31,25.44,1.0662463051366653,False,4.7188982604111755,,False,96787,1.9044468828832906
734,IOC,Mar 2024,776352,700706,75646.0,10.0,5389,7881,15866,57288,25.0,43161,30.0,40.0,806,13772.0,169645,132628,166639,482683,195998,61032,65542,160111,482683,5.559462717942377,9.743776019125345,23.53162465856491,23.93519910139379,8.941893540895371,IOC,21.31,25.44,0.7230954600718581,False,10.282324578099226,,False,67086,1.6084096601703395
736,IRCTC,Mar 2015,1059,907,152.0,14.0,82,0,20,214,39.0,131,13.0,20.0,808,20.0,424,0,718,1162,155,16,0,990,1162,12.370160528800756,14.353163361661943,29.504504504504503,34.234234234234236,11.273666092943202,IRCTC,53.8,40.4,0.0,False,,Debt Free,False,0,0.9113597246127366
737,IRCTC,Mar 2016,1367,1176,190.0,14.0,139,0,21,309,39.0,189,19.0,40.0,809,20.0,522,0,895,1437,159,14,0,1264,1437,13.825896122896856,13.89904901243599,34.87084870848708,35.05535055350554,13.152400835073069,IRCTC,53.8,40.4,0.0,False,,Debt Free,False,0,0.9512874043145442
738,IRCTC,Mar 2017,1520,1206,314.0,21.0,67,3,22,355,35.0,229,11.0,49.0,810,40.0,747,0,1040,1826,170,17,0,1639,1826,15.06578947368421,20.657894736842106,29.09783989834816,39.898348157560356,12.54107338444688,IRCTC,53.8,40.4,0.0,False,127.0,,False,0,0.8324205914567361
739,IRCTC,Mar 2018,1466,1192,274.0,19.0,99,3,24,346,36.0,221,11.0,21.0,811,40.0,915,0,1365,2319,190,8,0,2122,2319,15.075034106412005,18.69031377899045,23.141361256544503,28.691099476439792,9.529969814575248,IRCTC,53.8,40.4,0.0,False,124.33333333333333,,False,0,0.6321690383786115
740,IRCTC,Mar 2019,1870,1487,383.0,20.0,126,2,29,479,36.0,309,4.0,98.0,812,160.0,911,0,1523,2594,182,40,0,2372,2594,16.524064171122994,20.481283422459892,28.851540616246496,35.7609710550887,11.912104857363145,IRCTC,53.8,40.4,0.0,False,254.5,,False,0,0.7208943716268311
741,IRCTC,Mar 2020,2264,1562,703.0,31.0,77,10,40,730,30.0,513,6.0,39.0,813,160.0,1154,0,1928,3241,285,16,0,2941,3241,22.659010600706715,31.051236749116605,39.04109589041096,53.50076103500761,15.828448009873497,IRCTC,53.8,40.4,0.0,False,78.0,,False,0,0.6985498302992903
742,IRCTC,Mar 2021,777,589,188.0,24.0,124,8,46,258,27.0,187,2.0,43.0,814,160.0,1296,79,1618,3153,311,24,0,2818,3153,24.066924066924066,24.195624195624195,12.843406593406591,12.247557003257329,5.930859498889946,IRCTC,53.8,40.4,0.05425824175824176,False,39.0,,False,79,0.24643196955280686
743,IRCTC,Mar 2022,1879,1005,874.0,47.0,72,11,49,885,26.0,660,8.0,42.0,815,160.0,1710,105,1909,3884,335,26,0,3522,3884,35.125066524747204,46.514103246407664,35.294117647058826,44.25316455696203,16.992790937178167,IRCTC,53.8,40.4,0.05614973262032086,False,86.0,,False,105,0.4837796086508754
744,IRCTC,Mar 2023,3541,2265,1276.0,36.0,148,16,54,1354,26.0,1006,13.0,44.0,816,160.0,2318,84,2526,5089,351,34,0,4704,5089,28.410053657158997,36.0350183563965,40.597255851493145,49.804839968774395,19.768127333464335,IRCTC,53.8,40.4,0.03389830508474576,False,89.0,,False,84,0.6958145018667715
745,IRCTC,Mar 2024,4270,2804,1466.0,34.0,106,19,57,1496,26.0,1111,14.0,47.0,817,160.0,3070,60,2801,6091,343,443,0,5306,6091,26.01873536299766,34.33255269320843,34.39628482972136,44.559270516717326,18.240026268264653,IRCTC,53.8,40.4,0.018575851393188854,False,82.73684210526316,,False,60,0.7010343129207027
747,IRFC,Mar 2013,5550,22,5528.0,100.0,2,4075,0,1454,64.0,522,222.0,21.0,819,2352.0,4042,58753,5608,70755,13,0,13,70729,70755,9.405405405405405,99.6036036036036,8.163903659680951,8.485425269007015,0.7377570489718042,IRFC,5.73,13.7,9.188770722552393,True,1.3570552147239263,,True,58740,0.07843968624125504
748,IRFC,Mar 2014,6197,19,6178.0,100.0,1,4607,0,1572,55.0,701,209.0,6.0,820,3352.0,4210,69917,6451,83930,13,0,11,83906,83930,11.311925125060514,99.69340003227369,9.270034382438508,7.973773538636275,0.8352198260455141,IRFC,5.73,13.7,9.245834435334567,True,1.3412198827870632,,True,69906,0.07383533897295365
749,IRFC,Mar 2015,6939,34,6905.0,100.0,1,4992,0,1914,60.0,758,212.0,20.0,821,3584.0,5098,71270,7696,87647,12,0,9,87626,87647,10.923764231157227,99.5100158524283,8.730707210320203,8.636431859115469,0.8648327951897954,IRFC,5.73,13.7,8.208938032711357,True,1.3834134615384615,,True,71261,0.07916985179184684
750,IRFC,Mar 2016,7507,38,7468.0,99.0,1,5519,0,1950,56.0,849,188.0,40.0,822,4526.0,6999,87503,9372,108400,12,0,8,108381,108400,11.309444518449448,99.48048488077794,7.366594360086768,7.541301450094923,0.783210332103321,IRFC,5.73,13.7,7.592451193058569,True,1.3533248776952347,,True,87495,0.06925276752767527
751,IRFC,Mar 2017,9047,26,9021.0,100.0,0,6888,0,2133,56.0,934,143.0,40.0,823,6526.0,5483,106395,11245,129650,12,0,8,129630,129650,10.323864264397038,99.71261191555212,7.7775002081772,7.618830444917402,0.7204010798303123,IRFC,5.73,13.7,8.85960529602798,True,1.3096689895470384,,True,106387,0.06978017740069417
752,IRFC,Mar 2018,9267,38,9229.0,100.0,1,6638,0,2592,21.0,2055,3.0,18.0,824,6526.0,7402,134006,13534,161468,11,0,14,161443,161468,22.17546131434121,99.58994280781268,14.754451464675475,6.238592886016738,1.2726979958877302,IRFC,5.73,13.7,9.621338311315336,True,1.3904790599578187,,True,133992,0.057392176778061285
753,IRFC,Mar 2019,11134,48,11085.0,100.0,0,8183,0,2902,22.0,2255,2.0,18.0,825,9380.0,15648,173933,7642,206604,11,0,13,206579,206604,20.25327824681157,99.55990659241961,9.009908902029727,5.571443649760506,1.0914599910940737,IRFC,5.73,13.7,6.94953651909861,True,1.354637663448613,,True,173920,0.05389053454918588
754,IRFC,Mar 2020,13421,66,13355.0,100.0,0,10163,0,3192,0.0,3192,3.0,0.0,826,11880.0,18419,234377,10828,275504,11,0,12,275482,275504,23.783622680873258,99.50823336562105,10.535001155153635,5.045791836056159,1.158603867820431,IRFC,5.73,13.7,7.7354698174857255,True,1.3140804880448687,,True,234365,0.04871435623439224
755,IRFC,Mar 2021,15771,113,15657.0,99.0,0,11237,4,4416,0.0,4416,3.0,31.0,827,13069.0,22845,323145,21423,380482,45,0,12,380424,380482,28.000760890241583,99.27715427049648,12.29604054129309,4.360564698280784,1.160633091709989,IRFC,5.73,13.7,8.997744612128974,True,1.3933434190620273,,True,323133,0.041450055455974265
756,IRFC,Mar 2022,20299,123,20177.0,99.0,2,14075,14,6090,0.0,6090,5.0,30.0,828,13069.0,27928,388440,20544,449980,38,0,10,449932,449980,30.001477905315532,99.39898517168334,14.854745469180672,4.698477308662271,1.3533934841548514,IRFC,5.73,13.7,9.474839622411396,True,1.433676731793961,,True,388430,0.045110893817503
757,IRFC,Mar 2023,23722,134,23588.0,99.0,41,17447,14,6167,0.0,6167,5.0,32.0,829,13069.0,31612,418935,26744,490359,19,0,14,490326,490359,25.996964842761994,99.4351235140376,13.802287325708914,5.0878313086692435,1.2576500074435262,IRFC,5.73,13.7,9.376133031937513,True,1.354330257350834,,True,418921,0.048376801486258024
758,IRFC,Mar 2024,26645,133,26513.0,100.0,10,20101,9,6412,0.0,6412,5.0,31.0,830,13069.0,36110,412039,23865,485082,22,4,54,485003,485082,24.064552448864703,99.50459748545694,13.038085361638096,5.7484746909270665,1.3218383695952436,IRFC,5.73,13.7,8.378352548852153,True,1.3194865927068304,,True,411985,0.05492885738906
760,ITC,Mar 2013,31618,20398,11221.0,35.0,852,108,859,11106,31.0,7704,6.0,55.0,832,790.0,22368,102,12069,35329,12140,2062,5981,15146,35329,24.36586754380416,35.48927825921943,33.26712151308403,48.241616509028376,21.80644796059894,ITC,34.76,29.47,0.0044045254339753,False,111.78703703703704,,False,-5879,0.8949588157038127
761,ITC,Mar 2014,35306,22227,13080.0,37.0,966,29,965,13052,31.0,9001,7.0,54.0,833,795.0,26442,242,13369,40848,12921,3117,7284,17526,40848,25.49425026907608,37.04752733246474,33.04695818188493,47.599985443429524,22.035350567959263,ITC,34.76,29.47,0.00888497264750156,False,484.3448275862069,,False,-7042,0.8643262828045437
762,ITC,Mar 2015,38817,24566,14252.0,37.0,1229,91,1028,14362,32.0,9779,8.0,52.0,834,802.0,30934,269,13948,45952,15303,2700,6943,21006,45952,25.192570265605273,36.715871911791226,30.813587093521555,44.53054210279644,21.28090181058496,ITC,34.76,29.47,0.008476178472397277,False,170.12087912087912,,False,-6674,0.844729282729805
763,ITC,Mar 2016,39192,24661,14531.0,37.0,1483,78,1077,14859,36.0,9501,8.0,73.0,835,805.0,41875,84,8888,51651,15107,2560,11748,22237,51651,24.242192284139623,37.07644417228006,22.261012183692596,33.97951548031054,18.394609978509614,ITC,34.76,29.47,0.0019681349578256793,False,205.30769230769232,,False,-11664,0.7587849218795377
764,ITC,Mar 2017,42768,27298,15470.0,36.0,1759,49,1153,16026,35.0,10477,8.0,56.0,836,1215.0,45198,46,9440,55898,15893,3730,17581,18694,55898,24.497287691732136,36.171904227459784,22.57341693060134,33.298176887147804,18.743067730509143,ITC,34.76,29.47,0.0009911016310085537,False,351.61224489795916,,False,-17535,0.7651078750581416
765,ITC,Mar 2018,43449,26928,16521.0,38.0,2240,115,1236,17409,34.0,11493,9.0,56.0,837,1220.0,51290,36,11695,64241,16524,5508,22053,20156,64241,26.45170199544293,38.02389007802251,21.88725956960579,31.4410231035664,17.890443797574758,ITC,34.76,29.47,0.0006855836983431727,False,163.1391304347826,,False,-22017,0.6763437679986302
766,ITC,Mar 2019,48340,29802,18537.0,38.0,2080,71,1397,19150,33.0,12836,10.0,56.0,838,1226.0,57915,13,12585,71739,19374,4136,25043,23185,71739,26.553578816714936,38.347124534546964,21.70406317106576,31.33684957906481,17.89263859267623,ITC,34.76,29.47,0.00021981366564650582,False,290.38028169014086,,False,-25030,0.6738315281785361
767,ITC,Mar 2020,49388,30044,19344.0,39.0,2417,81,1645,20035,22.0,15593,12.0,82.0,839,1229.0,64044,277,11760,77311,21713,3256,28663,23678,77311,31.57244674819794,39.16740908722767,23.88889740015014,29.510297482837526,20.169186791012923,ITC,34.76,29.47,0.004243714859130115,False,268.65432098765433,,False,-28386,0.6388224185432863
768,ITC,Mar 2021,49257,32193,17065.0,35.0,2577,58,1646,17938,25.0,13383,11.0,101.0,840,1231.0,59116,271,13143,73761,23298,4011,24871,21580,73761,27.16974237164261,34.64482205574842,22.17674449434106,28.151704114289483,18.143734493838206,ITC,34.76,29.47,0.004490695477819941,False,338.6551724137931,,False,-24600,0.6677919225607029
769,ITC,Mar 2022,60645,40021,20623.0,34.0,1910,60,1732,20740,25.0,15503,12.0,93.0,841,1232.0,61223,249,14491,77196,24232,3226,24841,24898,77196,25.563525434908072,34.00610108005606,24.822672324073334,32.88944883898954,20.082646769262656,ITC,34.76,29.47,0.003986870546793691,False,375.55,,False,-24592,0.7855976993626613
770,ITC,Mar 2023,70919,45215,25704.0,36.0,2098,78,1809,25915,25.0,19477,15.0,100.0,842,1243.0,67912,306,16370,85831,25851,3003,29415,27561,85831,27.463726222873987,36.24416587938352,28.16426867182416,37.00493802277537,22.692267362607915,ITC,34.76,29.47,0.004424842744559323,False,356.43589743589746,,False,-29109,0.8262632382239518
771,ITC,Mar 2024,70866,44634,26233.0,37.0,2804,80,1816,27140,24.0,20751,16.0,84.0,843,1248.0,73259,303,16944,91754,27820,2861,31114,29959,91754,29.282025230717128,37.0177518132814,27.851074395694365,35.06616762464911,22.61590775334045,ITC,34.76,29.47,0.004066731984914169,False,362.9625,,False,-30811,0.7723477995509732
773,JINDALSTEL,Mar 2013,19807,13701,6106.0,31.0,333,1067,1539,3833,24.0,2952,31.0,5.0,1036,93.0,21159,24618,11202,57073,19429,19230,809,17605,57073,14.903821881153128,30.82748523249356,13.890457368718238,13.311532592108133,5.172323165069297,JINDALSTEL,13.2,14.1,1.1583850931677018,False,6.034676663542643,,False,23809,0.3470467646698088
774,JINDALSTEL,Mar 2014,19286,13487,5799.0,30.0,349,1807,1829,2512,25.0,1896,21.0,7.0,1037,91.0,22519,36368,9935,68913,34989,17811,342,15771,68913,9.830965467178263,30.068443430467696,8.385670057496682,9.832479907762217,2.7512951112271993,JINDALSTEL,13.2,14.1,1.6084918177797434,False,3.4023242944106253,,False,36026,0.27986011347641226
775,JINDALSTEL,Mar 2015,19401,13937,5464.0,28.0,-1399,2875,2733,-1543,-6.0,-1452,-14.0,0.0,1038,91.0,20951,45501,8994,75537,46643,9073,1785,18035,75537,-7.48415030153085,28.163496726972838,-6.900484744796122,8.211231835054026,-1.9222367846221056,JINDALSTEL,13.2,14.1,2.162389506700884,False,1.413913043478261,,True,43716,0.2568410183089082
776,JINDALSTEL,Mar 2016,19469,16032,3437.0,18.0,-79,3254,4068,-3964,-22.0,-3087,-32.0,0.0,1039,91.0,32345,46797,13166,92398,65038,11827,392,15142,92398,-15.855976167240229,17.653705891417122,-9.517203107658158,4.337839031716582,-3.3409814065239503,JINDALSTEL,13.2,14.1,1.4427487976322604,False,1.031960663798402,,True,46405,0.2107080239832031
777,JINDALSTEL,Mar 2017,21603,16894,4709.0,22.0,-362,3441,3949,-3043,-17.0,-2538,-25.0,0.0,1040,92.0,29959,45850,14674,90575,65932,9716,368,14559,90575,-11.74836828218303,21.797898440031478,-8.44564240790656,6.204134332880989,-2.802097709080872,JINDALSTEL,13.2,14.1,1.5257395760540415,False,1.2632955536181343,,True,45482,0.23850952249516974
778,JINDALSTEL,Mar 2018,33286,26817,6469.0,19.0,-584,3866,3883,-1864,-13.0,-1616,-15.0,0.0,1041,97.0,30288,42962,15884,89230,68450,4978,146,15657,89230,-4.85489394940816,19.43459712792165,-5.3184136909659365,8.819719961279942,-1.8110500952594417,JINDALSTEL,13.2,14.1,1.413921342767813,False,1.5222452146921883,,False,42816,0.3730359744480556
779,JINDALSTEL,Mar 2019,46966,38553,8412.0,18.0,-1470,4264,5480,-2802,-14.0,-2412,-17.0,0.0,1042,97.0,31988,39559,17357,89001,69039,4027,150,15784,89001,-5.135630030234638,17.910829110420305,-7.517531556802244,11.741387973870806,-2.7100819091920316,JINDALSTEL,13.2,14.1,1.2329437431821724,False,1.6280487804878048,,False,39409,0.5277019359333042
780,JINDALSTEL,Mar 2020,37923,31092,6831.0,18.0,74,3768,3429,-291,37.0,-400,-1.0,0.0,1043,102.0,32035,36824,20780,89742,69381,3126,181,17055,89742,-1.0547688737705352,18.01281544181631,-1.2446712512057752,9.905598816722495,-0.4457221813643556,JINDALSTEL,13.2,14.1,1.1458443538600367,False,1.8325371549893843,,False,36643,0.4225780570970114
781,JINDALSTEL,Mar 2021,34579,23646,10933.0,32.0,313,2753,2414,6078,30.0,4267,36.0,0.0,1044,102.0,31713,29910,16116,77840,54349,1712,1156,20624,77840,12.339859452268719,31.61745568119379,13.411912619833414,17.712434183880113,5.481757451181911,JINDALSTEL,13.2,14.1,0.9401225836869401,False,4.084998183799492,,False,28754,0.44423175745118193
782,JINDALSTEL,Mar 2022,51166,35650,15515.0,30.0,-1840,1888,2097,9690,30.0,6766,56.0,5.0,1045,101.0,35524,13502,27517,76644,45488,2538,470,28147,76644,13.223625063518742,30.322870656295198,18.992280701754385,31.581411443808904,8.827827357653566,JINDALSTEL,13.2,14.1,0.37900350877192984,False,7.243114406779661,,False,13032,0.6675799801680496
783,JINDALSTEL,Mar 2023,53212,43270,9942.0,19.0,-539,1446,2691,5266,25.0,3974,31.0,6.0,1046,100.0,38606,13046,17674,69427,43542,7870,907,17108,69427,7.468240246560925,18.683755543862286,10.267142045160957,19.210851754521567,5.723997868264508,JINDALSTEL,13.2,14.1,0.3370536867669095,False,6.502766251728907,,False,12139,0.7664453310671641
784,JINDALSTEL,Mar 2024,50354,40153,10202.0,20.0,156,1294,2822,6241,5.0,5943,58.0,3.0,1047,100.0,44216,16472,17888,78676,48384,9611,819,19862,78676,11.802438733764944,20.260555268697622,13.410506363390198,16.782917681121273,7.553764807565204,JINDALSTEL,13.2,14.1,0.3716941962270963,False,8.004636785162287,,False,15653,0.6400172860847018
786,JIOFIN,Mar 2023,45,6,39.0,88.0,10,0,0,49,37.0,31,,0.0,1033,2.0,114118,743,66,114930,158,38,108141,6593,114930,68.88888888888889,86.66666666666667,0.027164388363126533,0.03395349242140637,0.0269729400504655,JIOFIN,2.16,1.82,0.006510690501226779,False,,Debt Free,False,-107398,0.00039154267815191856
787,JIOFIN,Mar 2024,1855,296,1559.0,84.0,429,10,22,1956,18.0,1605,3.0,0.0,1034,6353.0,132794,0,5715,144863,172,3,133292,11395,144863,86.52291105121293,84.04312668463612,1.153456416595399,1.1203978526306713,1.1079433671814058,JIOFIN,2.16,1.82,0.0,False,198.8,,False,-133292,0.012805202156520298
789,JSWENERGY,Mar 2013,8870,6069,2801.0,32.0,9,963,662,1186,23.0,901,6.0,36.0,1020,1640.0,4564,10377,3798,20378,13925,977,955,4521,20378,10.15783540022548,31.578354002254795,14.522888459058672,16.892829141788795,4.421434880753754,JSWENERGY,8.59,8.4,1.6726305609284333,False,2.917964693665628,,False,9422,0.43527333398763374
790,JSWENERGY,Mar 2014,8648,5394,3255.0,38.0,-179,1206,810,1060,27.0,760,5.0,43.0,1021,1640.0,4931,10106,2567,19244,13635,615,888,4107,19244,8.788159111933396,37.638760407030524,11.565971693806118,19.51789890268034,3.949282893369362,JSWENERGY,8.59,8.4,1.5379698676000608,False,2.5505804311774463,,False,9218,0.4493868218665558
791,JSWENERGY,Mar 2015,9347,5723,3624.0,39.0,196,1137,790,1892,27.0,1358,8.0,24.0,1022,1640.0,5878,9294,2608,19420,13191,454,1619,4157,19420,14.528725794372527,38.7717984380015,18.063314711359403,21.556031406138473,6.992790937178167,JSWENERGY,8.59,8.4,1.2362330407023145,False,3.3597185576077395,,False,7675,0.48130792996910404
792,JSWENERGY,Mar 2016,9824,5796,4029.0,41.0,340,1498,854,2017,28.0,1460,9.0,22.0,1023,1627.0,8077,14862,3973,28539,20298,321,1012,6908,28539,14.861563517915311,41.01180781758957,15.045342126957955,16.40071643735244,5.115806440309751,JSWENERGY,8.59,8.4,1.5315333882934872,False,2.916555407209613,,False,13850,0.3442307018465959
793,JSWENERGY,Mar 2017,8263,4939,3324.0,40.0,221,1685,969,892,30.0,623,4.0,13.0,1024,1628.0,8741,14349,3672,28389,19491,531,1579,6789,28389,7.53963451530921,40.22752027108798,6.00829395312952,13.447689942551985,2.194511958857304,JSWENERGY,8.59,8.4,1.3838364355289807,False,2.1038575667655786,,False,12770,0.2910634400648138
794,JSWENERGY,Mar 2018,8049,5336,2713.0,34.0,47,1456,966,338,75.0,85,0.0,0.0,1025,1640.0,9470,11883,3728,26721,18877,294,2415,5135,26721,1.0560318051931916,33.70605044104858,0.7650765076507651,11.799243247945027,0.3181018674450806,JSWENERGY,8.59,8.4,1.0695769576957697,False,1.8956043956043955,,False,9468,0.30122375659593575
795,JSWENERGY,Mar 2019,9138,6283,2855.0,31.0,398,1192,1164,897,24.0,684,4.0,24.0,1026,1641.0,10181,10555,3549,25926,17825,400,2451,5251,25926,7.485226526592252,31.243160428977895,5.785823041786499,12.75863609956652,2.6382781763480674,JSWENERGY,8.59,8.4,0.8928269328370834,False,2.7290268456375837,,False,8104,0.3524647072436936
796,JSWENERGY,Mar 2020,8273,5316,2957.0,36.0,376,1051,1738,544,6.0,1081,7.0,15.0,1027,1642.0,10004,9840,3445,24931,16713,391,1854,5974,24931,13.066602199927473,35.74277771062492,9.282156963764383,13.762449967420645,4.335967269664273,JSWENERGY,8.59,8.4,0.844925296239052,False,3.1712654614652713,,False,7986,0.3318358669929004
797,JSWENERGY,Mar 2021,6922,4009,2913.0,42.0,248,896,1167,1099,25.0,823,5.0,41.0,1028,1642.0,12865,8371,3328,26207,15637,473,4052,6045,26207,11.889627275353943,42.08321294423577,5.67312331977666,12.732756359821662,3.140382340596024,JSWENERGY,8.59,8.4,0.5770317777624595,False,3.5279017857142856,,False,4319,0.2641279047582707
798,JSWENERGY,Mar 2022,8167,4596,3572.0,44.0,575,777,1131,2238,22.0,1743,11.0,19.0,1029,1640.0,15775,8943,4157,30514,14831,2091,6623,6970,30514,21.341986041386065,43.73699032692543,10.008613264427218,13.551862812049473,5.71213213606869,JSWENERGY,8.59,8.4,0.5135228251507321,False,5.337194337194338,,False,2320,0.2676476371501606
799,JSWENERGY,Mar 2023,10332,7050,3282.0,32.0,674,844,1169,1943,24.0,1480,9.0,22.0,1030,1641.0,16988,25051,4737,48417,25020,4788,6033,12576,48417,14.3244289585753,31.765389082462253,7.944602501476193,7.513736263736264,3.0567775781233864,JSWENERGY,8.59,8.4,1.3447313328681088,False,4.687203791469194,,False,19018,0.2133961211971002
800,JSWENERGY,Mar 2024,11486,6104,5382.0,47.0,472,2053,1633,2167,20.0,1725,10.0,19.0,1031,1641.0,19191,31573,5362,57767,28946,10285,7035,11501,57767,15.018283127285393,46.857043357130415,8.280529953917052,10.270012403396622,2.98613395191026,JSWENERGY,8.59,8.4,1.5156009984639016,False,2.8514369215781783,,False,24538,0.19883324389357246
802,JSWSTEEL,Mar 2013,38210,31698,6512.0,17.0,-307,1967,2237,1999,42.0,929,4.0,30.0,1007,284.0,16781,21625,18823,57513,34717,5898,1750,15148,57513,2.431300706621303,17.042658989793246,5.443891004980955,16.831222538123548,1.6152869785961435,JSWSTEEL,13.36,11.66,1.2672135950776442,False,3.1545500762582614,,False,19875,0.6643715333924504
803,JSWSTEEL,Mar 2014,51220,42051,9169.0,18.0,-1630,3048,3183,1308,70.0,402,2.0,74.0,1008,303.0,20871,35527,20939,77640,47046,9400,663,20531,77640,0.7848496680983992,17.90121046466224,1.8985548313969962,16.170790638613074,0.517774343122102,JSWSTEEL,13.36,11.66,1.6778596391801266,False,2.4734251968503935,,False,34864,0.6597114889232355
804,JSWSTEEL,Mar 2015,52972,43608,9364.0,18.0,103,3493,3434,2539,32.0,1722,7.0,19.0,1009,303.0,21987,38754,24610,85654,52176,8265,599,24613,85654,3.2507739938080498,17.677263459941102,7.7254374158815615,15.339754930869537,2.010413991173792,JSWSTEEL,13.36,11.66,1.7386271870794079,False,2.71027769825365,,False,38155,0.6184416372848903
805,JSWSTEEL,Mar 2016,41546,35124,6422.0,15.0,-1966,3601,3323,-2468,-80.0,-481,-1.0,-67.0,1010,301.0,18665,42204,20737,81907,56140,7271,1195,17302,81907,-1.1577528522601455,15.457565108554375,-2.536117262469683,10.498610429949322,-0.5872513948746749,JSWSTEEL,13.36,11.66,2.225245175577349,False,1.237434046098306,,True,41009,0.5072338139597348
806,JSWSTEEL,Mar 2017,55604,43296,12308.0,22.0,18,3768,3430,5128,33.0,3467,15.0,19.0,1011,301.0,22346,43334,22024,88005,58730,4363,1366,23546,88005,6.235162937918135,22.135098194374507,15.30887093213229,18.653854897622043,3.939548889267655,JSWSTEEL,13.36,11.66,1.9134543206605732,False,3.271231422505308,,False,41968,0.6318277370603943
807,JSWSTEEL,Mar 2018,71933,57017,14916.0,21.0,-177,3701,3387,7651,20.0,6113,26.0,16.0,1012,302.0,27696,39393,24579,91970,57848,5950,1469,26703,91970,8.49818581179709,20.735962631893567,21.83370240731481,22.13351931266786,6.646732630205501,JSWSTEEL,13.36,11.66,1.4069933566683335,False,3.982437179140773,,False,37924,0.7821354789605306
808,JSWSTEEL,Mar 2019,84757,65827,18930.0,22.0,196,3917,4041,11168,33.0,7524,32.0,16.0,1013,301.0,34494,47396,32606,114797,62644,11889,1894,38370,114797,8.877142890852673,22.334438453461072,21.623796522488863,23.031718801328612,6.55417824507609,JSWSTEEL,13.36,11.66,1.3621497341572064,False,4.882818483533316,,False,45502,0.7383206878228525
809,JSWSTEEL,Mar 2020,73326,61513,11813.0,16.0,-289,4265,4246,3013,-30.0,3919,17.0,15.0,1014,301.0,36298,61423,33798,131820,62085,27191,1259,41285,131820,5.344625371628072,16.1102473883752,10.707942839968306,12.051376221664524,2.9729934759520558,JSWSTEEL,13.36,11.66,1.678269898084647,False,2.7019929660023445,,False,60164,0.5562585343650432
810,JSWSTEEL,Mar 2021,79839,59661,20178.0,25.0,473,3957,4679,12015,34.0,7873,33.0,25.0,1015,302.0,46462,62392,39161,148317,64917,32566,8581,42253,148317,9.861095454602388,25.273362642317664,16.835600034214355,18.485470336032833,5.30822495061254,JSWSTEEL,13.36,11.66,1.3341886921563595,False,5.218852666161233,,False,53811,0.5382997228908352
811,JSWSTEEL,Mar 2022,146371,107257,39114.0,27.0,1600,4968,6001,29745,30.0,20938,85.0,25.0,1016,301.0,66996,72237,56951,196485,99880,16905,4940,74760,196485,14.304746158733629,26.722506507436584,31.112828209281247,28.031877535224393,10.656284194722243,JSWSTEEL,13.36,11.66,1.0734059467732588,False,8.19524959742351,,False,67297,0.7449474514593989
812,JSWSTEEL,Mar 2023,165960,147490,18470.0,11.0,1561,6902,7474,5655,27.0,4139,17.0,25.0,1017,301.0,65394,80853,63991,210539,104452,22166,4806,79115,210539,2.4939744516751023,11.129187756085804,6.300327269959662,12.60337909763354,1.9659065541301135,JSWSTEEL,13.36,11.66,1.2307329324910572,False,2.9022022602144304,,False,76047,0.7882625071839422
813,JSWSTEEL,Mar 2024,175006,146849,28157.0,16.0,1500,8105,8172,13380,33.0,8973,36.0,25.0,1018,305.0,77364,87984,62245,227898,112461,29676,7246,78515,227898,5.127252779904689,16.089162657280323,11.5528718021347,16.99757927716371,3.937287733986257,JSWSTEEL,13.36,11.66,1.1328071688833383,False,3.659099321406539,,False,80738,0.7679137157851319
815,KOTAKBANK,Mar 2013,10838,6024,6603.0,-1789.0,-17,5112,179,3144,30.0,2238,15.0,2.0,995,373.0,14894,85561,15006,115835,620,0,40907,74308,115835,20.64956634065326,60.92452482007751,14.659068579288661,6.548776133613679,1.9320585315319203,KOTAKBANK,7.86,15.1,5.60430994956442,True,1.288341158059468,,True,44654,0.09356412137954849
816,KOTAKBANK,Mar 2014,11986,6312,7053.0,-1379.0,-12,5282,208,3695,32.0,2527,16.0,2.0,996,385.0,18699,85937,17176,122197,1264,0,38791,82142,122197,21.08293008509928,58.84365092608043,13.241458813665899,6.7157996972034155,2.067972208810364,KOTAKBANK,7.86,15.1,4.503091595053448,False,1.3330177962892844,,True,47146,0.09808751442343101
817,KOTAKBANK,Mar 2015,13319,6966,9718.0,-3366.0,-25,8152,237,4550,33.0,3105,20.0,2.0,997,386.0,21770,104258,22049,148464,1385,0,45589,101490,148464,23.312561003078308,72.96343569337037,14.014262502256724,7.687439682313668,2.091416100872939,KOTAKBANK,7.86,15.1,4.70563278570139,False,1.1890333660451422,,True,58669,0.08971198405000538
818,KOTAKBANK,Mar 2016,20402,11123,11541.0,-2263.0,-11,7631,345,5024,32.0,3524,19.0,3.0,998,917.0,32447,179679,27761,240804,1761,0,70274,168769,240804,17.27281639054995,56.567983531026364,10.562282699916077,5.417216242730341,1.4634308400192688,KOTAKBANK,7.86,15.1,5.38541541781561,True,1.5109422094089897,,False,109405,0.08472450623743792
819,KOTAKBANK,Mar 2017,22324,11458,14832.0,-3965.0,-18,11660,362,7332,32.0,5019,27.0,2.0,999,920.0,37572,205230,32465,276188,1759,0,68462,205967,276188,22.482530012542558,66.439706145852,13.03907305414112,6.085622143261585,1.8172404304314451,KOTAKBANK,7.86,15.1,5.331757248259379,True,1.2704974271012006,,True,136768,0.08082900053586688
820,KOTAKBANK,Mar 2018,25131,12467,16805.0,-4141.0,-16,13682,383,9158,33.0,6258,33.0,2.0,1000,953.0,49535,249840,37392,337720,2543,0,90977,244201,337720,24.901516055867255,66.86960327881899,12.395024560291553,5.595548866572547,1.853014331398792,KOTAKBANK,7.86,15.1,4.948502614482649,False,1.2270866832334455,,True,158863,0.07441371550396779
821,KOTAKBANK,Mar 2019,29831,15187,19758.0,-5114.0,-17,16148,458,10576,33.0,7204,38.0,2.0,1001,954.0,56827,291763,45626,395171,2697,0,103487,288987,395171,24.149374811437767,66.2331132043847,12.467766220729997,5.652507266610212,1.8230082673070647,KOTAKBANK,7.86,15.1,5.049462626122774,True,1.2225043349021552,,True,188276,0.07548883900893537
822,KOTAKBANK,Mar 2020,33474,15901,22578.0,-5005.0,-15,16892,465,11422,25.0,8593,45.0,0.0,1002,957.0,65680,326477,50059,443173,2675,0,111197,329301,443173,25.670669773555595,67.44936368524826,12.89523838107958,5.7433721515896154,1.938971913902697,KOTAKBANK,7.86,15.1,4.899335204165854,False,1.335721051385271,,True,215280,0.07553257982774221
823,KOTAKBANK,Mar 2021,32820,12967,29812.0,-9958.0,-30,23588,461,13168,25.0,9990,50.0,2.0,1003,991.0,83348,327110,67405,478854,2554,0,156946,319355,478854,30.438756855575868,90.83485679463742,11.845053889659587,7.245612457437009,2.086230876216968,KOTAKBANK,7.86,15.1,3.878514091938486,False,1.262591148041377,,True,170164,0.06853863599343432
824,KOTAKBANK,Mar 2022,33741,11554,30699.0,-8512.0,-25,24941,480,15948,25.0,12089,61.0,2.0,1004,992.0,95673,365747,84086,546498,2723,0,164529,379245,546498,35.82881360955514,90.98426246999199,12.50607769099467,6.638884804027577,2.2120849481608347,KOTAKBANK,7.86,15.1,3.783654890601562,False,1.2298624754420433,,True,201218,0.061740390632719605
825,KOTAKBANK,Mar 2023,42151,14411,33485.0,-5746.0,-14,25991,599,19646,25.0,14925,75.0,2.0,1005,993.0,110821,418807,89809,620430,3075,0,195338,422017,620430,35.40841261180043,79.44058266707789,13.348060171356002,6.3105304916315035,2.4055896716793193,KOTAKBANK,7.86,15.1,3.745568533457349,False,1.2877919279750683,,True,223469,0.06793836532727301
826,KOTAKBANK,Mar 2024,56237,22567,47052.0,-13382.0,-24,38037,792,23863,25.0,18213,92.0,2.0,1006,994.0,128978,520374,117321,767667,3510,0,246446,517711,767667,32.386151466116615,83.66733645109092,14.013018188532914,7.234918028249577,2.372513081844081,KOTAKBANK,7.86,15.1,4.003739266919029,False,1.2363751084470385,,True,273928,0.07325702420450533
828,LICI,Mar 2019,571508,565587,5920.0,1.0,2615,0,336,8199,68.0,2627,,2.0,988,100.0,710,269401,3157039,3427249,25194,710,2900287,501059,3427249,0.4596611071061123,1.0358560160137742,324.32098765432096,2.1908804600848963,0.07665039803060705,LICI,63.79,63.61,332.59382716049384,True,,Debt Free,False,-2630886,0.16675415179930025
829,LICI,Mar 2020,628043,634989,-6947.0,-1.0,20870,0,379,13544,80.0,2710,,2.0,989,100.0,902,253414,3245419,3499834,28216,734,2976100,494784,3499834,0.43149911709867,-1.1061344525772918,270.45908183632736,-2.7305672599207598,0.0774322439292835,LICI,63.79,63.61,252.90818363273453,True,,Debt Free,False,-2722686,0.1794493681700332
830,LICI,Mar 2021,690914,691166,-252.0,0.0,12820,0,417,12151,76.0,2974,7.0,0.0,990,100.0,6784,4,3822637,3829524,17723,148,3517445,294208,3829524,0.43044431000095523,-0.03647342505724301,43.201626961069145,-3.6585365853658534,0.07765978226014512,LICI,63.79,63.61,0.0005810575246949448,False,,Debt Free,False,-3517441,0.18041772293371186
831,LICI,Mar 2022,723606,720280,3326.0,0.0,9248,0,436,12138,66.0,4125,57.0,23.0,991,6325.0,5013,1,4242719,4254059,17770,199,3926212,309878,4254059,0.5700616081127022,0.4596424020806903,36.38207796789557,29.332392627215803,0.09696621509010571,LICI,63.79,63.61,8.819897689186806e-05,False,,Debt Free,False,-3926211,0.17009778190664493
832,LICI,Mar 2023,784628,750420,34207.0,4.0,7800,77,466,41463,13.0,35997,65.0,5.0,992,6325.0,39908,0,4532258,4578491,20473,331,4243008,314678,4578491,4.5877791768838225,4.359645590012082,77.85997015119071,73.98827677200268,0.7862197392110195,LICI,63.79,63.61,0.0,False,545.5454545454545,,False,-4243008,0.17137262036771503
833,LICI,Mar 2024,845966,813188,32779.0,4.0,14829,128,466,47014,13.0,40916,66.0,15.0,993,6325.0,76422,0,5233300,5316047,20667,403,4976133,318844,5316047,4.836600998148862,3.87474201090824,49.44710986501021,39.613520731869436,0.7696696436280568,LICI,63.79,63.61,0.0,False,371.9375,,False,-4976133,0.15913440945875762
835,LODHA,Mar 2011,2173,1663,510.0,23.0,145,283,17,355,26.0,264,6.0,0.0,975,108.0,636,5596,3138,9478,991,159,376,7951,9478,12.149102623101703,23.469857340082832,35.483870967741936,8.04416403785489,2.7853977632411904,LODHA,11.1,10.7,7.521505376344086,True,2.314487632508834,,False,5220,0.22926777801223888
836,LODHA,Mar 2012,2954,2229,724.0,25.0,124,254,37,556,32.0,381,9.0,0.0,976,108.0,1018,4259,3883,9268,971,112,181,8003,9268,12.897765741367637,24.509140148950575,33.83658969804618,13.444753946146704,4.110919292188174,LODHA,11.1,10.7,3.782415630550622,False,3.338582677165354,,False,4078,0.3187311178247734
837,LODHA,Mar 2015,6236,4769,1467.0,24.0,423,492,128,1269,37.0,798,18.0,0.0,977,108.0,3186,11852,12752,27998,2290,4,595,25008,27998,12.796664528543939,23.524695317511224,24.225865209471767,9.685725604119899,2.8502035859704264,LODHA,11.1,10.7,3.5980570734669097,False,3.841463414634146,,False,11257,0.22273019501392957
838,LODHA,Mar 2016,8249,6123,2126.0,26.0,510,988,450,1198,41.0,703,16.0,0.0,978,108.0,3865,13835,13173,30981,1899,176,611,28295,30981,8.522245120620681,25.772820947993697,17.694437452806444,11.938454627133872,2.2691326942319487,LODHA,11.1,10.7,3.4822552227535866,False,2.668016194331984,,False,13224,0.26625996578548144
839,LODHA,Mar 2017,7926,6313,1614.0,20.0,584,736,460,1001,42.0,584,13.0,0.0,979,113.0,3920,16183,13715,33931,1753,109,1180,30888,33931,7.368155437799646,20.36336109008327,14.480535581453013,7.98377522754254,1.7211399605080901,LODHA,11.1,10.7,4.012645673196132,False,2.9864130434782608,,False,15003,0.23359170080457398
840,LODHA,Mar 2018,9677,7995,1682.0,17.0,285,390,395,1182,33.0,794,10.0,0.0,980,396.0,4756,22616,12483,40251,2197,6,1384,36664,40251,8.20502221762943,17.381419861527334,15.411490683229815,6.057332180927687,1.9726217982161933,LODHA,11.1,10.7,4.3897515527950315,False,5.043589743589743,,False,21232,0.2404163871705051
841,LODHA,Mar 2019,11907,8728,3179.0,27.0,72,568,194,2489,34.0,1644,21.0,0.0,981,396.0,3445,25641,20382,49864,2139,6,1405,46314,49864,13.80700428319476,26.698580666834637,42.80135381411091,10.782850552879724,3.2969677522862186,LODHA,11.1,10.7,6.675605311116897,True,5.723591549295775,,False,24236,0.23878950746029198
842,LODHA,Mar 2020,12443,10526,1917.0,15.0,119,740,292,1003,26.0,742,9.0,0.0,982,396.0,4156,18423,17717,40693,2021,6,1553,37112,40693,5.96319215623242,15.406252511452223,16.300527240773285,8.343852013057672,1.823409431597572,LODHA,11.1,10.7,4.047231985940246,False,2.7513513513513512,,False,16870,0.30577740643353896
843,LODHA,Mar 2021,5449,4066,1383.0,25.0,-140,1136,73,33,-44.0,48,1.0,0.0,983,396.0,4203,18193,16516,39308,1946,6,1579,35776,39308,0.8808955771701229,25.380803817214172,1.0437051532941943,6.067918567918568,0.12211254706421083,LODHA,11.1,10.7,3.9558599695586,False,1.0941901408450705,,True,16614,0.13862318103185103
844,LODHA,Mar 2022,9233,7047,2186.0,24.0,293,688,75,1716,30.0,1208,12.0,20.0,984,482.0,11624,11537,14763,38404,1923,0,574,35908,38404,13.08350481966858,23.675944979963177,9.97852304642326,9.245865583893753,3.145505676492032,LODHA,11.1,10.7,0.9529985131339831,False,3.6031976744186047,,False,10963,0.24041766482658056
845,LODHA,Mar 2023,9470,7406,2064.0,22.0,-1037,482,93,452,-8.0,490,5.0,14.0,985,482.0,12181,9060,17399,39122,1828,0,246,37048,39122,5.174234424498416,21.795142555438225,3.8695411829740185,9.50145007595636,1.2524922038750574,LODHA,11.1,10.7,0.7154702677090736,False,2.1307053941908713,,False,8814,0.24206328919789377
846,LODHA,Mar 2024,10316,7651,2665.0,26.0,48,482,204,2028,23.0,1554,16.0,,986,994.0,16475,7698,22031,47198,1169,4,2500,43524,47198,15.063978286157425,25.833656455990695,8.895758200240426,10.589263718361346,3.292512394592991,LODHA,11.1,10.7,0.4406663232010991,False,5.628630705394191,,False,5198,0.21856858341455146
848,LT,Mar 2013,74426,63032,11394.0,15.0,2523,4642,1637,7638,31.0,5291,38.0,22.0,962,16.0,1323,234,756,2328,699,142,49,1438,2328,7.1090747856931715,15.309166151613685,395.1456310679612,724.3483788938335,227.2766323024055,LT,17.18,10.49,0.17475728155339806,False,2.9980611805256356,,False,185,31.969931271477662
849,LT,Mar 2014,85054,70968,14086.0,17.0,1337,6494,1446,7483,35.0,4885,35.0,27.0,963,16.0,1594,110,945,2666,649,57,169,1791,2666,5.743410068897406,16.561243445340608,303.41614906832297,818.9534883720929,183.23330832708177,LT,17.18,10.49,0.06832298136645963,False,2.374961502925778,,False,-59,31.903225806451612
850,LT,Mar 2015,91929,76245,15684.0,17.0,1422,7266,2623,7217,31.0,4966,34.0,32.0,964,16.0,2010,218,734,2978,683,25,104,2166,2978,5.401995017894244,17.06099272264465,245.11352418558738,698.9304812834224,166.75621222296843,LT,17.18,10.49,0.10760118460019744,False,2.3542526837324527,,False,114,30.869375419744795
851,LT,Mar 2016,101122,85637,15486.0,15.0,1219,6899,1787,8020,30.0,4592,31.0,40.0,965,17.0,2108,55,958,3137,638,20,43,2437,3137,4.541049425446491,15.314174956982654,216.09411764705882,710.3669724770642,146.38189352884922,LT,17.18,10.49,0.02588235294117647,False,2.4213654152775765,,False,12,32.23525661459993
852,LT,Mar 2017,109312,92691,16620.0,15.0,1466,6829,2370,8887,23.0,6486,43.0,22.0,966,17.0,3127,0,1273,4417,542,1,941,2934,4417,5.933474824355972,15.20418618266979,206.29770992366412,528.6259541984733,146.84174779261943,LT,17.18,10.49,0.0,False,2.6484111875823695,,False,-941,24.748019017432647
853,LT,Mar 2018,119683,99572,20111.0,17.0,1465,7714,2223,11639,27.0,8004,53.0,30.0,967,17.0,3843,0,1477,5337,681,7,1264,3385,5337,6.687666585897746,16.8035560605934,207.3575129533679,521.0103626943005,149.97189432265316,LT,17.18,10.49,0.0,False,2.7969924812030076,,False,-1264,22.42514521266629
854,LT,Mar 2019,135220,112354,22866.0,17.0,2701,9339,1923,14305,28.0,10217,63.0,28.0,968,17.0,4876,0,1770,6664,930,12,1740,3982,6664,7.555834935660405,16.910220381600354,208.80850194154914,467.3206621704476,153.31632653061226,LT,17.18,10.49,0.0,False,2.737659278295321,,False,-1740,20.29111644657863
855,LT,Mar 2020,145452,120899,24553.0,17.0,3015,11021,2462,14086,23.0,10894,68.0,26.0,969,17.0,5387,912,2499,8815,1920,59,2219,4617,8815,7.489756070731238,16.880482908450897,201.59141376757955,388.7428752374921,123.58479863868406,LT,17.18,10.49,0.1687638786084382,False,2.501406405952273,,False,-1307,16.500510493477027
856,LT,Mar 2021,135979,112519,23460.0,17.0,8111,11750,2904,16918,24.0,12921,82.0,44.0,970,18.0,7286,798,2604,10706,1906,66,3730,5004,10706,9.502202545981364,17.252664014296325,176.90306681270536,289.5581337941249,120.68933308425183,LT,17.18,10.49,0.1092552026286966,False,2.6868936170212767,,False,-2932,12.701195591257239
857,LT,Mar 2022,156521,132207,24314.0,16.0,2364,9235,2948,14495,29.0,10419,62.0,36.0,971,30.0,14258,258,6027,20572,3473,503,6048,10548,20572,6.656614767347513,15.534017799528499,72.92133258678611,167.15248178193318,50.64650981917169,LT,17.18,10.49,0.018057110862262037,False,2.8887926367081755,,False,-5790,7.608448376433988
858,LT,Mar 2023,183341,156175,27166.0,15.0,2891,9445,3502,17109,26.0,12531,75.0,32.0,972,30.0,16562,1541,5348,23481,3679,902,5458,13442,23481,6.834805089968965,14.817198553515034,75.52434908389586,149.81525395687422,53.36655168008176,LT,17.18,10.49,0.09287608486017358,False,3.1823186871360507,,False,-3917,7.8080575784676975
859,LT,Mar 2024,221113,191248,29865.0,14.0,3847,9512,3682,20517,24.0,15547,95.0,36.0,973,30.0,19988,2071,5456,27544,4981,551,8744,13269,27544,7.031246466738726,13.506668535997433,77.66510140873214,135.2030422382181,56.44423467905896,LT,17.18,10.49,0.10345688880007993,False,3.5441547518923464,,False,-6673,8.027628521638107
861,LTIM,Mar 2013,3851,2981,870.0,23.0,22,21,123,749,25.0,562,174.0,54.0,949,16.0,1323,234,756,2328,699,142,49,1438,2328,14.593612048818489,22.591534666320438,41.97162061239731,55.30832803560076,24.140893470790378,LTIM,34.1,26.04,0.17475728155339806,False,42.476190476190474,,False,185,1.654209621993127
862,LTIM,Mar 2014,4920,3773,1147.0,23.0,217,31,130,1204,17.0,996,309.0,55.0,950,16.0,1594,110,945,2666,649,57,169,1791,2666,20.243902439024392,23.3130081300813,61.86335403726708,66.68604651162791,37.35933983495874,LTIM,34.1,26.04,0.06832298136645963,False,44.0,,False,-59,1.8454613653413354
863,LTIM,Mar 2015,4978,3973,1005.0,20.0,99,10,158,936,18.0,769,238.0,63.0,951,16.0,2010,218,734,2978,683,25,104,2166,2978,15.447971072719968,20.188830855765367,37.95656465942744,44.786096256684495,25.822699798522496,LTIM,34.1,26.04,0.10760118460019744,False,110.4,,False,114,1.671591672263264
864,LTIM,Mar 2016,5846,4819,1028.0,18.0,187,6,174,1035,19.0,836,49.0,72.0,952,17.0,2108,55,958,3137,638,20,43,2437,3137,14.300376325692781,17.584673280875812,39.34117647058824,47.1559633027523,26.64966528530443,LTIM,34.1,26.04,0.02588235294117647,False,202.5,,False,12,1.8635639145680587
865,LTIM,Mar 2017,6501,5271,1230.0,19.0,187,3,178,1236,21.0,971,57.0,29.0,953,17.0,3127,0,1273,4417,542,1,941,2934,4417,14.936163667128133,18.920166128287956,30.884223918575067,39.12213740458015,21.983246547430383,LTIM,34.1,26.04,0.0,False,472.3333333333333,,False,-941,1.4718134480416571
866,LTIM,Mar 2018,7306,6119,1187.0,16.0,426,16,156,1442,23.0,1112,65.0,33.0,954,17.0,3843,0,1477,5337,681,7,1264,3385,5337,15.22036682179031,16.24692033944703,28.808290155440414,30.751295336787564,20.835675473112236,LTIM,34.1,26.04,0.0,False,100.8125,,False,-1264,1.3689338579726438
867,LTIM,Mar 2019,9446,7562,1883.0,20.0,302,11,147,2028,25.0,1516,87.0,32.0,955,17.0,4876,0,1770,6664,930,12,1740,3982,6664,16.049121321194157,19.934363751852636,30.983036991620683,38.483547925608015,22.749099639855945,LTIM,34.1,26.04,0.0,False,198.63636363636363,,False,-1740,1.4174669867947178
868,LTIM,Mar 2020,10879,8849,2029.0,19.0,329,83,273,2003,24.0,1520,87.0,32.0,956,17.0,5387,912,2499,8815,1920,59,2219,4617,8815,13.971872414744002,18.650611269418146,28.127313101406365,32.1247625079164,17.243335224049915,LTIM,34.1,26.04,0.1687638786084382,False,28.40963855421687,,False,-1307,1.2341463414634146
869,LTIM,Mar 2021,12370,9645,2725.0,22.0,274,79,332,2588,25.0,1938,111.0,36.0,957,18.0,7286,798,2604,10706,1906,66,3730,5004,10706,15.666936135812449,22.029102667744542,26.533406352683457,33.63367069859294,18.1019988791332,LTIM,34.1,26.04,0.1092552026286966,False,37.962025316455694,,False,-2932,1.1554268634410612
870,LTIM,Mar 2022,26109,20860,5249.0,20.0,766,123,597,5294,25.0,3950,225.0,41.0,958,30.0,14258,258,6027,20572,3473,503,6048,10548,20572,15.128882760733847,20.10417863571948,27.645576707726764,36.08552179293277,19.200855531790783,LTIM,34.1,26.04,0.018057110862262037,False,48.90243902439025,,False,-5790,1.2691522457709508
871,LTIM,Mar 2023,33183,27075,6108.0,18.0,557,150,723,5792,24.0,4410,149.0,40.0,959,30.0,16562,1541,5348,23481,3679,902,5458,13442,23481,13.289937618660158,18.40701564053883,26.57907425265188,33.68444272872663,18.78114220007666,LTIM,34.1,26.04,0.09287608486017358,False,44.43333333333333,,False,-3917,1.4131851284016865
872,LTIM,Mar 2024,35517,29130,6387.0,18.0,702,222,819,6049,24.0,4585,155.0,42.0,960,30.0,19988,2071,5456,27544,4981,551,8744,13269,27544,12.90931103415266,17.982937748120616,22.904386052552702,28.914844492733938,16.64609352309033,LTIM,34.1,26.04,0.10345688880007993,False,31.93243243243243,,False,-6673,1.2894641301190821
874,M&M,Mar 2013,68693,59578,9116.0,13.0,841,2297,2080,5580,35.0,4129,33.0,19.0,936,295.0,19666,28711,27460,76131,18307,1631,6440,49752,76131,6.010801682849781,13.270638929730833,20.685336405991684,18.729454306377384,5.423546255795931,M&M,26.98,17.99,1.438354791844096,False,4.3347845015237265,,False,22271,0.9022999829241701
875,M&M,Mar 2014,74001,63830,10170.0,14.0,773,2954,2170,5820,26.0,5154,38.0,18.0,937,295.0,23012,35167,29415,87889,18381,2191,8082,59234,87889,6.964770746341266,13.743057526249643,22.11352812459776,17.39234531586688,5.864215089487876,M&M,26.98,17.99,1.5088599991418887,False,3.7044685172647256,,False,27085,0.8419825006542343
876,M&M,Mar 2015,71448,62655,8793.0,12.0,800,3157,2124,4313,40.0,3381,25.0,23.0,938,296.0,25561,37911,30608,94376,19047,3032,10027,62270,94376,4.732112865300638,12.306852536110178,13.075762849518505,13.789047798268724,3.582478596253285,M&M,26.98,17.99,1.4661793711567468,False,3.0386442825467217,,False,27884,0.7570568788675087
877,M&M,Mar 2016,75841,65759,10082.0,13.0,1399,3368,2442,5672,37.0,3554,25.0,21.0,939,270.0,26222,41553,31806,99852,20585,2371,11603,65293,99852,4.686119645046874,13.293601086483564,13.41537067794051,14.81666544198692,3.5592677162200057,M&M,26.98,17.99,1.5685112486788464,False,3.4088479809976246,,False,29950,0.7595341104835156
878,M&M,Mar 2017,83773,73038,10735.0,13.0,2077,3647,2813,6350,36.0,4051,30.0,22.0,940,311.0,29467,48762,35296,113835,20989,4279,14662,73905,113835,4.83568691583207,12.814391271650772,13.604002955201826,13.668194550547492,3.558659463258225,M&M,26.98,17.99,1.6375176304654442,False,3.513024403619413,,False,34100,0.7359160187991391
879,M&M,Mar 2018,92094,78868,13226.0,14.0,4366,3987,3280,10326,23.0,7958,60.0,11.0,941,543.0,36232,55898,43696,136369,26182,4269,16018,89900,136369,8.641170977479531,14.361413338545399,21.63970088375255,14.271686467471648,5.835637131606157,M&M,26.98,17.99,1.52,False,4.412340105342363,,False,39880,0.675329437042143
880,M&M,Mar 2019,104721,89514,15207.0,15.0,2676,5021,3991,8871,32.0,6017,43.0,17.0,942,544.0,39439,70848,51057,161889,28983,4760,18268,109878,161889,5.745743451647711,14.521442690577821,15.0488957807068,13.720890364609179,3.7167441889195683,M&M,26.98,17.99,1.771953080059025,False,3.5616411073491334,,False,52580,0.6468691510850026
881,M&M,Mar 2020,75382,65224,10158.0,13.0,885,6021,3367,1655,99.0,-321,1.0,205.0,943,554.0,39415,82092,43655,165716,29689,6856,19210,109960,165716,-0.4258311002626622,13.47536547186331,-0.8031224198754034,8.32206847395974,-0.19370489270800648,M&M,26.98,17.99,2.053891766118742,False,1.8340807174887892,,False,62882,0.4548866735861353
882,M&M,Mar 2021,74278,62791,11487.0,15.0,1152,6102,3378,3158,52.0,1512,15.0,54.0,944,555.0,41027,80625,42762,164968,21380,7873,28778,106938,164968,2.035596004200436,15.464875198578316,3.636188735510557,9.399625226050881,0.9165413898453033,M&M,26.98,17.99,1.9389399259294888,False,2.0712881022615535,,False,51847,0.45025701954318414
883,M&M,Mar 2022,90171,75488,14683.0,16.0,3204,5018,3508,9362,23.0,7253,53.0,20.0,945,556.0,46567,77605,47661,172388,26018,6703,30060,109607,172388,8.043606037417796,16.28350578345588,15.391634658234832,11.77201590661279,4.207369422465601,M&M,26.98,17.99,1.6468603442055896,False,3.564567556795536,,False,47545,0.5230700512796714
884,M&M,Mar 2023,121269,100983,20285.0,17.0,3961,5830,4357,14060,19.0,11374,83.0,18.0,946,557.0,55809,92247,55670,204283,27140,3969,35272,137902,204283,9.379148834409454,16.72727572586564,20.178831210304086,13.649546136609853,5.567766285006584,M&M,26.98,17.99,1.6365716921548452,False,4.158833619210978,,False,56975,0.5936323629474797
885,M&M,Mar 2024,139078,114186,24892.0,18.0,3298,7488,4724,15978,23.0,12270,91.0,21.0,947,557.0,65633,108647,59884,234722,28129,8039,35208,163345,234722,8.82238743726542,17.89787025985418,18.537543435564285,14.237260991666522,5.227460570376871,M&M,26.98,17.99,1.6414413053331318,False,3.7646901709401708,,False,73439,0.5925222177725139
887,MARUTI,Mar 2013,44304,39944,4361.0,10.0,797,198,1890,3070,20.0,2470,82.0,10.0,923,151.0,18877,1569,6920,27517,10022,1966,7421,8107,27517,5.575117370892019,9.843355001805707,12.980870296405298,21.17298635723649,8.97626921539412,MARUTI,23.67,15.75,0.08245743115408871,False,26.050505050505052,,False,-5852,1.6100592361085875
888,MARUTI,Mar 2014,44542,39232,5310.0,12.0,724,184,2116,3734,24.0,2854,94.0,13.0,924,151.0,21345,2004,7975,31476,11034,2640,10527,7275,31476,6.407435678685286,11.92133267477886,13.276888723483438,22.595744680851062,9.067225822849155,MARUTI,23.67,15.75,0.09322664681801265,False,32.79347826086956,,False,-8523,1.4151099250222392
889,MARUTI,Mar 2015,50801,43909,6892.0,14.0,817,218,2515,4976,24.0,3809,126.0,20.0,925,151.0,24167,666,9492,34477,12490,1890,13298,6800,34477,7.49788389992323,13.566662073581229,15.66329467883872,27.585654819084215,11.04794500681614,MARUTI,23.67,15.75,0.027387120651369355,False,35.362385321100916,,False,-12632,1.4734750703367463
890,MARUTI,Mar 2016,57589,48565,9024.0,16.0,1464,82,2822,7585,28.0,5497,182.0,19.0,926,151.0,30465,231,11879,42726,12530,1007,20676,8513,42726,9.54522565073191,15.66965913629339,17.954664227854717,29.254060362433947,12.865702382624164,MARUTI,23.67,15.75,0.0075450744708649075,False,127.90243902439025,,False,-20445,1.347867808828348
891,MARUTI,Mar 2017,68085,57664,10421.0,15.0,2399,89,2604,10127,26.0,7511,249.0,30.0,927,151.0,36924,484,14402,51960,13311,1252,29151,8247,51960,11.031798487185137,15.305867665418226,20.258934592043158,27.745680129928914,14.45535026943803,MARUTI,23.67,15.75,0.013054619015509103,False,144.04494382022472,,False,-28667,1.3103348729792148
892,MARUTI,Mar 2018,79809,67692,12118.0,15.0,2155,346,2760,11167,29.0,7881,261.0,31.0,928,151.0,42408,121,17568,60248,13389,2132,36123,8604,60248,9.874826147426981,15.183751206004336,18.517822317253696,28.39268978444236,13.080932147125216,MARUTI,23.67,15.75,0.002843111915223572,False,41.2514450867052,,False,-36002,1.32467467799761
893,MARUTI,Mar 2019,86068,75012,11056.0,13.0,2664,76,3021,10624,28.0,7651,253.0,32.0,929,151.0,46941,160,16717,63969,15437,1607,37504,9421,63969,8.889482734581959,12.845656922433424,16.24692092075087,23.39795140946415,11.960480857915552,MARUTI,23.67,15.75,0.00339760468869447,False,180.52631578947367,,False,-37344,1.345464209226344
894,MARUTI,Mar 2020,75660,68305,7355.0,10.0,3410,134,3528,7103,20.0,5678,188.0,32.0,930,151.0,49262,184,14031,63628,15744,1415,37488,8980,63628,7.504625958234206,9.721120803595031,11.490903203610387,14.829525979393916,8.923744263531779,MARUTI,23.67,15.75,0.0037237164308987513,False,80.33582089552239,,False,-37304,1.1890991387439491
895,MARUTI,Mar 2021,70372,64961,5411.0,8.0,3046,102,3034,5321,18.0,4389,145.0,31.0,931,151.0,52350,541,18335,71376,14989,1497,42945,11946,71376,6.236855567555278,7.689137725231626,8.359840764937811,10.201349873685004,6.149125756556826,MARUTI,23.67,15.75,0.010304565627321384,False,82.91176470588235,,False,-42404,0.985933647164313
896,MARUTI,Mar 2022,88330,82578,5752.0,7.0,1861,127,2789,4697,17.0,3880,128.0,47.0,932,151.0,55182,426,18896,74656,13747,2936,42035,15937,74656,4.3926185893807315,6.511943846937621,7.012090434279725,10.315823454509585,5.197171024432062,MARUTI,23.67,15.75,0.007698841559286501,False,59.94488188976378,,False,-41609,1.1831600942991856
897,MARUTI,Mar 2023,118410,105288,13122.0,11.0,2415,252,4846,10438,21.0,8264,274.0,34.0,933,157.0,74443,1248,24258,100106,27941,4143,49184,18837,100106,6.9791402753145855,11.081834304535091,11.077747989276139,17.300390254192596,8.255249435598266,MARUTI,23.67,15.75,0.016729222520107237,False,61.654761904761905,,False,-47936,1.1828461830459713
898,MARUTI,Mar 2024,141858,123232,18626.0,13.0,4248,194,5256,17424,23.0,13488,429.0,29.0,934,157.0,85479,119,29550,115304,27865,7735,57296,22408,115304,9.50809964894472,13.130031439890594,15.750385351954785,21.720016325578683,11.697772843960314,MARUTI,23.67,15.75,0.001389602503619973,False,117.90721649484536,,False,-57177,1.230295566502463
900,MOTHERSON,Mar 2013,25298,23819,1480.0,6.0,318,250,714,834,46.0,452,1.0,26.0,910,59.0,2230,4904,5546,12739,5277,386,72,7005,12739,1.7867025061269666,5.850264843070598,19.746614242027086,20.575559571805925,3.548159196169244,MOTHERSON,13.7,11.8,2.142420270860638,False,7.192,,False,4832,1.9858701624931314
901,MOTHERSON,Mar 2014,30414,28017,2397.0,8.0,311,294,817,1596,31.0,1097,2.0,29.0,911,88.0,2871,4840,7445,15244,5919,647,75,8603,15244,3.6068915630959424,7.881238903136713,37.07333558634674,30.734709578151044,7.19627394384676,MOTHERSON,13.7,11.8,1.6356877323420074,False,9.210884353741497,,False,4765,1.9951456310679612
902,MOTHERSON,Mar 2015,34661,31817,2844.0,8.0,212,318,921,1817,29.0,1292,2.0,31.0,912,88.0,3236,5131,8971,17425,6129,956,65,10276,17425,3.7275323851014104,8.2051873863997,38.86883273164862,33.63690124186871,7.414634146341463,MOTHERSON,13.7,11.8,1.5436221419975933,False,9.61006289308176,,False,5066,1.9891535150645625
903,MOTHERSON,Mar 2016,37216,33668,3548.0,10.0,177,345,1087,2293,23.0,1774,3.0,26.0,913,132.0,4265,6069,9199,19665,7147,1397,590,10531,19665,4.766766981943251,9.533533963886502,40.34569024334774,33.900248423466465,9.021103483346046,MOTHERSON,13.7,11.8,1.3802592676825107,False,10.797101449275363,,False,5479,1.8924993643529113
904,MOTHERSON,Mar 2017,42376,38204,4171.0,10.0,346,375,1059,3083,30.0,2172,3.0,18.0,914,140.0,8132,10349,13322,31944,12193,1935,474,17343,31944,5.12554276005286,9.842835567302247,26.25725338491296,22.399441490789968,6.799398948159278,MOTHERSON,13.7,11.8,1.251088007736944,False,12.045333333333334,,False,9875,1.3265715001252192
905,MOTHERSON,Mar 2018,56303,51174,5128.0,9.0,125,411,1575,3267,31.0,2260,3.0,30.0,915,210.0,9674,10374,16716,36974,14712,2585,792,18885,36974,4.013995701827612,9.10786281370442,22.865236746256574,25.313456412281564,6.112403310434359,MOTHERSON,13.7,11.8,1.0495750708215297,False,12.781021897810218,,False,9582,1.5227727592362201
906,MOTHERSON,Mar 2019,63523,58174,5348.0,8.0,333,423,2058,3200,34.0,2098,3.0,29.0,916,316.0,10647,11534,20257,42754,18423,1067,855,22409,42754,3.3027407395746424,8.418997843300852,19.13709750980571,23.772058496688448,4.907143191280348,MOTHERSON,13.7,11.8,1.0520842834990423,False,13.430260047281324,,False,10679,1.4857791083875194
907,MOTHERSON,Mar 2020,60729,56075,4654.0,8.0,642,593,2721,1983,-5.0,1294,2.0,40.0,917,316.0,10945,13136,20636,45033,20750,852,796,22635,45033,2.1307777174002536,7.6635544797378525,11.490986590888909,19.076115915891297,2.8734483600914884,MOTHERSON,13.7,11.8,1.166503862889619,False,8.930860033726812,,False,12340,1.3485444007727667
908,MOTHERSON,Mar 2021,57370,53000,4370.0,8.0,568,512,2926,1500,34.0,1569,2.0,46.0,918,316.0,12245,11930,23258,47749,20099,877,846,25926,47749,2.7348788565452327,7.617221544361165,12.491043706711249,17.8432893716059,3.285932689689836,MOTHERSON,13.7,11.8,0.949765146087095,False,9.64453125,,False,11084,1.201491130704308
909,MOTHERSON,Mar 2022,63774,59060,4714.0,7.0,575,543,2958,1788,31.0,1182,1.0,34.0,919,452.0,20136,14130,21008,55726,21411,1310,6462,26543,55726,1.8534198889829712,7.391727036096214,5.741208470953954,13.577971081283485,2.121092488246061,MOTHERSON,13.7,11.8,0.6863221293957645,False,9.740331491712707,,False,7668,1.144420916627786
910,MOTHERSON,Mar 2023,78788,72537,6251.0,8.0,70,781,3136,2405,31.0,1670,2.0,29.0,920,678.0,21774,13792,25086,61330,23147,1478,6290,30415,61330,2.119612123673656,7.933949332385643,7.438090147871014,17.246992605672663,2.7229740746779716,MOTHERSON,13.7,11.8,0.6142882593978265,False,8.093469910371319,,False,7502,1.2846567748247186
911,MOTHERSON,Mar 2024,98692,89370,9322.0,9.0,140,1811,3810,3840,21.0,3020,4.0,20.0,921,678.0,25477,19922,38101,84178,30122,2498,6521,45037,84178,3.0600251286831757,9.445547764763102,11.546549416937488,20.231351867526097,3.58763572429851,MOTHERSON,13.7,11.8,0.7616899254444657,False,5.224737713970182,,False,13401,1.1724203473591674
913,NAUKRI,Mar 2013,472,351,121.0,26.0,24,3,12,130,41.0,76,8.0,12.0,897,109.0,499,1,216,825,152,10,261,402,825,16.101694915254235,25.635593220338983,12.5,19.868637110016422,9.212121212121211,NAUKRI,3.65,2.44,0.001644736842105263,False,48.333333333333336,,False,-260,0.5721212121212121
914,NAUKRI,Mar 2014,567,471,97.0,17.0,48,3,21,120,49.0,60,8.0,30.0,898,109.0,563,1,387,1060,149,10,538,363,1060,10.582010582010582,17.10758377425044,8.928571428571429,14.413075780089152,5.660377358490567,NAUKRI,3.65,2.44,0.001488095238095238,False,48.333333333333336,,False,-537,0.5349056603773585
915,NAUKRI,Mar 2015,732,711,21.0,3.0,89,4,47,60,99.0,-14,2.0,150.0,899,120.0,1295,1,801,2217,576,12,1175,455,2217,-1.912568306010929,2.8688524590163933,-0.9893992932862191,1.4830508474576272,-0.6314839873703203,NAUKRI,3.65,2.44,0.0007067137809187279,False,27.5,,False,-1174,0.3301759133964817
916,NAUKRI,Mar 2016,748,656,91.0,12.0,111,3,24,175,33.0,118,11.0,27.0,900,121.0,1422,1,382,1925,82,0,568,1276,1925,15.775401069518717,12.165775401069519,7.647440051847052,5.89378238341969,6.129870129870129,NAUKRI,3.65,2.44,0.0006480881399870382,False,67.33333333333333,,False,-567,0.38857142857142857
917,NAUKRI,Mar 2017,888,896,-9.0,-1.0,50,4,33,5,99.0,-43,-2.0,-230.0,901,121.0,1471,1,459,2053,157,1,551,1343,2053,-4.842342342342342,-1.0135135135135136,-2.701005025125628,-0.5649717514124294,-2.0944958597174863,NAUKRI,3.65,2.44,0.000628140703517588,False,10.25,,False,-550,0.43253774963468095
918,NAUKRI,Mar 2018,988,769,219.0,22.0,401,5,30,585,14.0,501,42.0,13.0,902,122.0,1923,1,550,2596,88,0,1565,943,2596,50.708502024291505,22.16599190283401,24.49877750611247,10.703812316715542,19.298921417565484,NAUKRI,3.65,2.44,0.0004889975550122249,False,124.0,,False,-1564,0.38058551617873654
919,NAUKRI,Mar 2019,1151,1142,9.0,1.0,737,7,22,716,17.0,592,49.0,12.0,903,122.0,2421,1,646,3189,88,2,1204,1895,3189,51.433536055603824,0.7819287576020852,23.27959103421156,0.3537735849056604,18.563813107557227,NAUKRI,3.65,2.44,0.00039323633503735744,False,106.57142857142857,,False,-1203,0.36092819065537785
920,NAUKRI,Mar 2020,1312,1662,-350.0,-27.0,286,14,48,-126,95.0,-246,-19.0,-31.0,904,122.0,2073,77,621,2893,242,0,1133,1518,2893,-18.75,-26.676829268292686,-11.207289293849659,-15.404929577464788,-8.50328378845489,NAUKRI,3.65,2.44,0.03507972665148064,False,-4.571428571428571,,True,-1056,0.4535084687175942
921,NAUKRI,Mar 2021,1128,1054,74.0,7.0,1584,11,45,1602,12.0,1418,110.0,7.0,905,129.0,5267,65,831,6292,134,0,2324,3834,6292,125.70921985815602,6.560283687943262,26.278724981467754,1.3550631752426296,22.536554354736175,NAUKRI,3.65,2.44,0.012045959970348406,False,150.72727272727272,,False,-2259,0.1792752701843611
922,NAUKRI,Mar 2022,1589,1143,446.0,28.0,13810,11,73,14200,9.0,12882,991.0,1.0,906,129.0,17113,64,3177,20483,1033,0,15614,3836,20483,810.6985525487728,28.067967275015732,74.71291033522793,2.577140875996764,62.891178050090325,NAUKRI,3.65,2.44,0.0037118663728105787,False,1296.0,,False,-15550,0.0775765268759459
923,NAUKRI,Mar 2023,2346,1997,348.0,15.0,-116,18,73,141,99.0,-70,-8.0,-228.0,907,129.0,13269,108,3153,16658,801,4,12403,3450,16658,-2.9838022165387894,14.83375959079284,-0.522466039707419,2.576632607729898,-0.42021851362708607,NAUKRI,3.65,2.44,0.00806090461262875,False,12.88888888888889,,False,-12295,0.14083323328130629
924,NAUKRI,Mar 2024,2536,1825,711.0,28.0,303,35,101,878,32.0,595,44.0,49.0,908,129.0,30133,246,5581,36089,810,0,31203,4077,36089,23.462145110410095,28.036277602523658,1.9661621835965897,2.3305362527861546,1.6487018204993213,NAUKRI,3.65,2.44,0.008129006675038002,False,28.97142857142857,,False,-30957,0.07027071960985341
926,NESTLEIND,Dec 2013,9101,7153,1948.0,21.0,97,37,330,1678,33.0,1117,12.0,42.0,884,96.0,2272,1189,2756,6314,3369,295,851,1799,6314,12.27337655202725,21.404241292165697,47.170608108108105,54.76525161653078,17.690845739626226,NESTLEIND,185.43,135.61,0.5021114864864865,False,55.270270270270274,,False,338,1.441400063351283
927,NESTLEIND,Dec 2014,9855,7816,2039.0,21.0,87,14,338,1774,33.0,1185,12.0,51.0,885,96.0,2741,20,2963,5820,3177,245,812,1586,5820,12.02435312024353,20.690005073566716,41.76947479732112,71.36856842842143,20.36082474226804,NESTLEIND,185.43,135.61,0.007049700387733521,False,151.85714285714286,,False,-792,1.693298969072165
928,NESTLEIND,Dec 2015,8175,6620,1555.0,19.0,-391,3,347,814,31.0,563,6.0,83.0,886,96.0,2721,18,3251,6086,2898,231,1325,1633,6086,6.886850152905198,19.021406727828747,19.985800496982606,54.85008818342152,9.250739401906014,NESTLEIND,185.43,135.61,0.006389776357827476,False,388.0,,False,-1307,1.343246795925074
929,NESTLEIND,Dec 2016,9141,7292,1850.0,20.0,140,91,354,1545,35.0,1001,10.0,61.0,887,96.0,3186,33,3495,6810,2730,188,1756,2136,6810,10.95066185318893,20.238485942457064,30.499695307739184,55.80693815987934,14.698972099853158,NESTLEIND,185.43,135.61,0.010054844606946984,False,21.86813186813187,,False,-1723,1.3422907488986784
930,NESTLEIND,Dec 2017,10010,7913,2097.0,21.0,177,92,342,1839,33.0,1225,13.0,68.0,888,96.0,3324,35,3907,7363,2616,94,1979,2673,7363,12.237762237762238,20.94905094905095,35.8187134502924,60.6946454413893,16.637240255330706,NESTLEIND,185.43,135.61,0.01023391812865497,False,24.717391304347824,,False,-1944,1.3595002037213093
931,NESTLEIND,Dec 2018,11292,8675,2618.0,23.0,259,112,336,2429,34.0,1607,17.0,69.0,889,96.0,3577,35,4379,8088,2401,105,2658,2924,8088,14.231314204746722,23.18455543747786,43.75170160631636,70.60409924487594,19.868941641938676,NESTLEIND,185.43,135.61,0.00952899537163082,False,25.6875,,False,-2623,1.3961424332344214
932,NESTLEIND,Dec 2019,12369,9443,2926.0,24.0,247,129,370,2673,26.0,1968,20.0,168.0,890,96.0,1822,189,5065,7173,2341,143,1751,2937,7173,15.910744603444094,23.655913978494624,102.60688216892598,138.8704318936877,27.436219155165205,NESTLEIND,185.43,135.61,0.09854014598540146,False,24.5968992248062,,False,-1562,1.7243831033040569
933,NESTLEIND,Dec 2020,13350,10149,3202.0,24.0,146,164,370,2813,26.0,2082,22.0,93.0,891,96.0,1923,147,5733,7900,2179,639,1464,3618,7900,15.595505617977528,23.98501872659176,103.12035661218424,147.83010156971378,26.354430379746834,NESTLEIND,185.43,135.61,0.07280832095096583,False,20.414634146341463,,False,-1317,1.6898734177215189
934,NESTLEIND,Dec 2021,14741,11178,3562.0,24.0,-112,202,391,2857,26.0,2118,22.0,91.0,892,96.0,1850,266,6021,8234,2995,246,774,4219,8234,14.368089003459739,24.163896614883658,108.83864337101747,161.03074141048825,25.722613553558414,NESTLEIND,185.43,135.61,0.1366906474820144,False,17.07920792079208,,False,-508,1.790259897983969
935,NESTLEIND,Dec 2022,16897,13191,3706.0,22.0,107,155,403,3256,27.0,2391,25.0,89.0,893,96.0,2363,271,6249,8979,3044,358,778,4799,8979,14.150440906669823,21.932887494821564,97.23464823098821,135.75091575091577,26.628800534580687,NESTLEIND,185.43,135.61,0.11020740138267589,False,24.6,,False,-507,1.8818353936964027
936,NESTLEIND,Dec 2023,19126,14655,4471.0,23.0,116,119,429,4038,26.0,2999,31.0,56.0,894,96.0,2363,271,6249,8979,3044,358,778,4799,8979,15.680225870542715,23.376555474223572,121.96014640097602,163.77289377289378,33.400155919367414,NESTLEIND,185.43,135.61,0.11020740138267589,False,38.54621848739496,,False,-507,2.130081300813008
937,NESTLEIND,Mar 2024,24394,18581,5813.0,24.0,159,145,538,5289,26.0,3933,41.0,79.0,895,96.0,3244,345,6838,10523,3460,1742,464,4857,10523,16.12281708616873,23.829630236943512,117.75449101796407,157.74762550881954,37.37527321106148,NESTLEIND,185.43,135.61,0.10329341317365269,False,41.186206896551724,,False,-119,2.318160220469448
939,NHPC,Mar 2013,6381,2229,4152.0,65.0,1595,611,1241,3895,26.0,2873,2.0,28.0,871,12301.0,17494,20340,12226,62361,23537,19962,1447,17415,62361,45.02429086350102,65.06817113305125,9.64255747608659,8.28163957315249,4.607046070460704,NHPC,7.67,9.61,0.6826648766571572,False,9.405891980360066,,False,18893,0.10232356761437437
940,NHPC,Mar 2014,7389,3047,4342.0,59.0,889,1203,1499,2529,35.0,1633,1.0,27.0,872,11071.0,17175,20819,12362,61427,29587,14924,1273,15643,61427,22.10041954256327,58.76302611990797,5.781349571620761,8.849485376541324,2.6584400996304556,NHPC,7.67,9.61,0.7370601147065071,False,4.348295926849543,,False,19546,0.1202891236752568
941,NHPC,Mar 2015,8221,3087,5134.0,62.0,1597,1296,1715,3718,25.0,2798,2.0,27.0,873,11071.0,19687,20584,10094,61436,27916,16378,1020,16123,61436,34.03478895511495,62.44982362243036,9.096820339423891,9.999610455377663,4.5543329643857025,NHPC,7.67,9.61,0.669224266857403,False,5.193672839506172,,False,19564,0.13381405039390584
942,NHPC,Mar 2016,8354,3571,4783.0,57.0,1174,1160,1432,3365,30.0,2365,2.0,81.0,874,11071.0,20572,19938,11242,62823,22610,16742,606,22866,62823,28.309791716542975,57.25401005506344,7.4740068893594165,9.272794245943274,3.764544832306639,NHPC,7.67,9.61,0.6300919634674336,False,5.135344827586207,,False,19332,0.13297677602152078
943,NHPC,Mar 2017,8623,3739,4884.0,57.0,2245,1133,1462,4535,23.0,3480,3.0,61.0,875,10259.0,18756,19227,11946,60187,22227,17588,1020,19352,60187,40.357184274614404,56.63922068885539,11.993796312252284,10.123958376518386,5.781979497233622,NHPC,7.67,9.61,0.6626572462519387,False,6.292144748455428,,False,18207,0.14327014139265953
944,NHPC,Mar 2018,7755,3508,4248.0,55.0,1185,924,1469,3040,8.0,2785,2.0,57.0,876,10259.0,19782,18602,14290,62933,21201,19087,1125,21520,62933,35.912314635718886,54.77756286266925,9.270663426650245,8.733013999958885,4.425341235917563,NHPC,7.67,9.61,0.6192203987883226,False,5.87987012987013,,False,17477,0.12322628827483197
945,NHPC,Mar 2019,8983,4002,4981.0,55.0,1733,896,1658,4159,32.0,2836,3.0,56.0,877,10045.0,20753,19066,16870,66734,24977,15037,1283,25437,66734,31.570744740064566,55.449181787821445,9.208390155204883,9.989170543879352,4.2497077951269215,NHPC,7.67,9.61,0.6190661731281252,False,7.493303571428571,,False,17783,0.13460904486468667
946,NHPC,Mar 2020,10008,4562,5446.0,54.0,311,877,1614,3266,-2.0,3345,3.0,52.0,878,10045.0,21336,23226,16669,71277,24402,17180,1398,28297,71277,33.42326139088729,54.416466826538766,10.659316146712978,9.973080374310985,4.692958457847553,NHPC,7.67,9.61,0.7401293776488959,False,6.56442417331813,,False,21828,0.1404099499137169
947,NHPC,Mar 2021,9648,4371,5277.0,55.0,1087,577,1292,4495,20.0,3600,3.0,49.0,879,10045.0,23008,23365,16717,73136,21993,19167,1842,30133,73136,37.3134328358209,54.69527363184079,10.891598342056696,9.353397851749442,4.922336469043973,NHPC,7.67,9.61,0.7068949868393186,False,11.029462738301559,,False,21523,0.13191861737037847
948,NHPC,Mar 2022,9144,5131,4013.0,44.0,981,586,1190,3217,-17.0,3774,4.0,52.0,880,10045.0,24876,26096,16271,77288,21825,22522,2386,30554,77288,41.272965879265094,43.88670166229222,10.807250651470463,6.576855630398086,4.883034882517338,NHPC,7.67,9.61,0.7472867329114287,False,8.522184300341298,,False,23710,0.11831073387848048
949,NHPC,Mar 2023,10607,4423,6184.0,58.0,743,475,1215,5237,19.0,4261,4.0,48.0,881,10045.0,26916,29540,19710,86211,22137,31357,499,32218,86211,40.17158480248892,58.30112190063166,11.5283677389681,9.299108284085953,4.942524735822575,NHPC,7.67,9.61,0.7992208003030221,False,14.583157894736843,,False,29041,0.12303534351764855
950,NHPC,Mar 2024,9632,4825,4807.0,50.0,2029,608,1184,5043,20.0,4028,4.0,53.0,882,10045.0,28657,32561,22034,93297,21474,39831,479,31513,93297,41.81893687707641,49.90656146179402,10.407730866621879,6.745435920463634,4.317394985905228,NHPC,7.67,9.61,0.8413260296625498,False,11.243421052631579,,False,32082,0.10324018993108032
952,NTPC,Mar 2013,71518,53370,18149.0,25.0,4777,2491,3823,16611,24.0,12586,13.0,38.0,858,8245.0,72995,70419,27116,178776,71833,46555,4923,55465,178776,17.598366844710423,25.376828211079726,15.492368291482029,11.966978550564095,7.040094867319999,NTPC,10.58,12.52,0.8668020679468242,False,9.203532717784022,,False,65496,0.4000425112990558
953,NTPC,Mar 2014,78330,58603,19727.0,25.0,2792,3263,4770,14486,21.0,11403,12.0,42.0,859,8245.0,79084,81455,31334,200118,84208,53825,3300,58785,200118,14.557640750670242,25.184475935146178,13.057518121128147,11.687719215091478,5.698138098521873,NTPC,10.58,12.52,0.9327371205441491,False,6.901317805700276,,False,78155,0.3914190627529757
954,NTPC,Mar 2015,79957,62605,17352.0,22.0,2338,3669,5565,10456,4.0,9992,10.0,21.0,860,8245.0,73849,102252,35366,219712,91853,67555,1902,58403,219712,12.496716985379642,21.70166464474655,12.171413257972569,9.412734748787607,4.547771628313429,NTPC,10.58,12.52,1.2455477866835578,False,5.366584900517852,,False,100350,0.3639173099330032
955,NTPC,Mar 2016,73396,54829,18568.0,25.0,1188,3366,5771,10618,-2.0,10781,11.0,26.0,861,8245.0,83330,99424,33666,224665,92929,75046,6473,50217,224665,14.688811379366722,25.298381383181646,11.772863772863772,9.721516866580453,4.798700287094118,NTPC,10.58,12.52,1.0857111657111658,False,5.869281045751634,,False,92951,0.32669085082233545
956,NTPC,Mar 2017,82042,60445,21598.0,26.0,1592,3753,6010,13426,20.0,10714,11.0,37.0,862,8245.0,89593,113773,36990,248601,104532,86896,7614,49560,248601,13.059164818020038,26.32554057677775,10.950755330239783,10.206463747158702,4.309717177324307,NTPC,10.58,12.52,1.1628712770089331,False,6.179056754596323,,False,106159,0.33001476261157436
957,NTPC,Mar 2018,88083,65598,22485.0,26.0,5576,4447,7460,16154,35.0,10502,11.0,40.0,863,8245.0,95318,130049,48880,282492,128245,83386,8876,61985,282492,11.922845497996208,25.52705970505092,10.140687311105317,9.624933650668629,3.717627401837928,NTPC,10.58,12.52,1.2557477091239149,False,6.31009669440072,,False,121173,0.3118070600229387
958,NTPC,Mar 2019,100287,77576,22710.0,23.0,2818,5605,8669,11255,-25.0,14034,14.0,44.0,864,9895.0,101462,173058,62509,346923,150985,118397,8132,69409,346923,13.993837685841633,22.645008824673187,12.602710202322262,7.984810927693688,4.045278058819968,NTPC,10.58,12.52,1.5540828147310004,False,4.554504906333631,,False,164926,0.2890756738526993
959,NTPC,Mar 2020,109464,77878,31586.0,29.0,8209,8189,10356,21250,44.0,11902,12.0,27.0,865,9895.0,108945,202984,55746,377569,187803,98508,9307,81951,377569,10.872981071402469,28.855148724694878,10.015146415348369,9.814681316495973,3.152271505340746,NTPC,10.58,12.52,1.7080444294850219,False,4.859567712785444,,False,193677,0.28991786931660174
960,NTPC,Mar 2021,111531,77487,34044.0,31.0,5021,9224,12450,17390,14.0,14969,15.0,41.0,866,9697.0,116042,210208,62075,398022,203245,97506,10589,86681,398022,13.421380602702387,30.524248863544667,11.904818711775981,10.13374133419855,3.7608473903452575,NTPC,10.58,12.52,1.6717804340737559,False,4.235147441457069,,False,199619,0.2802131540467612
961,NTPC,Mar 2022,132669,92307,40362.0,30.0,4809,9376,13788,22007,23.0,16960,17.0,41.0,867,9697.0,125677,210707,69751,415831,224923,91126,10626,89156,415831,12.7836947591374,30.42308301110282,12.528255056362376,11.66258766011425,4.078580000048096,NTPC,10.58,12.52,1.5564805649533884,False,4.817726109215017,,False,200081,0.3190454776098944
962,NTPC,Mar 2023,176207,128611,47596.0,27.0,2561,11447,14792,23917,28.0,17121,17.0,42.0,868,9697.0,137326,222913,77253,447189,240424,89179,13935,103651,447189,9.716413082340656,27.011412713456334,11.645116750440407,12.866009255655031,3.828582545635067,NTPC,10.58,12.52,1.5161777408976826,False,4.381672053813226,,False,208978,0.39403250079943825
963,NTPC,Mar 2024,178501,127045,51456.0,29.0,5190,12301,16204,28142,24.0,21332,21.0,36.0,869,9697.0,151013,237131,81437,479278,258934,87664,15885,116795,479278,11.950633329785267,28.82672926202094,13.273598407068633,12.933810240774582,4.450861504179203,NTPC,10.58,12.52,1.475521125007778,False,4.604991464108609,,False,221246,0.37243729109201756
965,ONGC,Mar 2013,161984,118482,43501.0,27.0,5488,484,11763,36742,35.0,23994,19.0,34.0,845,4278.0,148250,20686,80211,253424,119644,53385,2128,78267,253424,14.812574081390755,26.855121493480837,15.730882198678275,25.114020806632258,9.467927268135615,ONGC,19.71,14.32,0.1356210007342914,False,101.21694214876032,,False,18558,0.6391817665256645
966,ONGC,Mar 2014,174121,124991,49130.0,28.0,7170,624,16262,39413,32.0,26665,21.0,31.0,846,4278.0,167874,49113,103711,324976,155923,72034,4746,92273,324976,15.314063208917936,28.216010705199256,15.489218829871277,22.204144351795357,8.205221308650485,ONGC,19.71,14.32,0.285288582183187,False,90.22435897435898,,False,44367,0.5357964895869234
967,ONGC,Mar 2015,160923,118610,42312.0,26.0,5955,2864,18033,27370,35.0,17703,14.0,44.0,847,4278.0,176177,53944,103448,337847,179933,63393,4749,89771,337847,11.000913480360172,26.293320407896942,9.810201989415644,18.051271549793302,5.23994589266739,ONGC,19.71,14.32,0.2989332520572996,False,16.85300279329609,,False,49195,0.47631916222432047
968,ONGC,Mar 2016,124036,84901,39135.0,32.0,1067,3766,16384,20052,35.0,13102,10.0,56.0,848,4278.0,193536,45500,98459,341772,166277,57668,33387,84440,341772,10.563062336740945,31.55132380921668,6.623393693065202,16.08415463146387,3.8335498519480824,ONGC,19.71,14.32,0.23001405360591262,False,10.674986723313861,,False,12113,0.36292030944606346
969,ONGC,Mar 2017,282506,229702,52804.0,19.0,12724,3591,20119,41718,30.0,29169,19.0,40.0,849,6417.0,187969,80029,170111,444525,211125,59042,70746,103612,444525,10.325090440557014,18.691284432897,15.005710287777926,19.242388353406337,6.561835667285304,ONGC,19.71,14.32,0.41170145998168595,False,18.247841826789195,,False,9283,0.6355233113998088
970,ONGC,Mar 2018,322706,265817,56889.0,18.0,10429,4999,23112,39208,34.0,26068,17.0,38.0,850,6417.0,197602,106550,148664,459232,226058,61512,67335,104328,459232,8.077940912161534,17.628739471841243,12.777241335365824,18.317668537426464,5.676433698000139,ONGC,19.71,14.32,0.5222552801454766,False,13.46629325865173,,False,39215,0.7027079994425476
971,ONGC,Mar 2019,421624,346805,74819.0,18.0,9567,5837,23704,54846,38.0,33938,24.0,29.0,851,6290.0,210644,107742,167667,492343,230391,69056,66909,125987,492343,8.049352029296244,17.745431948845418,15.644389537831781,23.04420406805554,6.8931618810463435,ONGC,19.71,14.32,0.4966579697050716,False,14.457084118554052,,False,40833,0.8563623327639471
972,ONGC,Mar 2020,396728,344623,52105.0,13.0,982,7489,26635,18962,40.0,11456,9.0,58.0,852,6290.0,198814,129473,173787,508364,243892,83832,56755,123884,508364,2.8876207376338447,13.13368353128592,5.585459084171932,15.573395660789593,2.2535033952050103,ONGC,19.71,14.32,0.6312553631328497,False,7.088663372946989,,False,72718,0.7804014446341597
973,ONGC,Mar 2021,303849,254375,49473.0,16.0,11271,5079,25538,30126,29.0,21360,13.0,28.0,853,6290.0,214691,133187,187580,541748,243746,100309,60320,137372,541748,7.029807568891126,16.28210064867747,9.665989383702671,13.968794470420818,3.9427925899126532,ONGC,19.71,14.32,0.6027079251157339,False,11.959834613112818,,False,72867,0.5608677835451169
974,ONGC,Mar 2022,491246,411373,79874.0,16.0,6797,5696,26883,54091,9.0,49294,36.0,29.0,854,6290.0,253213,121986,201771,583260,254402,106719,66642,155496,583260,10.03448374134344,16.259470815029538,18.995541477362497,20.937432009835145,8.451462469567602,ONGC,19.71,14.32,0.4700754904567577,False,15.216116573033707,,False,55344,0.8422418818365738
975,ONGC,Mar 2023,632291,556764,75527.0,12.0,-30,7889,24557,43051,24.0,32778,28.0,40.0,855,6290.0,274357,142255,190212,613115,250819,113945,78873,169478,613115,5.184005465837723,11.944974703103476,11.679440720905623,17.859220339463988,5.346142240852043,ONGC,19.71,14.32,0.5068823112308345,False,9.569907466092026,,False,63382,1.0312763510923726
976,ONGC,Mar 2024,591396,488561,102835.0,17.0,12982,10194,28763,76860,26.0,57101,39.0,31.0,856,6290.0,330780,153181,219523,709774,298454,116022,102207,193091,709774,9.655290194725701,17.388518015001793,16.940398136885513,20.975989850097196,8.044955154739396,ONGC,19.71,14.32,0.45444863084819176,False,11.361290955463998,,False,50974,0.8332173339682772
978,PFC,Mar 2013,17314,331,5987.0,35.0,12,10995,6,5994,26.0,4438,13.0,21.0,1049,1320.0,22360,139473,6178,169330,75,0,27,169229,169330,25.63243617881483,34.578953448076696,18.741554054054056,3.669561699754218,2.6209177346010746,PFC,9.96,19.49,5.889907094594594,True,0.5456116416552979,,True,139446,0.10225004429221048
979,PFC,Mar 2014,21407,748,7607.0,36.0,23,13053,5,7624,28.0,5462,17.0,22.0,1050,1320.0,26202,159215,7582,194320,72,1,27,194220,194320,25.515018451908254,35.53510533937497,19.845941428675243,4.073643680684599,2.81082750102923,PFC,9.96,19.49,5.785008356950803,True,0.5845399525013407,,True,159188,0.11016364759160148
980,PFC,Mar 2015,24988,1103,8429.0,34.0,25,15456,8,8446,29.0,6004,18.0,20.0,1051,1320.0,31091,187795,8705,228912,102,2,528,228280,228912,24.027533215943652,33.73219145189691,18.52457498997254,3.8277794428852987,2.6228419654714474,PFC,9.96,19.49,5.794174817191694,True,0.546972049689441,,True,187267,0.10915985182078702
981,PFC,Mar 2016,27861,2042,9162.0,33.0,25,16657,20,9167,33.0,6184,19.0,30.0,1052,1320.0,34708,200660,10531,247220,198,47,2230,244745,247220,22.19590108036323,32.88467750619145,17.164427667369825,3.8709186777529916,2.501415743062859,PFC,9.96,19.49,5.569557011213501,True,0.5515398931380201,,True,198430,0.11269719278375535
982,PFC,Mar 2017,27581,5538,5275.0,19.0,30,16768,41,5264,58.0,2236,7.0,59.0,1053,2640.0,34205,202993,19700,259537,296,105,3145,255990,259537,8.107030201950618,19.125484935281534,6.068666033383091,2.199401262518867,0.8615341935831885,PFC,9.96,19.49,5.5093771203691135,True,0.3163764312977099,,True,199848,0.10627001159757568
983,PFC,Mar 2018,48624,6583,11752.0,24.0,42,30289,15,11779,25.0,8797,20.0,31.0,1054,2640.0,37194,441151,41546,522531,161,129,5493,516749,522531,18.091888779203686,24.169134583744654,22.08414921925993,2.4433194382361196,1.6835364791753984,PFC,9.96,19.49,11.074735150876135,True,0.38938228399749086,,True,435658,0.09305476612870815
984,PFC,Mar 2019,54106,1696,17783.0,33.0,94,34627,15,17862,29.0,12640,30.0,0.0,1055,2640.0,44481,539488,42260,628869,196,199,4604,623871,628869,23.361549550881602,32.866964846782246,26.824558052672902,3.03149116362006,2.009957558728447,PFC,9.96,19.49,11.448993017975,True,0.5162734282496317,,True,534884,0.08603699657639349
985,PFC,Mar 2020,62189,7332,14012.0,23.0,105,40845,24,14093,33.0,9477,22.0,35.0,1056,2640.0,46760,596561,48560,694521,238,288,4404,689590,694521,15.23902941034588,22.53131582755793,19.18421052631579,2.169171203834287,1.3645375733779108,PFC,9.96,19.49,12.076133603238866,True,0.3456236993512058,,True,592157,0.08954228885807629
986,PFC,Mar 2021,71656,7102,19871.0,28.0,46,44684,25,19891,21.0,15716,36.0,22.0,1057,2640.0,58127,659682,55257,775707,341,336,3499,771530,775707,21.932566707602994,27.731104164340735,25.86272154294272,2.7581411036728487,2.0260227121838525,PFC,9.96,19.49,10.855925090921058,True,0.4457300152179751,,True,656183,0.09237508492252874
987,PFC,Mar 2022,76262,8215,23338.0,31.0,79,44709,35,23382,20.0,18768,42.0,23.0,1058,2640.0,69036,660476,58848,791000,719,53,3774,786454,791000,24.60989745876059,30.602396999816424,26.18449690272895,3.1875894622974466,2.372692793931732,PFC,9.96,19.49,9.214744126346336,True,0.523764790087007,,True,656702,0.09641213653603034
988,PFC,Mar 2023,77684,4167,26501.0,34.0,47,47017,52,26496,20.0,21179,48.0,22.0,1059,2640.0,81518,751158,60796,896112,782,22,5973,889334,896112,27.263014262911284,34.11384583698059,25.165759642577058,3.172571817132678,2.363432249540236,PFC,9.96,19.49,8.925568573397657,True,0.564646829870047,,True,745185,0.08669005660006784
989,PFC,Mar 2024,91508,-27,33573.0,37.0,69,57962,53,33588,21.0,26461,60.0,23.0,1060,3300.0,97847,861961,75770,1038877,764,39,10971,1027102,1038877,28.916597455960137,36.68859553263103,26.1609340860332,3.4859018926226346,2.54707727671322,PFC,9.96,19.49,8.521864217426122,True,0.5804147544943239,,True,850990,0.0880835748601615
991,PIDILITIND,Mar 2013,3678,3120,558.0,15.0,107,16,69,581,27.0,424,8.0,31.0,1062,51.0,1600,111,853,2616,646,428,294,1248,2616,11.52800435019032,15.171288743882544,25.681405208964264,31.66855845629966,16.207951070336392,PIDILITIND,29.7,22.8,0.06723198061780739,False,41.5625,,False,-183,1.4059633027522935
992,PIDILITIND,Mar 2014,4283,3611,672.0,16.0,38,16,81,612,27.0,450,9.0,31.0,1063,51.0,1901,46,930,2928,729,458,260,1481,2928,10.506654214335747,15.689936960074713,23.05327868852459,33.633633633633636,15.368852459016393,PIDILITIND,29.7,22.8,0.0235655737704918,False,44.375,,False,-214,1.462773224043716
993,PIDILITIND,Mar 2015,4844,4073,771.0,16.0,40,16,118,678,25.0,514,10.0,29.0,1064,51.0,2219,58,986,3315,978,462,370,1505,3315,10.611065235342693,15.91659785301404,22.643171806167402,33.118556701030926,15.5052790346908,PIDILITIND,29.7,22.8,0.02555066079295154,False,50.6875,,False,-312,1.461236802413273
994,PIDILITIND,Mar 2016,5361,4188,1173.0,22.0,81,13,100,1141,29.0,807,16.0,26.0,1065,51.0,2587,80,996,3714,1137,158,706,1713,3714,15.05316172355904,21.88024622271964,30.591357088703564,43.15673289183223,21.72859450726979,PIDILITIND,29.7,22.8,0.030326004548900682,False,96.46153846153847,,False,-626,1.4434571890145396
995,PIDILITIND,Mar 2017,5617,4355,1262.0,22.0,115,14,115,1248,31.0,863,17.0,28.0,1066,51.0,3420,98,1202,4770,1275,148,1443,1904,4770,15.364073348762686,22.467509346626315,24.863151829443964,35.360044830484725,18.09224318658281,PIDILITIND,29.7,22.8,0.028233938346297897,False,98.35714285714286,,False,-1345,1.1775681341719078
996,PIDILITIND,Mar 2018,6078,4737,1341.0,22.0,153,16,120,1359,29.0,966,19.0,32.0,1067,51.0,3523,125,1500,5199,1342,228,1246,2383,5199,15.893385982230997,22.063178677196447,27.028539451594852,36.25304136253041,18.580496249278706,PIDILITIND,29.7,22.8,0.03497481813094572,False,93.375,,False,-1121,1.169070975187536
997,PIDILITIND,Mar 2019,7078,5707,1371.0,19.0,130,26,133,1342,31.0,928,18.0,36.0,1068,51.0,4097,113,1643,5904,1448,242,1548,2666,5904,13.111048318734106,19.369878496750495,22.372227579556416,32.17554564656184,15.718157181571815,PIDILITIND,29.7,22.8,0.027242044358727097,False,57.73076923076923,,False,-1435,1.1988482384823849
998,PIDILITIND,Mar 2020,7294,5718,1576.0,22.0,97,34,170,1470,24.0,1122,22.0,32.0,1069,51.0,4405,288,1779,6523,1807,259,1186,3270,6523,15.382506169454347,21.606800109679188,25.179533213644522,33.22091062394604,17.200674536256326,PIDILITIND,29.7,22.8,0.06463195691202872,False,49.205882352941174,,False,-898,1.11819714855128
999,PIDILITIND,Mar 2021,7293,5606,1686.0,23.0,74,37,201,1522,26.0,1126,22.0,38.0,1070,51.0,5542,331,2890,8814,4418,294,516,3586,8814,15.439462498286026,23.118058412176058,20.132308242445916,28.460499662390276,12.775130474245518,PIDILITIND,29.7,22.8,0.059181119256213124,False,47.567567567567565,,False,-185,0.827433628318584
1000,PIDILITIND,Mar 2022,9921,8065,1856.0,19.0,39,42,240,1614,25.0,1207,24.0,42.0,1071,51.0,6353,416,2675,9494,4703,225,459,4107,9494,12.166112287067836,18.707791553270837,18.847595252966894,27.21407624633431,12.71329260585633,PIDILITIND,29.7,22.8,0.06495940037476577,False,45.11904761904762,,False,-43,1.044975774173162
1001,PIDILITIND,Mar 2023,11799,9813,1986.0,17.0,55,48,270,1723,25.0,1289,25.0,44.0,1072,51.0,7161,391,2902,10505,4914,406,881,4304,10505,10.924654631748453,16.831934909738113,17.872989462007766,26.121267920557674,12.270347453593528,PIDILITIND,29.7,22.8,0.05421519689406545,False,42.520833333333336,,False,-490,1.1231794383626845
1002,PIDILITIND,Mar 2024,12383,9675,2708.0,22.0,63,51,341,2379,27.0,1747,34.0,47.0,1073,51.0,8356,382,3286,12076,5451,148,2235,4242,12076,14.108051360736493,21.868690947266415,20.780302129178065,30.81124132438275,14.466710831401125,PIDILITIND,29.7,22.8,0.045438325205186154,False,54.333333333333336,,False,-1853,1.0254223252732693
1004,PNB,Mar 2013,43071,12456,,,4310,27802,336,6786,27.0,5020,28.0,19.0,1075,50.0,568,6695,342,7655,14,4,777,6860,7655,11.655174014998492,,812.2977346278317,,65.57805355976485,PNB,1.63,8.7,10.833333333333334,True,,,False,5918,5.626518615284128
1004,PNB,Mar 2013,43071,12456,,,4310,27802,336,6786,27.0,5020,28.0,19.0,1087,50.0,568,6695,342,7655,14,4,777,6860,7655,11.655174014998492,,812.2977346278317,,65.57805355976485,PNB,1.63,8.7,10.833333333333334,True,,,False,5918,5.626518615284128
1004,PNB,Mar 2013,43071,12456,,,4310,27802,336,6786,27.0,5020,28.0,19.0,1099,50.0,568,6695,342,7655,14,4,777,6860,7655,11.655174014998492,,812.2977346278317,,65.57805355976485,PNB,1.63,8.7,10.833333333333334,True,,,False,5918,5.626518615284128
1004,PNB,Mar 2013,43071,12456,,,4310,27802,336,6786,27.0,5020,28.0,19.0,1111,50.0,568,6695,342,7655,14,4,777,6860,7655,11.655174014998492,,812.2977346278317,,65.57805355976485,PNB,1.63,8.7,10.833333333333334,True,,,False,5918,5.626518615284128
1004,PNB,Mar 2013,43071,12456,,,4310,27802,336,6786,27.0,5020,28.0,19.0,1123,50.0,568,6695,342,7655,14,4,777,6860,7655,11.655174014998492,,812.2977346278317,,65.57805355976485,PNB,1.63,8.7,10.833333333333334,True,,,False,5918,5.626518615284128
1005,PNB,Mar 2014,44958,16112,,,4710,28220,367,4969,29.0,3674,20.0,10.0,1076,66.0,868,10108,498,11540,26,3,645,10865,11540,8.172071711375061,,393.3618843683083,,31.83708838821491,PNB,1.63,8.7,10.822269807280515,True,,,False,9463,3.895840554592721
1005,PNB,Mar 2014,44958,16112,,,4710,28220,367,4969,29.0,3674,20.0,10.0,1088,66.0,868,10108,498,11540,26,3,645,10865,11540,8.172071711375061,,393.3618843683083,,31.83708838821491,PNB,1.63,8.7,10.822269807280515,True,,,False,9463,3.895840554592721
1005,PNB,Mar 2014,44958,16112,,,4710,28220,367,4969,29.0,3674,20.0,10.0,1100,66.0,868,10108,498,11540,26,3,645,10865,11540,8.172071711375061,,393.3618843683083,,31.83708838821491,PNB,1.63,8.7,10.822269807280515,True,,,False,9463,3.895840554592721
1005,PNB,Mar 2014,44958,16112,,,4710,28220,367,4969,29.0,3674,20.0,10.0,1112,66.0,868,10108,498,11540,26,3,645,10865,11540,8.172071711375061,,393.3618843683083,,31.83708838821491,PNB,1.63,8.7,10.822269807280515,True,,,False,9463,3.895840554592721
1005,PNB,Mar 2014,44958,16112,,,4710,28220,367,4969,29.0,3674,20.0,10.0,1124,66.0,868,10108,498,11540,26,3,645,10865,11540,8.172071711375061,,393.3618843683083,,31.83708838821491,PNB,1.63,8.7,10.822269807280515,True,,,False,9463,3.895840554592721
1006,PNB,Mar 2015,48710,18760,,,6175,31343,384,4397,24.0,3525,18.0,18.0,1077,104.0,1475,16481,976,19035,40,18,1586,17392,19035,7.236707041675221,,223.2425585813806,,18.51851851851852,PNB,1.63,8.7,10.437618746041798,True,,,False,14895,2.5589703178355663
1006,PNB,Mar 2015,48710,18760,,,6175,31343,384,4397,24.0,3525,18.0,18.0,1089,104.0,1475,16481,976,19035,40,18,1586,17392,19035,7.236707041675221,,223.2425585813806,,18.51851851851852,PNB,1.63,8.7,10.437618746041798,True,,,False,14895,2.5589703178355663
1006,PNB,Mar 2015,48710,18760,,,6175,31343,384,4397,24.0,3525,18.0,18.0,1101,104.0,1475,16481,976,19035,40,18,1586,17392,19035,7.236707041675221,,223.2425585813806,,18.51851851851852,PNB,1.63,8.7,10.437618746041798,True,,,False,14895,2.5589703178355663
1006,PNB,Mar 2015,48710,18760,,,6175,31343,384,4397,24.0,3525,18.0,18.0,1113,104.0,1475,16481,976,19035,40,18,1586,17392,19035,7.236707041675221,,223.2425585813806,,18.51851851851852,PNB,1.63,8.7,10.437618746041798,True,,,False,14895,2.5589703178355663
1006,PNB,Mar 2015,48710,18760,,,6175,31343,384,4397,24.0,3525,18.0,18.0,1125,104.0,1475,16481,976,19035,40,18,1586,17392,19035,7.236707041675221,,223.2425585813806,,18.51851851851852,PNB,1.63,8.7,10.437618746041798,True,,,False,14895,2.5589703178355663
1007,PNB,Mar 2016,50804,27453,,,6100,34331,413,-5293,-31.0,-3510,-19.0,-2.0,1078,127.0,2019,26014,1511,29671,58,4,1622,27987,29671,-6.908904810644831,,-163.56011183597388,,-11.829732735667823,PNB,1.63,8.7,12.122087604846225,True,,,False,24392,1.7122442789255503
1007,PNB,Mar 2016,50804,27453,,,6100,34331,413,-5293,-31.0,-3510,-19.0,-2.0,1090,127.0,2019,26014,1511,29671,58,4,1622,27987,29671,-6.908904810644831,,-163.56011183597388,,-11.829732735667823,PNB,1.63,8.7,12.122087604846225,True,,,False,24392,1.7122442789255503
1007,PNB,Mar 2016,50804,27453,,,6100,34331,413,-5293,-31.0,-3510,-19.0,-2.0,1102,127.0,2019,26014,1511,29671,58,4,1622,27987,29671,-6.908904810644831,,-163.56011183597388,,-11.829732735667823,PNB,1.63,8.7,12.122087604846225,True,,,False,24392,1.7122442789255503
1007,PNB,Mar 2016,50804,27453,,,6100,34331,413,-5293,-31.0,-3510,-19.0,-2.0,1114,127.0,2019,26014,1511,29671,58,4,1622,27987,29671,-6.908904810644831,,-163.56011183597388,,-11.829732735667823,PNB,1.63,8.7,12.122087604846225,True,,,False,24392,1.7122442789255503
1007,PNB,Mar 2016,50804,27453,,,6100,34331,413,-5293,-31.0,-3510,-19.0,-2.0,1126,127.0,2019,26014,1511,29671,58,4,1622,27987,29671,-6.908904810644831,,-163.56011183597388,,-11.829732735667823,PNB,1.63,8.7,12.122087604846225,True,,,False,24392,1.7122442789255503
1008,PNB,Mar 2017,48058,22533,,,9168,32722,430,1540,41.0,1239,6.0,0.0,1079,166.0,5412,35497,1885,42960,58,2,3280,39620,42960,2.578134753839111,,22.212262459662963,,2.884078212290503,PNB,1.63,8.7,6.3637504481893155,True,,,False,32217,1.1186685288640597
1008,PNB,Mar 2017,48058,22533,,,9168,32722,430,1540,41.0,1239,6.0,0.0,1091,166.0,5412,35497,1885,42960,58,2,3280,39620,42960,2.578134753839111,,22.212262459662963,,2.884078212290503,PNB,1.63,8.7,6.3637504481893155,True,,,False,32217,1.1186685288640597
1008,PNB,Mar 2017,48058,22533,,,9168,32722,430,1540,41.0,1239,6.0,0.0,1103,166.0,5412,35497,1885,42960,58,2,3280,39620,42960,2.578134753839111,,22.212262459662963,,2.884078212290503,PNB,1.63,8.7,6.3637504481893155,True,,,False,32217,1.1186685288640597
1008,PNB,Mar 2017,48058,22533,,,9168,32722,430,1540,41.0,1239,6.0,0.0,1115,166.0,5412,35497,1885,42960,58,2,3280,39620,42960,2.578134753839111,,22.212262459662963,,2.884078212290503,PNB,1.63,8.7,6.3637504481893155,True,,,False,32217,1.1186685288640597
1008,PNB,Mar 2017,48058,22533,,,9168,32722,430,1540,41.0,1239,6.0,0.0,1127,166.0,5412,35497,1885,42960,58,2,3280,39620,42960,2.578134753839111,,22.212262459662963,,2.884078212290503,PNB,1.63,8.7,6.3637504481893155,True,,,False,32217,1.1186685288640597
1009,PNB,Mar 2018,48725,43345,,,8883,33530,581,-19849,-37.0,-12111,-44.0,0.0,1080,167.0,6402,53777,2673,63018,255,10,2413,60340,63018,-24.855823499230375,,-184.36596133353632,,-19.218318575645053,PNB,1.63,8.7,8.186481960724615,True,,,False,51364,0.7731917864737059
1009,PNB,Mar 2018,48725,43345,,,8883,33530,581,-19849,-37.0,-12111,-44.0,0.0,1092,167.0,6402,53777,2673,63018,255,10,2413,60340,63018,-24.855823499230375,,-184.36596133353632,,-19.218318575645053,PNB,1.63,8.7,8.186481960724615,True,,,False,51364,0.7731917864737059
1009,PNB,Mar 2018,48725,43345,,,8883,33530,581,-19849,-37.0,-12111,-44.0,0.0,1104,167.0,6402,53777,2673,63018,255,10,2413,60340,63018,-24.855823499230375,,-184.36596133353632,,-19.218318575645053,PNB,1.63,8.7,8.186481960724615,True,,,False,51364,0.7731917864737059
1009,PNB,Mar 2018,48725,43345,,,8883,33530,581,-19849,-37.0,-12111,-44.0,0.0,1116,167.0,6402,53777,2673,63018,255,10,2413,60340,63018,-24.855823499230375,,-184.36596133353632,,-19.218318575645053,PNB,1.63,8.7,8.186481960724615,True,,,False,51364,0.7731917864737059
1009,PNB,Mar 2018,48725,43345,,,8883,33530,581,-19849,-37.0,-12111,-44.0,0.0,1128,167.0,6402,53777,2673,63018,255,10,2413,60340,63018,-24.855823499230375,,-184.36596133353632,,-19.218318575645053,PNB,1.63,8.7,8.186481960724615,True,,,False,51364,0.7731917864737059
1010,PNB,Mar 2019,52147,39645,,,7367,34656,584,-15370,-35.0,-9550,-21.0,0.0,1081,167.0,7268,71859,4456,83750,102,5,4457,79185,83750,-18.31361343893225,,-128.4465366509751,,-11.402985074626866,PNB,1.63,8.7,9.664963012777404,True,,,False,67402,0.6226507462686567
1010,PNB,Mar 2019,52147,39645,,,7367,34656,584,-15370,-35.0,-9550,-21.0,0.0,1093,167.0,7268,71859,4456,83750,102,5,4457,79185,83750,-18.31361343893225,,-128.4465366509751,,-11.402985074626866,PNB,1.63,8.7,9.664963012777404,True,,,False,67402,0.6226507462686567
1010,PNB,Mar 2019,52147,39645,,,7367,34656,584,-15370,-35.0,-9550,-21.0,0.0,1105,167.0,7268,71859,4456,83750,102,5,4457,79185,83750,-18.31361343893225,,-128.4465366509751,,-11.402985074626866,PNB,1.63,8.7,9.664963012777404,True,,,False,67402,0.6226507462686567
1010,PNB,Mar 2019,52147,39645,,,7367,34656,584,-15370,-35.0,-9550,-21.0,0.0,1117,167.0,7268,71859,4456,83750,102,5,4457,79185,83750,-18.31361343893225,,-128.4465366509751,,-11.402985074626866,PNB,1.63,8.7,9.664963012777404,True,,,False,67402,0.6226507462686567
1010,PNB,Mar 2019,52147,39645,,,7367,34656,584,-15370,-35.0,-9550,-21.0,0.0,1129,167.0,7268,71859,4456,83750,102,5,4457,79185,83750,-18.31361343893225,,-128.4465366509751,,-11.402985074626866,PNB,1.63,8.7,9.664963012777404,True,,,False,67402,0.6226507462686567
1011,PNB,Mar 2020,54918,25867,,,9388,36997,614,827,56.0,485,1.0,0.0,1082,168.0,7779,67736,3191,78874,250,4,2048,76572,78874,0.883134855602899,,6.1029319239964765,,0.6149047848467175,PNB,1.63,8.7,8.523467975336604,True,,,False,65688,0.6962750716332379
1011,PNB,Mar 2020,54918,25867,,,9388,36997,614,827,56.0,485,1.0,0.0,1094,168.0,7779,67736,3191,78874,250,4,2048,76572,78874,0.883134855602899,,6.1029319239964765,,0.6149047848467175,PNB,1.63,8.7,8.523467975336604,True,,,False,65688,0.6962750716332379
1011,PNB,Mar 2020,54918,25867,,,9388,36997,614,827,56.0,485,1.0,0.0,1106,168.0,7779,67736,3191,78874,250,4,2048,76572,78874,0.883134855602899,,6.1029319239964765,,0.6149047848467175,PNB,1.63,8.7,8.523467975336604,True,,,False,65688,0.6962750716332379
1011,PNB,Mar 2020,54918,25867,,,9388,36997,614,827,56.0,485,1.0,0.0,1118,168.0,7779,67736,3191,78874,250,4,2048,76572,78874,0.883134855602899,,6.1029319239964765,,0.6149047848467175,PNB,1.63,8.7,8.523467975336604,True,,,False,65688,0.6962750716332379
1011,PNB,Mar 2020,54918,25867,,,9388,36997,614,827,56.0,485,1.0,0.0,1130,168.0,7779,67736,3191,78874,250,4,2048,76572,78874,0.883134855602899,,6.1029319239964765,,0.6149047848467175,PNB,1.63,8.7,8.523467975336604,True,,,False,65688,0.6962750716332379
1012,PNB,Mar 2021,81935,38601,,,12777,50805,982,4325,38.0,2695,2.0,0.0,1083,168.0,8699,59394,3072,71333,181,2,2033,69117,71333,3.289192652712516,,30.393594225780983,,3.7780550376403625,PNB,1.63,8.7,6.69831961204466,True,,,False,57361,1.1486268627423493
1012,PNB,Mar 2021,81935,38601,,,12777,50805,982,4325,38.0,2695,2.0,0.0,1095,168.0,8699,59394,3072,71333,181,2,2033,69117,71333,3.289192652712516,,30.393594225780983,,3.7780550376403625,PNB,1.63,8.7,6.69831961204466,True,,,False,57361,1.1486268627423493
1012,PNB,Mar 2021,81935,38601,,,12777,50805,982,4325,38.0,2695,2.0,0.0,1107,168.0,8699,59394,3072,71333,181,2,2033,69117,71333,3.289192652712516,,30.393594225780983,,3.7780550376403625,PNB,1.63,8.7,6.69831961204466,True,,,False,57361,1.1486268627423493
1012,PNB,Mar 2021,81935,38601,,,12777,50805,982,4325,38.0,2695,2.0,0.0,1119,168.0,8699,59394,3072,71333,181,2,2033,69117,71333,3.289192652712516,,30.393594225780983,,3.7780550376403625,PNB,1.63,8.7,6.69831961204466,True,,,False,57361,1.1486268627423493
1012,PNB,Mar 2021,81935,38601,,,12777,50805,982,4325,38.0,2695,2.0,0.0,1131,168.0,8699,59394,3072,71333,181,2,2033,69117,71333,3.289192652712516,,30.393594225780983,,3.7780550376403625,PNB,1.63,8.7,6.69831961204466,True,,,False,57361,1.1486268627423493
1013,PNB,Mar 2022,76242,36026,,,12329,46823,896,4826,19.0,3908,4.0,18.0,1084,169.0,9632,52961,2888,65649,150,4,3472,62024,65649,5.125783688780462,,39.87348229772472,,5.95287056923944,PNB,1.63,8.7,5.403632282420161,True,,,False,49489,1.161358131883197
1013,PNB,Mar 2022,76242,36026,,,12329,46823,896,4826,19.0,3908,4.0,18.0,1096,169.0,9632,52961,2888,65649,150,4,3472,62024,65649,5.125783688780462,,39.87348229772472,,5.95287056923944,PNB,1.63,8.7,5.403632282420161,True,,,False,49489,1.161358131883197
1013,PNB,Mar 2022,76242,36026,,,12329,46823,896,4826,19.0,3908,4.0,18.0,1108,169.0,9632,52961,2888,65649,150,4,3472,62024,65649,5.125783688780462,,39.87348229772472,,5.95287056923944,PNB,1.63,8.7,5.403632282420161,True,,,False,49489,1.161358131883197
1013,PNB,Mar 2022,76242,36026,,,12329,46823,896,4826,19.0,3908,4.0,18.0,1120,169.0,9632,52961,2888,65649,150,4,3472,62024,65649,5.125783688780462,,39.87348229772472,,5.95287056923944,PNB,1.63,8.7,5.403632282420161,True,,,False,49489,1.161358131883197
1013,PNB,Mar 2022,76242,36026,,,12329,46823,896,4826,19.0,3908,4.0,18.0,1132,169.0,9632,52961,2888,65649,150,4,3472,62024,65649,5.125783688780462,,39.87348229772472,,5.95287056923944,PNB,1.63,8.7,5.403632282420161,True,,,False,49489,1.161358131883197
1014,PNB,Mar 2023,86845,41502,,,12529,51817,905,5151,35.0,3359,3.0,21.0,1085,169.0,10784,53621,2231,66805,146,3,3188,63468,66805,3.8678104669238302,,30.667397060166163,,5.02806676146995,PNB,1.63,8.7,4.895553729571807,False,,,False,50433,1.299977546590824
1014,PNB,Mar 2023,86845,41502,,,12529,51817,905,5151,35.0,3359,3.0,21.0,1097,169.0,10784,53621,2231,66805,146,3,3188,63468,66805,3.8678104669238302,,30.667397060166163,,5.02806676146995,PNB,1.63,8.7,4.895553729571807,False,,,False,50433,1.299977546590824
1014,PNB,Mar 2023,86845,41502,,,12529,51817,905,5151,35.0,3359,3.0,21.0,1109,169.0,10784,53621,2231,66805,146,3,3188,63468,66805,3.8678104669238302,,30.667397060166163,,5.02806676146995,PNB,1.63,8.7,4.895553729571807,False,,,False,50433,1.299977546590824
1014,PNB,Mar 2023,86845,41502,,,12529,51817,905,5151,35.0,3359,3.0,21.0,1121,169.0,10784,53621,2231,66805,146,3,3188,63468,66805,3.8678104669238302,,30.667397060166163,,5.02806676146995,PNB,1.63,8.7,4.895553729571807,False,,,False,50433,1.299977546590824
1014,PNB,Mar 2023,86845,41502,,,12529,51817,905,5151,35.0,3359,3.0,21.0,1133,169.0,10784,53621,2231,66805,146,3,3188,63468,66805,3.8678104669238302,,30.667397060166163,,5.02806676146995,PNB,1.63,8.7,4.895553729571807,False,,,False,50433,1.299977546590824
1015,PNB,Mar 2024,109065,39623,,,14158,68534,906,14160,35.0,9157,8.0,18.0,1086,260.0,14673,55017,2422,72371,206,15,4345,67804,72371,8.395910695456838,,61.320565191187306,,12.652858189053626,PNB,1.63,8.7,3.684256345007701,False,,,False,50672,1.5070262950629396
1015,PNB,Mar 2024,109065,39623,,,14158,68534,906,14160,35.0,9157,8.0,18.0,1098,260.0,14673,55017,2422,72371,206,15,4345,67804,72371,8.395910695456838,,61.320565191187306,,12.652858189053626,PNB,1.63,8.7,3.684256345007701,False,,,False,50672,1.5070262950629396
1015,PNB,Mar 2024,109065,39623,,,14158,68534,906,14160,35.0,9157,8.0,18.0,1110,260.0,14673,55017,2422,72371,206,15,4345,67804,72371,8.395910695456838,,61.320565191187306,,12.652858189053626,PNB,1.63,8.7,3.684256345007701,False,,,False,50672,1.5070262950629396
1015,PNB,Mar 2024,109065,39623,,,14158,68534,906,14160,35.0,9157,8.0,18.0,1122,260.0,14673,55017,2422,72371,206,15,4345,67804,72371,8.395910695456838,,61.320565191187306,,12.652858189053626,PNB,1.63,8.7,3.684256345007701,False,,,False,50672,1.5070262950629396
1015,PNB,Mar 2024,109065,39623,,,14158,68534,906,14160,35.0,9157,8.0,18.0,1134,260.0,14673,55017,2422,72371,206,15,4345,67804,72371,8.395910695456838,,61.320565191187306,,12.652858189053626,PNB,1.63,8.7,3.684256345007701,False,,,False,50672,1.5070262950629396
1017,POWERGRID,Mar 2013,13081,2244,10837.0,83.0,966,2599,3428,5776,25.0,4313,5.0,31.0,1135,4630.0,21773,69233,17748,113384,62568,35265,586,14964,113384,32.97148536044645,82.84534821496827,16.3352649320153,11.331506963904806,3.8038876737458547,POWERGRID,13.2,19.0,2.6221641480134834,False,4.541362062331666,,False,68647,0.11536901150074085
1017,POWERGRID,Mar 2013,13081,2244,10837.0,83.0,966,2599,3428,5776,25.0,4313,5.0,31.0,1148,4630.0,21773,69233,17748,113384,62568,35265,586,14964,113384,32.97148536044645,82.84534821496827,16.3352649320153,11.331506963904806,3.8038876737458547,POWERGRID,13.2,19.0,2.6221641480134834,False,4.541362062331666,,False,68647,0.11536901150074085
1018,POWERGRID,Mar 2014,15555,2588,12967.0,83.0,725,3254,4079,6359,28.0,4548,5.0,30.0,1136,5232.0,29466,84220,22562,141480,74252,50069,423,16736,141480,29.238187078109934,83.36226293796207,13.107383710876707,10.904152441177954,3.214588634435963,POWERGRID,13.2,19.0,2.427229235114416,False,4.207744314689613,,False,83797,0.1099448685326548
1018,POWERGRID,Mar 2014,15555,2588,12967.0,83.0,725,3254,4079,6359,28.0,4548,5.0,30.0,1149,5232.0,29466,84220,22562,141480,74252,50069,423,16736,141480,29.238187078109934,83.36226293796207,13.107383710876707,10.904152441177954,3.214588634435963,POWERGRID,13.2,19.0,2.427229235114416,False,4.207744314689613,,False,83797,0.1099448685326548
1019,POWERGRID,Mar 2015,17540,2613,14927.0,85.0,731,4081,5173,6404,21.0,5046,5.0,21.0,1137,5232.0,33207,96243,26102,160784,91191,53681,220,15693,160784,28.76852907639681,85.10262257696694,13.127292593459766,11.083143998455622,3.1383719773111753,POWERGRID,13.2,19.0,2.503785218137829,False,3.836804704729233,,False,96023,0.10909045676186685
1019,POWERGRID,Mar 2015,17540,2613,14927.0,85.0,731,4081,5173,6404,21.0,5046,5.0,21.0,1150,5232.0,33207,96243,26102,160784,91191,53681,220,15693,160784,28.76852907639681,85.10262257696694,13.127292593459766,11.083143998455622,3.1383719773111753,POWERGRID,13.2,19.0,2.503785218137829,False,3.836804704729233,,False,96023,0.10909045676186685
1020,POWERGRID,Mar 2016,20652,2468,18184.0,88.0,656,5086,6182,7572,21.0,5959,6.0,20.0,1138,5232.0,38738,108545,26797,179312,115094,45611,919,17688,179312,28.854348247143136,88.04958357544064,13.552422105981352,11.922761695570927,3.323257785312751,POWERGRID,13.2,19.0,2.468614964748692,False,3.7042862760519073,,False,107626,0.11517355224413313
1020,POWERGRID,Mar 2016,20652,2468,18184.0,88.0,656,5086,6182,7572,21.0,5959,6.0,20.0,1151,5232.0,38738,108545,26797,179312,115094,45611,919,17688,179312,28.854348247143136,88.04958357544064,13.552422105981352,11.922761695570927,3.323257785312751,POWERGRID,13.2,19.0,2.468614964748692,False,3.7042862760519073,,False,107626,0.11517355224413313
1021,POWERGRID,Mar 2017,25697,3247,22450.0,87.0,933,6204,7722,9457,21.0,7451,8.0,31.0,1139,5232.0,44634,118988,26809,195662,137678,38264,1165,18555,195662,28.995602599525238,87.36428376853328,14.94204467974171,13.295509730299548,3.808097637763081,POWERGRID,13.2,19.0,2.386154895118919,False,3.7690199871050933,,False,117823,0.13133362635565413
1021,POWERGRID,Mar 2017,25697,3247,22450.0,87.0,933,6204,7722,9457,21.0,7451,8.0,31.0,1152,5232.0,44634,118988,26809,195662,137678,38264,1165,18555,195662,28.995602599525238,87.36428376853328,14.94204467974171,13.295509730299548,3.808097637763081,POWERGRID,13.2,19.0,2.386154895118919,False,3.7690199871050933,,False,117823,0.13133362635565413
1022,POWERGRID,Mar 2018,29954,3993,25961.0,87.0,4065,7324,9231,13471,39.0,8204,9.0,33.0,1140,5232.0,49194,131503,39425,225354,156198,37669,1224,30264,225354,27.388662616011217,86.66955999198771,15.073678021533826,13.962856789419616,3.640494510858472,POWERGRID,13.2,19.0,2.416179767023114,False,4.099672310212998,,False,130279,0.13291976179699494
1022,POWERGRID,Mar 2018,29954,3993,25961.0,87.0,4065,7324,9231,13471,39.0,8204,9.0,33.0,1153,5232.0,49194,131503,39425,225354,156198,37669,1224,30264,225354,27.388662616011217,86.66955999198771,15.073678021533826,13.962856789419616,3.640494510858472,POWERGRID,13.2,19.0,2.416179767023114,False,4.099672310212998,,False,130279,0.13291976179699494
1023,POWERGRID,Mar 2019,35059,8140,26920.0,77.0,1505,8737,10541,9147,-10.0,10034,11.0,43.0,1141,5232.0,53857,146376,41916,247380,172740,37631,1296,35713,247380,28.62032573661542,76.78484839841411,16.981164006837144,13.10198817316818,4.056108011965398,POWERGRID,13.2,19.0,2.477212340706392,False,3.253405058944718,,False,145080,0.14172123858032176
1023,POWERGRID,Mar 2019,35059,8140,26920.0,77.0,1505,8737,10541,9147,-10.0,10034,11.0,43.0,1154,5232.0,53857,146376,41916,247380,172740,37631,1296,35713,247380,28.62032573661542,76.78484839841411,16.981164006837144,13.10198817316818,4.056108011965398,POWERGRID,13.2,19.0,2.477212340706392,False,3.253405058944718,,False,145080,0.14172123858032176
1024,POWERGRID,Mar 2020,37744,4858,32886.0,87.0,2820,9509,11607,14590,24.0,11059,12.0,47.0,1142,5232.0,59464,148270,43706,256671,181112,35177,1431,38951,256671,29.300021195421788,87.12908011869436,17.0937925064919,15.44190152418696,4.308628555621788,POWERGRID,13.2,19.0,2.2917954742178805,False,3.75496897675886,,False,146839,0.14705206275738203
1024,POWERGRID,Mar 2020,37744,4858,32886.0,87.0,2820,9509,11607,14590,24.0,11059,12.0,47.0,1155,5232.0,59464,148270,43706,256671,181112,35177,1431,38951,256671,29.300021195421788,87.12908011869436,17.0937925064919,15.44190152418696,4.308628555621788,POWERGRID,13.2,19.0,2.2917954742178805,False,3.75496897675886,,False,146839,0.14705206275738203
1025,POWERGRID,Mar 2021,39640,4734,34906.0,88.0,769,8135,12039,15501,22.0,12036,13.0,52.0,1143,5232.0,64704,143232,42539,255708,183726,24838,1486,45659,255708,30.363269424823407,88.05751765893038,17.210020590253947,16.374878030473617,4.706931343563752,POWERGRID,13.2,19.0,2.0480439258750858,False,4.385371850030731,,False,141746,0.15502057033804184
1025,POWERGRID,Mar 2021,39640,4734,34906.0,88.0,769,8135,12039,15501,22.0,12036,13.0,52.0,1156,5232.0,64704,143232,42539,255708,183726,24838,1486,45659,255708,30.363269424823407,88.05751765893038,17.210020590253947,16.374878030473617,4.706931343563752,POWERGRID,13.2,19.0,2.0480439258750858,False,4.385371850030731,,False,141746,0.15502057033804184
1026,POWERGRID,Mar 2022,41622,5796,35826.0,86.0,4692,8036,12872,19610,14.0,16824,18.0,61.0,1144,6975.0,69272,134696,40008,250950,191773,12854,3788,42536,250950,40.420931238287444,86.07467204843591,22.065130431361236,16.98373494261483,6.70412432755529,POWERGRID,13.2,19.0,1.7665744226002336,False,5.042060726729717,,False,130908,0.16585774058577407
1026,POWERGRID,Mar 2022,41622,5796,35826.0,86.0,4692,8036,12872,19610,14.0,16824,18.0,61.0,1157,6975.0,69272,134696,40008,250950,191773,12854,3788,42536,250950,40.420931238287444,86.07467204843591,22.065130431361236,16.98373494261483,6.70412432755529,POWERGRID,13.2,19.0,1.7665744226002336,False,5.042060726729717,,False,130908,0.16585774058577407
1027,POWERGRID,Mar 2023,45603,6028,39576.0,87.0,1093,9634,13333,17702,13.0,15420,17.0,67.0,1145,6975.0,76051,128584,40615,252225,185437,13772,3489,49527,252225,33.81356489704624,86.78376422603776,18.57249536289837,18.702329757572894,6.113589057389236,POWERGRID,13.2,19.0,1.5487196781731023,False,4.22140336308906,,False,125095,0.1808028545941124
1027,POWERGRID,Mar 2023,45603,6028,39576.0,87.0,1093,9634,13333,17702,13.0,15420,17.0,67.0,1158,6975.0,76051,128584,40615,252225,185437,13772,3489,49527,252225,33.81356489704624,86.78376422603776,18.57249536289837,18.702329757572894,6.113589057389236,POWERGRID,13.2,19.0,1.5487196781731023,False,4.22140336308906,,False,125095,0.1808028545941124
1028,POWERGRID,Mar 2024,45843,6017,39826.0,87.0,556,8773,13095,18514,16.0,15573,17.0,67.0,1146,9301.0,77845,123516,40168,250829,177761,18197,4163,50708,250829,33.97028990249329,86.87476823070044,17.870011245496066,18.905165620757423,6.208612241806171,POWERGRID,13.2,19.0,1.4173456039290386,False,4.60298643565485,,False,119353,0.18276594811604718
1028,POWERGRID,Mar 2024,45843,6017,39826.0,87.0,556,8773,13095,18514,16.0,15573,17.0,67.0,1159,9301.0,77845,123516,40168,250829,177761,18197,4163,50708,250829,33.97028990249329,86.87476823070044,17.870011245496066,18.905165620757423,6.208612241806171,POWERGRID,13.2,19.0,1.4173456039290386,False,4.60298643565485,,False,119353,0.18276594811604718
1030,RECLTD,Mar 2013,13634,365,13270.0,97.0,4,8083,4,5186,26.0,3833,15.0,21.0,1161,987.0,16543,107762,5277,130570,72,9,638,129851,130570,28.113539680211236,97.33020390200969,21.86537364517969,10.591258819397886,2.9355901049245614,RECLTD,10.0,22.2,6.147290359383914,True,1.6422120499814425,,False,107124,0.10441908554798192
1031,RECLTD,Mar 2014,17223,572,16650.0,97.0,6,10035,5,6617,28.0,4741,18.0,20.0,1162,987.0,19816,126173,5968,152944,73,10,1690,151170,152944,27.527143935435173,96.67305347500435,22.789982214103734,11.32838014369693,3.0998273878020717,RECLTD,10.0,22.2,6.065134836321684,True,1.6597907324364722,,False,124483,0.1126098441259546
1032,RECLTD,Mar 2015,20544,1149,19395.0,94.0,6,11840,8,7552,29.0,5344,20.0,20.0,1163,987.0,24085,150979,7404,183456,110,10,1596,181740,183456,26.012461059190027,94.4071261682243,21.31461391193363,11.016694026162874,2.912960055817199,RECLTD,10.0,22.2,6.021817166560306,True,1.638597972972973,,False,149383,0.1119832548403977
1033,RECLTD,Mar 2016,24125,1680,22445.0,93.0,4,14282,20,8147,30.0,5691,22.0,30.0,1164,987.0,27906,169212,8840,206945,254,78,2352,204261,206945,23.589637305699483,93.03626943005182,19.69681237670024,11.329850331894702,2.750006040252241,RECLTD,10.0,22.2,5.856505035821825,True,1.5718386780562947,,False,166860,0.11657686825001812
1034,RECLTD,Mar 2017,24338,1888,22450.0,92.0,24,13462,40,8972,30.0,6313,24.0,30.0,1165,1975.0,31696,167852,8723,210245,355,166,2617,207108,210245,25.938861040348428,92.2425836141014,18.749071901636423,11.140167623546692,3.002687340959357,RECLTD,10.0,22.2,4.9850613287398655,False,1.6694399049175457,,False,165235,0.11576018454660039
1035,RECLTD,Mar 2018,22658,3379,19279.0,85.0,18,13333,7,5958,25.0,4451,17.0,41.0,1166,1975.0,30613,204367,5416,242370,132,129,2948,239162,242370,19.644275752493602,85.08694500838556,13.658401865717442,8.13614399358528,1.8364484053306929,RECLTD,10.0,22.2,6.271234810359641,True,1.4473111827795695,,True,201419,0.09348516730618475
1036,RECLTD,Mar 2019,25408,1702,23705.0,93.0,33,15639,8,8090,29.0,5741,22.0,38.0,1167,1975.0,32571,244249,19659,298454,165,199,2463,295627,298454,22.59524559193955,93.29738664987406,16.618421814392402,8.502663247188796,1.9235795130907944,RECLTD,10.0,22.2,7.0702541538817805,True,1.5178719866999169,,False,241786,0.08513204714964451
1037,RECLTD,Mar 2020,29942,3981,25961.0,87.0,72,18991,12,7030,29.0,4972,19.0,44.0,1168,1975.0,33422,286289,25345,347030,166,288,2386,344190,347030,16.605437178545188,86.70429497027587,14.046388111986891,8.070292148243938,1.432729158862346,RECLTD,10.0,22.2,8.087945306099387,True,1.3708072244747511,,True,283903,0.08628072500936518
1038,RECLTD,Mar 2021,35557,3292,32265.0,91.0,15,21489,11,10780,22.0,8378,32.0,30.0,1169,1975.0,41789,329723,27380,400867,267,336,1981,398282,400867,23.562167786933657,90.74162612143881,19.143588337446303,8.638854899902809,2.089969990046574,RECLTD,10.0,22.2,7.534114797550498,True,1.5021638978081808,,False,327742,0.08870024222497735
1039,RECLTD,Mar 2022,39276,4838,34438.0,88.0,62,22051,18,12431,19.0,10036,38.0,30.0,1170,1975.0,49339,333043,26503,410860,628,6,2190,408035,410860,25.55250025460841,87.68204501476728,19.558015356432943,8.959899260323086,2.4426812052767364,RECLTD,10.0,22.2,6.490295046186226,True,1.5645548954695931,,False,330853,0.09559460643528209
1040,RECLTD,Mar 2023,39486,1858,37628.0,95.0,28,23733,24,13898,20.0,11167,42.0,30.0,1171,2633.0,55487,380790,26592,465503,641,3,3170,461689,465503,28.28090968951021,95.29453477181787,19.213695801789402,8.573055979585792,2.3989104259263634,RECLTD,10.0,22.2,6.551789401238816,True,1.5866514979142965,,False,377620,0.08482437277525601
1041,RECLTD,Mar 2024,47517,-366,47883.0,101.0,48,29948,24,17960,21.0,14145,54.0,30.0,1172,2633.0,66717,445568,33273,548191,632,24,5352,542184,548191,29.7682934528695,100.7702506471368,20.39653929343908,9.29915054435852,2.5803050396668312,RECLTD,10.0,22.2,6.4249170872386445,True,1.6004741552023507,,False,440216,0.08667964267928514
1043,RELIANCE,Mar 2013,395957,362802,33155.0,8.0,7757,3463,11232,26217,20.0,20886,15.0,13.0,1174,2936.0,179119,107219,73083,362357,133487,49952,42848,136070,362357,5.274815194579209,8.373383978563329,11.472357254675785,11.461451772368065,5.763928943003723,RELIANCE,9.61,9.25,0.5889374090247452,False,11.814034074501876,,False,64371,1.0927262340730275
1044,RELIANCE,Mar 2014,433521,398586,34935.0,8.0,8865,3836,11201,28763,22.0,22548,16.0,12.0,1175,2940.0,195747,138761,91395,428843,141417,91494,60602,135330,428843,5.2011321250873666,8.058433155487277,11.348502921680835,10.352706194732225,5.257868264143288,RELIANCE,9.61,9.25,0.698389929889726,False,11.418143899895725,,False,78159,1.0109084210305403
1045,RELIANCE,Mar 2015,374372,336923,37449.0,10.0,8528,3316,11547,31114,24.0,23640,17.0,12.0,1176,2943.0,215556,168251,117736,504486,156458,166462,76451,105115,504486,6.314574807945039,10.003151945124102,10.81927148408002,9.682999353587588,4.685957588515835,RELIANCE,9.61,9.25,0.7700309841234971,False,13.865199034981906,,False,91800,0.7420860043688031
1046,RELIANCE,Mar 2016,272583,230802,41781.0,15.0,12212,3691,11565,38737,23.0,29861,22.0,10.0,1177,2948.0,228608,194714,172727,598997,184910,228697,84015,101375,598997,10.954828437576811,15.327808410649233,12.895800583876039,9.801534238862693,4.985166870618717,RELIANCE,9.61,9.25,0.8408937794745116,False,14.628285017610404,,False,110699,0.45506571819224473
1047,RELIANCE,Mar 2017,303954,257647,46307.0,15.0,9222,3849,11646,40034,25.0,29833,22.0,11.0,1178,2959.0,260750,217475,225618,706802,198526,324837,82899,100540,706802,9.81497200234246,15.234871066016566,11.31284863239404,9.623553567865931,4.2208426122167175,RELIANCE,9.61,9.25,0.8246779594173881,False,14.426864120550793,,False,134576,0.43004122795351457
1048,RELIANCE,Mar 2018,390823,326508,64315.0,16.0,9869,8052,16706,49426,27.0,36080,27.0,10.0,1179,5922.0,287584,239843,277924,811273,403885,187022,82862,137504,811273,9.231800584919515,16.456298631349743,12.292764032081116,12.05870827544441,4.447331539444798,RELIANCE,9.61,9.25,0.8171655775350418,False,9.21311475409836,,False,156981,0.48174042523293636
1049,RELIANCE,Mar 2019,568337,484087,84250.0,15.0,8406,16495,20934,55227,28.0,39837,29.0,10.0,1180,5926.0,381186,307714,302804,997630,398374,179463,235635,184158,997630,7.00939759332931,14.823951282425742,10.290820227737708,12.125337854369295,3.9931637982017385,RELIANCE,9.61,9.25,0.7948965674016822,False,5.617217338587451,,False,72079,0.569687158565801
1050,RELIANCE,Mar 2020,596679,507413,89266.0,15.0,8570,22027,22203,53606,26.0,39880,29.0,10.0,1181,6339.0,442827,355133,358716,1163015,532658,109106,276767,244484,1163015,6.683660728800578,14.960472884080051,8.878677370949715,11.098608850688613,3.429018542323186,RELIANCE,9.61,9.25,0.7906497820404929,False,4.441639805693013,,False,78366,0.5130449736245878
1051,RELIANCE,Mar 2021,466307,385517,80790.0,17.0,22432,21189,26572,55461,3.0,53739,39.0,9.0,1182,6445.0,693727,278962,340931,1320065,541258,125953,364828,288026,1320065,11.524382005845935,17.32549586431257,7.675114114817502,8.251168890059992,4.0709359008836685,RELIANCE,9.61,9.25,0.398419245556806,False,4.871489924017179,,False,-85866,0.35324548412388784
1052,RELIANCE,Mar 2022,694673,586092,108581.0,16.0,19600,14584,29782,83815,19.0,67845,45.0,9.0,1183,6765.0,772720,319158,399979,1498622,627798,172506,394264,304054,1498622,9.76646566082171,15.630519683361813,8.703823678454365,9.883192265367367,4.527158950022088,RELIANCE,9.61,9.25,0.40944726325715053,False,8.789152495885903,,False,-75106,0.4635411731577409
1053,RELIANCE,Mar 2023,876396,734078,142318.0,16.0,12020,19571,40303,94464,22.0,74088,49.0,9.0,1184,6766.0,709106,451664,438346,1605882,724805,293752,235560,351765,1605882,8.45371270521545,16.239006111392566,10.349336194179966,12.189602718888326,4.613539475503181,RELIANCE,9.61,9.25,0.6309284341334763,False,7.886055899034285,,False,216104,0.5457412188442239
1054,RELIANCE,Mar 2024,899041,736543,162498.0,18.0,16179,23118,50832,104727,25.0,79020,51.0,10.0,1185,6766.0,786715,458991,502576,1755048,779985,338855,225672,410536,1755048,8.789365557299389,18.07459281612296,9.958650553699458,12.974182257168223,4.502440958879758,RELIANCE,9.61,9.25,0.5784524141094746,False,7.728912535686478,,False,233319,0.5122600635424216
1056,SBILIFE,Mar 2013,14870,14443,427.0,3.0,292,4,25,690,9.0,630,6.0,8.0,1187,1000.0,1736,0,50978,53714,283,3,50047,3382,53714,4.236718224613315,2.8715534633490245,23.026315789473685,15.60672514619883,1.1728785791413783,SBILIFE,13.2,12.0,0.0,False,179.75,,False,-50047,0.276836578917973
1057,SBILIFE,Mar 2014,17258,16747,511.0,3.0,344,5,35,816,11.0,728,7.0,14.0,1188,1000.0,2356,0,57284,60640,304,4,56275,4058,60640,4.218333526480473,2.9609456483949472,21.69249106078665,15.226460071513706,1.2005277044854883,SBILIFE,13.2,12.0,0.0,False,171.0,,False,-56275,0.2845976253298153
1058,SBILIFE,Mar 2015,23399,22505,794.0,3.0,183,4,34,939,13.0,815,8.0,15.0,1189,1000.0,3056,0,70064,74121,292,7,69385,4437,74121,3.4830548314030514,3.3933074062994146,20.09368836291913,19.57593688362919,1.0995534329002576,SBILIFE,13.2,12.0,0.0,False,244.25,,False,-69385,0.31568651259427155
1059,SBILIFE,Mar 2016,19324,18404,920.0,5.0,129,5,37,1007,16.0,844,8.0,14.0,1190,1000.0,3733,0,78696,83429,301,146,77843,5139,83429,4.367625750362244,4.760919064375906,17.832241707162478,19.437988590745828,1.0116386388426086,SBILIFE,13.2,12.0,0.0,False,209.8,,False,-77843,0.23162209783168922
1060,SBILIFE,Mar 2017,30548,29479,1068.0,4.0,139,5,48,1154,17.0,955,10.0,16.0,1191,1000.0,4552,0,96687,102240,507,31,95830,5871,102240,3.1262275762734055,3.496137226659683,17.201008645533143,19.236311239193082,0.9340766823161188,SBILIFE,13.2,12.0,0.0,False,241.4,,False,-95830,0.2987871674491393
1061,SBILIFE,Mar 2018,34068,32736,1332.0,4.0,156,6,59,1422,19.0,1150,12.0,17.0,1192,1000.0,5528,0,115193,121720,511,70,114436,6703,121720,3.3756017377010687,3.9098274040154988,17.61642156862745,20.40441176470588,0.9447913243509694,SBILIFE,13.2,12.0,0.0,False,248.0,,False,-114436,0.2798882681564246
1062,SBILIFE,Mar 2019,44604,43130,1474.0,3.0,266,8,92,1642,19.0,1327,13.0,15.0,1193,1000.0,6576,0,139157,146734,563,32,139325,6814,146734,2.9750695004932295,3.304636355483813,17.51583949313622,19.456177402323124,0.9043575449452751,SBILIFE,13.2,12.0,0.0,False,217.5,,False,-139325,0.30397862799351205
1063,SBILIFE,Mar 2020,43798,42447,1351.0,3.0,529,0,89,1790,21.0,1422,14.0,0.0,1194,1000.0,7743,0,156837,165580,568,13,158813,6186,165580,3.246723594684689,3.0846157358783506,16.264440123527393,15.452361889511609,0.8587993719048195,SBILIFE,13.2,12.0,0.0,False,,Debt Free,False,-158813,0.26451262229737893
1064,SBILIFE,Mar 2021,81913,81040,872.0,1.0,867,0,99,1640,11.0,1456,15.0,17.0,1195,1000.0,9400,0,216430,226830,564,1,218756,7509,226830,1.7774956356133946,1.0645440894607694,14.000000000000002,8.384615384615385,0.641890402504078,SBILIFE,13.2,12.0,0.0,False,,Debt Free,False,-218756,0.36112066305162455
1065,SBILIFE,Mar 2022,82983,82254,730.0,1.0,1032,0,75,1687,11.0,1506,15.0,13.0,1196,1000.0,10622,0,261715,273337,919,3,264437,7978,273337,1.8148295434004555,0.8796982514490921,12.958182756840475,6.281190844949235,0.5509682187190171,SBILIFE,13.2,12.0,0.0,False,,Debt Free,False,-264437,0.3035922688841979
1066,SBILIFE,Mar 2023,80636,80514,122.0,0.0,1862,10,68,1906,10.0,1721,17.0,15.0,1197,1001.0,12017,0,301582,314599,867,1,303988,9743,314599,2.1342824544868297,0.15129718736048417,13.220156706099248,0.937163926870487,0.547045604086472,SBILIFE,13.2,12.0,0.0,False,198.4,,False,-303988,0.2563135928594814
1067,SBILIFE,Mar 2024,131988,131742,246.0,0.0,1917,9,76,2078,9.0,1894,19.0,14.0,1198,1001.0,13907,0,383390,398299,1198,6,384943,12152,398299,1.4349789374791648,0.18638058005273206,12.704588140595655,1.650120740541991,0.4755221579767963,SBILIFE,13.2,12.0,0.0,False,240.33333333333334,,False,-384943,0.33137919000549837
1082,SHREECEM,Jun 2013,5418,3857,1561.0,29.0,187,193,436,1119,10.0,1004,288.0,7.0,1213,35.0,3809,1288,1028,6160,1782,133,2203,2042,6160,18.530823181985973,28.811369509043928,26.11862643080125,30.416991426344502,16.2987012987013,SHREECEM,14.8,12.2,0.3350676378772112,False,9.05699481865285,,False,-915,0.8795454545454545
1083,SHREECEM,Jun 2014,5715,4325,1390.0,24.0,104,129,550,815,3.0,787,226.0,10.0,1214,35.0,4676,1200,1418,7329,2194,758,2244,2132,7329,13.770778652668417,24.32195975503062,16.705582678836763,23.515479614278465,10.738163460226497,SHREECEM,14.8,12.2,0.25472298874973465,False,11.581395348837209,,False,-1044,0.7797789602947196
1084,SHREECEM,Jun 2015,6259,4916,1344.0,21.0,102,121,925,401,-6.0,426,122.0,20.0,1215,35.0,5241,917,1805,7998,3004,511,1662,2820,7998,6.806199073334398,21.47307876657613,8.074298711144806,21.701921524301632,5.326331582895724,SHREECEM,14.8,12.2,0.17380591357088704,False,11.950413223140496,,False,-745,0.7825706426606651
1086,SHREECEM,Mar 2017,8594,6081,2513.0,29.0,362,129,1215,1531,13.0,1339,384.0,36.0,1217,35.0,7663,1293,2175,11166,2599,710,4042,3814,11166,15.580637654177332,29.24133116127531,17.394128345024683,27.95017239461684,11.99176070213147,SHREECEM,14.8,12.2,0.16796570537802027,False,22.286821705426355,,False,-2749,0.769657890023285
1087,SHREECEM,Mar 2018,9833,7360,2473.0,25.0,389,135,899,1827,24.0,1384,397.0,13.0,1218,35.0,8862,3403,2842,15142,3589,1427,5434,4691,15142,14.075053391640393,25.15000508491813,15.55580532763853,20.10569105691057,9.140140007924977,SHREECEM,14.8,12.2,0.3824884792626728,False,21.2,,False,-2031,0.649385814291375
1088,SHREECEM,Mar 2019,12555,9758,2797.0,22.0,69,248,1472,1146,11.0,1015,289.0,21.0,1219,35.0,9636,2803,3019,15493,6182,1129,2286,5896,15493,8.084428514536041,22.277976901632815,10.495295212490953,22.422639089305758,6.551345769056994,SHREECEM,14.8,12.2,0.2898355909419915,False,11.556451612903226,,False,517,0.810365971729168
1089,SHREECEM,Mar 2020,12868,9098,3771.0,29.0,263,291,1808,1934,20.0,1544,426.0,26.0,1220,36.0,13133,3146,3629,19944,6163,1197,6358,6227,19944,11.998756605533105,29.305253341622628,11.72450451818665,23.113699049954032,7.741676694745286,SHREECEM,14.8,12.2,0.2388943731490622,False,13.862542955326461,,False,-3212,0.6452065784195748
1090,SHREECEM,Mar 2021,13560,9468,4091.0,30.0,426,251,1262,3004,24.0,2337,646.0,9.0,1221,36.0,15361,2230,3886,21513,6216,997,8500,5800,21513,17.234513274336283,30.169616519174042,15.17828148340586,23.20871390480513,10.863198995955933,SHREECEM,14.8,12.2,0.14483340910566994,False,17.99601593625498,,False,-6270,0.6303165527820388
1091,SHREECEM,Mar 2022,15010,11300,3710.0,25.0,544,263,1146,2892,19.0,1269,352.0,14.0,1222,36.0,17424,2129,4159,23749,7282,1054,9033,6380,23749,8.454363757495004,24.716855429713526,7.268041237113403,18.939200571749453,5.343382879279127,SHREECEM,14.8,12.2,0.12193585337915235,False,16.174904942965778,,False,-6904,0.6320266116468062
1092,SHREECEM,Mar 2023,17852,14893,2960.0,17.0,459,263,1661,1495,15.0,2369,664.0,28.0,1223,36.0,18600,2725,4973,26334,7481,2797,8683,7373,26334,13.270221823885278,16.580775263275825,12.711955355226442,13.857029165301249,8.99597478544847,SHREECEM,14.8,12.2,0.14622236531444516,False,13.0,,False,-5958,0.6779068884332042
1093,SHREECEM,Mar 2024,20521,16003,4518.0,22.0,597,258,1897,2959,19.0,1733,480.0,16.0,1224,36.0,20667,1656,5566,27925,9591,1930,7556,8848,27925,8.445007553238145,22.01647093221578,8.370767521615225,20.206628203408023,6.205908683974934,SHREECEM,14.8,12.2,0.07998840747717723,False,19.825581395348838,,False,-5900,0.7348612354521038
1095,SHRIRAMFIN,Mar 2013,7009,1738,2179.0,31.0,7,3092,23,2163,32.0,1463,12.0,11.0,1260,227.0,7111,33386,6550,47274,72,0,3280,43922,47274,20.873163076045085,31.088600370951635,19.937312619242302,5.350653177487477,3.0947243728053473,SHRIRAMFIN,11.3,15.9,4.549741073862088,False,0.7069857697283312,,True,30106,0.1482633159876465
1096,SHRIRAMFIN,Mar 2014,8476,2244,1999.0,24.0,4,4233,33,1970,31.0,1358,11.0,12.0,1261,227.0,8283,38630,5192,52332,155,0,2435,49742,52332,16.021708352996697,23.58423784804153,15.957696827262044,4.240560033941451,2.5949705724986623,SHRIRAMFIN,11.3,15.9,4.539365452408931,False,0.47318686510748875,,True,36195,0.16196590995948942
1097,SHRIRAMFIN,Mar 2015,9177,2781,1691.0,18.0,2,4706,43,1650,38.0,1028,8.0,22.0,1262,227.0,9039,46695,6193,62154,154,0,3037,58962,62154,11.201917838073443,18.426501035196686,11.094323332613858,3.0217472882900593,1.6539563020883612,SHRIRAMFIN,11.3,15.9,5.039391323116771,True,0.3597535061623459,,True,43658,0.14764938700646782
1098,SHRIRAMFIN,Mar 2016,10359,3447,1824.0,18.0,3,5088,38,1789,34.0,1184,9.0,19.0,1263,227.0,9949,49790,8048,68013,152,0,1340,66522,68013,11.429674679023073,17.607877208224732,11.635220125786164,3.0417236433979253,1.7408436622410421,SHRIRAMFIN,11.3,15.9,4.892885220125786,False,0.3590801886792453,,True,48450,0.15230911737461955
1099,SHRIRAMFIN,Mar 2017,10903,3712,1972.0,18.0,1,5219,35,1938,35.0,1266,10.0,7.0,1264,227.0,11105,53080,10034,74446,136,0,1518,72791,74446,11.611483078051913,18.08676511052004,11.17190257677374,3.0615413277029124,1.7005614808048786,SHRIRAMFIN,11.3,15.9,4.684080480056477,False,0.37804177045410997,,True,51562,0.1464551486983854
1100,SHRIRAMFIN,Mar 2018,13502,3288,3805.0,28.0,127,6409,37,3896,35.0,2549,20.0,10.0,1265,227.0,13463,82131,1539,97360,122,0,2456,94782,97360,18.878684639312695,28.181010220708043,18.619430241051862,3.9709458260715293,2.6181183237469186,SHRIRAMFIN,11.3,15.9,5.999342585829072,True,0.6135122484006865,,True,79675,0.1386811832374692
1101,SHRIRAMFIN,Mar 2019,15536,4171,3801.0,24.0,20,7564,43,3778,32.0,2576,20.0,11.0,1266,227.0,15736,87914,1542,105419,147,0,4126,101146,105419,16.580844490216272,24.465756951596294,16.13731754682704,3.6591353235076096,2.443582276439731,SHRIRAMFIN,11.3,15.9,5.507360771784752,True,0.5051560021152829,,True,83788,0.14737381306975023
1102,SHRIRAMFIN,Mar 2020,16561,4683,3565.0,22.0,14,8313,141,3439,27.0,2512,20.0,5.0,1267,227.0,17915,94735,1389,114266,489,0,2936,110841,114266,15.168166173540246,21.526477869693856,13.84632344835189,3.1583050577176928,2.1983792204155215,SHRIRAMFIN,11.3,15.9,5.221860875316944,True,0.4305304944063515,,True,91799,0.14493375107205994
1103,SHRIRAMFIN,Mar 2021,17422,4932,3402.0,20.0,14,9089,137,3278,24.0,2499,18.0,18.0,1268,253.0,21464,106546,1647,129910,437,0,3347,126126,129910,14.343932958328551,19.527034783606933,11.50711424229866,2.652362723466627,1.9236394426910937,SHRIRAMFIN,11.3,15.9,4.906110420407975,False,0.37583892617449666,,True,103199,0.13410822877376646
1104,SHRIRAMFIN,Mar 2022,19255,5816,3666.0,19.0,18,9773,135,3549,24.0,2721,20.0,20.0,1269,271.0,25824,114846,1328,142268,418,0,6971,134879,142268,14.131394443001819,19.03921059465074,10.427284920482851,2.601088398691651,1.9125875108949308,SHRIRAMFIN,11.3,15.9,4.401073002490898,False,0.3769569221324056,,True,107875,0.13534315517192905
1105,SHRIRAMFIN,Mar 2023,30492,8706,8799.0,29.0,16,12987,601,8214,27.0,6020,32.0,22.0,1270,374.0,43138,164202,2858,210573,3714,66,7430,199363,210573,19.742883379247015,28.856749311294767,13.835263835263836,4.236113117074439,2.8588660464541986,SHRIRAMFIN,11.3,15.9,3.7737175951461666,False,0.6787556787556788,,True,156772,0.14480488951574988
1106,SHRIRAMFIN,Mar 2024,36388,10278,10523.0,29.0,25,15588,588,9960,26.0,7399,39.0,23.0,1271,376.0,48571,195496,3823,248266,3718,0,9472,235076,248266,20.333626470264925,28.918874354182698,15.116350338120824,4.304889074344531,2.9802711607711085,SHRIRAMFIN,11.3,15.9,3.994034363699512,False,0.6766743648960739,,True,186024,0.14656859980827017
1108,SIEMENS,Sep 2011,11955,10784,1171.0,10.0,299,26,154,1290,33.0,868,,24.0,1273,68.0,3748,0,6341,10158,1169,249,0,8739,10158,7.26056043496445,9.795064826432455,22.746331236897273,30.686582809224316,8.544989171096674,SIEMENS,25.6,19.1,0.0,False,56.53846153846154,,False,0,1.1769049025398701
1109,SIEMENS,Sep 2014,10678,10559,119.0,1.0,985,31,229,844,28.0,603,17.0,35.0,1274,71.0,4304,0,5915,10290,1356,41,8,8886,10290,5.6471249297621275,1.1144409065368046,13.782857142857145,2.7199999999999998,5.860058309037901,SIEMENS,25.6,19.1,0.0,False,35.61290322580645,,False,-8,1.037706511175899
1110,SIEMENS,Sep 2015,10563,9565,998.0,9.0,943,30,224,1688,30.0,1174,33.0,30.0,1275,71.0,5046,25,5433,10576,1394,32,114,9037,10576,11.114266780270757,9.448073463978037,22.94313074066836,19.40879035394788,11.100605143721634,SIEMENS,25.6,19.1,0.004885675200312683,False,64.7,,False,-89,0.9987708018154312
1111,SIEMENS,Sep 2016,10837,9815,1021.0,9.0,3156,11,228,3938,26.0,2914,82.0,41.0,1276,71.0,6732,25,5157,11986,1227,79,110,10570,11986,26.889360524130296,9.421426594075852,42.83404380420402,14.953134153485648,24.311696979809778,SIEMENS,25.6,19.1,0.003674849331177422,False,379.72727272727275,,False,-85,0.9041381611880527
1112,SIEMENS,Sep 2017,11065,10008,1056.0,10.0,818,8,198,1669,32.0,1137,32.0,22.0,1277,71.0,7619,0,5448,13138,1365,143,0,11630,13138,10.275643922277451,9.543605964753727,14.785435630689205,13.732119635890767,8.654285279342364,SIEMENS,25.6,19.1,0.0,False,234.25,,False,0,0.8422134267011722
1113,SIEMENS,Sep 2018,12795,11468,1327.0,10.0,280,8,198,1402,36.0,901,25.0,28.0,1278,71.0,8228,0,6037,14336,1381,62,0,12893,14336,7.041813208284486,10.371238765142634,10.85672972647307,15.98987829859019,6.284877232142858,SIEMENS,25.6,19.1,0.0,False,200.875,,False,0,0.8925083705357143
1114,SIEMENS,Sep 2019,13084,11594,1490.0,11.0,398,12,199,1678,34.0,1099,31.0,23.0,1279,71.0,8978,0,6309,15358,1219,58,0,14081,15358,8.399571996331396,11.38795475389789,12.144988396507902,16.465907835119904,7.15587967183227,SIEMENS,25.6,19.1,0.0,False,157.33333333333334,,False,0,0.8519338455528064
1115,SIEMENS,Sep 2020,9946,8944,1003.0,10.0,315,30,252,1036,26.0,769,22.0,32.0,1280,71.0,9421,0,6368,15860,1196,88,0,14576,15860,7.7317514578725115,10.08445606273879,8.1015592077539,10.566793088916983,4.848675914249685,SIEMENS,25.6,19.1,0.0,False,43.93333333333333,,False,0,0.6271122320302648
1116,SIEMENS,Sep 2021,13198,11746,1452.0,11.0,321,24,297,1452,25.0,1089,31.0,26.0,1281,71.0,10276,4,7664,18015,3264,35,3,14713,18015,8.25125018942264,11.001666919230187,10.52478979414323,14.027630180658873,6.04496253122398,SIEMENS,25.6,19.1,0.0003865854837150865,False,73.875,,False,1,0.7326117124618373
1117,SIEMENS,Sep 2022,16138,14278,1860.0,12.0,487,36,317,1993,23.0,1543,43.0,23.0,1282,71.0,11539,182,8317,20109,3107,52,1,16949,20109,9.561283926137069,11.525591770975337,13.290267011197244,15.773405698778834,7.673181162663484,SIEMENS,25.6,19.1,0.015676141257536608,False,65.19444444444444,,False,181,0.8025262320354071
1118,SIEMENS,Sep 2023,19554,17067,2487.0,13.0,496,23,321,2640,26.0,1962,55.0,18.0,1283,71.0,13016,175,8384,21646,3038,50,1,18556,21646,10.03375268487266,12.718625345197914,14.991976770841292,18.752827627808777,9.064030305830178,SIEMENS,25.6,19.1,0.01337204859784519,False,129.69565217391303,,False,174,0.9033539684006283
1119,SIEMENS,Sep 2024,22240,19136,3104.0,14.0,925,60,330,3639,25.0,2718,76.0,16.0,1284,71.0,15286,279,9663,25299,3112,103,1,22082,25299,12.221223021582734,13.956834532374101,17.698769290877124,19.85162445638271,10.743507648523657,SIEMENS,25.6,19.1,0.018167610861496385,False,67.15,,False,278,0.8790861298865568
1120,SUNPHARMA,Mar 2013,11131,6346,4784.0,43.0,-90,43,336,4315,20.0,3469,14.0,9.0,1310,104.0,14886,260,5128,20377,5647,563,2412,11756,20377,31.165214266463032,42.979067469230074,23.142094729819878,31.37049180327869,17.024095794277862,SUNPHARMA,17.3,16.7,0.01734489659773182,False,109.16279069767442,,False,-2152,0.5462531285272612
1121,SUNPHARMA,Mar 2014,16080,9078,7003.0,44.0,-1968,44,409,4581,15.0,3879,15.0,10.0,1311,207.0,18318,2561,8009,29095,6817,842,2786,18650,29095,24.12313432835821,43.55099502487562,20.939271255060728,33.21160959878593,13.332187661110156,SUNPHARMA,17.3,16.7,0.13824561403508773,False,114.43181818181819,,False,-225,0.5526722804605603
1122,SUNPHARMA,Mar 2015,27392,19498,7894.0,29.0,283,579,1195,6403,14.0,5476,22.0,14.0,1312,207.0,25431,8996,14089,48723,12682,2039,2716,31286,48723,19.99123831775701,28.818633177570092,21.358920352601608,22.792631518161343,11.239045214785625,SUNPHARMA,17.3,16.7,0.35088540447772837,False,14.122625215889464,,False,6280,0.5621985509923445
1123,SUNPHARMA,Mar 2016,28487,20313,8174.0,29.0,-42,523,1038,6571,14.0,5658,19.0,5.0,1313,241.0,32742,8497,13948,55428,15872,2175,1830,35550,55428,19.861691297784954,28.693790149892934,17.154291604766094,19.705882352941178,10.207837194197879,SUNPHARMA,17.3,16.7,0.25761756056150137,False,15.548757170172085,,False,6667,0.5139460200620625
1124,SUNPHARMA,Mar 2017,31578,21476,10102.0,32.0,610,400,1265,9048,13.0,7846,29.0,12.0,1314,240.0,36400,9832,14624,61095,17675,2801,1192,39427,61095,24.846412059028438,31.99062638545823,21.413755458515286,21.737820623170943,12.842294786807432,SUNPHARMA,17.3,16.7,0.2683406113537118,False,26.78,,False,8640,0.5168671740731647
1125,SUNPHARMA,Mar 2018,26489,20858,5631.0,21.0,-135,518,1500,3479,26.0,2542,9.0,23.0,1315,240.0,38074,10385,15598,64297,18853,2465,7143,35837,64297,9.596436256559326,21.257880629695343,6.634650519392389,11.562865767264215,3.9535281583899717,SUNPHARMA,17.3,16.7,0.2710497468288354,False,10.61003861003861,,False,3242,0.4119787859464672
1126,SUNPHARMA,Mar 2019,29066,22689,6377.0,22.0,-258,555,1753,3810,16.0,3208,11.0,25.0,1316,240.0,41169,10514,12666,64590,21837,1411,7903,33439,64590,11.036950388770386,21.939723388151105,7.747108116593012,12.281647824663445,4.96671311348506,SUNPHARMA,17.3,16.7,0.25390615566664254,False,11.025225225225226,,False,2611,0.4500077411363988
1127,SUNPHARMA,Mar 2020,32838,25855,6983.0,21.0,382,303,2053,5010,16.0,4172,16.0,25.0,1317,240.0,45025,8315,14615,68194,22847,1220,10143,33984,68194,12.704793227358548,21.264997868323285,9.216834198608197,13.03284807764091,6.117840279203449,SUNPHARMA,17.3,16.7,0.18369601237158953,False,24.306930693069308,,False,-1828,0.48153796521688125
1128,SUNPHARMA,Mar 2021,33498,25028,8470.0,25.0,-3449,141,2080,2799,18.0,2272,12.0,62.0,1318,240.0,46223,3869,17291,67622,21553,1567,9612,34890,67622,6.782494477282226,25.285091647262526,4.889912403417773,16.82826035126758,3.359853302179764,SUNPHARMA,17.3,16.7,0.08327055936982115,False,35.60992907801418,,False,-5743,0.4953713288574724
1129,SUNPHARMA,Mar 2022,38654,28397,10258.0,27.0,-3505,127,2144,4481,24.0,3389,14.0,73.0,1319,240.0,47771,1290,20474,69776,22665,1287,12849,32975,69776,8.767527293423708,26.538003828840484,7.0587990252233865,20.806880184986106,4.856970878238935,SUNPHARMA,17.3,16.7,0.02686884255691404,False,53.173228346456696,,False,-11559,0.5539727126805778
1130,SUNPHARMA,Mar 2023,43886,32235,11650.0,27.0,459,172,2529,9408,9.0,8513,35.0,33.0,1320,240.0,55755,6886,17831,80712,24065,4973,14824,36849,80712,19.39798569019733,26.546051132479608,15.20314313778016,18.527059048043128,10.547378332837743,SUNPHARMA,17.3,16.7,0.12297526564871863,False,70.40116279069767,,False,-7938,0.5437357518089008
1131,SUNPHARMA,Mar 2024,48497,35479,13018.0,28.0,865,238,2557,11088,13.0,9610,40.0,34.0,1321,240.0,63427,3274,18367,85308,23211,5354,15026,41717,85308,19.815658700538176,26.84289749881436,15.094161810671148,19.446975695015013,11.2650630655976,SUNPHARMA,17.3,16.7,0.051423814535002436,False,58.331932773109244,,False,-11752,0.5684929901064378
1133,TATACONSUM,Mar 2013,7351,6581,770.0,10.0,56,84,105,637,26.0,445,6.0,36.0,1401,62.0,4748,1389,2595,8794,4434,91,578,3691,8794,6.0535981499115765,10.474765338049245,9.251559251559252,12.421358283594127,5.060268364794178,TATACONSUM,10.6,8.32,0.28877338877338876,False,9.833333333333334,,False,811,0.835910848305663
1134,TATACONSUM,Mar 2014,7738,6986,752.0,10.0,170,87,129,707,26.0,510,7.0,29.0,1402,62.0,5787,1438,2625,9911,5181,60,611,4060,9911,6.590850348927371,9.7182734556733,8.719439220379552,10.319747495540003,5.145797598627787,TATACONSUM,10.6,8.32,0.24585399213540776,False,10.597701149425287,,False,827,0.7807486631016043
1135,TATACONSUM,Mar 2015,7993,7201,792.0,10.0,-77,82,133,500,43.0,273,4.0,6.0,1403,62.0,5431,1324,2641,9458,4922,47,622,3867,9458,3.415488552483423,9.908670086325534,4.96996176952485,11.61801378905677,2.886445337280609,TATACONSUM,10.6,8.32,0.24103404332787184,False,8.71951219512195,,False,702,0.8451046732924509
1136,TATACONSUM,Mar 2016,6637,6271,366.0,6.0,38,117,117,170,99.0,-37,0.0,-999.0,1404,63.0,6184,1354,2294,9895,4662,39,1366,3828,9895,-0.5574807895133344,5.514539701672443,-0.5922842964623019,4.815155900539403,-0.3739262253663466,TATACONSUM,10.6,8.32,0.21674403713782617,False,3.452991452991453,,False,-12,0.6707427993936331
1137,TATACONSUM,Mar 2017,6780,5988,791.0,12.0,88,43,126,662,30.0,455,6.0,38.0,1405,63.0,6202,787,2499,9551,4573,63,1451,3465,9551,6.710914454277287,11.666666666666666,7.262569832402235,11.216676120249575,4.763899068160402,TATACONSUM,10.6,8.32,0.12561851556264964,False,20.441860465116278,,False,-664,0.7098733116951105
1138,TATACONSUM,Mar 2018,6815,5976,839.0,12.0,73,52,116,753,25.0,556,8.0,30.0,1406,63.0,6968,1068,2362,10461,4798,135,1161,4366,10461,8.158473954512106,12.311078503301541,7.907836723083488,10.359303617730584,5.31497944747156,TATACONSUM,10.6,8.32,0.1518987341772152,False,17.53846153846154,,False,-93,0.6514673549373865
1139,TATACONSUM,Mar 2019,7252,6466,786.0,11.0,124,78,123,735,36.0,457,6.0,39.0,1407,63.0,7269,1141,2408,10881,4913,424,1188,4355,10881,6.301709873138445,10.83838940981798,6.232951445717403,9.276525433730674,4.199981619336459,TATACONSUM,10.6,8.32,0.15561920349154393,False,11.666666666666666,,False,-47,0.6664828600312471
1140,TATACONSUM,Mar 2020,9637,8345,1292.0,13.0,-163,69,242,809,34.0,460,5.0,54.0,1408,92.0,13723,1586,3072,18473,11656,95,1323,5399,18473,4.77326968973747,13.406661824219155,3.329714078899747,8.389065645087982,2.490120716721702,TATACONSUM,10.6,8.32,0.11480275063336953,False,16.36231884057971,,False,263,0.5216802901531965
1141,TATACONSUM,Mar 2021,11602,10058,1544.0,13.0,91,73,255,1311,24.0,930,9.0,44.0,1409,92.0,14442,1634,4050,20218,12023,113,806,7276,20218,8.015859334597483,13.308050336148941,6.398789046374019,9.549727857496288,4.599861509545949,TATACONSUM,10.6,8.32,0.11242603550295859,False,22.397260273972602,,False,828,0.5738450885349689
1142,TATACONSUM,Mar 2022,12425,10707,1719.0,14.0,88,87,278,1456,26.0,1015,10.0,60.0,1410,92.0,15050,1412,4521,21075,12599,247,797,7431,21075,8.169014084507042,13.835010060362174,6.703209615638621,10.384197172888728,4.816132858837485,TATACONSUM,10.6,8.32,0.09325056135252939,False,20.770114942528735,,False,615,0.5895610913404508
1143,TATACONSUM,Mar 2023,13783,11927,1856.0,13.0,328,130,304,1794,25.0,1320,12.0,65.0,1411,93.0,16184,1600,4886,22762,13070,295,1433,7965,22762,9.577015163607342,13.465863745193355,8.109602506604412,10.38205515466801,5.799138915736754,TATACONSUM,10.6,8.32,0.09829821220126558,False,16.8,,False,167,0.6055267551181794
1144,TATACONSUM,Mar 2024,15206,12922,2284.0,15.0,-81,87,377,1696,23.0,1215,12.0,64.0,1412,95.0,15962,3477,8345,27879,19358,190,871,7461,27879,7.9902669998684726,15.020386689464685,7.566793298872766,11.692433705334288,4.358119014311847,TATACONSUM,10.6,8.32,0.21654107242947002,False,25.32183908045977,,False,2606,0.5454284586965099
1146,TATAMOTORS,Mar 2013,188793,164197,24596.0,13.0,213,3560,7601,13647,28.0,9976,35.0,6.0,1466,638.0,36999,53716,76977,168330,55512,18454,8765,85600,168330,5.284094219595007,13.02802540348424,26.505832026994714,26.924129475769814,5.9264539891879044,TATAMOTORS,20.1,49.4,1.427212583362117,False,6.968820224719101,,False,44951,1.1215647834610587
1147,TATAMOTORS,Mar 2014,232834,197980,34853.0,15.0,-157,4749,11078,18869,25.0,14050,48.0,5.0,1467,644.0,64960,60642,92180,218426,69092,33263,10687,105385,218426,6.034342063444342,14.96903373218688,21.416377050179864,27.607211317586298,6.432384423099815,TATAMOTORS,20.1,49.4,0.9243643680263398,False,7.305959149294588,,False,49955,1.0659628432512613
1148,TATAMOTORS,Mar 2015,263159,223920,39239.0,15.0,714,4861,13389,21703,35.0,14073,48.0,0.0,1468,644.0,55618,73610,107442,237315,88479,28640,15337,104858,237315,5.347717539586334,14.910757374819026,25.013330489495573,30.21359492423309,5.9300929144807535,TATAMOTORS,20.1,49.4,1.3083431090256301,False,8.219090722073647,,False,58273,1.10890167077513
1149,TATAMOTORS,Mar 2016,273046,234650,38395.0,14.0,-2670,4889,16711,14126,21.0,11678,40.0,1.0,1469,679.0,78273,69360,114872,263184,107232,25919,23767,106266,263184,4.276935021937695,14.061733187814507,14.791265579086026,25.88799287987486,4.437199829776886,TATAMOTORS,20.1,49.4,0.8785084608369642,False,7.307220290447944,,False,45593,1.0374718827892273
1150,TATAMOTORS,Mar 2017,269693,240104,29589.0,11.0,1869,4238,17905,9315,35.0,7557,26.0,0.0,1470,679.0,57383,78604,135914,272580,95944,33699,20338,122600,272580,2.8020749518897414,10.971363735803303,13.015397333884469,21.650593417528867,2.7723970944309926,TATAMOTORS,20.1,49.4,1.3537942199717543,False,7.422840962718263,,False,58266,0.9894086139848852
1151,TATAMOTORS,Mar 2018,291550,260093,31458.0,11.0,5933,4682,21554,11155,39.0,9091,31.0,0.0,1471,679.0,94749,88950,142813,327192,121414,40034,20813,144932,327192,3.1181615503344196,10.789915966386554,9.526554051221863,17.06168848778054,2.778490916648329,TATAMOTORS,20.1,49.4,0.9321163599782034,False,7.986117043998291,,False,68137,0.8910670187535148
1152,TATAMOTORS,Mar 2019,301938,277274,24664.0,8.0,-26686,5759,23591,-31371,-8.0,-28724,-100.0,0.0,1472,679.0,59500,106175,139349,305703,111234,31884,15771,146814,305703,-9.513211321529585,8.16856440726242,-47.73093604081158,14.826213977421643,-9.396047798026189,TATAMOTORS,20.1,49.4,1.7643197793250136,False,-0.35110262198298314,,True,90404,0.9876841247877842
1153,TATAMOTORS,Mar 2020,261068,243081,17987.0,7.0,102,7243,21425,-10580,4.0,-11975,-39.0,0.0,1473,720.0,62359,124788,132313,320179,127107,35622,16308,141141,320179,-4.586927543781696,6.889775843841452,-18.984131010320393,9.574326518228322,-3.740095384144494,TATAMOTORS,20.1,49.4,1.9782812029360008,False,2.4974458097473424,,False,108480,0.8153813960315949
1154,TATAMOTORS,Mar 2021,249795,217507,32287.0,13.0,-11118,8097,23547,-10474,24.0,-13395,-41.0,0.0,1474,766.0,54481,142131,144193,341570,138708,20964,24620,157278,341570,-5.362397165675854,12.92539882703817,-24.245660397849658,16.357952760692683,-3.921597329976286,TATAMOTORS,20.1,49.4,2.5726464785418215,False,2.6144250957144624,,False,117511,0.7313142254881869
1155,TATAMOTORS,Mar 2022,278454,253734,24720.0,9.0,2424,9312,24836,-7003,60.0,-11309,-34.0,0.0,1475,766.0,43795,146449,138051,329061,138855,10251,29380,150575,329061,-4.061353042154179,8.877588398801956,-25.378694374004173,12.941730799434584,-3.4367488094912497,TATAMOTORS,20.1,49.4,3.2864836965059134,False,2.9149484536082473,,False,117069,0.846207845961691
1156,TATAMOTORS,Mar 2023,345967,314151,31816.0,9.0,6664,10225,24860,3394,21.0,2690,7.0,32.0,1476,766.0,44556,134113,155239,334674,132080,14274,26379,161941,334674,0.7775308049611668,9.196252821800924,5.935307356250828,17.73121185944771,0.8037672481280291,TATAMOTORS,20.1,49.4,2.9591147786946737,False,3.763325183374083,,False,107734,1.0337432845097019
1157,TATAMOTORS,Mar 2024,437928,378389,59538.0,14.0,5673,9986,27270,27955,-14.0,31807,94.0,7.0,1477,766.0,84152,107262,177340,369521,121285,35698,22971,189566,369521,7.263066074788551,13.595385542828959,37.45613415294755,30.98033093974399,8.607629877598297,TATAMOTORS,20.1,49.4,1.2631244259167667,False,6.530242339274985,,False,84291,1.1851234435931923
1159,TATAPOWER,Mar 2013,33177,27583,5595.0,17.0,375,2642,2052,1277,92.0,123,0.0,-319.0,1453,237.0,12098,37882,17038,67257,41353,2358,3120,20426,67257,0.37073876480694457,16.864092594267113,0.9971625456019456,11.141645259573451,0.18288059235469914,TATAPOWER,11.1,11.3,3.0710985002026754,False,2.259651778955337,,False,34762,0.49328694410990676
1160,TATAPOWER,Mar 2014,35726,28810,6916.0,19.0,229,3440,2730,975,99.0,12,-1.0,-114.0,1454,237.0,12164,40173,18810,71383,43394,3389,3019,21582,71383,0.033588982813637126,19.35845042825953,0.0967663898072736,13.15479134172785,0.016810725242704848,TATAPOWER,11.1,11.3,3.2394968147730023,False,2.07703488372093,,False,37154,0.5004833083507277
1161,TATAPOWER,Mar 2015,33593,27292,6301.0,19.0,1056,3699,2174,1484,72.0,457,1.0,210.0,1455,270.0,14048,40607,20260,75185,44726,3323,3445,23692,75185,1.3604024647992141,18.756883874616737,3.1917865623690456,11.47200728265817,0.607834009443373,TATAPOWER,11.1,11.3,2.836080458164548,False,1.9889159232224927,,False,37162,0.4468045487796768
1162,TATAPOWER,Mar 2016,29494,27389,2105.0,7.0,4060,3236,1649,1281,53.0,786,2.0,53.0,1456,270.0,11363,38849,19575,70057,36414,1345,11785,20513,70057,2.664948803146403,7.137044822675799,6.7566405914209575,4.169803098133988,1.1219435602438015,TATAPOWER,11.1,11.3,3.3395512765408752,False,1.9051297898640296,,False,27064,0.42100004282227327
1163,TATAPOWER,Mar 2017,27588,22114,5473.0,20.0,1297,3365,1956,1450,24.0,1100,3.0,39.0,1457,270.0,12944,48815,20799,82829,46595,2178,11873,22184,82829,3.9872408293460926,19.838335508191967,8.32450431360678,8.823292331006465,1.3280372816284152,TATAPOWER,11.1,11.3,3.694187982442864,False,2.011887072808321,,False,36942,0.33307175023240654
1164,TATAPOWER,Mar 2018,26840,24545,2295.0,9.0,6586,3761,2346,2773,6.0,2611,9.0,15.0,1458,270.0,16129,48589,16903,81892,44656,1653,12429,23154,81892,9.728017883755587,8.550670640834575,15.921702542837979,3.5314211854496214,3.1883456259463685,TATAPOWER,11.1,11.3,2.962924568571254,False,2.3613400691305504,,False,36160,0.32774874224588485
1165,TATAPOWER,Mar 2019,29881,26811,3070.0,10.0,7186,4170,2393,3693,29.0,2606,9.0,15.0,1459,270.0,18035,48506,17262,84073,44305,2576,13542,23651,84073,8.721261001974499,10.27408721261002,14.236547391423107,4.595051713041266,3.099687176620318,TATAPOWER,11.1,11.3,2.649877082764272,False,2.4594724220623503,,False,34964,0.3554173159040358
1166,TATAPOWER,Mar 2020,29136,22331,6805.0,23.0,2280,4494,2634,1958,33.0,1316,4.0,41.0,1460,270.0,19296,51936,18172,89674,47666,1612,14535,25861,89674,4.516749038989566,23.355985722130697,6.725953184094859,9.517216301641913,1.4675379708722707,TATAPOWER,11.1,11.3,2.6544004906470406,False,2.021584334668447,,False,37401,0.3249102303900796
1167,TATAPOWER,Mar 2021,32703,25782,6921.0,21.0,1775,4010,2745,1941,26.0,1439,4.0,44.0,1461,320.0,22003,46708,29625,98655,52179,3270,13149,30056,98655,4.400207931994006,21.163196037060818,6.446266182860727,10.02593037910504,1.4586184177183112,TATAPOWER,11.1,11.3,2.092371097074766,False,2.1685785536159603,,False,33559,0.3314885206020982
1168,TATAPOWER,Mar 2022,42816,35785,7031.0,16.0,2486,3859,3122,2535,15.0,2156,5.0,32.0,1462,320.0,22122,51195,38913,112550,57389,4635,14160,36365,112550,5.035500747384155,16.421431240657697,9.606986899563319,9.548189089723916,1.9155930697467793,TATAPOWER,11.1,11.3,2.281213795561893,False,2.466182948950505,,False,37035,0.38041759218125276
1169,TATAPOWER,Mar 2023,55109,47381,7728.0,14.0,5540,4372,3439,5457,30.0,3810,10.0,19.0,1463,320.0,28468,52923,46386,128096,61747,5376,16670,44303,128096,6.913571285996843,14.023117821045563,13.234681117132139,9.457722950398354,2.97433175118661,TATAPOWER,11.1,11.3,1.8383701542309296,False,3.0347666971637692,,False,36253,0.43021640019985014
1170,TATAPOWER,Mar 2024,61449,50714,10735.0,17.0,3416,4633,3786,5732,25.0,4280,12.0,17.0,1464,320.0,32036,53689,53010,139054,67210,11561,16316,43968,139054,6.965125551270159,17.469771680580646,13.227840276919272,12.476029984310536,3.0779409438060035,TATAPOWER,11.1,11.3,1.659321300531586,False,3.054392402331103,,False,37373,0.4419074604110633
1172,TATASTEEL,Mar 2013,134712,130746,3965.0,3.0,1445,3968,5575,-4133,78.0,-7272,-6.0,-11.0,1427,971.0,33201,68529,44176,146876,68002,14277,3258,61340,146876,-5.398182789951898,2.943316111408041,-21.280580592297788,3.8607219014420506,-4.951115226449522,TATASTEEL,7.02,6.55,2.0054137890670725,False,1.3634072580645162,,True,65271,0.9171818404640649
1173,TATASTEEL,Mar 2014,148614,132430,16184.0,11.0,716,4337,5841,6722,45.0,3665,3.0,27.0,1428,971.0,39561,81629,49443,171604,74907,26822,5093,64781,171604,2.466120284764558,10.889956531686112,9.042238231520773,13.24809063449055,2.1357311018391183,TATASTEEL,7.02,6.55,2.0139396032764236,False,3.896702789946968,,False,76536,0.8660287638982774
1174,TATASTEEL,Mar 2015,139504,136095,3409.0,2.0,5994,4848,5944,-1388,99.0,-3939,-3.0,-20.0,1429,971.0,30378,80701,47059,159109,68100,28678,3455,58876,159109,-2.8235749512558783,2.4436575295332035,-12.564994098695333,3.0423917893797414,-2.475661339082013,TATASTEEL,7.02,6.55,2.574276691441513,False,1.939562706270627,,False,77246,0.8767825830091321
1175,TATASTEEL,Mar 2016,101965,102590,-625.0,-1.0,10346,4221,5306,193,99.0,-497,0.0,-203.0,1430,970.0,42762,81987,51165,176884,72200,35996,10714,57974,176884,-0.4874221546609131,-0.6129554258814298,-1.136467575230952,-0.4971404481422856,-0.2809751023269488,TATASTEEL,7.02,6.55,1.8747599012165006,False,2.3030087656953326,,False,71273,0.5764512335768074
1176,TATASTEEL,Mar 2017,112299,99156,13144.0,12.0,-3789,5072,5673,-1391,99.0,-4169,-4.0,-23.0,1431,970.0,36849,83014,51614,172447,92007,15784,12457,52200,172447,-3.712410618082084,11.704467537555988,-11.023559586451254,10.87782311123617,-2.4175543790265994,TATASTEEL,7.02,6.55,2.195034242047648,False,1.8444400630914826,,False,70557,0.6512087771895133
1177,TATASTEEL,Mar 2018,123249,101816,21433.0,17.0,10898,5455,5742,21135,16.0,17743,12.0,9.0,1432,1145.0,59726,92147,55704,208722,96105,16614,17899,78103,208722,14.396060008600475,17.38999910749783,29.148527213287117,14.006848867453503,8.500780943072604,TATASTEEL,7.02,6.55,1.5138078888140494,False,5.926856095325389,,False,74248,0.5904935751861328
1178,TATASTEEL,Mar 2019,157669,128351,29318.0,19.0,1524,7660,7342,15841,42.0,9122,9.0,15.0,1433,1145.0,67780,100816,63032,232773,124442,18641,5738,83952,232773,5.785538057576315,18.59465081912107,13.234675371780922,17.272197053157456,3.918839384292852,TATASTEEL,7.02,6.55,1.4626913311570549,False,4.026370757180157,,False,95078,0.6773508955076405
1179,TATASTEEL,Mar 2020,139817,122354,17463.0,12.0,-2884,7533,8441,-1395,-99.0,1174,1.0,74.0,1434,1145.0,72431,116328,59245,249149,134551,19497,6285,88816,249149,0.8396689959017859,12.489897508886616,1.5956290094596066,9.19569887943382,0.4712039783422771,TATASTEEL,7.02,6.55,1.5810590409916276,False,1.93535112173105,,False,110043,0.5611782507656061
1180,TATASTEEL,Mar 2021,156294,125790,30504.0,20.0,180,7607,9234,13844,41.0,8190,6.0,40.0,1435,1198.0,73041,88501,81169,243909,135775,19007,10682,78445,243909,5.240124380974318,19.517063994779072,11.031937391398053,18.74400884846995,3.357809674919745,TATASTEEL,7.02,6.55,1.19210926871321,False,4.033653214144866,,False,77819,0.6407881627984208
1181,TATASTEEL,Mar 2022,243959,180469,63490.0,26.0,1300,5462,9101,50227,17.0,41749,33.0,16.0,1436,1221.0,113222,75561,92417,282422,133288,22046,13140,113948,282422,17.113121467131773,26.02486483384503,36.48016916718366,33.41508599818951,14.782488616325923,TATASTEEL,7.02,6.55,0.6602500808262629,False,11.861955327718784,,False,62421,0.8638101847589778
1182,TATASTEEL,Mar 2023,243353,211053,32300.0,13.0,1569,6299,9335,18235,56.0,8075,7.0,50.0,1437,1221.0,101861,84893,97421,285396,146621,31213,8410,99151,285396,3.3182249653795104,13.272899861518042,7.833569391358336,17.183136055326507,2.829401953776507,TATASTEEL,7.02,6.55,0.8235482431462331,False,5.376885219876171,,False,76483,0.8526853915261602
1183,TATASTEEL,Mar 2024,229171,206923,22248.0,10.0,-6005,7508,9882,-1147,99.0,-4910,-4.0,-101.0,1438,1247.0,90788,87082,90195,269312,148814,34356,6258,79885,269312,-2.1425049417247384,9.70803461170916,-5.334926929972293,12.42093156986774,-1.823164211026616,TATASTEEL,7.02,6.55,0.9461835171402184,False,2.1634256792754396,,False,80824,0.8509498277091255
1185,TCS,Mar 2013,62989,44950,18040.0,29.0,1178,48,1080,18090,22.0,14076,36.0,31.0,1414,196.0,38350,332,13054,51932,9828,1895,1897,38312,51932,22.346758957913288,28.639921256092332,36.51740777253152,46.40156386645404,27.104675344681507,TCS,64.3,0.52,0.008613085663882115,False,400.375,,False,-1565,1.2129130401294
1186,TCS,Mar 2014,81809,56657,25153.0,31.0,1637,39,1349,25402,24.0,19332,49.0,33.0,1415,196.0,48999,297,17337,66829,9544,3168,3434,50682,66829,23.630651884267014,30.746005940666677,39.29667649151337,50.82235512810151,28.927561388020173,TCS,64.3,0.52,0.006037198902327472,False,686.9230769230769,,False,-3137,1.224154184560595
1187,TCS,Mar 2015,94648,70167,24482.0,26.0,3720,104,1799,26298,24.0,20060,51.0,78.0,1416,196.0,50439,358,22325,73318,11638,2766,1662,57252,73318,21.194320006761895,25.866368016228552,39.616865804285574,48.0105112466417,27.36026623748602,TCS,64.3,0.52,0.007070208353905401,False,271.1730769230769,,False,-1304,1.2909244660247143
1188,TCS,Mar 2016,108646,77969,30677.0,28.0,3084,33,1888,31840,24.0,24338,62.0,35.0,1417,197.0,70875,245,16974,88291,11774,1670,22822,52025,88291,22.401192864900686,28.2357380851573,34.2441467807294,43.01498941346383,27.565663544415624,TCS,64.3,0.52,0.0034472084646555608,False,1023.060606060606,,False,-22577,1.23054444960415
1189,TCS,Mar 2017,117966,85655,32311.0,27.0,4221,32,1987,34513,24.0,26357,67.0,35.0,1418,197.0,86017,289,15830,102333,11701,1541,41980,47111,102333,22.342878456504415,27.390095451231712,30.571600900085834,37.35246176433187,25.75610995475555,TCS,64.3,0.52,0.003352123785000116,False,1141.625,,False,-41691,1.152765969921726
1190,TCS,Mar 2018,123104,90588,32516.0,26.0,3642,52,2014,34092,24.0,25880,67.0,37.0,1419,191.0,84937,247,19751,105126,11973,1278,36008,55867,105126,21.02287496750715,26.41343904341045,30.401278075368854,38.08609077598828,24.618077354793297,TCS,64.3,0.52,0.002901513015694014,False,695.3461538461538,,False,-35761,1.1710138310218214
1191,TCS,Mar 2019,146463,106957,39506.0,27.0,4311,198,2056,41563,24.0,31562,84.0,36.0,1420,375.0,89071,62,24393,113901,12290,963,29330,71318,113901,21.549469831971216,26.973365286795982,35.28609440332715,44.136836930777136,27.710028884733234,TCS,64.3,0.52,0.000693155646982537,False,221.2979797979798,,False,-29268,1.2858798430215714
1192,TCS,Mar 2020,156949,114840,42109.0,27.0,4592,924,3529,42248,23.0,32447,86.0,85.0,1421,375.0,83751,8174,27827,120127,20928,906,26356,71937,120127,20.673594607165384,26.829734499741953,38.56952666238737,45.62188515709643,27.010580469003635,TCS,64.3,0.52,0.09716377814231035,False,50.54220779220779,,False,-18182,1.3065255937466183
1193,TCS,Mar 2021,164177,117631,46546.0,28.0,1916,637,4065,43760,26.0,32562,88.0,43.0,1422,370.0,86063,7795,35764,129992,21021,926,29373,78672,129992,19.833472410873632,28.351108864213625,37.67311096456215,49.39720677505625,25.04923379900302,TCS,64.3,0.52,0.09018546157139055,False,76.0784929356358,,False,-21578,1.2629777217059512
1194,TCS,Mar 2022,191754,138697,53057.0,28.0,4018,784,4604,51687,26.0,38449,105.0,41.0,1423,366.0,88773,7818,43967,140924,21298,1205,30485,87936,140924,20.051211448001087,27.669305464292794,43.13375739014349,54.72219643759605,27.283500326417077,TCS,64.3,0.52,0.08770571803587655,False,72.79974489795919,,False,-22667,1.3606908688371038
1195,TCS,Mar 2023,225458,166199,59259.0,26.0,3449,779,5022,56907,26.0,42303,115.0,100.0,1424,366.0,90058,7688,44747,142859,20515,1234,37163,83947,142859,18.763139919630266,26.283831134845514,46.7829337344068,60.39933953033268,29.61171504770438,TCS,64.3,0.52,0.08502167566132886,False,80.49807445442876,,False,-29475,1.5781854835887132
1196,TCS,Mar 2024,240893,176597,64296.0,27.0,3464,778,4985,61997,26.0,46099,127.0,58.0,1425,362.0,90127,8021,46962,145472,19604,1564,31762,92542,145472,19.136712150207767,26.690688396923118,50.944313673485176,65.26850065983149,31.689259788825343,TCS,64.3,0.52,0.0886406082507266,False,87.09511568123393,,False,-23741,1.6559406621205455
1198,TECHM,Mar 2013,6873,5451,1422.0,21.0,-141,103,200,978,24.0,1307,25.0,5.0,1388,128.0,5298,1380,2178,8984,1245,34,4099,3607,8984,19.01644114651535,20.689655172413794,24.087725764835973,20.893329415221864,14.548085485307213,TECHM,11.9,8.63,0.25433099889421307,False,12.436893203883495,,False,-2719,0.765026714158504
1198,TECHM,Mar 2013,6873,5451,1422.0,21.0,-141,103,200,978,24.0,1307,25.0,5.0,1440,128.0,5298,1380,2178,8984,1245,34,4099,3607,8984,19.01644114651535,20.689655172413794,24.087725764835973,20.893329415221864,14.548085485307213,TECHM,11.9,8.63,0.25433099889421307,False,12.436893203883495,,False,-2719,0.765026714158504
1199,TECHM,Mar 2014,18802,14630,4172.0,22.0,244,80,522,3815,20.0,3062,32.0,15.0,1389,234.0,8948,363,6394,15940,2594,266,1472,11607,15940,16.28550154238911,22.189128816083397,33.34785449793073,43.708748035620744,19.209535759096614,TECHM,11.9,8.63,0.03953387061642344,False,55.2,,False,-1109,1.1795483061480552
1199,TECHM,Mar 2014,18802,14630,4172.0,22.0,244,80,522,3815,20.0,3062,32.0,15.0,1441,234.0,8948,363,6394,15940,2594,266,1472,11607,15940,16.28550154238911,22.189128816083397,33.34785449793073,43.708748035620744,19.209535759096614,TECHM,11.9,8.63,0.03953387061642344,False,55.2,,False,-1109,1.1795483061480552
1200,TECHM,Mar 2015,22621,18428,4193.0,19.0,106,69,611,3618,27.0,2659,27.0,22.0,1390,480.0,11768,700,6899,19848,4033,568,2103,13145,19848,11.754564342867248,18.535873745634586,21.70966688438929,32.3833796725363,13.396815800080613,TECHM,11.9,8.63,0.057152188112344876,False,62.30434782608695,,False,-1403,1.1397118097541314
1200,TECHM,Mar 2015,22621,18428,4193.0,19.0,106,69,611,3618,27.0,2659,27.0,22.0,1442,480.0,11768,700,6899,19848,4033,568,2103,13145,19848,11.754564342867248,18.535873745634586,21.70966688438929,32.3833796725363,13.396815800080613,TECHM,11.9,8.63,0.057152188112344876,False,62.30434782608695,,False,-1403,1.1397118097541314
1201,TECHM,Mar 2016,26494,22234,4260.0,16.0,453,97,759,3857,22.0,3027,31.0,35.0,1391,436.0,14155,1091,6843,22525,4309,629,1297,16289,22525,11.425228353589493,16.0791122518306,20.745665136042764,27.164902435913785,13.438401775804662,TECHM,11.9,8.63,0.07477211979987664,False,48.58762886597938,,False,-206,1.176204217536071
1201,TECHM,Mar 2016,26494,22234,4260.0,16.0,453,97,759,3857,22.0,3027,31.0,35.0,1443,436.0,14155,1091,6843,22525,4309,629,1297,16289,22525,11.425228353589493,16.0791122518306,20.745665136042764,27.164902435913785,13.438401775804662,TECHM,11.9,8.63,0.07477211979987664,False,48.58762886597938,,False,-206,1.176204217536071
1202,TECHM,Mar 2017,29141,24956,4184.0,14.0,775,129,978,3853,26.0,2851,29.0,28.0,1392,439.0,15998,1366,8254,26057,6460,373,2396,16828,26057,9.783466593459387,14.357777701520194,17.34501429701284,23.50165702409706,10.941397705031278,TECHM,11.9,8.63,0.08310518951146803,False,38.44186046511628,,False,-1030,1.1183559120389914
1202,TECHM,Mar 2017,29141,24956,4184.0,14.0,775,129,978,3853,26.0,2851,29.0,28.0,1444,439.0,15998,1366,8254,26057,6460,373,2396,16828,26057,9.783466593459387,14.357777701520194,17.34501429701284,23.50165702409706,10.941397705031278,TECHM,11.9,8.63,0.08310518951146803,False,38.44186046511628,,False,-1030,1.1183559120389914
1203,TECHM,Mar 2018,30773,26063,4710.0,15.0,1417,162,1085,4879,22.0,3786,39.0,33.0,1393,442.0,18401,2397,9192,30431,7622,240,4841,17728,30431,12.302992883371786,15.305625060930037,20.092341983760548,22.175141242937855,12.441260556669185,TECHM,11.9,8.63,0.12720904314599585,False,37.82098765432099,,False,-2444,1.0112385396470704
1203,TECHM,Mar 2018,30773,26063,4710.0,15.0,1417,162,1085,4879,22.0,3786,39.0,33.0,1445,442.0,18401,2397,9192,30431,7622,240,4841,17728,30431,12.302992883371786,15.305625060930037,20.092341983760548,22.175141242937855,12.441260556669185,TECHM,11.9,8.63,0.12720904314599585,False,37.82098765432099,,False,-2444,1.0112385396470704
1204,TECHM,Mar 2019,34742,28471,6271.0,18.0,534,133,1129,5543,23.0,4289,44.0,29.0,1394,444.0,19841,1996,11166,33446,7061,276,7342,18766,33446,12.345288123884636,18.050198606873526,21.143702243036728,28.14505632601768,12.823656042576093,TECHM,11.9,8.63,0.09839783090953907,False,51.16541353383459,,False,-5346,1.0387490282843987
1204,TECHM,Mar 2019,34742,28471,6271.0,18.0,534,133,1129,5543,23.0,4289,44.0,29.0,1446,444.0,19841,1996,11166,33446,7061,276,7342,18766,33446,12.345288123884636,18.050198606873526,21.143702243036728,28.14505632601768,12.823656042576093,TECHM,11.9,8.63,0.09839783090953907,False,51.16541353383459,,False,-5346,1.0387490282843987
1205,TECHM,Mar 2020,36868,31365,5503.0,15.0,1192,192,1446,5058,23.0,3897,42.0,32.0,1395,436.0,21377,3670,11834,37318,8872,50,5848,22548,37318,10.570142128675274,14.926223283063903,17.865493054600467,21.594788682651178,10.442681815745752,TECHM,11.9,8.63,0.16824829230275523,False,34.869791666666664,,False,-2178,0.9879414759633421
1205,TECHM,Mar 2020,36868,31365,5503.0,15.0,1192,192,1446,5058,23.0,3897,42.0,32.0,1447,436.0,21377,3670,11834,37318,8872,50,5848,22548,37318,10.570142128675274,14.926223283063903,17.865493054600467,21.594788682651178,10.442681815745752,TECHM,11.9,8.63,0.16824829230275523,False,34.869791666666664,,False,-2178,0.9879414759633421
1206,TECHM,Mar 2021,37855,31059,6796.0,18.0,788,174,1458,5953,27.0,4353,46.0,89.0,1396,437.0,24428,2901,11836,39602,9018,118,10238,20228,39602,11.499141460837405,17.952714304583278,17.506535290569072,24.47597781459339,10.991869097520327,TECHM,11.9,8.63,0.11667001809772773,False,43.58620689655172,,False,-7337,0.9558860663602848
1206,TECHM,Mar 2021,37855,31059,6796.0,18.0,788,174,1458,5953,27.0,4353,46.0,89.0,1448,437.0,24428,2901,11836,39602,9018,118,10238,20228,39602,11.499141460837405,17.952714304583278,17.506535290569072,24.47597781459339,10.991869097520327,TECHM,11.9,8.63,0.11667001809772773,False,43.58620689655172,,False,-7337,0.9558860663602848
1207,TECHM,Mar 2022,44646,36626,8020.0,18.0,1115,163,1520,7452,24.0,5630,57.0,47.0,1397,439.0,26447,2618,14911,44416,14784,165,4884,24583,44416,12.610312234018725,17.963535367110158,20.940266309603512,27.182754880694144,12.675612391930835,TECHM,11.9,8.63,0.09737409804359146,False,56.04294478527607,,False,-2266,1.0051783141210375
1207,TECHM,Mar 2022,44646,36626,8020.0,18.0,1115,163,1520,7452,24.0,5630,57.0,47.0,1449,439.0,26447,2618,14911,44416,14784,165,4884,24583,44416,12.610312234018725,17.963535367110158,20.940266309603512,27.182754880694144,12.675612391930835,TECHM,11.9,8.63,0.09737409804359146,False,56.04294478527607,,False,-2266,1.0051783141210375
1208,TECHM,Mar 2023,53290,45527,7763.0,15.0,965,326,1957,6446,25.0,4857,50.0,91.0,1398,440.0,27484,2740,15162,45827,14932,120,3388,27388,45827,9.11428035278664,14.567461062112965,17.3936398796734,25.316331854943908,10.59855543675126,TECHM,11.9,8.63,0.09812347801174617,False,26.773006134969325,,False,-648,1.162851594038449
1208,TECHM,Mar 2023,53290,45527,7763.0,15.0,965,326,1957,6446,25.0,4857,50.0,91.0,1450,440.0,27484,2740,15162,45827,14932,120,3388,27388,45827,9.11428035278664,14.567461062112965,17.3936398796734,25.316331854943908,10.59855543675126,TECHM,11.9,8.63,0.09812347801174617,False,26.773006134969325,,False,-648,1.162851594038449
1209,TECHM,Mar 2024,51996,47489,4506.0,9.0,927,392,1817,3224,26.0,2397,24.0,150.0,1399,441.0,26228,2537,13943,43149,13903,133,3238,25875,43149,4.60996999769213,8.666051234710363,8.987963553189097,15.428336643155516,5.555169297086839,TECHM,11.9,8.63,0.09512917619708275,False,13.85969387755102,,False,-701,1.2050337203643189
1209,TECHM,Mar 2024,51996,47489,4506.0,9.0,927,392,1817,3224,26.0,2397,24.0,150.0,1451,441.0,26228,2537,13943,43149,13903,133,3238,25875,43149,4.60996999769213,8.666051234710363,8.987963553189097,15.428336643155516,5.555169297086839,TECHM,11.9,8.63,0.09512917619708275,False,13.85969387755102,,False,-701,1.2050337203643189
1211,TITAN,Mar 2013,10123,9109,1014.0,10.0,99,51,56,1006,28.0,725,8.0,26.0,1375,89.0,1881,0,3914,5884,464,42,3,5375,5884,7.161908525140769,10.01679344067964,36.80203045685279,51.47208121827411,12.321549966009519,TITAN,22.7,32.9,0.0,False,21.823529411764707,,False,-3,1.720428280081577
1212,TITAN,Mar 2014,10927,9880,1047.0,10.0,117,87,68,1010,27.0,735,8.0,25.0,1376,89.0,2434,807,2781,6111,614,33,3,5461,6111,6.726457399103139,9.581769927702021,29.131985731272298,31.44144144144144,12.027491408934708,TITAN,22.7,32.9,0.31985731272294887,False,13.379310344827585,,False,804,1.7880870561282933
1213,TITAN,Mar 2015,11913,10761,1153.0,10.0,67,81,90,1049,22.0,816,9.0,25.0,1377,89.0,2995,100,2684,5868,699,55,3,5111,5868,6.849660035255603,9.678502476286411,26.459143968871597,36.212311557788944,13.905930470347649,TITAN,22.7,32.9,0.0324254215304799,False,15.061728395061728,,False,97,2.030163599182004
1214,TITAN,Mar 2016,11276,10337,939.0,8.0,69,42,98,868,22.0,675,8.0,29.0,1378,89.0,3418,113,2723,6342,771,107,30,5434,6342,5.9861653068464,8.32742107130188,19.24721984602224,25.939226519337016,10.64333017975402,TITAN,22.7,32.9,0.03222127174222983,False,24.0,,False,83,1.7779880163986124
1215,TITAN,Mar 2017,13261,12097,1164.0,9.0,-42,38,111,973,28.0,697,8.0,32.0,1379,89.0,4144,1882,2293,8408,1189,152,431,6636,8408,5.256013875273358,8.777618580800844,16.46586345381526,19.03515944399019,8.289724072312083,TITAN,22.7,32.9,0.44460193716040636,False,29.526315789473685,,False,1451,1.5771883920076117
1216,TITAN,Mar 2018,16120,14476,1644.0,10.0,70,53,131,1530,28.0,1102,13.0,29.0,1380,89.0,5001,1691,2740,9521,1474,43,36,7968,9521,6.836228287841191,10.198511166253102,21.650294695481335,24.244211768175784,11.574414452263419,TITAN,22.7,32.9,0.33222003929273086,False,32.339622641509436,,False,1655,1.6930994643419808
1217,TITAN,Mar 2019,19779,17785,1994.0,10.0,178,53,163,1957,29.0,1389,16.0,32.0,1381,89.0,5981,2393,3247,11710,1567,32,108,10003,11710,7.022599726983164,10.081399464078062,22.8830313014827,23.56138485170743,11.861656703672075,TITAN,22.7,32.9,0.3942339373970346,False,40.9811320754717,,False,2285,1.689069171648164
1218,TITAN,Mar 2020,21052,18589,2463.0,12.0,153,166,348,2102,29.0,1493,17.0,24.0,1382,89.0,6580,3562,3313,13544,2633,18,158,10735,13544,7.091962758882767,11.69960098802964,22.38716449242765,24.073893070081127,11.02333136444182,TITAN,22.7,32.9,0.5341130604288499,False,15.759036144578314,,False,3404,1.554341405788541
1219,TITAN,Mar 2021,21644,19919,1725.0,8.0,180,203,375,1327,27.0,974,11.0,37.0,1383,89.0,7408,5638,3309,16444,2523,32,2824,11065,16444,4.500092404361486,7.969876178155609,12.99186341203148,13.132851161020175,5.923133057650206,TITAN,22.7,32.9,0.7520341469921302,False,9.38423645320197,,False,2814,1.3162247628314279
1220,TITAN,Mar 2022,28799,25455,3344.0,12.0,177,218,399,2904,24.0,2198,24.0,31.0,1384,89.0,9214,7275,4610,21188,2544,85,294,18265,21188,7.632209451717073,11.611514288690579,23.6267870579383,20.1713113765231,10.37379648857844,TITAN,22.7,32.9,0.782005804579168,False,16.15137614678899,,False,6981,1.3592127619407213
1221,TITAN,Mar 2023,40575,35693,4882.0,12.0,306,300,441,4447,26.0,3274,37.0,27.0,1385,89.0,11762,9367,5802,27020,2998,144,2515,21363,27020,8.069008009858287,12.03203943314849,27.626360644671337,23.008766141954943,12.116950407105847,TITAN,22.7,32.9,0.7903974348156274,False,17.293333333333333,,False,6852,1.5016654330125834
1222,TITAN,Mar 2024,51084,45792,5292.0,10.0,534,619,584,4623,24.0,3496,39.0,28.0,1386,89.0,9304,15528,6626,31547,3709,97,2345,25396,31547,6.843630099444054,10.359408033826638,37.2192057915469,21.23510292524377,11.081877833074461,TITAN,22.7,32.9,1.653145959757266,False,9.411954765751211,,False,13183,1.619298190002219
1224,TORNTPHARM,Mar 2013,3203,2506,697.0,22.0,1,34,83,582,25.0,435,13.0,45.0,1362,42.0,1380,693,1638,3753,820,285,60,2587,3753,13.581017795816422,21.76084920387137,30.590717299578056,32.95508274231678,11.590727418065548,TORNTPHARM,23.2,24.2,0.4873417721518987,False,20.529411764705884,,False,633,0.8534505728750333
1225,TORNTPHARM,Mar 2014,4172,3216,955.0,23.0,34,59,87,844,21.0,664,20.0,25.0,1363,85.0,1818,1132,1988,5022,875,534,186,3427,5022,15.915627996164908,22.890699904122723,34.8922753547031,31.466227347611202,13.221823974512144,TORNTPHARM,23.2,24.2,0.5948502364687336,False,16.76271186440678,,False,946,0.8307447232178415
1226,TORNTPHARM,Mar 2015,4636,3616,1020.0,22.0,286,175,191,940,20.0,751,22.0,25.0,1364,85.0,2406,2740,2589,7820,2833,678,298,4011,7820,16.199309749784298,22.001725625539258,30.148534725010034,19.49913974383483,9.603580562659847,TORNTPHARM,23.2,24.2,1.099959855479727,False,7.462857142857143,,False,2442,0.5928388746803069
1227,TORNTPHARM,Mar 2016,6687,3954,2733.0,41.0,32,184,238,2343,26.0,1733,51.0,34.0,1365,85.0,3409,2352,3040,8886,2859,1042,780,4206,8886,25.915956333183786,40.87034544638852,49.59931310818546,46.749914471433456,19.502588341210895,TORNTPHARM,23.2,24.2,0.6731539782484258,False,15.027173913043478,,False,1572,0.7525320729237002
1228,TORNTPHARM,Mar 2017,5816,4438,1377.0,24.0,223,206,307,1088,14.0,934,28.0,25.0,1366,85.0,4266,2510,2740,9601,3688,519,804,4589,9601,16.059147180192575,23.676066024759283,21.466329579407034,20.069960647135986,9.728153317362773,TORNTPHARM,23.2,24.2,0.5768788784187543,False,7.766990291262136,,False,1706,0.6057702322674722
1229,TORNTPHARM,Mar 2018,5950,4601,1349.0,23.0,299,308,409,931,27.0,678,20.0,35.0,1367,85.0,4538,6462,3159,14243,7855,647,492,5249,14243,11.394957983193276,22.672268907563026,14.665801427644388,12.169598556608028,4.76023309695991,TORNTPHARM,23.2,24.2,1.3977936404931863,False,5.35064935064935,,False,5970,0.4177490697184582
1230,TORNTPHARM,Mar 2019,7673,5690,1983.0,26.0,-300,504,618,562,22.0,436,13.0,66.0,1368,85.0,4640,6038,3351,14113,7748,617,353,5395,14113,5.682262478821843,25.843868108953473,9.227513227513228,18.42423116231534,3.0893502444554666,TORNTPHARM,23.2,24.2,1.2778835978835978,False,3.3392857142857144,,False,5685,0.5436831290299724
1231,TORNTPHARM,Mar 2020,7939,5769,2170.0,27.0,121,451,654,1187,14.0,1025,30.0,53.0,1369,85.0,4739,5784,3402,14010,7533,712,2,5763,14010,12.910945962967629,27.333417306965615,21.24792703150912,20.456259426847662,7.316202712348323,TORNTPHARM,23.2,24.2,1.199004975124378,False,5.0798226164079825,,False,5782,0.5666666666666667
1232,TORNTPHARM,Mar 2021,8005,5524,2480.0,31.0,57,353,658,1526,18.0,1252,37.0,47.0,1370,85.0,5753,4874,3363,14075,7065,889,181,5940,14075,15.640224859462837,30.98063710181137,21.44570058239123,23.15160567587752,8.895204262877442,TORNTPHARM,23.2,24.2,0.8348749571771155,False,7.186968838526912,,False,4693,0.5687388987566607
1233,TORNTPHARM,Mar 2022,8508,6077,2431.0,29.0,-288,255,662,1226,37.0,777,23.0,105.0,1371,85.0,5868,4070,2884,12906,6423,630,226,5628,12906,9.132581100141044,28.573107663375648,13.052242566773057,24.25421530479896,6.02045560204556,TORNTPHARM,23.2,24.2,0.6836888963547791,False,8.403921568627451,,False,3844,0.6592282659228266
1234,TORNTPHARM,Mar 2023,9620,6778,2842.0,30.0,45,333,707,1847,33.0,1245,37.0,60.0,1372,169.0,6029,5369,3043,14610,8121,765,199,5524,14610,12.941787941787942,29.54261954261954,20.087124878993222,24.56989712112043,8.521560574948666,TORNTPHARM,23.2,24.2,0.8662471765085511,False,8.66966966966967,,False,5170,0.6584531143052703
1235,TORNTPHARM,Mar 2024,10728,7360,3368.0,31.0,146,354,808,2352,30.0,1656,49.0,57.0,1373,169.0,6687,4022,3627,14505,8138,361,173,5834,14505,15.436241610738255,31.3944817300522,24.154025670945156,30.961573818716676,11.416752843846949,TORNTPHARM,23.2,24.2,0.5866394399066511,False,9.926553672316384,,False,3849,0.7396070320579111
1237,TRENT,Mar 2013,2132,2128,5.0,0.0,58,29,45,-10,99.0,-27,-1.0,-87.0,1349,33.0,1198,343,635,2209,843,106,317,943,2209,-1.2664165103189493,0.23452157598499063,-2.1933387489845653,0.3176620076238882,-1.2222725215029424,TRENT,23.8,27.2,0.2786352558895207,False,2.1724137931034484,,False,26,0.965142598460842
1238,TRENT,Mar 2014,2333,2343,-10.0,0.0,91,26,54,1,99.0,-19,-1.0,-125.0,1350,33.0,958,332,614,1936,720,138,300,778,1936,-0.8144020574367767,-0.42863266180882986,-1.917255297679112,-0.7558578987150416,-0.981404958677686,TRENT,23.8,27.2,0.3350151362260343,False,3.1153846153846154,,False,32,1.2050619834710743
1239,TRENT,Mar 2015,2284,2196,88.0,4.0,208,22,75,200,35.0,129,4.0,26.0,1351,33.0,1389,267,518,2207,668,92,740,706,2207,5.64798598949212,3.852889667250438,9.071729957805907,5.210183540556542,5.845038513819665,TRENT,23.8,27.2,0.1877637130801688,False,13.454545454545455,,False,-473,1.0348889895786135
1240,TRENT,Mar 2016,1686,1596,90.0,5.0,86,48,39,90,39.0,55,2.0,54.0,1352,33.0,1431,400,292,2157,477,55,1067,558,2157,3.262158956109134,5.338078291814947,3.7568306010928962,4.828326180257511,2.5498377375985166,TRENT,23.8,27.2,0.273224043715847,False,3.6666666666666665,,False,-667,0.7816411682892906
1241,TRENT,Mar 2017,1812,1679,134.0,7.0,81,46,41,128,34.0,85,3.0,39.0,1353,33.0,1514,392,283,2222,549,5,1080,588,2222,4.690949227373068,7.39514348785872,5.4945054945054945,6.910778751933987,3.825382538253826,TRENT,23.8,27.2,0.25339366515837103,False,4.673913043478261,,False,-688,0.8154815481548154
1242,TRENT,Mar 2018,2157,1949,208.0,10.0,27,44,46,147,41.0,87,3.0,44.0,1354,33.0,1562,391,349,2336,613,10,1023,691,2336,4.033379694019471,9.643022716736208,5.454545454545454,10.473313192346426,3.724315068493151,TRENT,23.8,27.2,0.245141065830721,False,5.340909090909091,,False,-632,0.9233732876712328
1243,TRENT,Mar 2019,2630,2390,241.0,9.0,30,51,52,165,44.0,95,3.0,45.0,1355,33.0,1613,494,418,2559,662,87,883,927,2559,3.6121673003802277,9.163498098859316,5.771567436208992,11.261682242990654,3.7123876514263383,TRENT,23.8,27.2,0.3001215066828676,False,5.313725490196078,,False,-389,1.0277452129738178
1244,TRENT,Mar 2020,3486,2957,529.0,15.0,147,263,247,165,36.0,106,3.0,29.0,1356,36.0,2352,300,2819,5507,2738,23,1515,1230,5507,3.040734366035571,15.174985656913368,4.438860971524288,19.680059523809522,1.9248229526057745,TRENT,23.8,27.2,0.12562814070351758,False,2.570342205323194,,False,-1215,0.633012529507899
1245,TRENT,Mar 2021,2593,2479,114.0,4.0,199,261,257,-205,-12.0,-181,-4.0,-15.0,1357,36.0,2277,300,3111,5724,3054,108,1487,1075,5724,-6.980331662167373,4.3964519861164675,-7.825335062689148,4.3628013777267505,-3.1621243885394827,TRENT,23.8,27.2,0.1297016861219196,False,1.1992337164750957,,True,-1187,0.453004891684137
1246,TRENT,Mar 2022,4498,3903,595.0,13.0,152,325,311,111,69.0,35,3.0,57.0,1358,36.0,2328,4725,637,7726,4687,105,1284,1651,7726,0.7781236104935527,13.228101378390395,1.4805414551607445,8.393285371702639,0.45301579083613774,TRENT,23.8,27.2,1.998730964467005,False,2.2984615384615386,,False,3441,0.582190007765985
1247,TRENT,Mar 2023,8242,7128,1114.0,14.0,341,409,494,552,29.0,394,13.0,18.0,1359,36.0,2560,4464,1022,8082,4527,102,1110,2343,8082,4.780393108468818,13.516136859985439,15.177195685670261,15.779036827195467,4.875030932937392,TRENT,23.8,27.2,1.7195685670261942,False,3.5574572127139366,,False,3354,1.0197970799307101
1248,TRENT,Mar 2024,12375,10404,1971.0,16.0,989,368,671,1921,23.0,1477,42.0,8.0,1360,36.0,4032,1753,1341,7162,2450,224,1416,3072,7162,11.935353535353535,15.927272727272726,36.30776794493609,33.86016148428105,20.622731080703712,TRENT,23.8,27.2,0.4309242871189774,False,8.043478260869565,,False,337,1.7278693102485339
1250,TVSMOTOR,Mar 2013,7510,7072,438.0,6.0,130,103,176,290,32.0,198,4.0,30.0,1336,48.0,851,1068,1415,3381,1593,36,348,1404,3381,2.6364846870838883,5.832223701731025,22.024471635150167,22.267412302999492,5.8562555456965395,TVSMOTOR,,,1.1879866518353726,False,5.514563106796117,,False,720,2.2212363206152026
1251,TVSMOTOR,Mar 2014,8384,7892,492.0,6.0,44,80,149,307,39.0,187,4.0,37.0,1337,48.0,1113,728,1743,3632,1517,48,439,1628,3632,2.23043893129771,5.868320610687023,16.1068044788975,26.045526733721548,5.148678414096916,TVSMOTOR,,,0.6270456503014643,False,6.7,,False,289,2.3083700440528636
1252,TVSMOTOR,Mar 2015,10256,9650,605.0,6.0,80,62,179,444,28.0,328,7.0,28.0,1338,48.0,1277,1119,2126,4570,1637,93,539,2301,4570,3.1981279251170043,5.898985959438377,24.754716981132074,24.754500818330605,7.177242888402626,TVSMOTOR,,,0.8445283018867924,False,11.048387096774194,,False,580,2.2442013129102847
1253,TVSMOTOR,Mar 2016,11377,10558,819.0,7.0,93,70,262,580,26.0,429,9.0,28.0,1339,48.0,1771,1091,2236,5146,2038,47,943,2118,5146,3.7707655796782986,7.198734288476752,23.58438702583837,28.144329896907216,8.336572094830936,TVSMOTOR,,,0.59978009895547,False,13.028571428571428,,False,148,2.210843373493976
1254,TVSMOTOR,Mar 2017,12463,11591,871.0,7.0,163,60,317,658,23.0,509,11.0,23.0,1340,48.0,2169,1311,2601,6128,2362,64,1155,2547,6128,4.084088903153334,6.988686512075744,22.95895354082093,24.688208616780045,8.306135770234988,TVSMOTOR,,,0.591339648173207,False,17.233333333333334,,False,156,2.033779373368146
1255,TVSMOTOR,Mar 2018,16340,14769,1571.0,10.0,71,338,374,931,29.0,665,14.0,24.0,1341,48.0,2630,6928,3586,13190,3094,313,421,9362,13190,4.069767441860465,9.614443084455324,24.8319641523525,16.3543618571726,5.0416982562547386,TVSMOTOR,,,2.5870052277819267,False,4.8579881656804735,,False,6507,1.238817285822593
1256,TVSMOTOR,Mar 2019,20160,17997,2163.0,11.0,25,663,442,1083,33.0,725,15.0,24.0,1342,48.0,3123,9298,4228,16696,3367,745,440,12145,16696,3.5962301587301586,10.729166666666666,22.863450015767896,17.347020611115564,4.34235745088644,TVSMOTOR,,,2.9321980447808262,False,3.300150829562594,,False,8858,1.2074748442740777
1257,TVSMOTOR,Mar 2020,18849,16585,2264.0,12.0,12,855,556,865,25.0,647,13.0,27.0,1343,48.0,3235,11591,4399,19272,3811,1006,371,14085,19272,3.4325428404689906,12.011247281022866,19.70758452634785,15.221191340594325,3.3572021585720218,TVSMOTOR,,,3.5306122448979593,False,2.6619883040935672,,False,11220,0.9780510585305106
1258,TVSMOTOR,Mar 2021,19421,17189,2232.0,11.0,36,881,565,822,26.0,608,13.0,28.0,1344,48.0,3779,12179,5859,21865,4221,1041,468,16135,21865,3.1306317903300553,11.49271407239586,15.88711784687745,13.94477071098338,2.780699748456437,TVSMOTOR,,,3.182388293702639,False,2.5743473325766173,,False,11711,0.8882231877429683
1259,TVSMOTOR,Mar 2022,24355,21601,2755.0,11.0,-5,940,743,1067,31.0,731,16.0,24.0,1345,48.0,4352,15827,6692,26919,5975,552,605,19788,26919,3.0014370765756517,11.311845616916443,16.613636363636363,13.620408365056608,2.715554069616256,TVSMOTOR,,,3.5970454545454547,False,2.925531914893617,,False,15222,0.9047512909097664
1260,TVSMOTOR,Mar 2023,31974,27947,4027.0,13.0,136,1368,859,1936,32.0,1309,28.0,18.0,1346,48.0,5457,22376,7144,35025,5748,743,967,27566,35025,4.093951335460061,12.594608119096767,23.77838328792007,14.443527850507515,3.737330478229836,TVSMOTOR,,,4.064668483197093,False,3.04312865497076,,False,21409,0.9128907922912206
1261,TVSMOTOR,Mar 2024,39145,33645,5500.0,14.0,106,1928,975,2703,34.0,1779,36.0,23.0,1347,48.0,6736,26006,9235,42024,5891,1033,1123,33977,42024,4.544641716694342,14.050325712096054,26.223466981132077,16.773406526379993,4.233295259851514,TVSMOTOR,,,3.833431603773585,False,2.9076763485477177,,False,24883,0.931491528650295
1263,ULTRACEMCO,Mar 2013,20514,15674,4839.0,24.0,304,252,1023,3867,30.0,2688,98.0,9.0,1323,274.0,14955,7342,7010,29582,15050,3601,4709,6222,29582,13.10324656332261,23.588768645802865,17.650535163175523,21.43901466483541,9.086606720302887,,,,0.4821065073215576,False,20.408730158730158,,False,2633,0.6934622405516868
1264,ULTRACEMCO,Mar 2014,20730,16695,4035.0,19.0,322,361,1139,2858,23.0,2213,80.0,11.0,1324,274.0,16908,7332,7671,32185,18100,2186,4862,7037,32185,10.675349734684032,19.46454413892909,12.879757886159934,16.459982051072856,6.875873854279944,,,,0.4267256431148877,False,12.069252077562327,,False,2470,0.6440888612707784
1265,ULTRACEMCO,Mar 2015,23306,18881,4425.0,19.0,350,587,1203,2986,30.0,2102,76.0,12.0,1325,274.0,18767,9829,9183,38053,23343,2250,4500,7961,38053,9.019136702994937,18.986527074573072,11.039336169318839,15.327329407689644,5.523874595958269,,,,0.5162018801533533,False,8.13458262350937,,False,5329,0.6124615667621476
1266,ULTRACEMCO,Mar 2016,25153,20252,4901.0,19.0,464,566,1377,3421,28.0,2480,90.0,11.0,1326,274.0,21671,10616,8631,41193,25309,1469,5095,9319,41193,9.859658887607841,19.484753309744367,11.300979722032354,15.051749024907096,6.0204403660816155,,,,0.4837548416495785,False,9.478798586572438,,False,5521,0.6106134537421407
1267,ULTRACEMCO,Mar 2017,25375,20162,5212.0,21.0,648,640,1348,3872,30.0,2714,99.0,10.0,1327,275.0,24117,8474,9343,42209,25904,921,6691,8693,42209,10.695566502463054,20.53990147783251,11.126598884880288,15.858333840443011,6.429908313392878,,,,0.3474089865529682,False,9.15625,,False,1783,0.6011751048354617
1268,ULTRACEMCO,Mar 2018,30979,24834,6145.0,20.0,242,1238,1848,3301,33.0,2224,81.0,13.0,1328,275.0,26107,19480,11280,57141,39715,1511,5447,10468,57141,7.179056780399626,19.836017947641952,8.429990144795694,13.398892329161397,3.892126494111059,,,,0.7383822303085437,False,5.159127625201939,,False,14033,0.542150119878896
1269,ULTRACEMCO,Mar 2019,41462,34115,7347.0,18.0,350,1778,2451,3468,31.0,2400,88.0,13.0,1329,275.0,33476,25337,17438,76525,56645,1153,2921,15806,76525,5.788432781824321,17.719839853359705,7.110900417765399,12.43399675060926,3.136229990199281,,,,0.7507036828538414,False,4.329021372328459,,False,22416,0.5418098660568441
1270,ULTRACEMCO,Mar 2020,42430,33184,9246.0,22.0,651,1992,2723,5183,-11.0,5751,199.0,7.0,1330,289.0,38755,23019,17151,79214,57151,920,5929,15215,79214,13.5540890879095,21.791185481970306,14.729535908206126,14.897765174097287,7.260080288837832,,,,0.5895656182768159,False,4.968373493975903,,False,17090,0.5356376398111445
1271,ULTRACEMCO,Mar 2021,44726,33158,11568.0,26.0,619,1486,2700,8001,32.0,5462,189.0,20.0,1331,289.0,43886,21719,20282,86176,55412,1687,12178,16900,86176,12.212136117694406,25.86415060591155,12.364459535936616,17.55546787264394,6.338191607872261,,,,0.49165817770232034,False,8.20121130551817,,False,9541,0.5190076123282584
1272,ULTRACEMCO,Mar 2022,52599,41084,11514.0,22.0,669,945,2715,8524,14.0,7334,254.0,15.0,1332,289.0,50147,11299,22077,83811,55488,4785,6336,17203,83811,13.94323085990228,21.890150002851765,14.54120072963756,18.650684376771686,8.750641323931225,,,,0.22402648901578237,False,12.892063492063492,,False,4963,0.6275906503919533
1273,ULTRACEMCO,Mar 2023,63240,52620,10620.0,17.0,507,823,2888,7416,32.0,5073,175.0,22.0,1333,289.0,54036,11058,25998,91380,59579,4040,7297,20464,91380,8.021821631878558,16.793168880455408,9.3382420616659,16.242754232751633,5.551543007222587,,,,0.20355269213069488,False,13.520048602673148,,False,3761,0.6920551543007223
1274,ULTRACEMCO,Mar 2024,70908,57940,12969.0,18.0,567,968,3145,9422,26.0,7004,243.0,29.0,1334,289.0,59939,11403,29167,100797,62878,6811,8249,22859,100797,9.877587860326056,18.28989676764258,11.629142591485687,18.105289609247393,6.948619502564561,,,,0.1893305439330544,False,13.983471074380166,,False,3154,0.7034733176582636
1276,UNIONBANK,Mar 2013,25169,7268,325.0,1.0,2868,17575,156,3037,30.0,2146,36.0,22.0,1298,597.0,16722,287589,8003,312912,2483,13,81808,228608,312912,8.52636179427073,1.2912710079860146,12.391015647554708,0.10658952864470594,0.6858158204223552,,,,16.605404469080202,True,0.18167852062588905,,True,205781,0.0804347548192463
1277,UNIONBANK,Mar 2014,29394,8829,-902.0,-3.0,3141,21467,198,2040,18.0,1687,27.0,15.0,1299,630.0,18004,327078,9300,355013,2621,2,94636,257753,355013,5.739266516976254,-3.0686534666938834,9.053343350864013,-0.26091081593927895,0.47519386614011316,,,,17.552753032091875,True,0.10429962267666651,,True,232442,0.082796967998355
1278,UNIONBANK,Mar 2015,32164,9498,-973.0,-3.0,3957,23640,225,2759,36.0,1771,28.0,22.0,1300,636.0,19263,352618,11048,383566,2690,4,85818,295053,383566,5.506155950752394,-3.025121253575426,8.899944720840242,-0.26119613333082786,0.461719756182769,,,,17.72038795919393,True,0.12622673434856177,,True,266800,0.08385519050176501
1279,UNIONBANK,Mar 2016,32316,10349,-1928.0,-6.0,3934,23894,249,1758,24.0,1347,20.0,10.0,1301,687.0,22361,374754,9562,407365,3939,13,90573,312840,407365,4.168213887857409,-5.966084911498948,5.844324887191947,-0.4846632244181779,0.33066169160335324,,,,16.259718847622352,True,0.08395413074411986,,True,284181,0.07932934837308066
1280,UNIONBANK,Mar 2017,32817,13871,-4830.0,-15.0,5430,23771,241,359,-58.0,573,8.0,0.0,1302,687.0,23406,418420,13167,455681,3896,21,113441,338322,455681,1.7460462565133925,-14.717981533961058,2.3782841489229236,-1.091493357257301,0.1257458616883302,,,,17.366870045241356,True,0.025240839678599976,,True,304979,0.07201748591668294
1281,UNIONBANK,Mar 2018,32952,21181,-11700.0,-36.0,5462,23471,368,-6607,-21.0,-5212,-45.0,0.0,1303,1169.0,24083,455969,9900,491120,3824,34,125485,361777,491120,-15.816945860645786,-35.506190823015295,-20.639949310945667,-2.4313153415998054,-1.0612477602215344,,,,18.05674798035799,True,-0.26577478590601167,,True,330484,0.0670956181788565
1282,UNIONBANK,Mar 2019,34314,19019,-8601.0,-25.0,5042,23896,374,-3933,-25.0,-2922,-17.0,0.0,1304,1763.0,25073,460780,10964,498581,3743,44,128391,366402,498581,-8.515474733344991,-25.065570904004197,-10.888358920852587,-1.7638879774248588,-0.5860632474963947,,,,17.17021910866001,True,-0.14893706059591563,,True,332389,0.06882332058381688
1283,UNIONBANK,Mar 2020,37479,21166,-9523.0,-25.0,5789,25837,417,-4151,-27.0,-3121,-9.0,0.0,1305,3423.0,30567,505150,16369,555509,4734,54,154251,396470,555509,-8.327329971450679,-25.408895648229674,-9.182112385995882,-1.7663315650851354,-0.5618270811093969,,,,14.861724036481318,True,-0.144521422765801,,True,350899,0.06746785380614896
1284,UNIONBANK,Mar 2021,69311,36270,-11071.0,-16.0,14307,44112,908,2327,-22.0,2863,4.0,0.0,1306,6407.0,58331,977576,40063,1082377,7303,63,339059,735952,1082377,4.130657471397036,-15.97293358918498,4.4224412246285025,-1.0621559338164892,0.26451042474110226,,,,15.100497389477587,True,0.07335872324990932,,True,638517,0.06403591354953034
1285,UNIONBANK,Mar 2022,68230,32264,-4213.0,-6.0,13524,40178,745,8566,39.0,5265,8.0,25.0,1307,6835.0,64026,1085613,37292,1193766,7171,37,351839,834718,1193766,7.71654697347208,-6.174703209731789,7.430039090614018,-0.3642969924096867,0.44104120908117667,,,,15.32031724079536,True,0.2317437403554184,,True,733774,0.05715525488244765
1286,UNIONBANK,Mar 2023,81163,36155,-3024.0,-4.0,15915,48033,745,12147,31.0,8512,12.0,24.0,1308,6835.0,71969,1163059,46495,1288357,8826,22,343727,935782,1288357,10.48753742468859,-3.725835664034104,10.801482158266078,-0.24350512093524007,0.6606864401714742,,,,14.758882797827521,True,0.26837799013178437,,True,819332,0.06299729034731832
1287,UNIONBANK,Mar 2024,100376,32422,4590.0,5.0,17813,63364,895,21508,36.0,13797,18.0,20.0,1309,7634.0,89964,1251568,52831,1401996,9224,36,343953,1048783,1401996,13.745317605802185,4.572806248505619,14.136560175413432,0.3402101742854474,0.9840969589071581,,,,12.823705403799257,True,0.35356038128906003,,True,907615,0.07159506874484663
1362,INDIGO,Mar 2013,9203,73,8348.0,855.0,9,296,86,993,21.0,787,25647.0,70.0,757,0.4,4,11,11,26,5,0,0,21,26,8.551559274149733,90.7095512332935,17886.363636363636,54207.792207792205,3026.923076923077,INDIGO,24.5,,2.5,False,28.23310810810811,,False,11,353.96153846153845
1363,INDIGO,Mar 2014,11117,123,10684.0,433.0,4,391,226,475,0.0,474,15454.0,80.0,758,0.4,4,14,16,35,10,0,0,25,35,4.263740217684627,96.10506431591257,10772.727272727272,58065.21739130435,1354.2857142857142,INDIGO,24.5,,3.1818181818181817,False,27.335038363171357,,False,14,317.62857142857143
1364,INDIGO,Mar 2015,13925,150,12022.0,1904.0,14,395,302,1847,29.0,1304,42481.0,83.0,759,0.4,26,4,30,61,12,1,1,46,61,9.364452423698385,86.33393177737881,4939.39393939394,39546.05263157895,2137.7049180327867,INDIGO,24.5,,0.15151515151515152,False,30.470886075949366,,False,3,228.27868852459017
1365,INDIGO,Mar 2016,16140,350,12976.0,3164.0,20,515,505,2824,30.0,1986,55.0,27.0,760,0.4,129,8,58,196,13,0,124,58,196,12.304832713754648,80.39653035935564,1534.775888717156,9443.959243085881,1013.265306122449,INDIGO,24.5,,0.061823802163833076,False,25.23495145631068,,False,-116,82.34693877551021
1366,INDIGO,Mar 2017,18580,406,16362.0,2219.0,12,789,457,2144,23.0,1659,46.0,74.0,761,29.0,69,52,97,246,91,2,16,137,246,8.928955866523143,88.06243272335846,1692.8571428571427,10908.0,674.390243902439,INDIGO,24.5,,0.5306122448979592,False,20.752851711026615,,False,36,75.52845528455285
1367,INDIGO,Mar 2018,23021,413,19991.0,3030.0,13,947,437,3127,28.0,2242,58.0,10.0,762,29.0,71,54,125,279,95,2,15,167,279,9.738934016767299,86.8381043395161,2242.0,12981.16883116883,803.584229390681,INDIGO,24.5,,0.54,False,21.123548046462513,,False,39,82.51254480286738
1368,INDIGO,Mar 2019,28497,563,28648.0,-151.0,-1,1325,760,-149,-99.0,156,4.0,123.0,763,29.0,100,88,156,373,149,4,20,201,373,0.547426044846826,100.52988033828123,120.93023255813952,13201.84331797235,41.8230563002681,INDIGO,24.5,,0.6821705426356589,False,21.620377358490565,,False,68,76.39946380697052
1369,INDIGO,Mar 2020,35756,1902,31687.0,4069.0,11,1531,3974,-275,-10.0,-248,-6.0,0.0,764,29.0,150,75,169,422,201,1,21,199,422,-0.69358988701197,88.62009173285603,-138.54748603351956,12475.1968503937,-58.767772511848335,INDIGO,24.5,,0.41899441340782123,False,20.70411495754409,,False,54,84.72985781990522
1370,INDIGO,Mar 2021,14641,2170,14638.0,2.0,0,1036,4699,-5830,0.0,-6171,-151.0,0.0,765,48.0,516,9,239,811,249,3,50,509,811,-42.14876033057851,99.97950959633904,-1094.148936170213,2554.624781849913,-760.9124537607892,INDIGO,24.5,,0.015957446808510637,False,14.12934362934363,,False,-41,18.053020961775587
1371,INDIGO,Mar 2022,25931,2386,25373.0,558.0,2,725,5068,-6171,0.0,-317,-160.0,0.0,766,48.0,602,12,258,920,253,51,173,442,920,-1.2224750298870077,97.84813543635032,-48.769230769230774,3832.779456193354,-34.45652173913044,INDIGO,24.5,,0.018461538461538463,False,35.0,,False,-161,28.18586956521739
1372,INDIGO,Mar 2023,54446,3168,47926.0,6521.0,12,1431,5101,-317,0.0,-317,-8.0,0.0,767,48.0,729,12,274,1062,265,251,132,414,1062,-0.582228262865959,88.02483194357713,-40.7979407979408,6074.271229404309,-29.84934086629002,INDIGO,24.5,,0.015444015444015444,False,33.49965059399022,,False,-120,51.26741996233522
1373,INDIGO,Mar 2024,68904,4805,52573.0,16331.0,24,2326,6406,8043,-2.0,8167,212.0,0.0,768,48.0,867,17,290,1222,548,15,188,471,1222,11.852722628584697,76.29890862649484,892.568306010929,5640.87982832618,668.3306055646481,INDIGO,24.5,,0.018579234972677595,False,22.612639724849526,,False,-171,56.38625204582652
