company_id,year,peer_group,metric,value,percentile_rank
ABB,Dec 2012,Group A,roe_calculated,22.411128284389488,0.772093023255814
ABB,Mar 2014,Group A,roe_calculated,25.12690355329949,0.827906976744186
ABB,Mar 2015,Group A,roe_calculated,24.439701173959445,0.813953488372093
ABB,Mar 2016,Group A,roe_calculated,21.338912133891213,0.7348837209302326
ABB,Mar 2017,Group A,roe_calculated,19.971160778658977,0.6697674418604651
ABB,Mar 2018,Group A,roe_calculated,23.685764914353214,0.7953488372093023
ABB,Mar 2019,Group A,roe_calculated,22.41035856573705,0.7674418604651163
ABB,Mar 2020,Group A,roe_calculated,24.39325380501851,0.8093023255813954
ABB,Mar 2021,Group A,roe_calculated,26.5564950038432,0.8558139534883721
ABB,Mar 2022,Group A,roe_calculated,28.33333333333333,0.8837209302325582
ABB,Mar 2023,Group A,roe_calculated,29.767879548306148,0.9069767441860465
ABB,Mar 2024,Group A,roe_calculated,32.46823465801568,0.9209302325581395
ADANIENSOL,Mar 2014,Group A,roe_calculated,0.0,0.09302325581395349
ADANIENSOL,Mar 2015,Group A,roe_calculated,-0.6463527239150507,0.08837209302325581
ADANIENSOL,Mar 2016,Group A,roe_calculated,13.77245508982036,0.4790697674418605
ADANIENSOL,Mar 2017,Group A,roe_calculated,14.116050220563285,0.4883720930232558
ADANIENSOL,Mar 2018,Group A,roe_calculated,18.87072808320951,0.6465116279069767
ADANIENSOL,Mar 2019,Group A,roe_calculated,6.950142981474575,0.24651162790697675
ADANIENSOL,Mar 2020,Group A,roe_calculated,8.30685963054477,0.28837209302325584
ADANIENSOL,Mar 2021,Group A,roe_calculated,14.46350487722839,0.49767441860465117
ADANIENSOL,Mar 2022,Group A,roe_calculated,12.46847573892868,0.4186046511627907
ADANIENSOL,Mar 2023,Group A,roe_calculated,10.90305557919823,0.3627906976744186
ADANIENSOL,Mar 2024,Group A,roe_calculated,9.461276797721698,0.31627906976744186
ADANIENT,Mar 2013,Group A,roe_calculated,5.692652832305104,0.20465116279069767
ADANIENT,Mar 2014,Group A,roe_calculated,11.1377699204445,0.3813953488372093
ADANIENT,Mar 2015,Group A,roe_calculated,8.931902985074627,0.3023255813953488
ADANIENT,Mar 2016,Group A,roe_calculated,7.474958887726117,0.2744186046511628
ADANIENT,Mar 2017,Group A,roe_calculated,6.543576683644596,0.2372093023255814
ADANIENT,Mar 2018,Group A,roe_calculated,3.936642587315263,0.17674418604651163
ADANIENT,Mar 2019,Group A,roe_calculated,3.429113580916238,0.16744186046511628
ADANIENT,Mar 2020,Group A,roe_calculated,6.136779370980115,0.2186046511627907
ADANIENT,Mar 2021,Group A,roe_calculated,6.0959263360335685,0.21395348837209302
ADANIENT,Mar 2022,Group A,roe_calculated,3.5404591813811384,0.17209302325581396
ADANIENT,Mar 2023,Group A,roe_calculated,7.328068742246831,0.26046511627906976
ADANIENT,Mar 2024,Group A,roe_calculated,8.534650424813185,0.2930232558139535
ADANIGREEN,Mar 2017,Group A,roe_calculated,-3.906899418121363,0.07441860465116279
ADANIGREEN,Mar 2018,Group A,roe_calculated,-10.290827740492167,0.05581395348837209
ADANIGREEN,Mar 2019,Group A,roe_calculated,-24.573202276254527,0.027906976744186046
ADANIGREEN,Mar 2020,Group A,roe_calculated,-2.88502333474756,0.07906976744186046
ADANIGREEN,Mar 2021,Group A,roe_calculated,8.272727272727273,0.2837209302325581
ADANIGREEN,Mar 2022,Group A,roe_calculated,18.706962509563887,0.6325581395348837
ADANIGREEN,Mar 2023,Group A,roe_calculated,13.321467688937568,0.4511627906976744
ADANIGREEN,Mar 2024,Group A,roe_calculated,12.81269066503966,0.4325581395348837
ADANIPORTS,Mar 2013,Group A,roe_calculated,25.633406318423525,0.8325581395348837
ADANIPORTS,Mar 2014,Group A,roe_calculated,19.86309184255562,0.6651162790697674
ADANIPORTS,Mar 2015,Group A,roe_calculated,21.58848118903855,0.7441860465116279
ADANIPORTS,Mar 2016,Group A,roe_calculated,21.147723065531284,0.7209302325581395
ADANIPORTS,Mar 2017,Group A,roe_calculated,22.264064817984707,0.7581395348837209
ADANIPORTS,Mar 2018,Group A,roe_calculated,17.652968473424867,0.6093023255813953
ADANIPORTS,Mar 2019,Group A,roe_calculated,16.596914492040046,0.6
ADANIPORTS,Mar 2020,Group A,roe_calculated,14.868209136976075,0.5255813953488372
ADANIPORTS,Mar 2021,Group A,roe_calculated,16.586183108307875,0.5953488372093023
ADANIPORTS,Mar 2022,Group A,roe_calculated,11.843332297171278,0.4046511627906977
ADANIPORTS,Mar 2023,Group A,roe_calculated,11.8773271056864,0.40930232558139534
ADANIPORTS,Mar 2024,Group A,roe_calculated,15.3548827162833,0.5348837209302325
ADANIPOWER,Mar 2013,Group A,roe_calculated,-53.459119496855344,0.013953488372093023
ADANIPOWER,Mar 2014,Group A,roe_calculated,-4.447501146263182,0.06511627906976744
ADANIPOWER,Mar 2015,Group A,roe_calculated,-14.253275109170303,0.037209302325581395
ADANIPOWER,Mar 2016,Group A,roe_calculated,7.378146759507231,0.2651162790697674
ADANIPOWER,Mar 2017,Group A,roe_calculated,-205.8,0.009302325581395349
ADANIPOWER,Mar 2018,Group A,roe_calculated,-236.55793025871765,0.004651162790697674
ADANIPOWER,Mar 2019,Group A,roe_calculated,-12.75933609958506,0.04186046511627907
ADANIPOWER,Mar 2020,Group A,roe_calculated,-35.10260762228052,0.023255813953488372
ADANIPOWER,Mar 2021,Group A,roe_calculated,9.685045374818882,0.32558139534883723
ADANIPOWER,Mar 2022,Group A,roe_calculated,26.613209080565635,0.8604651162790697
ADANIPOWER,Mar 2023,Group A,roe_calculated,35.90507430713616,0.9348837209302325
ADANIPOWER,Mar 2024,Group A,roe_calculated,48.27674122146251,0.9441860465116279
AMBUJACEM,Dec 2012,Group A,roe_calculated,14.686825053995682,0.5116279069767442
AMBUJACEM,Dec 2013,Group A,roe_calculated,13.506658211794548,0.4604651162790698
AMBUJACEM,Dec 2014,Group A,roe_calculated,14.766633565044687,0.5162790697674419
AMBUJACEM,Dec 2015,Group A,roe_calculated,7.866809463538117,0.27906976744186046
AMBUJACEM,Dec 2016,Group A,roe_calculated,7.234751021643711,0.2558139534883721
AMBUJACEM,Dec 2017,Group A,roe_calculated,9.408862229102168,0.3116279069767442
AMBUJACEM,Dec 2018,Group A,roe_calculated,13.29012069736254,0.4418604651162791
AMBUJACEM,Dec 2019,Group A,roe_calculated,11.558268959215882,0.4
AMBUJACEM,Dec 2020,Group A,roe_calculated,13.65294195192688,0.4744186046511628
AMBUJACEM,Dec 2021,Group A,roe_calculated,14.636743709079436,0.5069767441860465
AMBUJACEM,Mar 2024,Group A,roe_calculated,11.428984947896565,0.3953488372093023
APOLLOHOSP,Mar 2013,Group A,roe_calculated,11.03021477975974,0.37209302325581395
APOLLOHOSP,Mar 2014,Group A,roe_calculated,10.581121934833725,0.3581395348837209
APOLLOHOSP,Mar 2015,Group A,roe_calculated,10.561160151324083,0.35348837209302325
APOLLOHOSP,Mar 2016,Group A,roe_calculated,7.052821128451381,0.25116279069767444
APOLLOHOSP,Mar 2017,Group A,roe_calculated,3.952926976463488,0.1813953488372093
APOLLOHOSP,Mar 2018,Group A,roe_calculated,1.8450184501845015,0.12558139534883722
APOLLOHOSP,Mar 2019,Group A,roe_calculated,5.9988002399520095,0.20930232558139536
APOLLOHOSP,Mar 2020,Group A,roe_calculated,12.934131736526949,0.4372093023255814
APOLLOHOSP,Mar 2021,Group A,roe_calculated,2.976319791440365,0.15348837209302327
APOLLOHOSP,Mar 2022,Group A,roe_calculated,19.704783923172684,0.6604651162790698
APOLLOHOSP,Mar 2023,Group A,roe_calculated,13.61729590190384,0.4697674418604651
APOLLOHOSP,Mar 2024,Group A,roe_calculated,13.480392156862743,0.4558139534883721
ASIANPAINT,Mar 2013,Group A,roe_calculated,34.2789598108747,0.9302325581395349
ASIANPAINT,Mar 2014,Group A,roe_calculated,31.27011636543699,0.9162790697674419
ASIANPAINT,Mar 2015,Group A,roe_calculated,30.09278785322649,0.9116279069767442
ASIANPAINT,Mar 2016,Group A,roe_calculated,27.632183908045977,0.8790697674418605
ASIANPAINT,Mar 2017,Group A,roe_calculated,26.512361914781696,0.8511627906976744
ASIANPAINT,Mar 2018,Group A,roe_calculated,24.94649227110583,0.8186046511627907
ASIANPAINT,Mar 2019,Group A,roe_calculated,23.3132720937599,0.786046511627907
ASIANPAINT,Mar 2020,Group A,roe_calculated,27.38400789733465,0.8744186046511628
ASIANPAINT,Mar 2021,Group A,roe_calculated,25.042948617835396,0.8232558139534883
ASIANPAINT,Mar 2022,Group A,roe_calculated,22.335650159281784,0.7627906976744186
ASIANPAINT,Mar 2023,Group A,roe_calculated,26.23186593296648,0.8418604651162791
ASIANPAINT,Mar 2024,Group A,roe_calculated,29.677488252883386,0.9023255813953488
ATGL,Mar 2018,Group A,roe_calculated,15.94488188976378,0.5674418604651162
ATGL,Mar 2019,Group A,roe_calculated,20.780399274047188,0.7116279069767442
ATGL,Mar 2020,Group A,roe_calculated,29.63970088375255,0.8976744186046511
ATGL,Mar 2021,Group A,roe_calculated,23.94002068252327,0.8
ATGL,Mar 2022,Group A,roe_calculated,21.06788079470199,0.7162790697674418
ATGL,Mar 2023,Group A,roe_calculated,18.56511390683441,0.6232558139534884
ATGL,Mar 2024,Group A,roe_calculated,18.65921787709497,0.627906976744186
AXISBANK,Mar 2013,Group A,roe_calculated,15.6191567645817,0.5441860465116279
AXISBANK,Mar 2014,Group A,roe_calculated,16.194395249505156,0.5767441860465117
AXISBANK,Mar 2015,Group A,roe_calculated,16.369663396293575,0.586046511627907
AXISBANK,Mar 2016,Group A,roe_calculated,15.355029033402417,0.5395348837209303
AXISBANK,Mar 2017,Group A,roe_calculated,6.525363604114934,0.23255813953488372
AXISBANK,Mar 2018,Group A,roe_calculated,0.4298596726213652,0.09767441860465116
AXISBANK,Mar 2019,Group A,roe_calculated,6.898026606884752,0.24186046511627907
AXISBANK,Mar 2020,Group A,roe_calculated,1.8844104702339584,0.13023255813953488
AXISBANK,Mar 2021,Group A,roe_calculated,6.359441666505782,0.22790697674418606
AXISBANK,Mar 2022,Group A,roe_calculated,11.01377461716035,0.3674418604651163
AXISBANK,Mar 2023,Group A,roe_calculated,7.381666037401469,0.26976744186046514
AXISBANK,Mar 2024,Group A,roe_calculated,15.832712405189048,0.5581395348837209
BAJAJ-AUTO,Mar 2013,Group A,roe_calculated,38.84686918784873,0.9395348837209302
BAJAJ-AUTO,Mar 2014,Group A,roe_calculated,33.24481164551982,0.9255813953488372
BAJAJ-AUTO,Mar 2015,Group A,roe_calculated,27.273546642631818,0.8697674418604651
BAJAJ-AUTO,Mar 2016,Group A,roe_calculated,28.96576319543509,0.8930232558139535
BAJAJ-AUTO,Mar 2017,Group A,roe_calculated,22.843862007168457,0.7813953488372093
BAJAJ-AUTO,Mar 2018,Group A,roe_calculated,20.656058751529983,0.7023255813953488
BAJAJ-AUTO,Mar 2019,Group A,roe_calculated,21.21120819523953,0.7302325581395349
BAJAJ-AUTO,Mar 2020,Group A,roe_calculated,24.06056689133044,0.8046511627906977
BAJAJ-AUTO,Mar 2021,Group A,roe_calculated,17.808821911780882,0.6139534883720931
BAJAJ-AUTO,Mar 2022,Group A,roe_calculated,20.650390167118797,0.6976744186046512
BAJAJ-AUTO,Mar 2023,Group A,roe_calculated,20.638921054424088,0.6930232558139535
BAJAJ-AUTO,Mar 2024,Group A,roe_calculated,26.61418410330778,0.8651162790697674
BAJAJFINSV,Mar 2013,Group A,roe_calculated,28.37733914380928,0.8883720930232558
BAJAJFINSV,Mar 2014,Group A,roe_calculated,23.528780068728523,0.7906976744186046
BAJAJFINSV,Mar 2015,Group A,roe_calculated,21.72423122012805,0.7488372093023256
BAJAJFINSV,Mar 2016,Group A,roe_calculated,20.405912199426428,0.6837209302325581
BAJAJFINSV,Mar 2017,Group A,roe_calculated,21.36090644542133,0.7395348837209302
BAJAJFINSV,Mar 2018,Group A,roe_calculated,20.38763852951228,0.6790697674418604
BAJAJFINSV,Mar 2019,Group A,roe_calculated,22.636899747262003,0.7767441860465116
BAJAJFINSV,Mar 2020,Group A,roe_calculated,19.148936170212767,0.6558139534883721
BAJAJFINSV,Mar 2021,Group A,roe_calculated,20.56098241696902,0.6883720930232559
BAJAJFINSV,Mar 2022,Group A,roe_calculated,20.657440306109773,0.7069767441860465
BAJAJFINSV,Mar 2023,Group A,roe_calculated,26.31068588790485,0.8465116279069768
BAJAJFINSV,Mar 2024,Group A,roe_calculated,25.850351412279537,0.8372093023255814
BAJAJHLDNG,Mar 2013,Group A,roe_calculated,17.941034316094733,0.6186046511627907
BAJAJHLDNG,Mar 2014,Group A,roe_calculated,16.56804733727811,0.5906976744186047
BAJAJHLDNG,Mar 2015,Group A,roe_calculated,15.149705069812589,0.5302325581395348
BAJAJHLDNG,Mar 2016,Group A,roe_calculated,14.810697704832275,0.5209302325581395
BAJAJHLDNG,Mar 2017,Group A,roe_calculated,13.879223257380175,0.48372093023255813
BAJAJHLDNG,Mar 2018,Group A,roe_calculated,10.535296218404032,0.34418604651162793
BAJAJHLDNG,Mar 2019,Group A,roe_calculated,11.308993766696348,0.39069767441860465
BAJAJHLDNG,Mar 2020,Group A,roe_calculated,11.093901955840508,0.3767441860465116
BAJAJHLDNG,Mar 2021,Group A,roe_calculated,9.831301961417386,0.3302325581395349
BAJAJHLDNG,Mar 2022,Group A,roe_calculated,9.630736193455022,0.3209302325581395
BAJAJHLDNG,Mar 2023,Group A,roe_calculated,11.194604137431536,0.386046511627907
BAJAJHLDNG,Mar 2024,Group A,roe_calculated,13.576787656460263,0.46511627906976744
BAJFINANCE,Mar 2015,Group A,roe_calculated,18.70833333333333,0.6372093023255814
BAJFINANCE,Mar 2016,Group A,roe_calculated,17.220950585700823,0.6046511627906976
BAJFINANCE,Mar 2017,Group A,roe_calculated,19.125,0.6511627906976745
BAJFINANCE,Mar 2018,Group A,roe_calculated,15.749621403331652,0.5488372093023256
BAJFINANCE,Mar 2019,Group A,roe_calculated,20.2822764888054,0.6744186046511628
BAJFINANCE,Mar 2020,Group A,roe_calculated,16.283098243009157,0.5813953488372093
BAJFINANCE,Mar 2021,Group A,roe_calculated,11.97247954927136,0.413953488372093
BAJFINANCE,Mar 2022,Group A,roe_calculated,16.07759705350811,0.5720930232558139
BAJFINANCE,Mar 2023,Group A,roe_calculated,21.16530567203708,0.7255813953488373
BAJFINANCE,Mar 2024,Group A,roe_calculated,18.841921351830603,0.641860465116279
BANKBARODA,Mar 2013,Group A,roe_calculated,14.509344390361155,0.5023255813953489
BANKBARODA,Mar 2014,Group A,roe_calculated,13.306206568552328,0.44651162790697674
BANKBARODA,Mar 2015,Group A,roe_calculated,9.400733019182256,0.30697674418604654
BANKBARODA,Mar 2016,Group A,roe_calculated,-11.841517069383338,0.046511627906976744
BANKBARODA,Mar 2017,Group A,roe_calculated,4.307242204007709,0.19069767441860466
BANKBARODA,Mar 2018,Group A,roe_calculated,-3.942790877464245,0.06976744186046512
BANKBARODA,Mar 2019,Group A,roe_calculated,2.1201541930322207,0.13953488372093023
BANKBARODA,Mar 2020,Group A,roe_calculated,1.2890255439924314,0.10697674418604651
BANKBARODA,Mar 2021,Group A,roe_calculated,1.966258041024396,0.13488372093023257
BANKBARODA,Mar 2022,Group A,roe_calculated,8.635121749447583,0.29767441860465116
BANKBARODA,Mar 2023,Group A,roe_calculated,14.282994621864736,0.4930232558139535
BANKBARODA,Mar 2024,Group A,roe_calculated,15.761863790899902,0.5534883720930233
BEL,Mar 2013,Group A,roe_calculated,15183.333333333334,0.9953488372093023
BEL,Mar 2014,Group A,roe_calculated,13600.0,0.9906976744186047
BEL,Mar 2015,Group A,roe_calculated,17100.0,1.0
BEL,Mar 2016,Group A,roe_calculated,11141.666666666668,0.986046511627907
BEL,Mar 2017,Group A,roe_calculated,10153.333333333334,0.9813953488372092
BEL,Mar 2018,Group A,roe_calculated,4616.129032258064,0.9720930232558139
BEL,Mar 2019,Group A,roe_calculated,3851.020408163265,0.9627906976744186
BEL,Mar 2020,Group A,roe_calculated,3318.181818181818,0.9488372093023256
BEL,Mar 2021,Group A,roe_calculated,3559.322033898305,0.958139534883721
BEL,Mar 2022,Group A,roe_calculated,3478.260869565217,0.9534883720930233
BEL,Mar 2023,Group A,roe_calculated,3981.333333333333,0.9674418604651163
BEL,Mar 2024,Group A,roe_calculated,4744.047619047619,0.9767441860465116
BHARTIARTL,Mar 2013,Group A,roe_calculated,4.50498787806526,0.19534883720930232
BHARTIARTL,Mar 2014,Group A,roe_calculated,5.05221233014258,0.2
BHARTIARTL,Mar 2015,Group A,roe_calculated,12.690750936470824,0.42790697674418604
BHARTIARTL,Mar 2016,Group A,roe_calculated,10.323498577205331,0.33488372093023255
BHARTIARTL,Mar 2017,Group A,roe_calculated,6.286967994426079,0.22325581395348837
BHARTIARTL,Mar 2018,Group A,roe_calculated,3.1408643129359315,0.15813953488372093
BHARTIARTL,Mar 2019,Group A,roe_calculated,2.3633843439788302,0.14418604651162792
BHARTIARTL,Mar 2020,Group A,roe_calculated,-39.74852550392119,0.018604651162790697
BHARTIARTL,Mar 2021,Group A,roe_calculated,-20.972639221074417,0.03255813953488372
BHARTIARTL,Mar 2022,Group A,roe_calculated,12.478588815097517,0.4232558139534884
BHARTIARTL,Mar 2023,Group A,roe_calculated,15.84131609143535,0.5627906976744186
BHARTIARTL,Mar 2024,Group A,roe_calculated,10.35839213740181,0.3395348837209302
BHEL,Mar 2013,Group A,roe_calculated,21.90906412648532,0.7534883720930232
BHEL,Mar 2014,Group A,roe_calculated,10.557414609146544,0.3488372093023256
BHEL,Mar 2015,Group A,roe_calculated,4.238898471073172,0.18604651162790697
BHEL,Mar 2016,Group A,roe_calculated,-2.1847439269689,0.08372093023255814
BHEL,Mar 2017,Group A,roe_calculated,1.4047979252215257,0.11627906976744186
BHEL,Mar 2018,Group A,roe_calculated,1.3545693520952529,0.11162790697674418
BHEL,Mar 2019,Group A,roe_calculated,3.2422987315557856,0.16279069767441862
BHEL,Mar 2020,Group A,roe_calculated,-5.12212142358688,0.06046511627906977
BHEL,Mar 2021,Group A,roe_calculated,-10.391409767925182,0.05116279069767442
BHEL,Mar 2022,Group A,roe_calculated,1.678865162604693,0.12093023255813953
BHEL,Mar 2023,Group A,roe_calculated,2.682746738862909,0.14883720930232558
BHEL,Mar 2024,Group A,roe_calculated,1.1539405843358703,0.10232558139534884
ABB,Dec 2012,Group A,roce_calculated,31.221020092735703,0.8418604651162791
ABB,Mar 2014,Group A,roce_calculated,33.88324873096447,0.8604651162790697
ABB,Mar 2015,Group A,roce_calculated,33.29775880469584,0.8511627906976744
ABB,Mar 2016,Group A,roce_calculated,30.543933054393307,0.827906976744186
ABB,Mar 2017,Group A,roce_calculated,28.69502523431867,0.8093023255813954
ABB,Mar 2018,Group A,roce_calculated,31.010041346721795,0.8325581395348837
ABB,Mar 2019,Group A,roce_calculated,30.12948207171315,0.8186046511627907
ABB,Mar 2020,Group A,roce_calculated,29.04834996162701,0.813953488372093
ABB,Mar 2021,Group A,roce_calculated,33.46642468239565,0.8558139534883721
ABB,Mar 2022,Group A,roce_calculated,36.4064602960969,0.8930232558139535
ABB,Mar 2023,Group A,roce_calculated,36.53438352014541,0.8976744186046511
ABB,Mar 2024,Group A,roce_calculated,38.41882601797991,0.9162790697674419
ADANIENSOL,Mar 2014,Group A,roce_calculated,0.0,0.018604651162790697
ADANIENSOL,Mar 2015,Group A,roce_calculated,0.936572700296736,0.03255813953488372
ADANIENSOL,Mar 2016,Group A,roce_calculated,17.118237541085545,0.6325581395348837
ADANIENSOL,Mar 2017,Group A,roce_calculated,16.633115249119275,0.627906976744186
ADANIENSOL,Mar 2018,Group A,roce_calculated,17.142857142857142,0.6372093023255814
ADANIENSOL,Mar 2019,Group A,roce_calculated,9.85805535841022,0.3767441860465116
ADANIENSOL,Mar 2020,Group A,roce_calculated,13.003511986562836,0.49767441860465117
ADANIENSOL,Mar 2021,Group A,roce_calculated,10.967956905647805,0.4186046511627907
ADANIENSOL,Mar 2022,Group A,roce_calculated,10.563857842521662,0.39069767441860465
ADANIENSOL,Mar 2023,Group A,roce_calculated,9.81768400008692,0.37209302325581395
ADANIENSOL,Mar 2024,Group A,roce_calculated,11.488402969161756,0.4418604651162791
ADANIENT,Mar 2013,Group A,roce_calculated,6.636319548540694,0.3023255813953488
ADANIENT,Mar 2014,Group A,roce_calculated,9.800808464856846,0.3674418604651163
ADANIENT,Mar 2015,Group A,roce_calculated,11.390772102215024,0.4325581395348837
ADANIENT,Mar 2016,Group A,roce_calculated,5.174055980581928,0.24186046511627907
ADANIENT,Mar 2017,Group A,roce_calculated,5.437081927848608,0.25116279069767444
ADANIENT,Mar 2018,Group A,roce_calculated,6.227464401393387,0.28837209302325584
ADANIENT,Mar 2019,Group A,roce_calculated,7.57336820646948,0.3209302325581395
ADANIENT,Mar 2020,Group A,roce_calculated,7.811755090921474,0.32558139534883723
ADANIENT,Mar 2021,Group A,roce_calculated,7.506140298328641,0.3116279069767442
ADANIENT,Mar 2022,Group A,roce_calculated,5.815756095269413,0.2744186046511628
ADANIENT,Mar 2023,Group A,roce_calculated,10.223649580874424,0.386046511627907
ADANIENT,Mar 2024,Group A,roce_calculated,10.89897112639626,0.413953488372093
ADANIGREEN,Mar 2017,Group A,roce_calculated,7.261261261261261,0.30697674418604654
ADANIGREEN,Mar 2018,Group A,roce_calculated,7.523427041499331,0.31627906976744186
ADANIGREEN,Mar 2019,Group A,roce_calculated,11.671128107074573,0.4558139534883721
ADANIGREEN,Mar 2020,Group A,roce_calculated,8.418974626952332,0.33488372093023255
ADANIGREEN,Mar 2021,Group A,roce_calculated,8.485743496535273,0.3395348837209302
ADANIGREEN,Mar 2022,Group A,roce_calculated,6.334090827111064,0.2930232558139535
ADANIGREEN,Mar 2023,Group A,roce_calculated,8.07775448177223,0.3302325581395349
ADANIGREEN,Mar 2024,Group A,roce_calculated,9.797568682054305,0.3627906976744186
ADANIPORTS,Mar 2013,Group A,roce_calculated,13.22304873986899,0.5162790697674419
ADANIPORTS,Mar 2014,Group A,roce_calculated,13.42439293598234,0.5255813953488372
ADANIPORTS,Mar 2015,Group A,roce_calculated,13.67156021162538,0.5441860465116279
ADANIPORTS,Mar 2016,Group A,roce_calculated,12.768153541440007,0.4930232558139535
ADANIPORTS,Mar 2017,Group A,roce_calculated,13.633618520382488,0.5395348837209303
ADANIPORTS,Mar 2018,Group A,roce_calculated,16.539181475747004,0.6186046511627907
ADANIPORTS,Mar 2019,Group A,roce_calculated,12.664157898778896,0.4883720930232558
ADANIPORTS,Mar 2020,Group A,roce_calculated,10.67703190362484,0.4046511627906977
ADANIPORTS,Mar 2021,Group A,roce_calculated,13.104863038494027,0.5116279069767442
ADANIPORTS,Mar 2022,Group A,roce_calculated,10.615446321137306,0.3953488372093023
ADANIPORTS,Mar 2023,Group A,roce_calculated,11.077380771682703,0.4232558139534884
ADANIPORTS,Mar 2024,Group A,roce_calculated,15.246263985603631,0.5813953488372093
ADANIPOWER,Mar 2013,Group A,roce_calculated,2.0829717063009894,0.06976744186046512
ADANIPOWER,Mar 2014,Group A,roce_calculated,9.060422543546446,0.34418604651162793
ADANIPOWER,Mar 2015,Group A,roce_calculated,9.26942358372798,0.35348837209302325
ADANIPOWER,Mar 2016,Group A,roce_calculated,14.621991129126036,0.5627906976744186
ADANIPOWER,Mar 2017,Group A,roce_calculated,10.77788191190253,0.40930232558139534
ADANIPOWER,Mar 2018,Group A,roce_calculated,10.118382845655573,0.3813953488372093
ADANIPOWER,Mar 2019,Group A,roce_calculated,9.11102172164119,0.3488372093023256
ADANIPOWER,Mar 2020,Group A,roce_calculated,9.296368352788589,0.3581395348837209
ADANIPOWER,Mar 2021,Group A,roce_calculated,13.237445148707948,0.5209302325581395
ADANIPOWER,Mar 2022,Group A,roce_calculated,14.61643146652466,0.5581395348837209
ADANIPOWER,Mar 2023,Group A,roce_calculated,13.978345748068564,0.5488372093023256
ADANIPOWER,Mar 2024,Group A,roce_calculated,23.441056570774556,0.7488372093023256
AMBUJACEM,Dec 2012,Group A,roce_calculated,27.921418087388503,0.7906976744186046
AMBUJACEM,Dec 2013,Group A,roce_calculated,17.549947423764458,0.6465116279069767
AMBUJACEM,Dec 2014,Group A,roce_calculated,19.1409342834521,0.6744186046511628
AMBUJACEM,Dec 2015,Group A,roce_calculated,14.962157966233262,0.5720930232558139
AMBUJACEM,Dec 2016,Group A,roce_calculated,16.025188916876573,0.6093023255813953
AMBUJACEM,Dec 2017,Group A,roce_calculated,18.641283339775804,0.6604651162790698
AMBUJACEM,Dec 2018,Group A,roce_calculated,17.89825970548862,0.6511627906976745
AMBUJACEM,Dec 2019,Group A,roce_calculated,19.059662506737425,0.6697674418604651
AMBUJACEM,Dec 2020,Group A,roce_calculated,21.551575684518685,0.7209302325581395
AMBUJACEM,Dec 2021,Group A,roce_calculated,24.04088111184236,0.7674418604651163
AMBUJACEM,Mar 2024,Group A,roce_calculated,15.182066184319773,0.5767441860465117
APOLLOHOSP,Mar 2013,Group A,roce_calculated,15.454545454545451,0.5906976744186047
APOLLOHOSP,Mar 2014,Group A,roce_calculated,15.64452672992363,0.6046511627906976
APOLLOHOSP,Mar 2015,Group A,roce_calculated,14.271882261812548,0.5534883720930233
APOLLOHOSP,Mar 2016,Group A,roce_calculated,11.093091144988646,0.42790697674418604
APOLLOHOSP,Mar 2017,Group A,roce_calculated,11.399285603354558,0.4372093023255814
APOLLOHOSP,Mar 2018,Group A,roce_calculated,11.992813295403504,0.4697674418604651
APOLLOHOSP,Mar 2019,Group A,roce_calculated,15.270443841872414,0.586046511627907
APOLLOHOSP,Mar 2020,Group A,roce_calculated,22.93829296424452,0.7441860465116279
APOLLOHOSP,Mar 2021,Group A,roce_calculated,13.009243409791168,0.5023255813953489
APOLLOHOSP,Mar 2022,Group A,roce_calculated,22.587968217934165,0.7395348837209302
APOLLOHOSP,Mar 2023,Group A,roce_calculated,19.610636277302945,0.6883720930232559
APOLLOHOSP,Mar 2024,Group A,roce_calculated,19.51259271334257,0.6790697674418604
ASIANPAINT,Mar 2013,Group A,roce_calculated,47.785419532324624,0.9441860465116279
ASIANPAINT,Mar 2014,Group A,roce_calculated,46.73507462686567,0.9395348837209302
ASIANPAINT,Mar 2015,Group A,roce_calculated,43.468992248062015,0.9302325581395349
ASIANPAINT,Mar 2016,Group A,roce_calculated,39.79264018691589,0.9209302325581395
ASIANPAINT,Mar 2017,Group A,roce_calculated,36.67319941205292,0.9023255813953488
ASIANPAINT,Mar 2018,Group A,roce_calculated,35.826903723582696,0.8883720930232558
ASIANPAINT,Mar 2019,Group A,roce_calculated,34.89018626633305,0.8697674418604651
ASIANPAINT,Mar 2020,Group A,roce_calculated,36.9576813655761,0.9116279069767442
ASIANPAINT,Mar 2021,Group A,roce_calculated,34.93776530685661,0.8790697674418605
ASIANPAINT,Mar 2022,Group A,roce_calculated,31.19683096304955,0.8372093023255814
ASIANPAINT,Mar 2023,Group A,roce_calculated,34.92329149232915,0.8744186046511628
ASIANPAINT,Mar 2024,Group A,roce_calculated,35.77492689368928,0.8837209302325582
ATGL,Mar 2018,Group A,roce_calculated,15.501905972045742,0.5953488372093023
ATGL,Mar 2019,Group A,roce_calculated,30.4144385026738,0.8232558139534883
ATGL,Mar 2020,Group A,roce_calculated,31.332280147446024,0.8465116279069768
ATGL,Mar 2021,Group A,roce_calculated,28.583028826634187,0.8046511627906977
ATGL,Mar 2022,Group A,roce_calculated,22.39930454940597,0.7348837209302326
ATGL,Mar 2023,Group A,roce_calculated,19.94040797616319,0.6976744186046512
ATGL,Mar 2024,Group A,roce_calculated,21.49114269028616,0.7162790697674418
AXISBANK,Mar 2013,Group A,roce_calculated,2.5235874831517977,0.08837209302325581
AXISBANK,Mar 2014,Group A,roce_calculated,2.5947330470624954,0.09767441860465116
AXISBANK,Mar 2015,Group A,roce_calculated,2.46397704096885,0.08372093023255814
AXISBANK,Mar 2016,Group A,roce_calculated,2.5426614343676825,0.09302325581395349
AXISBANK,Mar 2017,Group A,roce_calculated,4.077990192132123,0.20930232558139536
AXISBANK,Mar 2018,Group A,roce_calculated,4.276736448244015,0.21395348837209302
AXISBANK,Mar 2019,Group A,roce_calculated,3.482312085950464,0.17209302325581396
AXISBANK,Mar 2020,Group A,roce_calculated,3.968191997754836,0.20465116279069767
AXISBANK,Mar 2021,Group A,roce_calculated,3.3274816720729032,0.15813953488372093
AXISBANK,Mar 2022,Group A,roce_calculated,2.630082057296147,0.10697674418604651
AXISBANK,Mar 2023,Group A,roce_calculated,2.269353161405784,0.07906976744186046
AXISBANK,Mar 2024,Group A,roce_calculated,2.612569500628303,0.10232558139534884
BAJAJ-AUTO,Mar 2013,Group A,roce_calculated,44.688913335778025,0.9348837209302325
BAJAJ-AUTO,Mar 2014,Group A,roce_calculated,40.70995501662429,0.9255813953488372
BAJAJ-AUTO,Mar 2015,Group A,roce_calculated,36.834121531185865,0.9069767441860465
BAJAJ-AUTO,Mar 2016,Group A,roce_calculated,33.90154194369784,0.8651162790697674
BAJAJ-AUTO,Mar 2017,Group A,roce_calculated,24.638406764574988,0.7767441860465116
BAJAJ-AUTO,Mar 2018,Group A,roce_calculated,23.58609948408449,0.7627906976744186
BAJAJ-AUTO,Mar 2019,Group A,roce_calculated,22.25361760424694,0.7302325581395349
BAJAJ-AUTO,Mar 2020,Group A,roce_calculated,23.448687350835325,0.7534883720930232
BAJAJ-AUTO,Mar 2021,Group A,roce_calculated,18.025845075563996,0.6558139534883721
BAJAJ-AUTO,Mar 2022,Group A,roce_calculated,17.540524314588755,0.641860465116279
BAJAJ-AUTO,Mar 2023,Group A,roce_calculated,21.92565963508105,0.7255813953488373
BAJAJ-AUTO,Mar 2024,Group A,roce_calculated,28.389583468290468,0.7953488372093023
BAJAJFINSV,Mar 2013,Group A,roce_calculated,18.905400856057327,0.6651162790697674
BAJAJFINSV,Mar 2014,Group A,roce_calculated,15.583469239043689,0.6
BAJAJFINSV,Mar 2015,Group A,roce_calculated,14.734900136359991,0.5674418604651162
BAJAJFINSV,Mar 2016,Group A,roce_calculated,13.570004631400897,0.5348837209302325
BAJAJFINSV,Mar 2017,Group A,roce_calculated,13.522573836388185,0.5302325581395348
BAJAJFINSV,Mar 2018,Group A,roce_calculated,12.518276126157488,0.48372093023255813
BAJAJFINSV,Mar 2019,Group A,roce_calculated,12.176300063160964,0.4790697674418605
BAJAJFINSV,Mar 2020,Group A,roce_calculated,11.518225519512471,0.44651162790697674
BAJAJFINSV,Mar 2021,Group A,roce_calculated,11.955006665002951,0.46511627906976744
BAJAJFINSV,Mar 2022,Group A,roce_calculated,10.651554417006745,0.4
BAJAJFINSV,Mar 2023,Group A,roce_calculated,11.546669140842456,0.4511627906976744
BAJAJFINSV,Mar 2024,Group A,roce_calculated,11.706431579821396,0.4604651162790698
BAJAJHLDNG,Mar 2013,Group A,roce_calculated,3.112614789753504,0.14418604651162792
BAJAJHLDNG,Mar 2014,Group A,roce_calculated,3.3336111342611883,0.16279069767441862
BAJAJHLDNG,Mar 2015,Group A,roce_calculated,3.6138281191667287,0.19069767441860466
BAJAJHLDNG,Mar 2016,Group A,roce_calculated,2.805204995749689,0.12558139534883722
BAJAJHLDNG,Mar 2017,Group A,roce_calculated,3.5245257604669438,0.1813953488372093
BAJAJHLDNG,Mar 2018,Group A,roce_calculated,1.408674258957978,0.05116279069767442
BAJAJHLDNG,Mar 2019,Group A,roce_calculated,1.2874740279014545,0.046511627906976744
BAJAJHLDNG,Mar 2020,Group A,roce_calculated,1.07765565142673,0.04186046511627907
BAJAJHLDNG,Mar 2021,Group A,roce_calculated,0.943623837224888,0.037209302325581395
BAJAJHLDNG,Mar 2022,Group A,roce_calculated,0.8543626035943757,0.023255813953488372
BAJAJHLDNG,Mar 2023,Group A,roce_calculated,0.8582721626199887,0.027906976744186046
BAJAJHLDNG,Mar 2024,Group A,roce_calculated,2.8760817529000184,0.13488372093023257
BAJFINANCE,Mar 2015,Group A,roce_calculated,5.569861707200763,0.26046511627906976
BAJFINANCE,Mar 2016,Group A,roce_calculated,5.295599748042832,0.24651162790697675
BAJFINANCE,Mar 2017,Group A,roce_calculated,5.52251486830926,0.2558139534883721
BAJFINANCE,Mar 2018,Group A,roce_calculated,4.993629027364845,0.23255813953488372
BAJFINANCE,Mar 2019,Group A,roce_calculated,4.496846271179454,0.22325581395348837
BAJFINANCE,Mar 2020,Group A,roce_calculated,5.649031048392071,0.2651162790697674
BAJFINANCE,Mar 2021,Group A,roce_calculated,6.43065641463762,0.29767441860465116
BAJFINANCE,Mar 2022,Group A,roce_calculated,5.685706764938141,0.26976744186046514
BAJFINANCE,Mar 2023,Group A,roce_calculated,4.682692520530359,0.22790697674418606
BAJFINANCE,Mar 2024,Group A,roce_calculated,4.350587230638684,0.2186046511627907
BANKBARODA,Mar 2013,Group A,roce_calculated,2.0185299203279787,0.06511627906976744
BANKBARODA,Mar 2014,Group A,roce_calculated,1.8400476466815308,0.05581395348837209
BANKBARODA,Mar 2015,Group A,roce_calculated,1.903318864566976,0.06046511627906977
BANKBARODA,Mar 2016,Group A,roce_calculated,3.829488159821669,0.2
BANKBARODA,Mar 2017,Group A,roce_calculated,2.7835376522269746,0.12093023255813953
BANKBARODA,Mar 2018,Group A,roce_calculated,3.6296890845026337,0.19534883720930232
BANKBARODA,Mar 2019,Group A,roce_calculated,3.269989815720272,0.14883720930232558
BANKBARODA,Mar 2020,Group A,roce_calculated,3.5441037128248123,0.18604651162790697
BANKBARODA,Mar 2021,Group A,roce_calculated,3.3116932260345884,0.15348837209302327
BANKBARODA,Mar 2022,Group A,roce_calculated,2.9375195740682742,0.13953488372093023
BANKBARODA,Mar 2023,Group A,roce_calculated,2.6409062430274783,0.11162790697674418
BANKBARODA,Mar 2024,Group A,roce_calculated,2.8204469854601983,0.13023255813953488
BEL,Mar 2013,Group A,roce_calculated,2230.0,0.9488372093023256
BEL,Mar 2014,Group A,roce_calculated,3303.5714285714284,0.9767441860465116
BEL,Mar 2015,Group A,roce_calculated,3572.7272727272725,0.9813953488372092
BEL,Mar 2016,Group A,roce_calculated,3764.864864864865,0.9906976744186047
BEL,Mar 2017,Group A,roce_calculated,4072.727272727273,1.0
BEL,Mar 2018,Group A,roce_calculated,2581.012658227848,0.9534883720930233
BEL,Mar 2019,Group A,roce_calculated,3030.208333333333,0.9720930232558139
BEL,Mar 2020,Group A,roce_calculated,2786.868686868687,0.9627906976744186
BEL,Mar 2021,Group A,roce_calculated,2975.925925925926,0.9674418604651163
BEL,Mar 2022,Group A,roce_calculated,2633.070866141732,0.958139534883721
BEL,Mar 2023,Group A,roce_calculated,3587.7192982456136,0.986046511627907
BEL,Mar 2024,Group A,roce_calculated,3977.165354330709,0.9953488372093023
BHARTIARTL,Mar 2013,Group A,roce_calculated,19.61420834116421,0.6930232558139535
BHARTIARTL,Mar 2014,Group A,roce_calculated,19.54412762067644,0.6837209302325581
BHARTIARTL,Mar 2015,Group A,roce_calculated,27.2761218260926,0.786046511627907
BHARTIARTL,Mar 2016,Group A,roce_calculated,20.299135088641467,0.7069767441860465
BHARTIARTL,Mar 2017,Group A,roce_calculated,20.21803198947037,0.7023255813953488
BHARTIARTL,Mar 2018,Group A,roce_calculated,16.630268315742335,0.6232558139534884
BHARTIARTL,Mar 2019,Group A,roce_calculated,13.088071688739197,0.5069767441860465
BHARTIARTL,Mar 2020,Group A,roce_calculated,16.244181867393166,0.6139534883720931
BHARTIARTL,Mar 2021,Group A,roce_calculated,20.420045278662204,0.7116279069767442
BHARTIARTL,Mar 2022,Group A,roce_calculated,24.354871482271665,0.772093023255814
BHARTIARTL,Mar 2023,Group A,roce_calculated,23.477599206806705,0.7581395348837209
BHARTIARTL,Mar 2024,Group A,roce_calculated,26.253894054880604,0.7813953488372093
BHEL,Mar 2013,Group A,roce_calculated,28.52287424429272,0.8
BHEL,Mar 2014,Group A,roce_calculated,12.093281216987112,0.4744186046511628
BHEL,Mar 2015,Group A,roce_calculated,5.931405141843971,0.27906976744186046
BHEL,Mar 2016,Group A,roce_calculated,-4.172046977802373,0.009302325581395349
BHEL,Mar 2017,Group A,roce_calculated,3.364572130895683,0.16744186046511628
BHEL,Mar 2018,Group A,roce_calculated,5.094775774387425,0.2372093023255814
BHEL,Mar 2019,Group A,roce_calculated,6.065309533759178,0.2837209302325581
BHEL,Mar 2020,Group A,roce_calculated,-0.3941908713692946,0.013953488372093023
BHEL,Mar 2021,Group A,roce_calculated,-9.856468610590287,0.004651162790697674
BHEL,Mar 2022,Group A,roce_calculated,2.642328312484044,0.11627906976744186
BHEL,Mar 2023,Group A,roce_calculated,3.4995977473853577,0.17674418604651163
BHEL,Mar 2024,Group A,roce_calculated,2.1355199134979275,0.07441860465116279
ABB,Dec 2012,Group A,net_profit_margin_pct,8.771929824561402,0.3644859813084112
ABB,Mar 2014,Group A,net_profit_margin_pct,8.699472759226714,0.3598130841121495
ABB,Mar 2015,Group A,net_profit_margin_pct,10.004368719965049,0.40186915887850466
ABB,Mar 2016,Group A,net_profit_margin_pct,9.755164498852334,0.397196261682243
ABB,Mar 2017,Group A,net_profit_margin_pct,9.541853255253187,0.3878504672897196
ABB,Mar 2018,Group A,net_profit_margin_pct,12.15888417222559,0.4766355140186916
ABB,Mar 2019,Group A,net_profit_margin_pct,12.231584669747214,0.48598130841121495
ABB,Mar 2020,Group A,net_profit_margin_pct,14.488150500855118,0.6121495327102804
ABB,Mar 2021,Group A,net_profit_margin_pct,16.03248259860789,0.677570093457944
ABB,Mar 2022,Group A,net_profit_margin_pct,16.26297577854671,0.6869158878504673
ABB,Mar 2023,Group A,net_profit_margin_pct,17.74163395027108,0.7616822429906542
ABB,Mar 2024,Group A,net_profit_margin_pct,20.53342451701145,0.822429906542056
ADANIENSOL,Mar 2014,Group A,net_profit_margin_pct,,
ADANIENSOL,Mar 2015,Group A,net_profit_margin_pct,-5.343511450381679,0.06074766355140187
ADANIENSOL,Mar 2016,Group A,net_profit_margin_pct,16.773017319963536,0.7149532710280374
ADANIENSOL,Mar 2017,Group A,net_profit_margin_pct,14.464534075104313,0.6074766355140186
ADANIENSOL,Mar 2018,Group A,net_profit_margin_pct,28.98073022312373,0.8878504672897196
ADANIENSOL,Mar 2019,Group A,net_profit_margin_pct,7.652292950034223,0.3317757009345794
ADANIENSOL,Mar 2020,Group A,net_profit_margin_pct,6.184302733006307,0.29439252336448596
ADANIENSOL,Mar 2021,Group A,net_profit_margin_pct,12.996171670360669,0.5327102803738317
ADANIENSOL,Mar 2022,Group A,net_profit_margin_pct,10.978859477704743,0.43457943925233644
ADANIENSOL,Mar 2023,Group A,net_profit_margin_pct,9.636650868878355,0.3925233644859813
ADANIENSOL,Mar 2024,Group A,net_profit_margin_pct,7.201782380923707,0.3177570093457944
ADANIENT,Mar 2013,Group A,net_profit_margin_pct,2.6264150943396225,0.19158878504672897
ADANIENT,Mar 2014,Group A,net_profit_margin_pct,4.815549529546654,0.2616822429906542
ADANIENT,Mar 2015,Group A,net_profit_margin_pct,3.564725044597844,0.2336448598130841
ADANIENT,Mar 2016,Group A,net_profit_margin_pct,2.9404845918607387,0.2102803738317757
ADANIENT,Mar 2017,Group A,net_profit_margin_pct,2.5319574083705145,0.1822429906542056
ADANIENT,Mar 2018,Group A,net_profit_margin_pct,1.653490702594366,0.13551401869158877
ADANIENT,Mar 2019,Group A,net_profit_margin_pct,1.2531266252259838,0.11682242990654206
ADANIENT,Mar 2020,Group A,net_profit_margin_pct,2.3961477317236133,0.17757009345794392
ADANIENT,Mar 2021,Group A,net_profit_margin_pct,2.645623087234742,0.20093457943925233
ADANIENT,Mar 2022,Group A,net_profit_margin_pct,1.135119562085854,0.102803738317757
ADANIENT,Mar 2023,Group A,net_profit_margin_pct,1.899012074643249,0.14485981308411214
ADANIENT,Mar 2024,Group A,net_profit_margin_pct,3.458790097592848,0.22429906542056074
ADANIGREEN,Mar 2017,Group A,net_profit_margin_pct,-9.362549800796812,0.04205607476635514
ADANIGREEN,Mar 2018,Group A,net_profit_margin_pct,-9.324324324324325,0.04672897196261682
ADANIGREEN,Mar 2019,Group A,net_profit_margin_pct,-23.080660835762878,0.018691588785046728
ADANIGREEN,Mar 2020,Group A,net_profit_margin_pct,-2.6677128285602194,0.08411214953271028
ADANIGREEN,Mar 2021,Group A,net_profit_margin_pct,5.825864276568503,0.2897196261682243
ADANIGREEN,Mar 2022,Group A,net_profit_margin_pct,9.526592635885448,0.38317757009345793
ADANIGREEN,Mar 2023,Group A,net_profit_margin_pct,12.512860082304528,0.5046728971962616
ADANIGREEN,Mar 2024,Group A,net_profit_margin_pct,13.665943600867678,0.5607476635514018
ADANIPORTS,Mar 2013,Group A,net_profit_margin_pct,45.820519988817445,0.9392523364485982
ADANIPORTS,Mar 2014,Group A,net_profit_margin_pct,36.04554865424431,0.9065420560747663
ADANIPORTS,Mar 2015,Group A,net_profit_margin_pct,37.77633289986996,0.9205607476635514
ADANIPORTS,Mar 2016,Group A,net_profit_margin_pct,40.17442678295119,0.9252336448598131
ADANIPORTS,Mar 2017,Group A,net_profit_margin_pct,46.23770588932338,0.9439252336448598
ADANIPORTS,Mar 2018,Group A,net_profit_margin_pct,32.588536606906295,0.9018691588785047
ADANIPORTS,Mar 2019,Group A,net_profit_margin_pct,37.02517162471396,0.9158878504672897
ADANIPORTS,Mar 2020,Group A,net_profit_margin_pct,31.8790533142424,0.897196261682243
ADANIPORTS,Mar 2021,Group A,net_profit_margin_pct,40.23107569721115,0.9299065420560748
ADANIPORTS,Mar 2022,Group A,net_profit_margin_pct,28.93276476429698,0.883177570093458
ADANIPORTS,Mar 2023,Group A,net_profit_margin_pct,25.85363514291195,0.8551401869158879
ADANIPORTS,Mar 2024,Group A,net_profit_margin_pct,30.339560480700836,0.8925233644859814
ADANIPOWER,Mar 2013,Group A,net_profit_margin_pct,-34.294680215182304,0.009345794392523364
ADANIPOWER,Mar 2014,Group A,net_profit_margin_pct,-1.8984864300626303,0.08878504672897196
ADANIPOWER,Mar 2015,Group A,net_profit_margin_pct,-4.367606915377617,0.06542056074766354
ADANIPOWER,Mar 2016,Group A,net_profit_margin_pct,2.171257437837412,0.16355140186915887
ADANIPOWER,Mar 2017,Group A,net_profit_margin_pct,-27.299257163070397,0.014018691588785047
ADANIPOWER,Mar 2018,Group A,net_profit_margin_pct,-10.35756501182033,0.037383177570093455
ADANIPOWER,Mar 2019,Group A,net_profit_margin_pct,-4.119912912409982,0.07009345794392523
ADANIPOWER,Mar 2020,Group A,net_profit_margin_pct,-8.595284872298626,0.0514018691588785
ADANIPOWER,Mar 2021,Group A,net_profit_margin_pct,4.84344609282636,0.26635514018691586
ADANIPOWER,Mar 2022,Group A,net_profit_margin_pct,17.725812854101257,0.7570093457943925
ADANIPOWER,Mar 2023,Group A,net_profit_margin_pct,27.666159440848016,0.8738317757009346
ADANIPOWER,Mar 2024,Group A,net_profit_margin_pct,41.36759945184802,0.9345794392523364
AMBUJACEM,Dec 2012,Group A,net_profit_margin_pct,13.252641296543237,0.5420560747663551
AMBUJACEM,Dec 2013,Group A,net_profit_margin_pct,13.950442091474727,0.5794392523364486
AMBUJACEM,Dec 2014,Group A,net_profit_margin_pct,14.937217478653944,0.6448598130841121
AMBUJACEM,Dec 2015,Group A,net_profit_margin_pct,8.562043022146868,0.35514018691588783
AMBUJACEM,Dec 2016,Group A,net_profit_margin_pct,7.136458644371454,0.308411214953271
AMBUJACEM,Dec 2017,Group A,net_profit_margin_pct,8.238383667245541,0.3411214953271028
AMBUJACEM,Dec 2018,Group A,net_profit_margin_pct,11.416612265273992,0.4532710280373832
AMBUJACEM,Dec 2019,Group A,net_profit_margin_pct,10.267857142857142,0.40654205607476634
AMBUJACEM,Dec 2020,Group A,net_profit_margin_pct,12.67335617555882,0.5186915887850467
AMBUJACEM,Dec 2021,Group A,net_profit_margin_pct,12.812014500258934,0.5280373831775701
AMBUJACEM,Mar 2024,Group A,net_profit_margin_pct,14.288299155609169,0.602803738317757
APOLLOHOSP,Mar 2013,Group A,net_profit_margin_pct,8.039267710267975,0.3364485981308411
APOLLOHOSP,Mar 2014,Group A,net_profit_margin_pct,7.229745237548772,0.32242990654205606
APOLLOHOSP,Mar 2015,Group A,net_profit_margin_pct,6.531487619418989,0.29906542056074764
APOLLOHOSP,Mar 2016,Group A,net_profit_margin_pct,3.8211382113821135,0.2383177570093458
APOLLOHOSP,Mar 2017,Group A,net_profit_margin_pct,1.8054024255788312,0.14018691588785046
APOLLOHOSP,Mar 2018,Group A,net_profit_margin_pct,0.7278903311901006,0.09813084112149532
APOLLOHOSP,Mar 2019,Group A,net_profit_margin_pct,2.0796506186960597,0.14953271028037382
APOLLOHOSP,Mar 2020,Group A,net_profit_margin_pct,3.841024273139504,0.24299065420560748
APOLLOHOSP,Mar 2021,Group A,net_profit_margin_pct,1.2973484848484849,0.12149532710280374
APOLLOHOSP,Mar 2022,Group A,net_profit_margin_pct,7.556434563186251,0.32710280373831774
APOLLOHOSP,Mar 2023,Group A,net_profit_margin_pct,5.080664579821816,0.2757009345794392
APOLLOHOSP,Mar 2024,Group A,net_profit_margin_pct,4.905818773282963,0.27102803738317754
ASIANPAINT,Mar 2013,Group A,net_profit_margin_pct,11.043412033511045,0.4439252336448598
ASIANPAINT,Mar 2014,Group A,net_profit_margin_pct,10.335515548281506,0.411214953271028
ASIANPAINT,Mar 2015,Group A,net_profit_margin_pct,10.48108703635696,0.4205607476635514
ASIANPAINT,Mar 2016,Group A,net_profit_margin_pct,12.634013033424427,0.514018691588785
ASIANPAINT,Mar 2017,Group A,net_profit_margin_pct,13.384676669764971,0.5514018691588785
ASIANPAINT,Mar 2018,Group A,net_profit_margin_pct,12.469539375928678,0.4953271028037383
ASIANPAINT,Mar 2019,Group A,net_profit_margin_pct,11.476091476091476,0.45794392523364486
ASIANPAINT,Mar 2020,Group A,net_profit_margin_pct,13.72519914897828,0.5700934579439252
ASIANPAINT,Mar 2021,Group A,net_profit_margin_pct,14.769953484087877,0.6261682242990654
ASIANPAINT,Mar 2022,Group A,net_profit_margin_pct,10.60101027456101,0.4252336448598131
ASIANPAINT,Mar 2023,Group A,net_profit_margin_pct,12.16329844298182,0.48130841121495327
ASIANPAINT,Mar 2024,Group A,net_profit_margin_pct,15.658543456824903,0.6635514018691588
ATGL,Mar 2018,Group A,net_profit_margin_pct,11.790393013100436,0.46261682242990654
ATGL,Mar 2019,Group A,net_profit_margin_pct,13.321698662012798,0.5467289719626168
ATGL,Mar 2020,Group A,net_profit_margin_pct,23.25333333333333,0.8504672897196262
ATGL,Mar 2021,Group A,net_profit_margin_pct,27.299528301886795,0.8644859813084113
ATGL,Mar 2022,Group A,net_profit_margin_pct,16.754443712969056,0.7102803738317757
ATGL,Mar 2023,Group A,net_profit_margin_pct,12.47144814984011,0.5
ATGL,Mar 2024,Group A,net_profit_margin_pct,14.927374301675975,0.6401869158878505
AXISBANK,Mar 2013,Group A,net_profit_margin_pct,19.05234889452967,0.7897196261682243
AXISBANK,Mar 2014,Group A,net_profit_margin_pct,20.29307137495513,0.8177570093457944
AXISBANK,Mar 2015,Group A,net_profit_margin_pct,20.73902872121537,0.8271028037383178
AXISBANK,Mar 2016,Group A,net_profit_margin_pct,20.064409095344978,0.8130841121495327
AXISBANK,Mar 2017,Group A,net_profit_margin_pct,8.259620133806294,0.34579439252336447
AXISBANK,Mar 2018,Group A,net_profit_margin_pct,0.6028833551769331,0.09345794392523364
AXISBANK,Mar 2019,Group A,net_profit_margin_pct,8.505801476739535,0.35046728971962615
AXISBANK,Mar 2020,Group A,net_profit_margin_pct,2.5975892073122058,0.18691588785046728
AXISBANK,Mar 2021,Group A,net_profit_margin_pct,10.400025258106274,0.4158878504672897
AXISBANK,Mar 2022,Group A,net_profit_margin_pct,19.33152262641554,0.794392523364486
AXISBANK,Mar 2023,Group A,net_profit_margin_pct,11.248884505189986,0.4485981308411215
AXISBANK,Mar 2024,Group A,net_profit_margin_pct,22.73130411725443,0.8457943925233645
BAJAJ-AUTO,Mar 2013,Group A,net_profit_margin_pct,15.645443196004994,0.6588785046728972
BAJAJ-AUTO,Mar 2014,Group A,net_profit_margin_pct,16.785022595222724,0.719626168224299
BAJAJ-AUTO,Mar 2015,Group A,net_profit_margin_pct,14.012502894188469,0.5841121495327103
BAJAJ-AUTO,Mar 2016,Group A,net_profit_margin_pct,17.989722689820148,0.7663551401869159
BAJAJ-AUTO,Mar 2017,Group A,net_profit_margin_pct,18.7497127097219,0.7850467289719626
BAJAJ-AUTO,Mar 2018,Group A,net_profit_margin_pct,16.735422451408173,0.705607476635514
BAJAJ-AUTO,Mar 2019,Group A,net_profit_margin_pct,16.2329534224916,0.6822429906542056
BAJAJ-AUTO,Mar 2020,Group A,net_profit_margin_pct,17.42036832781844,0.7383177570093458
BAJAJ-AUTO,Mar 2021,Group A,net_profit_margin_pct,17.508381096571863,0.7429906542056075
BAJAJ-AUTO,Mar 2022,Group A,net_profit_margin_pct,18.60310755770101,0.780373831775701
BAJAJ-AUTO,Mar 2023,Group A,net_profit_margin_pct,16.62323412426279,0.6962616822429907
BAJAJ-AUTO,Mar 2024,Group A,net_profit_margin_pct,17.178515712057056,0.7336448598130841
BAJAJFINSV,Mar 2013,Group A,net_profit_margin_pct,27.48603351955307,0.8691588785046729
BAJAJFINSV,Mar 2014,Group A,net_profit_margin_pct,36.37722065415906,0.9112149532710281
BAJAJFINSV,Mar 2015,Group A,net_profit_margin_pct,21.25275694750772,0.8317757009345794
BAJAJFINSV,Mar 2016,Group A,net_profit_margin_pct,13.514829786197827,0.5560747663551402
BAJAJFINSV,Mar 2017,Group A,net_profit_margin_pct,14.077610478638755,0.5934579439252337
BAJAJFINSV,Mar 2018,Group A,net_profit_margin_pct,12.707686689793682,0.5233644859813084
BAJAJFINSV,Mar 2019,Group A,net_profit_margin_pct,12.61354301138364,0.5093457943925234
BAJAJFINSV,Mar 2020,Group A,net_profit_margin_pct,11.028315946348734,0.4392523364485981
BAJAJFINSV,Mar 2021,Group A,net_profit_margin_pct,12.158370742012146,0.4719626168224299
BAJAJFINSV,Mar 2022,Group A,net_profit_margin_pct,12.153904628248984,0.4672897196261682
BAJAJFINSV,Mar 2023,Group A,net_profit_margin_pct,14.87718101179452,0.6308411214953271
BAJAJFINSV,Mar 2024,Group A,net_profit_margin_pct,14.128209309488865,0.5981308411214953
BAJAJHLDNG,Mar 2013,Group A,net_profit_margin_pct,550.7418397626113,0.9719626168224299
BAJAJHLDNG,Mar 2014,Group A,net_profit_margin_pct,469.9763593380615,0.9626168224299065
BAJAJHLDNG,Mar 2015,Group A,net_profit_margin_pct,387.2137404580153,0.9532710280373832
BAJAJHLDNG,Mar 2016,Group A,net_profit_margin_pct,481.9148936170213,0.9672897196261683
BAJAJHLDNG,Mar 2017,Group A,net_profit_margin_pct,293.70546318289786,0.9485981308411215
BAJAJHLDNG,Mar 2018,Group A,net_profit_margin_pct,632.1428571428571,0.9766355140186916
BAJAJHLDNG,Mar 2019,Group A,net_profit_margin_pct,707.1925754060325,0.9813084112149533
BAJAJHLDNG,Mar 2020,Group A,net_profit_margin_pct,708.0459770114943,0.985981308411215
BAJAJHLDNG,Mar 2021,Group A,net_profit_margin_pct,799.562363238512,0.9906542056074766
BAJAJHLDNG,Mar 2022,Group A,net_profit_margin_pct,852.4793388429752,0.9953271028037384
BAJAJHLDNG,Mar 2023,Group A,net_profit_margin_pct,947.5095785440614,1.0
BAJAJHLDNG,Mar 2024,Group A,net_profit_margin_pct,432.7262044653349,0.9579439252336449
BAJFINANCE,Mar 2015,Group A,net_profit_margin_pct,16.654302670623146,0.7009345794392523
BAJFINANCE,Mar 2016,Group A,net_profit_margin_pct,17.522948349088914,0.7476635514018691
BAJFINANCE,Mar 2017,Group A,net_profit_margin_pct,18.415245737211634,0.7757009345794392
BAJFINANCE,Mar 2018,Group A,net_profit_margin_pct,19.58261415345991,0.7990654205607477
BAJFINANCE,Mar 2019,Group A,net_profit_margin_pct,21.609779845296696,0.8364485981308412
BAJFINANCE,Mar 2020,Group A,net_profit_margin_pct,19.959050580116784,0.8084112149532711
BAJFINANCE,Mar 2021,Group A,net_profit_margin_pct,16.5710643722116,0.6915887850467289
BAJFINANCE,Mar 2022,Group A,net_profit_margin_pct,22.211687367655887,0.8411214953271028
BAJFINANCE,Mar 2023,Group A,net_profit_margin_pct,27.7897177078554,0.8785046728971962
BAJFINANCE,Mar 2024,Group A,net_profit_margin_pct,26.287928399912687,0.8598130841121495
BANKBARODA,Mar 2013,Group A,net_profit_margin_pct,13.251193677624718,0.5373831775700935
BANKBARODA,Mar 2014,Group A,net_profit_margin_pct,12.4459382645874,0.49065420560747663
BANKBARODA,Mar 2015,Group A,net_profit_margin_pct,8.794389402204164,0.3691588785046729
BANKBARODA,Mar 2016,Group A,net_profit_margin_pct,-10.98932291098059,0.03271028037383177
BANKBARODA,Mar 2017,Group A,net_profit_margin_pct,4.171070087468801,0.24766355140186916
BANKBARODA,Mar 2018,Group A,net_profit_margin_pct,-3.986451276706618,0.07476635514018691
BANKBARODA,Mar 2019,Group A,net_profit_margin_pct,2.203908819415567,0.17289719626168223
BANKBARODA,Mar 2020,Group A,net_profit_margin_pct,1.2434248051207302,0.11214953271028037
BANKBARODA,Mar 2021,Group A,net_profit_margin_pct,2.179939177005678,0.16822429906542055
BANKBARODA,Mar 2022,Group A,net_profit_margin_pct,10.810111058118144,0.42990654205607476
BANKBARODA,Mar 2023,Group A,net_profit_margin_pct,15.877802821074464,0.6682242990654206
BANKBARODA,Mar 2024,Group A,net_profit_margin_pct,15.93948250956673,0.6728971962616822
BEL,Mar 2013,Group A,net_profit_margin_pct,14.522556990275785,0.616822429906542
BEL,Mar 2014,Group A,net_profit_margin_pct,14.605707272169376,0.6214953271028038
BEL,Mar 2015,Group A,net_profit_margin_pct,16.875793035387,0.7289719626168224
BEL,Mar 2016,Group A,net_profit_margin_pct,18.18058199619255,0.7710280373831776
BEL,Mar 2017,Group A,net_profit_margin_pct,17.594731977818853,0.7523364485981309
BEL,Mar 2018,Group A,net_profit_margin_pct,13.758292471877704,0.5747663551401869
BEL,Mar 2019,Group A,net_profit_margin_pct,15.512989148306476,0.6495327102803738
BEL,Mar 2020,Group A,net_profit_margin_pct,14.073103022825418,0.5887850467289719
BEL,Mar 2021,Group A,net_profit_margin_pct,14.88411652136934,0.6355140186915887
BEL,Mar 2022,Group A,net_profit_margin_pct,15.616866215512754,0.6542056074766355
BEL,Mar 2023,Group A,net_profit_margin_pct,16.837712867937295,0.7242990654205608
BEL,Mar 2024,Group A,net_profit_margin_pct,19.661535425300965,0.8037383177570093
BHARTIARTL,Mar 2013,Group A,net_profit_margin_pct,2.9461837368578374,0.21495327102803738
BHARTIARTL,Mar 2014,Group A,net_profit_margin_pct,3.516025342401938,0.22897196261682243
BHARTIARTL,Mar 2015,Group A,net_profit_margin_pct,5.252806942695706,0.2803738317757009
BHARTIARTL,Mar 2016,Group A,net_profit_margin_pct,7.140637301620188,0.3130841121495327
BHARTIARTL,Mar 2017,Group A,net_profit_margin_pct,4.442326224494071,0.2523364485981308
BHARTIARTL,Mar 2018,Group A,net_profit_margin_pct,2.6428199760403683,0.19626168224299065
BHARTIARTL,Mar 2019,Group A,net_profit_margin_pct,2.089626145085417,0.1542056074766355
BHARTIARTL,Mar 2020,Group A,net_profit_margin_pct,-35.02895852134477,0.004672897196261682
BHARTIARTL,Mar 2021,Group A,net_profit_margin_pct,-12.28830404707005,0.028037383177570093
BHARTIARTL,Mar 2022,Group A,net_profit_margin_pct,7.125880546045801,0.3037383177570093
BHARTIARTL,Mar 2023,Group A,net_profit_margin_pct,8.830356822020196,0.37383177570093457
BHARTIARTL,Mar 2024,Group A,net_profit_margin_pct,5.706018055499993,0.2850467289719626
BHEL,Mar 2013,Group A,net_profit_margin_pct,13.686276915526657,0.5654205607476636
BHEL,Mar 2014,Group A,net_profit_margin_pct,8.852152372285838,0.37850467289719625
BHEL,Mar 2015,Group A,net_profit_margin_pct,4.629186220987772,0.2570093457943925
BHEL,Mar 2016,Group A,net_profit_margin_pct,-2.768084689276612,0.0794392523364486
BHEL,Mar 2017,Group A,net_profit_margin_pct,1.5984542420516423,0.1308411214953271
BHEL,Mar 2018,Group A,net_profit_margin_pct,1.5194088875013008,0.1261682242990654
BHEL,Mar 2019,Group A,net_profit_margin_pct,3.291613284714693,0.21962616822429906
BHEL,Mar 2020,Group A,net_profit_margin_pct,-6.839677584680613,0.056074766355140186
BHEL,Mar 2021,Group A,net_profit_margin_pct,-15.59882142238142,0.02336448598130841
BHEL,Mar 2022,Group A,net_profit_margin_pct,2.0979680354533023,0.1588785046728972
BHEL,Mar 2023,Group A,net_profit_margin_pct,2.7990584207147444,0.205607476635514
BHEL,Mar 2024,Group A,net_profit_margin_pct,1.180262001423011,0.10747663551401869
ABB,Dec 2012,Group A,debt_to_equity,0.0,0.9627906976744186
ABB,Mar 2014,Group A,debt_to_equity,0.0,0.9627906976744186
ABB,Mar 2015,Group A,debt_to_equity,0.0,0.9627906976744186
ABB,Mar 2016,Group A,debt_to_equity,0.0,0.9627906976744186
ABB,Mar 2017,Group A,debt_to_equity,0.0,0.9627906976744186
ABB,Mar 2018,Group A,debt_to_equity,0.0,0.9627906976744186
ABB,Mar 2019,Group A,debt_to_equity,0.0,0.9627906976744186
ABB,Mar 2020,Group A,debt_to_equity,0.071986836692719,0.7441860465116279
ABB,Mar 2021,Group A,debt_to_equity,0.0588009223674096,0.7627906976744185
ABB,Mar 2022,Group A,debt_to_equity,0.0539007092198581,0.772093023255814
ABB,Mar 2023,Group A,debt_to_equity,0.0354454203262233,0.7813953488372093
ABB,Mar 2024,Group A,debt_to_equity,0.0224384968910516,0.786046511627907
ADANIENSOL,Mar 2014,Group A,debt_to_equity,0.0,0.9627906976744186
ADANIENSOL,Mar 2015,Group A,debt_to_equity,8.95752539242844,0.10232558139534886
ADANIENSOL,Mar 2016,Group A,debt_to_equity,3.212949101796408,0.28837209302325584
ADANIENSOL,Mar 2017,Group A,debt_to_equity,3.045469969460468,0.29767441860465116
ADANIENSOL,Mar 2018,Group A,debt_to_equity,1.7216443784051512,0.413953488372093
ADANIENSOL,Mar 2019,Group A,debt_to_equity,2.50366778565212,0.3674418604651163
ADANIENSOL,Mar 2020,Group A,debt_to_equity,2.8528062124955875,0.3395348837209302
ADANIENSOL,Mar 2021,Group A,debt_to_equity,3.0378966251821957,0.3023255813953488
ADANIENSOL,Mar 2022,Group A,debt_to_equity,3.016443054574801,0.31162790697674414
ADANIENSOL,Mar 2023,Group A,debt_to_equity,2.916843986722274,0.3302325581395349
ADANIENSOL,Mar 2024,Group A,debt_to_equity,2.93252116130053,0.32558139534883723
ADANIENT,Mar 2013,Group A,debt_to_equity,3.240418769863526,0.2837209302325582
ADANIENT,Mar 2014,Group A,debt_to_equity,3.0298438355011155,0.3069767441860465
ADANIENT,Mar 2015,Group A,debt_to_equity,3.248250932835821,0.2790697674418605
ADANIENT,Mar 2016,Group A,debt_to_equity,1.4328748691882194,0.46976744186046515
ADANIENT,Mar 2017,Group A,debt_to_equity,1.4746745897000566,0.4651162790697675
ADANIENT,Mar 2018,Group A,debt_to_equity,1.1688647359003248,0.5116279069767442
ADANIENT,Mar 2019,Group A,debt_to_equity,0.7619273515857956,0.5953488372093023
ADANIENT,Mar 2020,Group A,debt_to_equity,0.7328140673865581,0.6
ADANIENT,Mar 2021,Group A,debt_to_equity,0.9456844804475786,0.5488372093023256
ADANIENT,Mar 2022,Group A,debt_to_equity,1.8692546165251385,0.4
ADANIENT,Mar 2023,Group A,debt_to_equity,1.6096335965628876,0.4372093023255814
ADANIENT,Mar 2024,Group A,debt_to_equity,1.671358378544375,0.41860465116279066
ADANIGREEN,Mar 2017,Group A,debt_to_equity,3.6134663341645887,0.2651162790697674
ADANIGREEN,Mar 2018,Group A,debt_to_equity,7.355704697986577,0.15348837209302324
ADANIGREEN,Mar 2019,Group A,debt_to_equity,5.764097258147957,0.1813953488372093
ADANIGREEN,Mar 2020,Group A,debt_to_equity,6.307170131523122,0.172093023255814
ADANIGREEN,Mar 2021,Group A,debt_to_equity,11.004090909090907,0.06976744186046513
ADANIGREEN,Mar 2022,Group A,debt_to_equity,20.211170619739864,0.0046511627906976605
ADANIGREEN,Mar 2023,Group A,debt_to_equity,7.423740416210296,0.14883720930232558
ADANIGREEN,Mar 2024,Group A,debt_to_equity,6.595281675818589,0.16744186046511633
ADANIPORTS,Mar 2013,Group A,debt_to_equity,1.817328745699093,0.4046511627906977
ADANIPORTS,Mar 2014,Group A,debt_to_equity,1.4807758128921849,0.4604651162790697
ADANIPORTS,Mar 2015,Group A,debt_to_equity,1.651277287505806,0.43255813953488376
ADANIPORTS,Mar 2016,Group A,debt_to_equity,1.6543502406516104,0.4279069767441861
ADANIPORTS,Mar 2017,Group A,debt_to_equity,1.267488303092548,0.49302325581395345
ADANIPORTS,Mar 2018,Group A,debt_to_equity,1.0701813136870306,0.5348837209302326
ADANIPORTS,Mar 2019,Group A,debt_to_equity,1.1370425077958313,0.5209302325581395
ADANIPORTS,Mar 2020,Group A,debt_to_equity,1.1879640177554307,0.4976744186046511
ADANIPORTS,Mar 2021,Group A,debt_to_equity,1.1778522387569397,0.5023255813953489
ADANIPORTS,Mar 2022,Group A,debt_to_equity,1.1461944955883407,0.5162790697674419
ADANIPORTS,Mar 2023,Group A,debt_to_equity,1.1772455881380952,0.5069767441860464
ADANIPORTS,Mar 2024,Group A,debt_to_equity,0.937322369168972,0.5581395348837209
ADANIPOWER,Mar 2013,Group A,debt_to_equity,9.735616119263918,0.07906976744186045
ADANIPOWER,Mar 2014,Group A,debt_to_equity,6.747669264863212,0.16279069767441856
ADANIPOWER,Mar 2015,Group A,debt_to_equity,7.815196506550218,0.14418604651162792
ADANIPOWER,Mar 2016,Group A,debt_to_equity,7.06065881092662,0.1581395348837209
ADANIPOWER,Mar 2017,Group A,debt_to_equity,17.494666666666667,0.009302325581395321
ADANIPOWER,Mar 2018,Group A,debt_to_equity,59.43194600674916,0.0
ADANIPOWER,Mar 2019,Group A,debt_to_equity,6.091804979253112,0.17674418604651165
ADANIPOWER,Mar 2020,Group A,debt_to_equity,8.517049837987965,0.13023255813953494
ADANIPOWER,Mar 2021,Group A,debt_to_equity,4.005109433386716,0.2325581395348837
ADANIPOWER,Mar 2022,Group A,debt_to_equity,2.662675407704394,0.34883720930232553
ADANIPOWER,Mar 2023,Group A,debt_to_equity,1.4175257731958764,0.4744186046511628
ADANIPOWER,Mar 2024,Group A,debt_to_equity,0.8023177656738903,0.5813953488372092
AMBUJACEM,Dec 2012,Group A,debt_to_equity,0.0068205069910196,0.8186046511627907
AMBUJACEM,Dec 2013,Group A,debt_to_equity,0.0050729232720355,0.8558139534883721
AMBUJACEM,Dec 2014,Group A,debt_to_equity,0.0033763654419066,0.8930232558139535
AMBUJACEM,Dec 2015,Group A,debt_to_equity,0.0034076526141563,0.8837209302325582
AMBUJACEM,Dec 2016,Group A,debt_to_equity,0.001463094697543,0.9162790697674419
AMBUJACEM,Dec 2017,Group A,debt_to_equity,0.0011609907120743,0.9255813953488372
AMBUJACEM,Dec 2018,Group A,debt_to_equity,0.0017881090746535,0.9069767441860466
AMBUJACEM,Dec 2019,Group A,debt_to_equity,0.0017027992358169,0.9116279069767442
AMBUJACEM,Dec 2020,Group A,debt_to_equity,0.0206969284176297,0.7906976744186046
AMBUJACEM,Dec 2021,Group A,debt_to_equity,0.0188135994320422,0.7953488372093023
AMBUJACEM,Mar 2024,Group A,debt_to_equity,0.0168612504824392,0.8
APOLLOHOSP,Mar 2013,Group A,debt_to_equity,0.4415726246814707,0.6372093023255814
APOLLOHOSP,Mar 2014,Group A,debt_to_equity,0.4514612025529056,0.6325581395348837
APOLLOHOSP,Mar 2015,Group A,debt_to_equity,0.6279949558638083,0.613953488372093
APOLLOHOSP,Mar 2016,Group A,debt_to_equity,0.8505402160864346,0.5674418604651164
APOLLOHOSP,Mar 2017,Group A,debt_to_equity,0.9429692214846108,0.5534883720930233
APOLLOHOSP,Mar 2018,Group A,debt_to_equity,1.0538130381303814,0.5395348837209302
APOLLOHOSP,Mar 2019,Group A,debt_to_equity,1.1016796640671866,0.5255813953488372
APOLLOHOSP,Mar 2020,Group A,debt_to_equity,1.0766467065868264,0.5302325581395348
APOLLOHOSP,Mar 2021,Group A,debt_to_equity,0.9037584184227676,0.5627906976744186
APOLLOHOSP,Mar 2022,Group A,debt_to_equity,0.723457229237062,0.6046511627906976
APOLLOHOSP,Mar 2023,Group A,debt_to_equity,0.6989351403678606,0.6093023255813954
APOLLOHOSP,Mar 2024,Group A,debt_to_equity,0.7688869665513264,0.5906976744186047
ASIANPAINT,Mar 2013,Group A,debt_to_equity,0.0741725768321513,0.7348837209302326
ASIANPAINT,Mar 2014,Group A,debt_to_equity,0.0616489230007427,0.758139534883721
ASIANPAINT,Mar 2015,Group A,debt_to_equity,0.0881484605651623,0.7209302325581395
ASIANPAINT,Mar 2016,Group A,debt_to_equity,0.0495019157088122,0.7767441860465116
ASIANPAINT,Mar 2017,Group A,debt_to_equity,0.0736454497632824,0.7395348837209302
ASIANPAINT,Mar 2018,Group A,debt_to_equity,0.0633769322235434,0.7534883720930232
ASIANPAINT,Mar 2019,Group A,debt_to_equity,0.1393728222996515,0.6930232558139535
ASIANPAINT,Mar 2020,Group A,debt_to_equity,0.1103652517275419,0.7116279069767442
ASIANPAINT,Mar 2021,Group A,debt_to_equity,0.0853506168983289,0.7255813953488373
ASIANPAINT,Mar 2022,Group A,debt_to_equity,0.114900086880973,0.7069767441860465
ASIANPAINT,Mar 2023,Group A,debt_to_equity,0.1208729364682341,0.7023255813953488
ASIANPAINT,Mar 2024,Group A,debt_to_equity,0.1321016659547202,0.6976744186046512
ATGL,Mar 2018,Group A,debt_to_equity,1.3238188976377954,0.48372093023255813
ATGL,Mar 2019,Group A,debt_to_equity,0.3575317604355716,0.655813953488372
ATGL,Mar 2020,Group A,debt_to_equity,0.2909585316111489,0.6604651162790698
ATGL,Mar 2021,Group A,debt_to_equity,0.2735263702171664,0.6651162790697674
ATGL,Mar 2022,Group A,debt_to_equity,0.4283940397350993,0.6465116279069767
ATGL,Mar 2023,Group A,debt_to_equity,0.4835090105406324,0.627906976744186
ATGL,Mar 2024,Group A,debt_to_equity,0.4349162011173184,0.6418604651162791
AXISBANK,Mar 2013,Group A,debt_to_equity,8.93461608058387,0.10697674418604652
AXISBANK,Mar 2014,Group A,debt_to_equity,8.680070840712574,0.1209302325581395
AXISBANK,Mar 2015,Group A,debt_to_equity,9.046652873256358,0.0976744186046512
AXISBANK,Mar 2016,Group A,debt_to_equity,8.815511865419444,0.11627906976744184
AXISBANK,Mar 2017,Group A,debt_to_equity,9.3550372472508,0.08837209302325577
AXISBANK,Mar 2018,Group A,debt_to_equity,9.522715591757908,0.08372093023255811
AXISBANK,Mar 2019,Group A,debt_to_equity,10.501106162060116,0.07441860465116279
AXISBANK,Mar 2020,Group A,debt_to_equity,9.234850590687978,0.09302325581395354
AXISBANK,Mar 2021,Group A,debt_to_equity,8.210427244821128,0.13953488372093026
AXISBANK,Mar 2022,Group A,debt_to_equity,8.632964375406939,0.12558139534883717
AXISBANK,Mar 2023,Group A,debt_to_equity,8.876784737365254,0.11162790697674418
AXISBANK,Mar 2024,Group A,debt_to_equity,8.249122739980766,0.1348837209302326
BAJAJ-AUTO,Mar 2013,Group A,debt_to_equity,0.0143831370117792,0.8046511627906977
BAJAJ-AUTO,Mar 2014,Group A,debt_to_equity,0.0058030884233303,0.8465116279069768
BAJAJ-AUTO,Mar 2015,Group A,debt_to_equity,0.0100946372239747,0.8093023255813954
BAJAJ-AUTO,Mar 2016,Group A,debt_to_equity,0.008416547788873,0.813953488372093
BAJAJ-AUTO,Mar 2017,Group A,debt_to_equity,0.0067204301075268,0.8232558139534883
BAJAJ-AUTO,Mar 2018,Group A,debt_to_equity,0.0059241126070991,0.8372093023255813
BAJAJ-AUTO,Mar 2019,Group A,debt_to_equity,0.0053802780527697,0.8511627906976744
BAJAJ-AUTO,Mar 2020,Group A,debt_to_equity,0.0058166374296002,0.8418604651162791
BAJAJ-AUTO,Mar 2021,Group A,debt_to_equity,0.0044366223004436,0.8651162790697674
BAJAJ-AUTO,Mar 2022,Group A,debt_to_equity,0.0041193609966844,0.8744186046511628
BAJAJ-AUTO,Mar 2023,Group A,debt_to_equity,0.0042231455622913,0.8697674418604651
BAJAJ-AUTO,Mar 2024,Group A,debt_to_equity,0.0660175402251225,0.7488372093023256
BAJAJFINSV,Mar 2013,Group A,debt_to_equity,1.6650858754165598,0.4232558139534883
BAJAJFINSV,Mar 2014,Group A,debt_to_equity,2.094823883161512,0.38139534883720927
BAJAJFINSV,Mar 2015,Group A,debt_to_equity,2.372801875732708,0.37209302325581395
BAJAJFINSV,Mar 2016,Group A,debt_to_equity,2.651812633281859,0.3534883720930233
BAJAJFINSV,Mar 2017,Group A,debt_to_equity,2.989412420283574,0.32093023255813957
BAJAJFINSV,Mar 2018,Group A,debt_to_equity,3.2072938534394377,0.2930232558139535
BAJAJFINSV,Mar 2019,Group A,debt_to_equity,4.201937657961246,0.21395348837209305
BAJAJFINSV,Mar 2020,Group A,debt_to_equity,4.064021468276788,0.22325581395348837
BAJAJFINSV,Mar 2021,Group A,debt_to_equity,3.585291655037678,0.2697674418604651
BAJAJFINSV,Mar 2022,Group A,debt_to_equity,4.004745695331329,0.23720930232558135
BAJAJFINSV,Mar 2023,Group A,debt_to_equity,4.573986683043507,0.2093023255813954
BAJAJFINSV,Mar 2024,Group A,debt_to_equity,4.789368120938867,0.20465116279069773
BAJAJHLDNG,Mar 2013,Group A,debt_to_equity,0.0,0.9627906976744186
BAJAJHLDNG,Mar 2014,Group A,debt_to_equity,0.0,0.9627906976744186
BAJAJHLDNG,Mar 2015,Group A,debt_to_equity,0.0,0.9627906976744186
BAJAJHLDNG,Mar 2016,Group A,debt_to_equity,0.0,0.9627906976744186
BAJAJHLDNG,Mar 2017,Group A,debt_to_equity,0.0,0.9627906976744186
BAJAJHLDNG,Mar 2018,Group A,debt_to_equity,0.0,0.9627906976744186
BAJAJHLDNG,Mar 2019,Group A,debt_to_equity,0.0,0.9627906976744186
BAJAJHLDNG,Mar 2020,Group A,debt_to_equity,0.0060512192486402,0.8325581395348838
BAJAJHLDNG,Mar 2021,Group A,debt_to_equity,0.0036591600075335,0.8790697674418605
BAJAJHLDNG,Mar 2022,Group A,debt_to_equity,0.0026609401988702,0.8976744186046511
BAJAJHLDNG,Mar 2023,Group A,debt_to_equity,0.0021049296093431,0.9023255813953488
BAJAJHLDNG,Mar 2024,Group A,debt_to_equity,0.0011613545449517,0.9209302325581395
BAJFINANCE,Mar 2015,Group A,debt_to_equity,5.553125,0.18604651162790697
BAJFINANCE,Mar 2016,Group A,debt_to_equity,4.985189174633096,0.19999999999999996
BAJFINANCE,Mar 2017,Group A,debt_to_equity,5.130208333333333,0.1953488372093023
BAJFINANCE,Mar 2018,Group A,debt_to_equity,4.1997097425542655,0.2186046511627907
BAJFINANCE,Mar 2019,Group A,debt_to_equity,5.157536680712799,0.19069767441860463
BAJFINANCE,Mar 2020,Group A,debt_to_equity,4.015280871071517,0.22790697674418603
BAJFINANCE,Mar 2021,Group A,debt_to_equity,3.5655777669429547,0.27441860465116275
BAJFINANCE,Mar 2022,Group A,debt_to_equity,3.779928167821929,0.2558139534883721
BAJFINANCE,Mar 2023,Group A,debt_to_equity,3.985323328183624,0.24651162790697678
BAJFINANCE,Mar 2024,Group A,debt_to_equity,3.824788776468134,0.25116279069767444
BANKBARODA,Mar 2013,Group A,debt_to_equity,15.299320954269575,0.023255813953488413
BANKBARODA,Mar 2014,Group A,debt_to_equity,16.301767643406347,0.013953488372092981
BANKBARODA,Mar 2015,Group A,debt_to_equity,15.838045599504976,0.018604651162790753
BANKBARODA,Mar 2016,Group A,debt_to_equity,14.599816483542336,0.032558139534883734
BANKBARODA,Mar 2017,Group A,debt_to_equity,15.057909768500243,0.027906976744186074
BANKBARODA,Mar 2018,Group A,debt_to_equity,14.437808701627796,0.037209302325581395
BANKBARODA,Mar 2019,Group A,debt_to_equity,13.354716706669576,0.046511627906976716
BANKBARODA,Mar 2020,Group A,debt_to_equity,14.046318196152631,0.041860465116279055
BANKBARODA,Mar 2021,Group A,debt_to_equity,12.95270057045758,0.051162790697674376
BANKBARODA,Mar 2022,Group A,debt_to_equity,12.902404510770772,0.05581395348837215
BANKBARODA,Mar 2023,Group A,debt_to_equity,12.77989624482414,0.06046511627906981
BANKBARODA,Mar 2024,Group A,debt_to_equity,12.143718727289434,0.06511627906976747
BEL,Mar 2013,Group A,debt_to_equity,4.0,0.24186046511627912
BEL,Mar 2014,Group A,debt_to_equity,3.0,0.3162790697674419
BEL,Mar 2015,Group A,debt_to_equity,3.7142857142857135,0.26046511627906976
BEL,Mar 2016,Group A,debt_to_equity,2.083333333333333,0.38604651162790693
BEL,Mar 2017,Group A,debt_to_equity,1.9333333333333331,0.3906976744186047
BEL,Mar 2018,Group A,debt_to_equity,1.5483870967741935,0.4511627906976744
BEL,Mar 2019,Group A,debt_to_equity,0.9591836734693876,0.5441860465116279
BEL,Mar 2020,Group A,debt_to_equity,0.8,0.586046511627907
BEL,Mar 2021,Group A,debt_to_equity,0.8305084745762712,0.5767441860465117
BEL,Mar 2022,Group A,debt_to_equity,0.8405797101449275,0.5720930232558139
BEL,Mar 2023,Group A,debt_to_equity,0.52,0.6186046511627907
BEL,Mar 2024,Group A,debt_to_equity,0.5119047619047619,0.6232558139534884
BHARTIARTL,Mar 2013,Group A,debt_to_equity,1.326179404634156,0.4790697674418605
BHARTIARTL,Mar 2014,Group A,debt_to_equity,1.2700984001606532,0.4883720930232558
BHARTIARTL,Mar 2015,Group A,debt_to_equity,2.097066143751414,0.3767441860465116
BHARTIARTL,Mar 2016,Group A,debt_to_equity,1.5073536019170286,0.45581395348837206
BHARTIARTL,Mar 2017,Group A,debt_to_equity,1.5904650369865247,0.44651162790697674
BHARTIARTL,Mar 2018,Group A,debt_to_equity,1.60112173725462,0.4418604651162791
BHARTIARTL,Mar 2019,Group A,debt_to_equity,1.756128978060289,0.40930232558139534
BHARTIARTL,Mar 2020,Group A,debt_to_equity,1.9214207012768163,0.39534883720930236
BHARTIARTL,Mar 2021,Group A,debt_to_equity,2.7612674503417978,0.3441860465116279
BHARTIARTL,Mar 2022,Group A,debt_to_equity,2.549478618865884,0.3627906976744186
BHARTIARTL,Mar 2023,Group A,debt_to_equity,2.914018281912768,0.33488372093023255
BHARTIARTL,Mar 2024,Group A,debt_to_equity,2.6094723973904306,0.35813953488372097
BHEL,Mar 2013,Group A,debt_to_equity,0.0883171298569511,0.7162790697674419
BHEL,Mar 2014,Group A,debt_to_equity,0.1414790027433601,0.6883720930232557
BHEL,Mar 2015,Group A,debt_to_equity,0.0552226152541877,0.7674418604651163
BHEL,Mar 2016,Group A,debt_to_equity,0.0065294754757852,0.827906976744186
BHEL,Mar 2017,Group A,debt_to_equity,0.0048164500293309,0.8604651162790697
BHEL,Mar 2018,Group A,debt_to_equity,0.0034018865006958,0.8883720930232558
BHEL,Mar 2019,Group A,debt_to_equity,0.0840667874708775,0.7302325581395348
BHEL,Mar 2020,Group A,debt_to_equity,0.1772505233775296,0.6837209302325582
BHEL,Mar 2021,Group A,debt_to_equity,0.1905476657814725,0.6744186046511628
BHEL,Mar 2022,Group A,debt_to_equity,0.1822228929299026,0.6790697674418604
BHEL,Mar 2023,Group A,debt_to_equity,0.2237263106079251,0.6697674418604651
BHEL,Mar 2024,Group A,debt_to_equity,0.3623864473361158,0.6511627906976745
ABB,Dec 2012,Group A,free_cash_flow,42.0,0.4375
ABB,Mar 2014,Group A,free_cash_flow,0.0,0.4254807692307692
ABB,Mar 2015,Group A,free_cash_flow,-1899.0,0.25240384615384615
ABB,Mar 2016,Group A,free_cash_flow,728.0,0.5841346153846154
ABB,Mar 2017,Group A,free_cash_flow,459.0,0.5168269230769231
ABB,Mar 2018,Group A,free_cash_flow,-994.0,0.3245192307692308
ABB,Mar 2019,Group A,free_cash_flow,-459.0,0.3629807692307692
ABB,Mar 2020,Group A,free_cash_flow,-206.0,0.40625
ABB,Mar 2021,Group A,free_cash_flow,-225.0,0.39663461538461536
ABB,Mar 2022,Group A,free_cash_flow,161.0,0.4543269230769231
ABB,Mar 2023,Group A,free_cash_flow,-922.0,0.33413461538461536
ABB,Mar 2024,Group A,free_cash_flow,1095.0,0.65625
ADANIENSOL,Mar 2014,Group A,free_cash_flow,0.0,0.4254807692307692
ADANIENSOL,Mar 2015,Group A,free_cash_flow,-1899.0,0.25240384615384615
ADANIENSOL,Mar 2016,Group A,free_cash_flow,728.0,0.5841346153846154
ADANIENSOL,Mar 2017,Group A,free_cash_flow,459.0,0.5168269230769231
ADANIENSOL,Mar 2018,Group A,free_cash_flow,-994.0,0.3245192307692308
ADANIENSOL,Mar 2019,Group A,free_cash_flow,-459.0,0.3629807692307692
ADANIENSOL,Mar 2020,Group A,free_cash_flow,-206.0,0.40625
ADANIENSOL,Mar 2021,Group A,free_cash_flow,-225.0,0.39663461538461536
ADANIENSOL,Mar 2022,Group A,free_cash_flow,161.0,0.4543269230769231
ADANIENSOL,Mar 2023,Group A,free_cash_flow,-922.0,0.33413461538461536
ADANIENSOL,Mar 2024,Group A,free_cash_flow,1095.0,0.65625
ADANIENT,Mar 2013,Group A,free_cash_flow,-7124.0,0.17307692307692307
ADANIENT,Mar 2014,Group A,free_cash_flow,221.0,0.47596153846153844
ADANIENT,Mar 2015,Group A,free_cash_flow,-2933.0,0.23076923076923078
ADANIENT,Mar 2016,Group A,free_cash_flow,3287.0,0.8125
ADANIENT,Mar 2017,Group A,free_cash_flow,-686.0,0.34615384615384615
ADANIENT,Mar 2018,Group A,free_cash_flow,-4707.0,0.1971153846153846
ADANIENT,Mar 2019,Group A,free_cash_flow,5723.0,0.8990384615384616
ADANIENT,Mar 2020,Group A,free_cash_flow,1372.0,0.6730769230769231
ADANIENT,Mar 2021,Group A,free_cash_flow,-4568.0,0.20192307692307693
ADANIENT,Mar 2022,Group A,free_cash_flow,-15656.0,0.09134615384615384
ADANIENT,Mar 2023,Group A,free_cash_flow,2167.0,0.7596153846153846
ADANIENT,Mar 2024,Group A,free_cash_flow,-8455.0,0.14423076923076922
ADANIGREEN,Mar 2017,Group A,free_cash_flow,-1483.0,0.2692307692307692
ADANIGREEN,Mar 2018,Group A,free_cash_flow,-3779.0,0.21634615384615385
ADANIGREEN,Mar 2019,Group A,free_cash_flow,-1041.0,0.3125
ADANIGREEN,Mar 2020,Group A,free_cash_flow,-1778.0,0.25961538461538464
ADANIGREEN,Mar 2021,Group A,free_cash_flow,-7536.0,0.16346153846153846
ADANIGREEN,Mar 2022,Group A,free_cash_flow,-15603.0,0.09615384615384616
ADANIGREEN,Mar 2023,Group A,free_cash_flow,3408.0,0.8269230769230769
ADANIGREEN,Mar 2024,Group A,free_cash_flow,-13347.0,0.11538461538461539
ADANIPORTS,Mar 2013,Group A,free_cash_flow,-3757.0,0.22115384615384615
ADANIPORTS,Mar 2014,Group A,free_cash_flow,-1378.0,0.27884615384615385
ADANIPORTS,Mar 2015,Group A,free_cash_flow,572.0,0.5480769230769231
ADANIPORTS,Mar 2016,Group A,free_cash_flow,-1772.0,0.2644230769230769
ADANIPORTS,Mar 2017,Group A,free_cash_flow,1434.0,0.6875
ADANIPORTS,Mar 2018,Group A,free_cash_flow,1762.0,0.7355769230769231
ADANIPORTS,Mar 2019,Group A,free_cash_flow,1661.0,0.7259615384615384
ADANIPORTS,Mar 2020,Group A,free_cash_flow,6653.0,0.9182692307692307
ADANIPORTS,Mar 2021,Group A,free_cash_flow,-6508.0,0.18269230769230768
ADANIPORTS,Mar 2022,Group A,free_cash_flow,4927.0,0.8894230769230769
ADANIPORTS,Mar 2023,Group A,free_cash_flow,-4816.0,0.19230769230769232
ADANIPORTS,Mar 2024,Group A,free_cash_flow,8250.0,0.9230769230769231
ADANIPOWER,Mar 2013,Group A,free_cash_flow,-1063.0,0.3076923076923077
ADANIPOWER,Mar 2014,Group A,free_cash_flow,-1462.0,0.27403846153846156
ADANIPOWER,Mar 2015,Group A,free_cash_flow,1087.0,0.6490384615384616
ADANIPOWER,Mar 2016,Group A,free_cash_flow,2565.0,0.7860576923076923
ADANIPOWER,Mar 2017,Group A,free_cash_flow,3513.0,0.8317307692307693
ADANIPOWER,Mar 2018,Group A,free_cash_flow,4581.0,0.875
ADANIPOWER,Mar 2019,Group A,free_cash_flow,4626.0,0.8798076923076923
ADANIPOWER,Mar 2020,Group A,free_cash_flow,3294.0,0.8173076923076923
ADANIPOWER,Mar 2021,Group A,free_cash_flow,4826.0,0.8846153846153846
ADANIPOWER,Mar 2022,Group A,free_cash_flow,11007.0,0.9326923076923077
ADANIPOWER,Mar 2023,Group A,free_cash_flow,9976.0,0.9278846153846154
ADANIPOWER,Mar 2024,Group A,free_cash_flow,17651.0,0.9567307692307693
AMBUJACEM,Dec 2012,Group A,free_cash_flow,1472.0,0.7067307692307693
AMBUJACEM,Dec 2013,Group A,free_cash_flow,771.0,0.5961538461538461
AMBUJACEM,Dec 2014,Group A,free_cash_flow,1219.0,0.6682692307692307
AMBUJACEM,Dec 2015,Group A,free_cash_flow,1474.0,0.7115384615384616
AMBUJACEM,Dec 2016,Group A,free_cash_flow,-1355.0,0.28846153846153844
AMBUJACEM,Dec 2017,Group A,free_cash_flow,2678.0,0.7932692307692307
AMBUJACEM,Dec 2018,Group A,free_cash_flow,938.0,0.625
AMBUJACEM,Dec 2019,Group A,free_cash_flow,3548.0,0.8413461538461539
AMBUJACEM,Dec 2020,Group A,free_cash_flow,3515.0,0.8365384615384616
AMBUJACEM,Dec 2021,Group A,free_cash_flow,3302.0,0.8221153846153846
AMBUJACEM,Mar 2024,Group A,free_cash_flow,-3295.0,0.22596153846153846
APOLLOHOSP,Mar 2013,Group A,free_cash_flow,-290.0,0.38461538461538464
APOLLOHOSP,Mar 2014,Group A,free_cash_flow,17.0,0.4326923076923077
APOLLOHOSP,Mar 2015,Group A,free_cash_flow,-289.0,0.3894230769230769
APOLLOHOSP,Mar 2016,Group A,free_cash_flow,-291.0,0.3798076923076923
APOLLOHOSP,Mar 2017,Group A,free_cash_flow,-529.0,0.3557692307692308
APOLLOHOSP,Mar 2018,Group A,free_cash_flow,132.0,0.44711538461538464
APOLLOHOSP,Mar 2019,Group A,free_cash_flow,194.0,0.46634615384615385
APOLLOHOSP,Mar 2020,Group A,free_cash_flow,1004.0,0.6346153846153846
APOLLOHOSP,Mar 2021,Group A,free_cash_flow,385.0,0.5048076923076923
APOLLOHOSP,Mar 2022,Group A,free_cash_flow,949.0,0.6298076923076923
APOLLOHOSP,Mar 2023,Group A,free_cash_flow,520.0,0.5384615384615384
APOLLOHOSP,Mar 2024,Group A,free_cash_flow,383.0,0.5
ASIANPAINT,Mar 2013,Group A,free_cash_flow,724.0,0.5769230769230769
ASIANPAINT,Mar 2014,Group A,free_cash_flow,816.0,0.6057692307692307
ASIANPAINT,Mar 2015,Group A,free_cash_flow,723.0,0.5721153846153846
ASIANPAINT,Mar 2016,Group A,free_cash_flow,1377.0,0.6778846153846154
ASIANPAINT,Mar 2017,Group A,free_cash_flow,846.0,0.6153846153846154
ASIANPAINT,Mar 2018,Group A,free_cash_flow,557.0,0.5432692307692307
ASIANPAINT,Mar 2019,Group A,free_cash_flow,1552.0,0.7163461538461539
ASIANPAINT,Mar 2020,Group A,free_cash_flow,2520.0,0.7788461538461539
ASIANPAINT,Mar 2021,Group A,free_cash_flow,3142.0,0.8076923076923077
ASIANPAINT,Mar 2022,Group A,free_cash_flow,669.0,0.5673076923076923
ASIANPAINT,Mar 2023,Group A,free_cash_flow,2911.0,0.7980769230769231
ASIANPAINT,Mar 2024,Group A,free_cash_flow,3556.0,0.8461538461538461
ATGL,Mar 2018,Group A,free_cash_flow,,
ATGL,Mar 2019,Group A,free_cash_flow,,
ATGL,Mar 2020,Group A,free_cash_flow,,
ATGL,Mar 2021,Group A,free_cash_flow,,
ATGL,Mar 2022,Group A,free_cash_flow,,
ATGL,Mar 2023,Group A,free_cash_flow,,
ATGL,Mar 2024,Group A,free_cash_flow,,
AXISBANK,Mar 2013,Group A,free_cash_flow,-8366.0,0.14903846153846154
AXISBANK,Mar 2014,Group A,free_cash_flow,298.0,0.4855769230769231
AXISBANK,Mar 2015,Group A,free_cash_flow,-23134.0,0.07211538461538461
AXISBANK,Mar 2016,Group A,free_cash_flow,-25284.0,0.0673076923076923
AXISBANK,Mar 2017,Group A,free_cash_flow,19751.0,0.9711538461538461
AXISBANK,Mar 2018,Group A,free_cash_flow,-48397.0,0.028846153846153848
AXISBANK,Mar 2019,Group A,free_cash_flow,18451.0,0.9663461538461539
AXISBANK,Mar 2020,Group A,free_cash_flow,20931.0,0.9807692307692307
AXISBANK,Mar 2021,Group A,free_cash_flow,-41655.0,0.03365384615384615
AXISBANK,Mar 2022,Group A,free_cash_flow,1025.0,0.6394230769230769
AXISBANK,Mar 2023,Group A,free_cash_flow,-10276.0,0.13942307692307693
AXISBANK,Mar 2024,Group A,free_cash_flow,-14556.0,0.10096153846153846
BAJAJ-AUTO,Mar 2013,Group A,free_cash_flow,824.0,0.6105769230769231
BAJAJ-AUTO,Mar 2014,Group A,free_cash_flow,1430.0,0.6826923076923077
BAJAJ-AUTO,Mar 2015,Group A,free_cash_flow,1734.0,0.7307692307692307
BAJAJ-AUTO,Mar 2016,Group A,free_cash_flow,3622.0,0.8509615384615384
BAJAJ-AUTO,Mar 2017,Group A,free_cash_flow,-343.0,0.375
BAJAJ-AUTO,Mar 2018,Group A,free_cash_flow,2374.0,0.7692307692307693
BAJAJ-AUTO,Mar 2019,Group A,free_cash_flow,2214.0,0.7644230769230769
BAJAJ-AUTO,Mar 2020,Group A,free_cash_flow,5616.0,0.8942307692307693
BAJAJ-AUTO,Mar 2021,Group A,free_cash_flow,251.0,0.4807692307692308
BAJAJ-AUTO,Mar 2022,Group A,free_cash_flow,4473.0,0.8701923076923077
BAJAJ-AUTO,Mar 2023,Group A,free_cash_flow,6488.0,0.9134615384615384
BAJAJ-AUTO,Mar 2024,Group A,free_cash_flow,6486.0,0.9086538461538461
BAJAJFINSV,Mar 2013,Group A,free_cash_flow,-3969.0,0.21153846153846154
BAJAJFINSV,Mar 2014,Group A,free_cash_flow,-6043.0,0.1875
BAJAJFINSV,Mar 2015,Group A,free_cash_flow,-7022.0,0.1778846153846154
BAJAJFINSV,Mar 2016,Group A,free_cash_flow,-10681.0,0.12980769230769232
BAJAJFINSV,Mar 2017,Group A,free_cash_flow,-10771.0,0.125
BAJAJFINSV,Mar 2018,Group A,free_cash_flow,-20502.0,0.08173076923076923
BAJAJFINSV,Mar 2019,Group A,free_cash_flow,-33979.0,0.04326923076923077
BAJAJFINSV,Mar 2020,Group A,free_cash_flow,-33317.0,0.04807692307692308
BAJAJFINSV,Mar 2021,Group A,free_cash_flow,863.0,0.6201923076923077
BAJAJFINSV,Mar 2022,Group A,free_cash_flow,-32225.0,0.057692307692307696
BAJAJFINSV,Mar 2023,Group A,free_cash_flow,-53425.0,0.019230769230769232
BAJAJFINSV,Mar 2024,Group A,free_cash_flow,-79634.0,0.009615384615384616
BAJAJHLDNG,Mar 2013,Group A,free_cash_flow,104.0,0.4423076923076923
BAJAJHLDNG,Mar 2014,Group A,free_cash_flow,353.0,0.4951923076923077
BAJAJHLDNG,Mar 2015,Group A,free_cash_flow,332.0,0.49038461538461536
BAJAJHLDNG,Mar 2016,Group A,free_cash_flow,2166.0,0.7548076923076923
BAJAJHLDNG,Mar 2017,Group A,free_cash_flow,-1295.0,0.2932692307692308
BAJAJHLDNG,Mar 2018,Group A,free_cash_flow,508.0,0.5288461538461539
BAJAJHLDNG,Mar 2019,Group A,free_cash_flow,465.0,0.5240384615384616
BAJAJHLDNG,Mar 2020,Group A,free_cash_flow,1120.0,0.6634615384615384
BAJAJHLDNG,Mar 2021,Group A,free_cash_flow,-36.0,0.41346153846153844
BAJAJHLDNG,Mar 2022,Group A,free_cash_flow,1459.0,0.6923076923076923
BAJAJHLDNG,Mar 2023,Group A,free_cash_flow,1591.0,0.7211538461538461
BAJAJHLDNG,Mar 2024,Group A,free_cash_flow,1469.0,0.6971153846153846
BAJFINANCE,Mar 2015,Group A,free_cash_flow,-7424.0,0.16826923076923078
BAJFINANCE,Mar 2016,Group A,free_cash_flow,-10557.0,0.1346153846153846
BAJFINANCE,Mar 2017,Group A,free_cash_flow,-13486.0,0.11057692307692307
BAJFINANCE,Mar 2018,Group A,free_cash_flow,-19491.0,0.08653846153846154
BAJFINANCE,Mar 2019,Group A,free_cash_flow,-34441.0,0.038461538461538464
BAJFINANCE,Mar 2020,Group A,free_cash_flow,-33170.0,0.052884615384615384
BAJFINANCE,Mar 2021,Group A,free_cash_flow,-1236.0,0.30288461538461536
BAJFINANCE,Mar 2022,Group A,free_cash_flow,-30743.0,0.0625
BAJFINANCE,Mar 2023,Group A,free_cash_flow,-52506.0,0.02403846153846154
BAJFINANCE,Mar 2024,Group A,free_cash_flow,-79931.0,0.004807692307692308
BANKBARODA,Mar 2013,Group A,free_cash_flow,22682.0,0.9855769230769231
BANKBARODA,Mar 2014,Group A,free_cash_flow,41503.0,1.0
BANKBARODA,Mar 2015,Group A,free_cash_flow,17282.0,0.9471153846153846
BANKBARODA,Mar 2016,Group A,free_cash_flow,-14016.0,0.10576923076923077
BANKBARODA,Mar 2017,Group A,free_cash_flow,17314.0,0.9519230769230769
BANKBARODA,Mar 2018,Group A,free_cash_flow,-60106.0,0.014423076923076924
BANKBARODA,Mar 2019,Group A,free_cash_flow,-3986.0,0.20673076923076922
BANKBARODA,Mar 2020,Group A,free_cash_flow,18392.0,0.9615384615384616
BANKBARODA,Mar 2021,Group A,free_cash_flow,-1358.0,0.28365384615384615
BANKBARODA,Mar 2022,Group A,free_cash_flow,2565.0,0.7860576923076923
BANKBARODA,Mar 2023,Group A,free_cash_flow,-22450.0,0.07692307692307693
BANKBARODA,Mar 2024,Group A,free_cash_flow,-7559.0,0.15865384615384615
BEL,Mar 2013,Group A,free_cash_flow,214.0,0.47115384615384615
BEL,Mar 2014,Group A,free_cash_flow,190.0,0.46153846153846156
BEL,Mar 2015,Group A,free_cash_flow,595.0,0.5528846153846154
BEL,Mar 2016,Group A,free_cash_flow,790.0,0.6009615384615384
BEL,Mar 2017,Group A,free_cash_flow,3054.0,0.8028846153846154
BEL,Mar 2018,Group A,free_cash_flow,-693.0,0.34134615384615385
BEL,Mar 2019,Group A,free_cash_flow,618.0,0.5576923076923077
BEL,Mar 2020,Group A,free_cash_flow,1921.0,0.7451923076923077
BEL,Mar 2021,Group A,free_cash_flow,2498.0,0.7740384615384616
BEL,Mar 2022,Group A,free_cash_flow,-665.0,0.35096153846153844
BEL,Mar 2023,Group A,free_cash_flow,3907.0,0.8605769230769231
BEL,Mar 2024,Group A,free_cash_flow,-1265.0,0.2980769230769231
BHARTIARTL,Mar 2013,Group A,free_cash_flow,3932.0,0.8653846153846154
BHARTIARTL,Mar 2014,Group A,free_cash_flow,1052.0,0.6442307692307693
BHARTIARTL,Mar 2015,Group A,free_cash_flow,5758.0,0.9038461538461539
BHARTIARTL,Mar 2016,Group A,free_cash_flow,13851.0,0.9423076923076923
BHARTIARTL,Mar 2017,Group A,free_cash_flow,-2400.0,0.23557692307692307
BHARTIARTL,Mar 2018,Group A,free_cash_flow,1914.0,0.7403846153846154
BHARTIARTL,Mar 2019,Group A,free_cash_flow,-8216.0,0.15384615384615385
BHARTIARTL,Mar 2020,Group A,free_cash_flow,-11469.0,0.1201923076923077
BHARTIARTL,Mar 2021,Group A,free_cash_flow,20919.0,0.9759615384615384
BHARTIARTL,Mar 2022,Group A,free_cash_flow,13539.0,0.9375
BHARTIARTL,Mar 2023,Group A,free_cash_flow,26093.0,0.9903846153846154
BHARTIARTL,Mar 2024,Group A,free_cash_flow,27809.0,0.9951923076923077
BHEL,Mar 2013,Group A,free_cash_flow,646.0,0.5625
BHEL,Mar 2014,Group A,free_cash_flow,3644.0,0.8557692307692307
BHEL,Mar 2015,Group A,free_cash_flow,1471.0,0.7019230769230769
BHEL,Mar 2016,Group A,free_cash_flow,397.0,0.5096153846153846
BHEL,Mar 2017,Group A,free_cash_flow,-5.0,0.4182692307692308
BHEL,Mar 2018,Group A,free_cash_flow,1950.0,0.75
BHEL,Mar 2019,Group A,free_cash_flow,-1941.0,0.24519230769230768
BHEL,Mar 2020,Group A,free_cash_flow,-1015.0,0.3173076923076923
BHEL,Mar 2021,Group A,free_cash_flow,518.0,0.5336538461538461
BHEL,Mar 2022,Group A,free_cash_flow,-458.0,0.3701923076923077
BHEL,Mar 2023,Group A,free_cash_flow,739.0,0.5913461538461539
BHEL,Mar 2024,Group A,free_cash_flow,-2382.0,0.2403846153846154
ABB,Dec 2012,Group A,pat_cagr_5yr,16.73,0.41812865497076024
ABB,Mar 2014,Group A,pat_cagr_5yr,16.73,0.41812865497076024
ABB,Mar 2015,Group A,pat_cagr_5yr,16.73,0.41812865497076024
ABB,Mar 2016,Group A,pat_cagr_5yr,16.73,0.41812865497076024
ABB,Mar 2017,Group A,pat_cagr_5yr,16.73,0.41812865497076024
ABB,Mar 2018,Group A,pat_cagr_5yr,16.73,0.41812865497076024
ABB,Mar 2019,Group A,pat_cagr_5yr,16.73,0.41812865497076024
ABB,Mar 2020,Group A,pat_cagr_5yr,16.73,0.41812865497076024
ABB,Mar 2021,Group A,pat_cagr_5yr,16.73,0.41812865497076024
ABB,Mar 2022,Group A,pat_cagr_5yr,16.73,0.41812865497076024
ABB,Mar 2023,Group A,pat_cagr_5yr,16.73,0.41812865497076024
ABB,Mar 2024,Group A,pat_cagr_5yr,16.73,0.41812865497076024
ADANIENSOL,Mar 2014,Group A,pat_cagr_5yr,-3.56,0.03508771929824561
ADANIENSOL,Mar 2015,Group A,pat_cagr_5yr,-3.56,0.03508771929824561
ADANIENSOL,Mar 2016,Group A,pat_cagr_5yr,-3.56,0.03508771929824561
ADANIENSOL,Mar 2017,Group A,pat_cagr_5yr,-3.56,0.03508771929824561
ADANIENSOL,Mar 2018,Group A,pat_cagr_5yr,-3.56,0.03508771929824561
ADANIENSOL,Mar 2019,Group A,pat_cagr_5yr,-3.56,0.03508771929824561
ADANIENSOL,Mar 2020,Group A,pat_cagr_5yr,-3.56,0.03508771929824561
ADANIENSOL,Mar 2021,Group A,pat_cagr_5yr,-3.56,0.03508771929824561
ADANIENSOL,Mar 2022,Group A,pat_cagr_5yr,-3.56,0.03508771929824561
ADANIENSOL,Mar 2023,Group A,pat_cagr_5yr,-3.56,0.03508771929824561
ADANIENSOL,Mar 2024,Group A,pat_cagr_5yr,-3.56,0.03508771929824561
ADANIENT,Mar 2013,Group A,pat_cagr_5yr,42.38,0.827485380116959
ADANIENT,Mar 2014,Group A,pat_cagr_5yr,42.38,0.827485380116959
ADANIENT,Mar 2015,Group A,pat_cagr_5yr,42.38,0.827485380116959
ADANIENT,Mar 2016,Group A,pat_cagr_5yr,42.38,0.827485380116959
ADANIENT,Mar 2017,Group A,pat_cagr_5yr,42.38,0.827485380116959
ADANIENT,Mar 2018,Group A,pat_cagr_5yr,42.38,0.827485380116959
ADANIENT,Mar 2019,Group A,pat_cagr_5yr,42.38,0.827485380116959
ADANIENT,Mar 2020,Group A,pat_cagr_5yr,42.38,0.827485380116959
ADANIENT,Mar 2021,Group A,pat_cagr_5yr,42.38,0.827485380116959
ADANIENT,Mar 2022,Group A,pat_cagr_5yr,42.38,0.827485380116959
ADANIENT,Mar 2023,Group A,pat_cagr_5yr,42.38,0.827485380116959
ADANIENT,Mar 2024,Group A,pat_cagr_5yr,42.38,0.827485380116959
ADANIGREEN,Mar 2017,Group A,pat_cagr_5yr,,
ADANIGREEN,Mar 2018,Group A,pat_cagr_5yr,,
ADANIGREEN,Mar 2019,Group A,pat_cagr_5yr,,
ADANIGREEN,Mar 2020,Group A,pat_cagr_5yr,,
ADANIGREEN,Mar 2021,Group A,pat_cagr_5yr,,
ADANIGREEN,Mar 2022,Group A,pat_cagr_5yr,,
ADANIGREEN,Mar 2023,Group A,pat_cagr_5yr,,
ADANIGREEN,Mar 2024,Group A,pat_cagr_5yr,,
ADANIPORTS,Mar 2013,Group A,pat_cagr_5yr,12.57,0.347953216374269
ADANIPORTS,Mar 2014,Group A,pat_cagr_5yr,12.57,0.347953216374269
ADANIPORTS,Mar 2015,Group A,pat_cagr_5yr,12.57,0.347953216374269
ADANIPORTS,Mar 2016,Group A,pat_cagr_5yr,12.57,0.347953216374269
ADANIPORTS,Mar 2017,Group A,pat_cagr_5yr,12.57,0.347953216374269
ADANIPORTS,Mar 2018,Group A,pat_cagr_5yr,12.57,0.347953216374269
ADANIPORTS,Mar 2019,Group A,pat_cagr_5yr,12.57,0.347953216374269
ADANIPORTS,Mar 2020,Group A,pat_cagr_5yr,12.57,0.347953216374269
ADANIPORTS,Mar 2021,Group A,pat_cagr_5yr,12.57,0.347953216374269
ADANIPORTS,Mar 2022,Group A,pat_cagr_5yr,12.57,0.347953216374269
ADANIPORTS,Mar 2023,Group A,pat_cagr_5yr,12.57,0.347953216374269
ADANIPORTS,Mar 2024,Group A,pat_cagr_5yr,12.57,0.347953216374269
ADANIPOWER,Mar 2013,Group A,pat_cagr_5yr,,
ADANIPOWER,Mar 2014,Group A,pat_cagr_5yr,,
ADANIPOWER,Mar 2015,Group A,pat_cagr_5yr,,
ADANIPOWER,Mar 2016,Group A,pat_cagr_5yr,,
ADANIPOWER,Mar 2017,Group A,pat_cagr_5yr,,
ADANIPOWER,Mar 2018,Group A,pat_cagr_5yr,,
ADANIPOWER,Mar 2019,Group A,pat_cagr_5yr,,
ADANIPOWER,Mar 2020,Group A,pat_cagr_5yr,,
ADANIPOWER,Mar 2021,Group A,pat_cagr_5yr,,
ADANIPOWER,Mar 2022,Group A,pat_cagr_5yr,,
ADANIPOWER,Mar 2023,Group A,pat_cagr_5yr,,
ADANIPOWER,Mar 2024,Group A,pat_cagr_5yr,,
AMBUJACEM,Dec 2012,Group A,pat_cagr_5yr,6.82,0.09941520467836257
AMBUJACEM,Dec 2013,Group A,pat_cagr_5yr,6.82,0.09941520467836257
AMBUJACEM,Dec 2014,Group A,pat_cagr_5yr,6.82,0.09941520467836257
AMBUJACEM,Dec 2015,Group A,pat_cagr_5yr,6.82,0.09941520467836257
AMBUJACEM,Dec 2016,Group A,pat_cagr_5yr,6.82,0.09941520467836257
AMBUJACEM,Dec 2017,Group A,pat_cagr_5yr,6.82,0.09941520467836257
AMBUJACEM,Dec 2018,Group A,pat_cagr_5yr,6.82,0.09941520467836257
AMBUJACEM,Dec 2019,Group A,pat_cagr_5yr,6.82,0.09941520467836257
AMBUJACEM,Dec 2020,Group A,pat_cagr_5yr,6.82,0.09941520467836257
AMBUJACEM,Dec 2021,Group A,pat_cagr_5yr,6.82,0.09941520467836257
AMBUJACEM,Mar 2024,Group A,pat_cagr_5yr,6.82,0.09941520467836257
APOLLOHOSP,Mar 2013,Group A,pat_cagr_5yr,23.16,0.6988304093567251
APOLLOHOSP,Mar 2014,Group A,pat_cagr_5yr,23.16,0.6988304093567251
APOLLOHOSP,Mar 2015,Group A,pat_cagr_5yr,23.16,0.6988304093567251
APOLLOHOSP,Mar 2016,Group A,pat_cagr_5yr,23.16,0.6988304093567251
APOLLOHOSP,Mar 2017,Group A,pat_cagr_5yr,23.16,0.6988304093567251
APOLLOHOSP,Mar 2018,Group A,pat_cagr_5yr,23.16,0.6988304093567251
APOLLOHOSP,Mar 2019,Group A,pat_cagr_5yr,23.16,0.6988304093567251
APOLLOHOSP,Mar 2020,Group A,pat_cagr_5yr,23.16,0.6988304093567251
APOLLOHOSP,Mar 2021,Group A,pat_cagr_5yr,23.16,0.6988304093567251
APOLLOHOSP,Mar 2022,Group A,pat_cagr_5yr,23.16,0.6988304093567251
APOLLOHOSP,Mar 2023,Group A,pat_cagr_5yr,23.16,0.6988304093567251
APOLLOHOSP,Mar 2024,Group A,pat_cagr_5yr,23.16,0.6988304093567251
ASIANPAINT,Mar 2013,Group A,pat_cagr_5yr,10.79,0.2777777777777778
ASIANPAINT,Mar 2014,Group A,pat_cagr_5yr,10.79,0.2777777777777778
ASIANPAINT,Mar 2015,Group A,pat_cagr_5yr,10.79,0.2777777777777778
ASIANPAINT,Mar 2016,Group A,pat_cagr_5yr,10.79,0.2777777777777778
ASIANPAINT,Mar 2017,Group A,pat_cagr_5yr,10.79,0.2777777777777778
ASIANPAINT,Mar 2018,Group A,pat_cagr_5yr,10.79,0.2777777777777778
ASIANPAINT,Mar 2019,Group A,pat_cagr_5yr,10.79,0.2777777777777778
ASIANPAINT,Mar 2020,Group A,pat_cagr_5yr,10.79,0.2777777777777778
ASIANPAINT,Mar 2021,Group A,pat_cagr_5yr,10.79,0.2777777777777778
ASIANPAINT,Mar 2022,Group A,pat_cagr_5yr,10.79,0.2777777777777778
ASIANPAINT,Mar 2023,Group A,pat_cagr_5yr,10.79,0.2777777777777778
ASIANPAINT,Mar 2024,Group A,pat_cagr_5yr,10.79,0.2777777777777778
ATGL,Mar 2018,Group A,pat_cagr_5yr,8.91,0.2222222222222222
ATGL,Mar 2019,Group A,pat_cagr_5yr,8.91,0.2222222222222222
ATGL,Mar 2020,Group A,pat_cagr_5yr,8.91,0.2222222222222222
ATGL,Mar 2021,Group A,pat_cagr_5yr,8.91,0.2222222222222222
ATGL,Mar 2022,Group A,pat_cagr_5yr,8.91,0.2222222222222222
ATGL,Mar 2023,Group A,pat_cagr_5yr,8.91,0.2222222222222222
ATGL,Mar 2024,Group A,pat_cagr_5yr,8.91,0.2222222222222222
AXISBANK,Mar 2013,Group A,pat_cagr_5yr,74.58,0.8976608187134503
AXISBANK,Mar 2014,Group A,pat_cagr_5yr,74.58,0.8976608187134503
AXISBANK,Mar 2015,Group A,pat_cagr_5yr,74.58,0.8976608187134503
AXISBANK,Mar 2016,Group A,pat_cagr_5yr,74.58,0.8976608187134503
AXISBANK,Mar 2017,Group A,pat_cagr_5yr,74.58,0.8976608187134503
AXISBANK,Mar 2018,Group A,pat_cagr_5yr,74.58,0.8976608187134503
AXISBANK,Mar 2019,Group A,pat_cagr_5yr,74.58,0.8976608187134503
AXISBANK,Mar 2020,Group A,pat_cagr_5yr,74.58,0.8976608187134503
AXISBANK,Mar 2021,Group A,pat_cagr_5yr,74.58,0.8976608187134503
AXISBANK,Mar 2022,Group A,pat_cagr_5yr,74.58,0.8976608187134503
AXISBANK,Mar 2023,Group A,pat_cagr_5yr,74.58,0.8976608187134503
AXISBANK,Mar 2024,Group A,pat_cagr_5yr,74.58,0.8976608187134503
BAJAJ-AUTO,Mar 2013,Group A,pat_cagr_5yr,7.18,0.16666666666666666
BAJAJ-AUTO,Mar 2014,Group A,pat_cagr_5yr,7.18,0.16666666666666666
BAJAJ-AUTO,Mar 2015,Group A,pat_cagr_5yr,7.18,0.16666666666666666
BAJAJ-AUTO,Mar 2016,Group A,pat_cagr_5yr,7.18,0.16666666666666666
BAJAJ-AUTO,Mar 2017,Group A,pat_cagr_5yr,7.18,0.16666666666666666
BAJAJ-AUTO,Mar 2018,Group A,pat_cagr_5yr,7.18,0.16666666666666666
BAJAJ-AUTO,Mar 2019,Group A,pat_cagr_5yr,7.18,0.16666666666666666
BAJAJ-AUTO,Mar 2020,Group A,pat_cagr_5yr,7.18,0.16666666666666666
BAJAJ-AUTO,Mar 2021,Group A,pat_cagr_5yr,7.18,0.16666666666666666
BAJAJ-AUTO,Mar 2022,Group A,pat_cagr_5yr,7.18,0.16666666666666666
BAJAJ-AUTO,Mar 2023,Group A,pat_cagr_5yr,7.18,0.16666666666666666
BAJAJ-AUTO,Mar 2024,Group A,pat_cagr_5yr,7.18,0.16666666666666666
BAJAJFINSV,Mar 2013,Group A,pat_cagr_5yr,22.48,0.6286549707602339
BAJAJFINSV,Mar 2014,Group A,pat_cagr_5yr,22.48,0.6286549707602339
BAJAJFINSV,Mar 2015,Group A,pat_cagr_5yr,22.48,0.6286549707602339
BAJAJFINSV,Mar 2016,Group A,pat_cagr_5yr,22.48,0.6286549707602339
BAJAJFINSV,Mar 2017,Group A,pat_cagr_5yr,22.48,0.6286549707602339
BAJAJFINSV,Mar 2018,Group A,pat_cagr_5yr,22.48,0.6286549707602339
BAJAJFINSV,Mar 2019,Group A,pat_cagr_5yr,22.48,0.6286549707602339
BAJAJFINSV,Mar 2020,Group A,pat_cagr_5yr,22.48,0.6286549707602339
BAJAJFINSV,Mar 2021,Group A,pat_cagr_5yr,22.48,0.6286549707602339
BAJAJFINSV,Mar 2022,Group A,pat_cagr_5yr,22.48,0.6286549707602339
BAJAJFINSV,Mar 2023,Group A,pat_cagr_5yr,22.48,0.6286549707602339
BAJAJFINSV,Mar 2024,Group A,pat_cagr_5yr,22.48,0.6286549707602339
BAJAJHLDNG,Mar 2013,Group A,pat_cagr_5yr,19.44,0.48830409356725146
BAJAJHLDNG,Mar 2014,Group A,pat_cagr_5yr,19.44,0.48830409356725146
BAJAJHLDNG,Mar 2015,Group A,pat_cagr_5yr,19.44,0.48830409356725146
BAJAJHLDNG,Mar 2016,Group A,pat_cagr_5yr,19.44,0.48830409356725146
BAJAJHLDNG,Mar 2017,Group A,pat_cagr_5yr,19.44,0.48830409356725146
BAJAJHLDNG,Mar 2018,Group A,pat_cagr_5yr,19.44,0.48830409356725146
BAJAJHLDNG,Mar 2019,Group A,pat_cagr_5yr,19.44,0.48830409356725146
BAJAJHLDNG,Mar 2020,Group A,pat_cagr_5yr,19.44,0.48830409356725146
BAJAJHLDNG,Mar 2021,Group A,pat_cagr_5yr,19.44,0.48830409356725146
BAJAJHLDNG,Mar 2022,Group A,pat_cagr_5yr,19.44,0.48830409356725146
BAJAJHLDNG,Mar 2023,Group A,pat_cagr_5yr,19.44,0.48830409356725146
BAJAJHLDNG,Mar 2024,Group A,pat_cagr_5yr,19.44,0.48830409356725146
BAJFINANCE,Mar 2015,Group A,pat_cagr_5yr,23.93,0.7631578947368421
BAJFINANCE,Mar 2016,Group A,pat_cagr_5yr,23.93,0.7631578947368421
BAJFINANCE,Mar 2017,Group A,pat_cagr_5yr,23.93,0.7631578947368421
BAJFINANCE,Mar 2018,Group A,pat_cagr_5yr,23.93,0.7631578947368421
BAJFINANCE,Mar 2019,Group A,pat_cagr_5yr,23.93,0.7631578947368421
BAJFINANCE,Mar 2020,Group A,pat_cagr_5yr,23.93,0.7631578947368421
BAJFINANCE,Mar 2021,Group A,pat_cagr_5yr,23.93,0.7631578947368421
BAJFINANCE,Mar 2022,Group A,pat_cagr_5yr,23.93,0.7631578947368421
BAJFINANCE,Mar 2023,Group A,pat_cagr_5yr,23.93,0.7631578947368421
BAJFINANCE,Mar 2024,Group A,pat_cagr_5yr,23.93,0.7631578947368421
BANKBARODA,Mar 2013,Group A,pat_cagr_5yr,83.02,0.9678362573099415
BANKBARODA,Mar 2014,Group A,pat_cagr_5yr,83.02,0.9678362573099415
BANKBARODA,Mar 2015,Group A,pat_cagr_5yr,83.02,0.9678362573099415
BANKBARODA,Mar 2016,Group A,pat_cagr_5yr,83.02,0.9678362573099415
BANKBARODA,Mar 2017,Group A,pat_cagr_5yr,83.02,0.9678362573099415
BANKBARODA,Mar 2018,Group A,pat_cagr_5yr,83.02,0.9678362573099415
BANKBARODA,Mar 2019,Group A,pat_cagr_5yr,83.02,0.9678362573099415
BANKBARODA,Mar 2020,Group A,pat_cagr_5yr,83.02,0.9678362573099415
BANKBARODA,Mar 2021,Group A,pat_cagr_5yr,83.02,0.9678362573099415
BANKBARODA,Mar 2022,Group A,pat_cagr_5yr,83.02,0.9678362573099415
BANKBARODA,Mar 2023,Group A,pat_cagr_5yr,83.02,0.9678362573099415
BANKBARODA,Mar 2024,Group A,pat_cagr_5yr,83.02,0.9678362573099415
BEL,Mar 2013,Group A,pat_cagr_5yr,20.0,0.5584795321637427
BEL,Mar 2014,Group A,pat_cagr_5yr,20.0,0.5584795321637427
BEL,Mar 2015,Group A,pat_cagr_5yr,20.0,0.5584795321637427
BEL,Mar 2016,Group A,pat_cagr_5yr,20.0,0.5584795321637427
BEL,Mar 2017,Group A,pat_cagr_5yr,20.0,0.5584795321637427
BEL,Mar 2018,Group A,pat_cagr_5yr,20.0,0.5584795321637427
BEL,Mar 2019,Group A,pat_cagr_5yr,20.0,0.5584795321637427
BEL,Mar 2020,Group A,pat_cagr_5yr,20.0,0.5584795321637427
BEL,Mar 2021,Group A,pat_cagr_5yr,20.0,0.5584795321637427
BEL,Mar 2022,Group A,pat_cagr_5yr,20.0,0.5584795321637427
BEL,Mar 2023,Group A,pat_cagr_5yr,20.0,0.5584795321637427
BEL,Mar 2024,Group A,pat_cagr_5yr,20.0,0.5584795321637427
BHARTIARTL,Mar 2013,Group A,pat_cagr_5yr,,
BHARTIARTL,Mar 2014,Group A,pat_cagr_5yr,,
BHARTIARTL,Mar 2015,Group A,pat_cagr_5yr,,
BHARTIARTL,Mar 2016,Group A,pat_cagr_5yr,,
BHARTIARTL,Mar 2017,Group A,pat_cagr_5yr,,
BHARTIARTL,Mar 2018,Group A,pat_cagr_5yr,,
BHARTIARTL,Mar 2019,Group A,pat_cagr_5yr,,
BHARTIARTL,Mar 2020,Group A,pat_cagr_5yr,,
BHARTIARTL,Mar 2021,Group A,pat_cagr_5yr,,
BHARTIARTL,Mar 2022,Group A,pat_cagr_5yr,,
BHARTIARTL,Mar 2023,Group A,pat_cagr_5yr,,
BHARTIARTL,Mar 2024,Group A,pat_cagr_5yr,,
BHEL,Mar 2013,Group A,pat_cagr_5yr,,
BHEL,Mar 2014,Group A,pat_cagr_5yr,,
BHEL,Mar 2015,Group A,pat_cagr_5yr,,
BHEL,Mar 2016,Group A,pat_cagr_5yr,,
BHEL,Mar 2017,Group A,pat_cagr_5yr,,
BHEL,Mar 2018,Group A,pat_cagr_5yr,,
BHEL,Mar 2019,Group A,pat_cagr_5yr,,
BHEL,Mar 2020,Group A,pat_cagr_5yr,,
BHEL,Mar 2021,Group A,pat_cagr_5yr,,
BHEL,Mar 2022,Group A,pat_cagr_5yr,,
BHEL,Mar 2023,Group A,pat_cagr_5yr,,
BHEL,Mar 2024,Group A,pat_cagr_5yr,,
ABB,Dec 2012,Group A,revenue_cagr_5yr,8.19,0.1930232558139535
ABB,Mar 2014,Group A,revenue_cagr_5yr,8.19,0.1930232558139535
ABB,Mar 2015,Group A,revenue_cagr_5yr,8.19,0.1930232558139535
ABB,Mar 2016,Group A,revenue_cagr_5yr,8.19,0.1930232558139535
ABB,Mar 2017,Group A,revenue_cagr_5yr,8.19,0.1930232558139535
ABB,Mar 2018,Group A,revenue_cagr_5yr,8.19,0.1930232558139535
ABB,Mar 2019,Group A,revenue_cagr_5yr,8.19,0.1930232558139535
ABB,Mar 2020,Group A,revenue_cagr_5yr,8.19,0.1930232558139535
ABB,Mar 2021,Group A,revenue_cagr_5yr,8.19,0.1930232558139535
ABB,Mar 2022,Group A,revenue_cagr_5yr,8.19,0.1930232558139535
ABB,Mar 2023,Group A,revenue_cagr_5yr,8.19,0.1930232558139535
ABB,Mar 2024,Group A,revenue_cagr_5yr,8.19,0.1930232558139535
ADANIENSOL,Mar 2014,Group A,revenue_cagr_5yr,14.12,0.6372093023255814
ADANIENSOL,Mar 2015,Group A,revenue_cagr_5yr,14.12,0.6372093023255814
ADANIENSOL,Mar 2016,Group A,revenue_cagr_5yr,14.12,0.6372093023255814
ADANIENSOL,Mar 2017,Group A,revenue_cagr_5yr,14.12,0.6372093023255814
ADANIENSOL,Mar 2018,Group A,revenue_cagr_5yr,14.12,0.6372093023255814
ADANIENSOL,Mar 2019,Group A,revenue_cagr_5yr,14.12,0.6372093023255814
ADANIENSOL,Mar 2020,Group A,revenue_cagr_5yr,14.12,0.6372093023255814
ADANIENSOL,Mar 2021,Group A,revenue_cagr_5yr,14.12,0.6372093023255814
ADANIENSOL,Mar 2022,Group A,revenue_cagr_5yr,14.12,0.6372093023255814
ADANIENSOL,Mar 2023,Group A,revenue_cagr_5yr,14.12,0.6372093023255814
ADANIENSOL,Mar 2024,Group A,revenue_cagr_5yr,14.12,0.6372093023255814
ADANIENT,Mar 2013,Group A,revenue_cagr_5yr,18.71,0.8023255813953488
ADANIENT,Mar 2014,Group A,revenue_cagr_5yr,18.71,0.8023255813953488
ADANIENT,Mar 2015,Group A,revenue_cagr_5yr,18.71,0.8023255813953488
ADANIENT,Mar 2016,Group A,revenue_cagr_5yr,18.71,0.8023255813953488
ADANIENT,Mar 2017,Group A,revenue_cagr_5yr,18.71,0.8023255813953488
ADANIENT,Mar 2018,Group A,revenue_cagr_5yr,18.71,0.8023255813953488
ADANIENT,Mar 2019,Group A,revenue_cagr_5yr,18.71,0.8023255813953488
ADANIENT,Mar 2020,Group A,revenue_cagr_5yr,18.71,0.8023255813953488
ADANIENT,Mar 2021,Group A,revenue_cagr_5yr,18.71,0.8023255813953488
ADANIENT,Mar 2022,Group A,revenue_cagr_5yr,18.71,0.8023255813953488
ADANIENT,Mar 2023,Group A,revenue_cagr_5yr,18.71,0.8023255813953488
ADANIENT,Mar 2024,Group A,revenue_cagr_5yr,18.71,0.8023255813953488
ADANIGREEN,Mar 2017,Group A,revenue_cagr_5yr,33.43,0.9837209302325581
ADANIGREEN,Mar 2018,Group A,revenue_cagr_5yr,33.43,0.9837209302325581
ADANIGREEN,Mar 2019,Group A,revenue_cagr_5yr,33.43,0.9837209302325581
ADANIGREEN,Mar 2020,Group A,revenue_cagr_5yr,33.43,0.9837209302325581
ADANIGREEN,Mar 2021,Group A,revenue_cagr_5yr,33.43,0.9837209302325581
ADANIGREEN,Mar 2022,Group A,revenue_cagr_5yr,33.43,0.9837209302325581
ADANIGREEN,Mar 2023,Group A,revenue_cagr_5yr,33.43,0.9837209302325581
ADANIGREEN,Mar 2024,Group A,revenue_cagr_5yr,33.43,0.9837209302325581
ADANIPORTS,Mar 2013,Group A,revenue_cagr_5yr,6.41,0.1372093023255814
ADANIPORTS,Mar 2014,Group A,revenue_cagr_5yr,6.41,0.1372093023255814
ADANIPORTS,Mar 2015,Group A,revenue_cagr_5yr,6.41,0.1372093023255814
ADANIPORTS,Mar 2016,Group A,revenue_cagr_5yr,6.41,0.1372093023255814
ADANIPORTS,Mar 2017,Group A,revenue_cagr_5yr,6.41,0.1372093023255814
ADANIPORTS,Mar 2018,Group A,revenue_cagr_5yr,6.41,0.1372093023255814
ADANIPORTS,Mar 2019,Group A,revenue_cagr_5yr,6.41,0.1372093023255814
ADANIPORTS,Mar 2020,Group A,revenue_cagr_5yr,6.41,0.1372093023255814
ADANIPORTS,Mar 2021,Group A,revenue_cagr_5yr,6.41,0.1372093023255814
ADANIPORTS,Mar 2022,Group A,revenue_cagr_5yr,6.41,0.1372093023255814
ADANIPORTS,Mar 2023,Group A,revenue_cagr_5yr,6.41,0.1372093023255814
ADANIPORTS,Mar 2024,Group A,revenue_cagr_5yr,6.41,0.1372093023255814
ADANIPOWER,Mar 2013,Group A,revenue_cagr_5yr,15.6,0.6906976744186046
ADANIPOWER,Mar 2014,Group A,revenue_cagr_5yr,15.6,0.6906976744186046
ADANIPOWER,Mar 2015,Group A,revenue_cagr_5yr,15.6,0.6906976744186046
ADANIPOWER,Mar 2016,Group A,revenue_cagr_5yr,15.6,0.6906976744186046
ADANIPOWER,Mar 2017,Group A,revenue_cagr_5yr,15.6,0.6906976744186046
ADANIPOWER,Mar 2018,Group A,revenue_cagr_5yr,15.6,0.6906976744186046
ADANIPOWER,Mar 2019,Group A,revenue_cagr_5yr,15.6,0.6906976744186046
ADANIPOWER,Mar 2020,Group A,revenue_cagr_5yr,15.6,0.6906976744186046
ADANIPOWER,Mar 2021,Group A,revenue_cagr_5yr,15.6,0.6906976744186046
ADANIPOWER,Mar 2022,Group A,revenue_cagr_5yr,15.6,0.6906976744186046
ADANIPOWER,Mar 2023,Group A,revenue_cagr_5yr,15.6,0.6906976744186046
ADANIPOWER,Mar 2024,Group A,revenue_cagr_5yr,15.6,0.6906976744186046
AMBUJACEM,Dec 2012,Group A,revenue_cagr_5yr,3.92,0.08372093023255814
AMBUJACEM,Dec 2013,Group A,revenue_cagr_5yr,3.92,0.08372093023255814
AMBUJACEM,Dec 2014,Group A,revenue_cagr_5yr,3.92,0.08372093023255814
AMBUJACEM,Dec 2015,Group A,revenue_cagr_5yr,3.92,0.08372093023255814
AMBUJACEM,Dec 2016,Group A,revenue_cagr_5yr,3.92,0.08372093023255814
AMBUJACEM,Dec 2017,Group A,revenue_cagr_5yr,3.92,0.08372093023255814
AMBUJACEM,Dec 2018,Group A,revenue_cagr_5yr,3.92,0.08372093023255814
AMBUJACEM,Dec 2019,Group A,revenue_cagr_5yr,3.92,0.08372093023255814
AMBUJACEM,Dec 2020,Group A,revenue_cagr_5yr,3.92,0.08372093023255814
AMBUJACEM,Dec 2021,Group A,revenue_cagr_5yr,3.92,0.08372093023255814
AMBUJACEM,Mar 2024,Group A,revenue_cagr_5yr,3.92,0.08372093023255814
APOLLOHOSP,Mar 2013,Group A,revenue_cagr_5yr,12.72,0.5279069767441861
APOLLOHOSP,Mar 2014,Group A,revenue_cagr_5yr,12.72,0.5279069767441861
APOLLOHOSP,Mar 2015,Group A,revenue_cagr_5yr,12.72,0.5279069767441861
APOLLOHOSP,Mar 2016,Group A,revenue_cagr_5yr,12.72,0.5279069767441861
APOLLOHOSP,Mar 2017,Group A,revenue_cagr_5yr,12.72,0.5279069767441861
APOLLOHOSP,Mar 2018,Group A,revenue_cagr_5yr,12.72,0.5279069767441861
APOLLOHOSP,Mar 2019,Group A,revenue_cagr_5yr,12.72,0.5279069767441861
APOLLOHOSP,Mar 2020,Group A,revenue_cagr_5yr,12.72,0.5279069767441861
APOLLOHOSP,Mar 2021,Group A,revenue_cagr_5yr,12.72,0.5279069767441861
APOLLOHOSP,Mar 2022,Group A,revenue_cagr_5yr,12.72,0.5279069767441861
APOLLOHOSP,Mar 2023,Group A,revenue_cagr_5yr,12.72,0.5279069767441861
APOLLOHOSP,Mar 2024,Group A,revenue_cagr_5yr,12.72,0.5279069767441861
ASIANPAINT,Mar 2013,Group A,revenue_cagr_5yr,11.5,0.41627906976744183
ASIANPAINT,Mar 2014,Group A,revenue_cagr_5yr,11.5,0.41627906976744183
ASIANPAINT,Mar 2015,Group A,revenue_cagr_5yr,11.5,0.41627906976744183
ASIANPAINT,Mar 2016,Group A,revenue_cagr_5yr,11.5,0.41627906976744183
ASIANPAINT,Mar 2017,Group A,revenue_cagr_5yr,11.5,0.41627906976744183
ASIANPAINT,Mar 2018,Group A,revenue_cagr_5yr,11.5,0.41627906976744183
ASIANPAINT,Mar 2019,Group A,revenue_cagr_5yr,11.5,0.41627906976744183
ASIANPAINT,Mar 2020,Group A,revenue_cagr_5yr,11.5,0.41627906976744183
ASIANPAINT,Mar 2021,Group A,revenue_cagr_5yr,11.5,0.41627906976744183
ASIANPAINT,Mar 2022,Group A,revenue_cagr_5yr,11.5,0.41627906976744183
ASIANPAINT,Mar 2023,Group A,revenue_cagr_5yr,11.5,0.41627906976744183
ASIANPAINT,Mar 2024,Group A,revenue_cagr_5yr,11.5,0.41627906976744183
ATGL,Mar 2018,Group A,revenue_cagr_5yr,20.81,0.8930232558139535
ATGL,Mar 2019,Group A,revenue_cagr_5yr,20.81,0.8930232558139535
ATGL,Mar 2020,Group A,revenue_cagr_5yr,20.81,0.8930232558139535
ATGL,Mar 2021,Group A,revenue_cagr_5yr,20.81,0.8930232558139535
ATGL,Mar 2022,Group A,revenue_cagr_5yr,20.81,0.8930232558139535
ATGL,Mar 2023,Group A,revenue_cagr_5yr,20.81,0.8930232558139535
ATGL,Mar 2024,Group A,revenue_cagr_5yr,20.81,0.8930232558139535
AXISBANK,Mar 2013,Group A,revenue_cagr_5yr,14.01,0.5837209302325581
AXISBANK,Mar 2014,Group A,revenue_cagr_5yr,14.01,0.5837209302325581
AXISBANK,Mar 2015,Group A,revenue_cagr_5yr,14.01,0.5837209302325581
AXISBANK,Mar 2016,Group A,revenue_cagr_5yr,14.01,0.5837209302325581
AXISBANK,Mar 2017,Group A,revenue_cagr_5yr,14.01,0.5837209302325581
AXISBANK,Mar 2018,Group A,revenue_cagr_5yr,14.01,0.5837209302325581
AXISBANK,Mar 2019,Group A,revenue_cagr_5yr,14.01,0.5837209302325581
AXISBANK,Mar 2020,Group A,revenue_cagr_5yr,14.01,0.5837209302325581
AXISBANK,Mar 2021,Group A,revenue_cagr_5yr,14.01,0.5837209302325581
AXISBANK,Mar 2022,Group A,revenue_cagr_5yr,14.01,0.5837209302325581
AXISBANK,Mar 2023,Group A,revenue_cagr_5yr,14.01,0.5837209302325581
AXISBANK,Mar 2024,Group A,revenue_cagr_5yr,14.01,0.5837209302325581
BAJAJ-AUTO,Mar 2013,Group A,revenue_cagr_5yr,10.32,0.30465116279069765
BAJAJ-AUTO,Mar 2014,Group A,revenue_cagr_5yr,10.32,0.30465116279069765
BAJAJ-AUTO,Mar 2015,Group A,revenue_cagr_5yr,10.32,0.30465116279069765
BAJAJ-AUTO,Mar 2016,Group A,revenue_cagr_5yr,10.32,0.30465116279069765
BAJAJ-AUTO,Mar 2017,Group A,revenue_cagr_5yr,10.32,0.30465116279069765
BAJAJ-AUTO,Mar 2018,Group A,revenue_cagr_5yr,10.32,0.30465116279069765
BAJAJ-AUTO,Mar 2019,Group A,revenue_cagr_5yr,10.32,0.30465116279069765
BAJAJ-AUTO,Mar 2020,Group A,revenue_cagr_5yr,10.32,0.30465116279069765
BAJAJ-AUTO,Mar 2021,Group A,revenue_cagr_5yr,10.32,0.30465116279069765
BAJAJ-AUTO,Mar 2022,Group A,revenue_cagr_5yr,10.32,0.30465116279069765
BAJAJ-AUTO,Mar 2023,Group A,revenue_cagr_5yr,10.32,0.30465116279069765
BAJAJ-AUTO,Mar 2024,Group A,revenue_cagr_5yr,10.32,0.30465116279069765
BAJAJFINSV,Mar 2013,Group A,revenue_cagr_5yr,18.36,0.7465116279069768
BAJAJFINSV,Mar 2014,Group A,revenue_cagr_5yr,18.36,0.7465116279069768
BAJAJFINSV,Mar 2015,Group A,revenue_cagr_5yr,18.36,0.7465116279069768
BAJAJFINSV,Mar 2016,Group A,revenue_cagr_5yr,18.36,0.7465116279069768
BAJAJFINSV,Mar 2017,Group A,revenue_cagr_5yr,18.36,0.7465116279069768
BAJAJFINSV,Mar 2018,Group A,revenue_cagr_5yr,18.36,0.7465116279069768
BAJAJFINSV,Mar 2019,Group A,revenue_cagr_5yr,18.36,0.7465116279069768
BAJAJFINSV,Mar 2020,Group A,revenue_cagr_5yr,18.36,0.7465116279069768
BAJAJFINSV,Mar 2021,Group A,revenue_cagr_5yr,18.36,0.7465116279069768
BAJAJFINSV,Mar 2022,Group A,revenue_cagr_5yr,18.36,0.7465116279069768
BAJAJFINSV,Mar 2023,Group A,revenue_cagr_5yr,18.36,0.7465116279069768
BAJAJFINSV,Mar 2024,Group A,revenue_cagr_5yr,18.36,0.7465116279069768
BAJAJHLDNG,Mar 2013,Group A,revenue_cagr_5yr,31.84,0.9372093023255814
BAJAJHLDNG,Mar 2014,Group A,revenue_cagr_5yr,31.84,0.9372093023255814
BAJAJHLDNG,Mar 2015,Group A,revenue_cagr_5yr,31.84,0.9372093023255814
BAJAJHLDNG,Mar 2016,Group A,revenue_cagr_5yr,31.84,0.9372093023255814
BAJAJHLDNG,Mar 2017,Group A,revenue_cagr_5yr,31.84,0.9372093023255814
BAJAJHLDNG,Mar 2018,Group A,revenue_cagr_5yr,31.84,0.9372093023255814
BAJAJHLDNG,Mar 2019,Group A,revenue_cagr_5yr,31.84,0.9372093023255814
BAJAJHLDNG,Mar 2020,Group A,revenue_cagr_5yr,31.84,0.9372093023255814
BAJAJHLDNG,Mar 2021,Group A,revenue_cagr_5yr,31.84,0.9372093023255814
BAJAJHLDNG,Mar 2022,Group A,revenue_cagr_5yr,31.84,0.9372093023255814
BAJAJHLDNG,Mar 2023,Group A,revenue_cagr_5yr,31.84,0.9372093023255814
BAJAJHLDNG,Mar 2024,Group A,revenue_cagr_5yr,31.84,0.9372093023255814
BAJFINANCE,Mar 2015,Group A,revenue_cagr_5yr,18.75,0.8534883720930233
BAJFINANCE,Mar 2016,Group A,revenue_cagr_5yr,18.75,0.8534883720930233
BAJFINANCE,Mar 2017,Group A,revenue_cagr_5yr,18.75,0.8534883720930233
BAJFINANCE,Mar 2018,Group A,revenue_cagr_5yr,18.75,0.8534883720930233
BAJFINANCE,Mar 2019,Group A,revenue_cagr_5yr,18.75,0.8534883720930233
BAJFINANCE,Mar 2020,Group A,revenue_cagr_5yr,18.75,0.8534883720930233
BAJFINANCE,Mar 2021,Group A,revenue_cagr_5yr,18.75,0.8534883720930233
BAJFINANCE,Mar 2022,Group A,revenue_cagr_5yr,18.75,0.8534883720930233
BAJFINANCE,Mar 2023,Group A,revenue_cagr_5yr,18.75,0.8534883720930233
BAJFINANCE,Mar 2024,Group A,revenue_cagr_5yr,18.75,0.8534883720930233
BANKBARODA,Mar 2013,Group A,revenue_cagr_5yr,9.49,0.24883720930232558
BANKBARODA,Mar 2014,Group A,revenue_cagr_5yr,9.49,0.24883720930232558
BANKBARODA,Mar 2015,Group A,revenue_cagr_5yr,9.49,0.24883720930232558
BANKBARODA,Mar 2016,Group A,revenue_cagr_5yr,9.49,0.24883720930232558
BANKBARODA,Mar 2017,Group A,revenue_cagr_5yr,9.49,0.24883720930232558
BANKBARODA,Mar 2018,Group A,revenue_cagr_5yr,9.49,0.24883720930232558
BANKBARODA,Mar 2019,Group A,revenue_cagr_5yr,9.49,0.24883720930232558
BANKBARODA,Mar 2020,Group A,revenue_cagr_5yr,9.49,0.24883720930232558
BANKBARODA,Mar 2021,Group A,revenue_cagr_5yr,9.49,0.24883720930232558
BANKBARODA,Mar 2022,Group A,revenue_cagr_5yr,9.49,0.24883720930232558
BANKBARODA,Mar 2023,Group A,revenue_cagr_5yr,9.49,0.24883720930232558
BANKBARODA,Mar 2024,Group A,revenue_cagr_5yr,9.49,0.24883720930232558
BEL,Mar 2013,Group A,revenue_cagr_5yr,10.72,0.36046511627906974
BEL,Mar 2014,Group A,revenue_cagr_5yr,10.72,0.36046511627906974
BEL,Mar 2015,Group A,revenue_cagr_5yr,10.72,0.36046511627906974
BEL,Mar 2016,Group A,revenue_cagr_5yr,10.72,0.36046511627906974
BEL,Mar 2017,Group A,revenue_cagr_5yr,10.72,0.36046511627906974
BEL,Mar 2018,Group A,revenue_cagr_5yr,10.72,0.36046511627906974
BEL,Mar 2019,Group A,revenue_cagr_5yr,10.72,0.36046511627906974
BEL,Mar 2020,Group A,revenue_cagr_5yr,10.72,0.36046511627906974
BEL,Mar 2021,Group A,revenue_cagr_5yr,10.72,0.36046511627906974
BEL,Mar 2022,Group A,revenue_cagr_5yr,10.72,0.36046511627906974
BEL,Mar 2023,Group A,revenue_cagr_5yr,10.72,0.36046511627906974
BEL,Mar 2024,Group A,revenue_cagr_5yr,10.72,0.36046511627906974
BHARTIARTL,Mar 2013,Group A,revenue_cagr_5yr,12.17,0.4720930232558139
BHARTIARTL,Mar 2014,Group A,revenue_cagr_5yr,12.17,0.4720930232558139
BHARTIARTL,Mar 2015,Group A,revenue_cagr_5yr,12.17,0.4720930232558139
BHARTIARTL,Mar 2016,Group A,revenue_cagr_5yr,12.17,0.4720930232558139
BHARTIARTL,Mar 2017,Group A,revenue_cagr_5yr,12.17,0.4720930232558139
BHARTIARTL,Mar 2018,Group A,revenue_cagr_5yr,12.17,0.4720930232558139
BHARTIARTL,Mar 2019,Group A,revenue_cagr_5yr,12.17,0.4720930232558139
BHARTIARTL,Mar 2020,Group A,revenue_cagr_5yr,12.17,0.4720930232558139
BHARTIARTL,Mar 2021,Group A,revenue_cagr_5yr,12.17,0.4720930232558139
BHARTIARTL,Mar 2022,Group A,revenue_cagr_5yr,12.17,0.4720930232558139
BHARTIARTL,Mar 2023,Group A,revenue_cagr_5yr,12.17,0.4720930232558139
BHARTIARTL,Mar 2024,Group A,revenue_cagr_5yr,12.17,0.4720930232558139
BHEL,Mar 2013,Group A,revenue_cagr_5yr,3.78,0.030232558139534883
BHEL,Mar 2014,Group A,revenue_cagr_5yr,3.78,0.030232558139534883
BHEL,Mar 2015,Group A,revenue_cagr_5yr,3.78,0.030232558139534883
BHEL,Mar 2016,Group A,revenue_cagr_5yr,3.78,0.030232558139534883
BHEL,Mar 2017,Group A,revenue_cagr_5yr,3.78,0.030232558139534883
BHEL,Mar 2018,Group A,revenue_cagr_5yr,3.78,0.030232558139534883
BHEL,Mar 2019,Group A,revenue_cagr_5yr,3.78,0.030232558139534883
BHEL,Mar 2020,Group A,revenue_cagr_5yr,3.78,0.030232558139534883
BHEL,Mar 2021,Group A,revenue_cagr_5yr,3.78,0.030232558139534883
BHEL,Mar 2022,Group A,revenue_cagr_5yr,3.78,0.030232558139534883
BHEL,Mar 2023,Group A,revenue_cagr_5yr,3.78,0.030232558139534883
BHEL,Mar 2024,Group A,revenue_cagr_5yr,3.78,0.030232558139534883
ABB,Dec 2012,Group A,eps_cagr_5yr,16.74,0.48830409356725146
ABB,Mar 2014,Group A,eps_cagr_5yr,16.74,0.48830409356725146
ABB,Mar 2015,Group A,eps_cagr_5yr,16.74,0.48830409356725146
ABB,Mar 2016,Group A,eps_cagr_5yr,16.74,0.48830409356725146
ABB,Mar 2017,Group A,eps_cagr_5yr,16.74,0.48830409356725146
ABB,Mar 2018,Group A,eps_cagr_5yr,16.74,0.48830409356725146
ABB,Mar 2019,Group A,eps_cagr_5yr,16.74,0.48830409356725146
ABB,Mar 2020,Group A,eps_cagr_5yr,16.74,0.48830409356725146
ABB,Mar 2021,Group A,eps_cagr_5yr,16.74,0.48830409356725146
ABB,Mar 2022,Group A,eps_cagr_5yr,16.74,0.48830409356725146
ABB,Mar 2023,Group A,eps_cagr_5yr,16.74,0.48830409356725146
ABB,Mar 2024,Group A,eps_cagr_5yr,16.74,0.48830409356725146
ADANIENSOL,Mar 2014,Group A,eps_cagr_5yr,-3.04,0.03508771929824561
ADANIENSOL,Mar 2015,Group A,eps_cagr_5yr,-3.04,0.03508771929824561
ADANIENSOL,Mar 2016,Group A,eps_cagr_5yr,-3.04,0.03508771929824561
ADANIENSOL,Mar 2017,Group A,eps_cagr_5yr,-3.04,0.03508771929824561
ADANIENSOL,Mar 2018,Group A,eps_cagr_5yr,-3.04,0.03508771929824561
ADANIENSOL,Mar 2019,Group A,eps_cagr_5yr,-3.04,0.03508771929824561
ADANIENSOL,Mar 2020,Group A,eps_cagr_5yr,-3.04,0.03508771929824561
ADANIENSOL,Mar 2021,Group A,eps_cagr_5yr,-3.04,0.03508771929824561
ADANIENSOL,Mar 2022,Group A,eps_cagr_5yr,-3.04,0.03508771929824561
ADANIENSOL,Mar 2023,Group A,eps_cagr_5yr,-3.04,0.03508771929824561
ADANIENSOL,Mar 2024,Group A,eps_cagr_5yr,-3.04,0.03508771929824561
ADANIENT,Mar 2013,Group A,eps_cagr_5yr,37.42,0.827485380116959
ADANIENT,Mar 2014,Group A,eps_cagr_5yr,37.42,0.827485380116959
ADANIENT,Mar 2015,Group A,eps_cagr_5yr,37.42,0.827485380116959
ADANIENT,Mar 2016,Group A,eps_cagr_5yr,37.42,0.827485380116959
ADANIENT,Mar 2017,Group A,eps_cagr_5yr,37.42,0.827485380116959
ADANIENT,Mar 2018,Group A,eps_cagr_5yr,37.42,0.827485380116959
ADANIENT,Mar 2019,Group A,eps_cagr_5yr,37.42,0.827485380116959
ADANIENT,Mar 2020,Group A,eps_cagr_5yr,37.42,0.827485380116959
ADANIENT,Mar 2021,Group A,eps_cagr_5yr,37.42,0.827485380116959
ADANIENT,Mar 2022,Group A,eps_cagr_5yr,37.42,0.827485380116959
ADANIENT,Mar 2023,Group A,eps_cagr_5yr,37.42,0.827485380116959
ADANIENT,Mar 2024,Group A,eps_cagr_5yr,37.42,0.827485380116959
ADANIGREEN,Mar 2017,Group A,eps_cagr_5yr,,
ADANIGREEN,Mar 2018,Group A,eps_cagr_5yr,,
ADANIGREEN,Mar 2019,Group A,eps_cagr_5yr,,
ADANIGREEN,Mar 2020,Group A,eps_cagr_5yr,,
ADANIGREEN,Mar 2021,Group A,eps_cagr_5yr,,
ADANIGREEN,Mar 2022,Group A,eps_cagr_5yr,,
ADANIGREEN,Mar 2023,Group A,eps_cagr_5yr,,
ADANIGREEN,Mar 2024,Group A,eps_cagr_5yr,,
ADANIPORTS,Mar 2013,Group A,eps_cagr_5yr,12.47,0.347953216374269
ADANIPORTS,Mar 2014,Group A,eps_cagr_5yr,12.47,0.347953216374269
ADANIPORTS,Mar 2015,Group A,eps_cagr_5yr,12.47,0.347953216374269
ADANIPORTS,Mar 2016,Group A,eps_cagr_5yr,12.47,0.347953216374269
ADANIPORTS,Mar 2017,Group A,eps_cagr_5yr,12.47,0.347953216374269
ADANIPORTS,Mar 2018,Group A,eps_cagr_5yr,12.47,0.347953216374269
ADANIPORTS,Mar 2019,Group A,eps_cagr_5yr,12.47,0.347953216374269
ADANIPORTS,Mar 2020,Group A,eps_cagr_5yr,12.47,0.347953216374269
ADANIPORTS,Mar 2021,Group A,eps_cagr_5yr,12.47,0.347953216374269
ADANIPORTS,Mar 2022,Group A,eps_cagr_5yr,12.47,0.347953216374269
ADANIPORTS,Mar 2023,Group A,eps_cagr_5yr,12.47,0.347953216374269
ADANIPORTS,Mar 2024,Group A,eps_cagr_5yr,12.47,0.347953216374269
ADANIPOWER,Mar 2013,Group A,eps_cagr_5yr,,
ADANIPOWER,Mar 2014,Group A,eps_cagr_5yr,,
ADANIPOWER,Mar 2015,Group A,eps_cagr_5yr,,
ADANIPOWER,Mar 2016,Group A,eps_cagr_5yr,,
ADANIPOWER,Mar 2017,Group A,eps_cagr_5yr,,
ADANIPOWER,Mar 2018,Group A,eps_cagr_5yr,,
ADANIPOWER,Mar 2019,Group A,eps_cagr_5yr,,
ADANIPOWER,Mar 2020,Group A,eps_cagr_5yr,,
ADANIPOWER,Mar 2021,Group A,eps_cagr_5yr,,
ADANIPOWER,Mar 2022,Group A,eps_cagr_5yr,,
ADANIPOWER,Mar 2023,Group A,eps_cagr_5yr,,
ADANIPOWER,Mar 2024,Group A,eps_cagr_5yr,,
AMBUJACEM,Dec 2012,Group A,eps_cagr_5yr,3.4,0.09941520467836257
AMBUJACEM,Dec 2013,Group A,eps_cagr_5yr,3.4,0.09941520467836257
AMBUJACEM,Dec 2014,Group A,eps_cagr_5yr,3.4,0.09941520467836257
AMBUJACEM,Dec 2015,Group A,eps_cagr_5yr,3.4,0.09941520467836257
AMBUJACEM,Dec 2016,Group A,eps_cagr_5yr,3.4,0.09941520467836257
AMBUJACEM,Dec 2017,Group A,eps_cagr_5yr,3.4,0.09941520467836257
AMBUJACEM,Dec 2018,Group A,eps_cagr_5yr,3.4,0.09941520467836257
AMBUJACEM,Dec 2019,Group A,eps_cagr_5yr,3.4,0.09941520467836257
AMBUJACEM,Dec 2020,Group A,eps_cagr_5yr,3.4,0.09941520467836257
AMBUJACEM,Dec 2021,Group A,eps_cagr_5yr,3.4,0.09941520467836257
AMBUJACEM,Mar 2024,Group A,eps_cagr_5yr,3.4,0.09941520467836257
APOLLOHOSP,Mar 2013,Group A,eps_cagr_5yr,19.97,0.6286549707602339
APOLLOHOSP,Mar 2014,Group A,eps_cagr_5yr,19.97,0.6286549707602339
APOLLOHOSP,Mar 2015,Group A,eps_cagr_5yr,19.97,0.6286549707602339
APOLLOHOSP,Mar 2016,Group A,eps_cagr_5yr,19.97,0.6286549707602339
APOLLOHOSP,Mar 2017,Group A,eps_cagr_5yr,19.97,0.6286549707602339
APOLLOHOSP,Mar 2018,Group A,eps_cagr_5yr,19.97,0.6286549707602339
APOLLOHOSP,Mar 2019,Group A,eps_cagr_5yr,19.97,0.6286549707602339
APOLLOHOSP,Mar 2020,Group A,eps_cagr_5yr,19.97,0.6286549707602339
APOLLOHOSP,Mar 2021,Group A,eps_cagr_5yr,19.97,0.6286549707602339
APOLLOHOSP,Mar 2022,Group A,eps_cagr_5yr,19.97,0.6286549707602339
APOLLOHOSP,Mar 2023,Group A,eps_cagr_5yr,19.97,0.6286549707602339
APOLLOHOSP,Mar 2024,Group A,eps_cagr_5yr,19.97,0.6286549707602339
ASIANPAINT,Mar 2013,Group A,eps_cagr_5yr,11.38,0.2777777777777778
ASIANPAINT,Mar 2014,Group A,eps_cagr_5yr,11.38,0.2777777777777778
ASIANPAINT,Mar 2015,Group A,eps_cagr_5yr,11.38,0.2777777777777778
ASIANPAINT,Mar 2016,Group A,eps_cagr_5yr,11.38,0.2777777777777778
ASIANPAINT,Mar 2017,Group A,eps_cagr_5yr,11.38,0.2777777777777778
ASIANPAINT,Mar 2018,Group A,eps_cagr_5yr,11.38,0.2777777777777778
ASIANPAINT,Mar 2019,Group A,eps_cagr_5yr,11.38,0.2777777777777778
ASIANPAINT,Mar 2020,Group A,eps_cagr_5yr,11.38,0.2777777777777778
ASIANPAINT,Mar 2021,Group A,eps_cagr_5yr,11.38,0.2777777777777778
ASIANPAINT,Mar 2022,Group A,eps_cagr_5yr,11.38,0.2777777777777778
ASIANPAINT,Mar 2023,Group A,eps_cagr_5yr,11.38,0.2777777777777778
ASIANPAINT,Mar 2024,Group A,eps_cagr_5yr,11.38,0.2777777777777778
ATGL,Mar 2018,Group A,eps_cagr_5yr,8.45,0.2222222222222222
ATGL,Mar 2019,Group A,eps_cagr_5yr,8.45,0.2222222222222222
ATGL,Mar 2020,Group A,eps_cagr_5yr,8.45,0.2222222222222222
ATGL,Mar 2021,Group A,eps_cagr_5yr,8.45,0.2222222222222222
ATGL,Mar 2022,Group A,eps_cagr_5yr,8.45,0.2222222222222222
ATGL,Mar 2023,Group A,eps_cagr_5yr,8.45,0.2222222222222222
ATGL,Mar 2024,Group A,eps_cagr_5yr,8.45,0.2222222222222222
AXISBANK,Mar 2013,Group A,eps_cagr_5yr,69.92,0.8976608187134503
AXISBANK,Mar 2014,Group A,eps_cagr_5yr,69.92,0.8976608187134503
AXISBANK,Mar 2015,Group A,eps_cagr_5yr,69.92,0.8976608187134503
AXISBANK,Mar 2016,Group A,eps_cagr_5yr,69.92,0.8976608187134503
AXISBANK,Mar 2017,Group A,eps_cagr_5yr,69.92,0.8976608187134503
AXISBANK,Mar 2018,Group A,eps_cagr_5yr,69.92,0.8976608187134503
AXISBANK,Mar 2019,Group A,eps_cagr_5yr,69.92,0.8976608187134503
AXISBANK,Mar 2020,Group A,eps_cagr_5yr,69.92,0.8976608187134503
AXISBANK,Mar 2021,Group A,eps_cagr_5yr,69.92,0.8976608187134503
AXISBANK,Mar 2022,Group A,eps_cagr_5yr,69.92,0.8976608187134503
AXISBANK,Mar 2023,Group A,eps_cagr_5yr,69.92,0.8976608187134503
AXISBANK,Mar 2024,Group A,eps_cagr_5yr,69.92,0.8976608187134503
BAJAJ-AUTO,Mar 2013,Group A,eps_cagr_5yr,7.88,0.16666666666666666
BAJAJ-AUTO,Mar 2014,Group A,eps_cagr_5yr,7.88,0.16666666666666666
BAJAJ-AUTO,Mar 2015,Group A,eps_cagr_5yr,7.88,0.16666666666666666
BAJAJ-AUTO,Mar 2016,Group A,eps_cagr_5yr,7.88,0.16666666666666666
BAJAJ-AUTO,Mar 2017,Group A,eps_cagr_5yr,7.88,0.16666666666666666
BAJAJ-AUTO,Mar 2018,Group A,eps_cagr_5yr,7.88,0.16666666666666666
BAJAJ-AUTO,Mar 2019,Group A,eps_cagr_5yr,7.88,0.16666666666666666
BAJAJ-AUTO,Mar 2020,Group A,eps_cagr_5yr,7.88,0.16666666666666666
BAJAJ-AUTO,Mar 2021,Group A,eps_cagr_5yr,7.88,0.16666666666666666
BAJAJ-AUTO,Mar 2022,Group A,eps_cagr_5yr,7.88,0.16666666666666666
BAJAJ-AUTO,Mar 2023,Group A,eps_cagr_5yr,7.88,0.16666666666666666
BAJAJ-AUTO,Mar 2024,Group A,eps_cagr_5yr,7.88,0.16666666666666666
BAJAJFINSV,Mar 2013,Group A,eps_cagr_5yr,20.34,0.6988304093567251
BAJAJFINSV,Mar 2014,Group A,eps_cagr_5yr,20.34,0.6988304093567251
BAJAJFINSV,Mar 2015,Group A,eps_cagr_5yr,20.34,0.6988304093567251
BAJAJFINSV,Mar 2016,Group A,eps_cagr_5yr,20.34,0.6988304093567251
BAJAJFINSV,Mar 2017,Group A,eps_cagr_5yr,20.34,0.6988304093567251
BAJAJFINSV,Mar 2018,Group A,eps_cagr_5yr,20.34,0.6988304093567251
BAJAJFINSV,Mar 2019,Group A,eps_cagr_5yr,20.34,0.6988304093567251
BAJAJFINSV,Mar 2020,Group A,eps_cagr_5yr,20.34,0.6988304093567251
BAJAJFINSV,Mar 2021,Group A,eps_cagr_5yr,20.34,0.6988304093567251
BAJAJFINSV,Mar 2022,Group A,eps_cagr_5yr,20.34,0.6988304093567251
BAJAJFINSV,Mar 2023,Group A,eps_cagr_5yr,20.34,0.6988304093567251
BAJAJFINSV,Mar 2024,Group A,eps_cagr_5yr,20.34,0.6988304093567251
BAJAJHLDNG,Mar 2013,Group A,eps_cagr_5yr,19.88,0.5584795321637427
BAJAJHLDNG,Mar 2014,Group A,eps_cagr_5yr,19.88,0.5584795321637427
BAJAJHLDNG,Mar 2015,Group A,eps_cagr_5yr,19.88,0.5584795321637427
BAJAJHLDNG,Mar 2016,Group A,eps_cagr_5yr,19.88,0.5584795321637427
BAJAJHLDNG,Mar 2017,Group A,eps_cagr_5yr,19.88,0.5584795321637427
BAJAJHLDNG,Mar 2018,Group A,eps_cagr_5yr,19.88,0.5584795321637427
BAJAJHLDNG,Mar 2019,Group A,eps_cagr_5yr,19.88,0.5584795321637427
BAJAJHLDNG,Mar 2020,Group A,eps_cagr_5yr,19.88,0.5584795321637427
BAJAJHLDNG,Mar 2021,Group A,eps_cagr_5yr,19.88,0.5584795321637427
BAJAJHLDNG,Mar 2022,Group A,eps_cagr_5yr,19.88,0.5584795321637427
BAJAJHLDNG,Mar 2023,Group A,eps_cagr_5yr,19.88,0.5584795321637427
BAJAJHLDNG,Mar 2024,Group A,eps_cagr_5yr,19.88,0.5584795321637427
BAJFINANCE,Mar 2015,Group A,eps_cagr_5yr,23.31,0.7631578947368421
BAJFINANCE,Mar 2016,Group A,eps_cagr_5yr,23.31,0.7631578947368421
BAJFINANCE,Mar 2017,Group A,eps_cagr_5yr,23.31,0.7631578947368421
BAJFINANCE,Mar 2018,Group A,eps_cagr_5yr,23.31,0.7631578947368421
BAJFINANCE,Mar 2019,Group A,eps_cagr_5yr,23.31,0.7631578947368421
BAJFINANCE,Mar 2020,Group A,eps_cagr_5yr,23.31,0.7631578947368421
BAJFINANCE,Mar 2021,Group A,eps_cagr_5yr,23.31,0.7631578947368421
BAJFINANCE,Mar 2022,Group A,eps_cagr_5yr,23.31,0.7631578947368421
BAJFINANCE,Mar 2023,Group A,eps_cagr_5yr,23.31,0.7631578947368421
BAJFINANCE,Mar 2024,Group A,eps_cagr_5yr,23.31,0.7631578947368421
BANKBARODA,Mar 2013,Group A,eps_cagr_5yr,81.14,0.9678362573099415
BANKBARODA,Mar 2014,Group A,eps_cagr_5yr,81.14,0.9678362573099415
BANKBARODA,Mar 2015,Group A,eps_cagr_5yr,81.14,0.9678362573099415
BANKBARODA,Mar 2016,Group A,eps_cagr_5yr,81.14,0.9678362573099415
BANKBARODA,Mar 2017,Group A,eps_cagr_5yr,81.14,0.9678362573099415
BANKBARODA,Mar 2018,Group A,eps_cagr_5yr,81.14,0.9678362573099415
BANKBARODA,Mar 2019,Group A,eps_cagr_5yr,81.14,0.9678362573099415
BANKBARODA,Mar 2020,Group A,eps_cagr_5yr,81.14,0.9678362573099415
BANKBARODA,Mar 2021,Group A,eps_cagr_5yr,81.14,0.9678362573099415
BANKBARODA,Mar 2022,Group A,eps_cagr_5yr,81.14,0.9678362573099415
BANKBARODA,Mar 2023,Group A,eps_cagr_5yr,81.14,0.9678362573099415
BANKBARODA,Mar 2024,Group A,eps_cagr_5yr,81.14,0.9678362573099415
BEL,Mar 2013,Group A,eps_cagr_5yr,14.87,0.41812865497076024
BEL,Mar 2014,Group A,eps_cagr_5yr,14.87,0.41812865497076024
BEL,Mar 2015,Group A,eps_cagr_5yr,14.87,0.41812865497076024
BEL,Mar 2016,Group A,eps_cagr_5yr,14.87,0.41812865497076024
BEL,Mar 2017,Group A,eps_cagr_5yr,14.87,0.41812865497076024
BEL,Mar 2018,Group A,eps_cagr_5yr,14.87,0.41812865497076024
BEL,Mar 2019,Group A,eps_cagr_5yr,14.87,0.41812865497076024
BEL,Mar 2020,Group A,eps_cagr_5yr,14.87,0.41812865497076024
BEL,Mar 2021,Group A,eps_cagr_5yr,14.87,0.41812865497076024
BEL,Mar 2022,Group A,eps_cagr_5yr,14.87,0.41812865497076024
BEL,Mar 2023,Group A,eps_cagr_5yr,14.87,0.41812865497076024
BEL,Mar 2024,Group A,eps_cagr_5yr,14.87,0.41812865497076024
BHARTIARTL,Mar 2013,Group A,eps_cagr_5yr,,
BHARTIARTL,Mar 2014,Group A,eps_cagr_5yr,,
BHARTIARTL,Mar 2015,Group A,eps_cagr_5yr,,
BHARTIARTL,Mar 2016,Group A,eps_cagr_5yr,,
BHARTIARTL,Mar 2017,Group A,eps_cagr_5yr,,
BHARTIARTL,Mar 2018,Group A,eps_cagr_5yr,,
BHARTIARTL,Mar 2019,Group A,eps_cagr_5yr,,
BHARTIARTL,Mar 2020,Group A,eps_cagr_5yr,,
BHARTIARTL,Mar 2021,Group A,eps_cagr_5yr,,
BHARTIARTL,Mar 2022,Group A,eps_cagr_5yr,,
BHARTIARTL,Mar 2023,Group A,eps_cagr_5yr,,
BHARTIARTL,Mar 2024,Group A,eps_cagr_5yr,,
BHEL,Mar 2013,Group A,eps_cagr_5yr,,
BHEL,Mar 2014,Group A,eps_cagr_5yr,,
BHEL,Mar 2015,Group A,eps_cagr_5yr,,
BHEL,Mar 2016,Group A,eps_cagr_5yr,,
BHEL,Mar 2017,Group A,eps_cagr_5yr,,
BHEL,Mar 2018,Group A,eps_cagr_5yr,,
BHEL,Mar 2019,Group A,eps_cagr_5yr,,
BHEL,Mar 2020,Group A,eps_cagr_5yr,,
BHEL,Mar 2021,Group A,eps_cagr_5yr,,
BHEL,Mar 2022,Group A,eps_cagr_5yr,,
BHEL,Mar 2023,Group A,eps_cagr_5yr,,
BHEL,Mar 2024,Group A,eps_cagr_5yr,,
ABB,Dec 2012,Group A,interest_coverage,,
ABB,Mar 2014,Group A,interest_coverage,,
ABB,Mar 2015,Group A,interest_coverage,,
ABB,Mar 2016,Group A,interest_coverage,138.33333333333334,0.8137254901960784
ABB,Mar 2017,Group A,interest_coverage,227.5,0.8627450980392157
ABB,Mar 2018,Group A,interest_coverage,160.5,0.8284313725490197
ABB,Mar 2019,Group A,interest_coverage,359.0,0.8921568627450981
ABB,Mar 2020,Group A,interest_coverage,96.77777777777776,0.803921568627451
ABB,Mar 2021,Group A,interest_coverage,55.72222222222222,0.75
ABB,Mar 2022,Group A,interest_coverage,61.31578947368421,0.7696078431372549
ABB,Mar 2023,Group A,interest_coverage,85.0,0.7892156862745098
ABB,Mar 2024,Group A,interest_coverage,141.75,0.8186274509803921
ADANIENSOL,Mar 2014,Group A,interest_coverage,,
ADANIENSOL,Mar 2015,Group A,interest_coverage,1.4246575342465753,0.09313725490196079
ADANIENSOL,Mar 2016,Group A,interest_coverage,2.086729362591432,0.22058823529411764
ADANIENSOL,Mar 2017,Group A,interest_coverage,2.2179203539823007,0.2549019607843137
ADANIENSOL,Mar 2018,Group A,interest_coverage,3.31489841986456,0.43137254901960786
ADANIENSOL,Mar 2019,Group A,interest_coverage,2.2386772106398274,0.2696078431372549
ADANIENSOL,Mar 2020,Group A,interest_coverage,2.019213583556747,0.20098039215686275
ADANIENSOL,Mar 2021,Group A,interest_coverage,2.3925366084081245,0.3137254901960784
ADANIENSOL,Mar 2022,Group A,interest_coverage,2.3221987315010573,0.28921568627450983
ADANIENSOL,Mar 2023,Group A,interest_coverage,2.193815174397699,0.24509803921568626
ADANIENSOL,Mar 2024,Group A,interest_coverage,2.284784965666787,0.28431372549019607
ADANIENT,Mar 2013,Group A,interest_coverage,2.2325315005727377,0.2647058823529412
ADANIENT,Mar 2014,Group A,interest_coverage,1.84815009644047,0.15196078431372548
ADANIENT,Mar 2015,Group A,interest_coverage,1.876700680272109,0.16176470588235295
ADANIENT,Mar 2016,Group A,interest_coverage,2.0103168754605747,0.19117647058823528
ADANIENT,Mar 2017,Group A,interest_coverage,2.1089896579156724,0.22549019607843138
ADANIENT,Mar 2018,Group A,interest_coverage,1.9208,0.1715686274509804
ADANIENT,Mar 2019,Group A,interest_coverage,1.5218461538461538,0.11274509803921569
ADANIENT,Mar 2020,Group A,interest_coverage,2.013994910941476,0.19607843137254902
ADANIENT,Mar 2021,Group A,interest_coverage,2.178649237472767,0.24019607843137256
ADANIENT,Mar 2022,Group A,interest_coverage,1.870942201108472,0.1568627450980392
ADANIENT,Mar 2023,Group A,interest_coverage,2.431846812799194,0.3333333333333333
ADANIENT,Mar 2024,Group A,interest_coverage,2.7492864983534577,0.37745098039215685
ADANIGREEN,Mar 2017,Group A,interest_coverage,1.4461077844311376,0.10784313725490197
ADANIGREEN,Mar 2018,Group A,interest_coverage,1.6032608695652173,0.1323529411764706
ADANIGREEN,Mar 2019,Group A,interest_coverage,1.426404995539697,0.09803921568627451
ADANIGREEN,Mar 2020,Group A,interest_coverage,1.3457286432160804,0.08333333333333333
ADANIGREEN,Mar 2021,Group A,interest_coverage,1.3476702508960574,0.08823529411764706
ADANIGREEN,Mar 2022,Group A,interest_coverage,1.5357279327474207,0.11764705882352941
ADANIGREEN,Mar 2023,Group A,interest_coverage,1.936447956028856,0.18137254901960784
ADANIGREEN,Mar 2024,Group A,interest_coverage,1.713943268078306,0.14215686274509803
ADANIPORTS,Mar 2013,Group A,interest_coverage,5.029520295202952,0.5441176470588235
ADANIPORTS,Mar 2014,Group A,interest_coverage,3.6888433981576254,0.46568627450980393
ADANIPORTS,Mar 2015,Group A,interest_coverage,3.90468085106383,0.4852941176470588
ADANIPORTS,Mar 2016,Group A,interest_coverage,4.72153024911032,0.5245098039215687
ADANIPORTS,Mar 2017,Group A,interest_coverage,5.784050179211469,0.5784313725490197
ADANIPORTS,Mar 2018,Group A,interest_coverage,5.067131095630145,0.5490196078431373
ADANIPORTS,Mar 2019,Group A,interest_coverage,5.693140794223827,0.5686274509803921
ADANIPORTS,Mar 2020,Group A,interest_coverage,4.036391594054331,0.49019607843137253
ADANIPORTS,Mar 2021,Group A,interest_coverage,4.725055432372505,0.5294117647058824
ADANIPORTS,Mar 2022,Group A,interest_coverage,4.465408805031447,0.5098039215686274
ADANIPORTS,Mar 2023,Group A,interest_coverage,4.771053745239103,0.5343137254901961
ADANIPORTS,Mar 2024,Group A,interest_coverage,5.949506037321624,0.5882352941176471
ADANIPOWER,Mar 2013,Group A,interest_coverage,0.6899588960657663,0.03431372549019608
ADANIPOWER,Mar 2014,Group A,interest_coverage,1.1364728495915426,0.049019607843137254
ADANIPOWER,Mar 2015,Group A,interest_coverage,1.2060032894736843,0.058823529411764705
ADANIPOWER,Mar 2016,Group A,interest_coverage,1.5469424460431656,0.12254901960784313
ADANIPOWER,Mar 2017,Group A,interest_coverage,0.3920704845814978,0.029411764705882353
ADANIPOWER,Mar 2018,Group A,interest_coverage,1.111310592459605,0.04411764705882353
ADANIPOWER,Mar 2019,Group A,interest_coverage,1.313593777620647,0.07352941176470588
ADANIPOWER,Mar 2020,Group A,interest_coverage,1.139604891815616,0.05392156862745098
ADANIPOWER,Mar 2021,Group A,interest_coverage,2.0754014884449665,0.21568627450980393
ADANIPOWER,Mar 2022,Group A,interest_coverage,3.3672771672771677,0.44607843137254904
ADANIPOWER,Mar 2023,Group A,interest_coverage,4.2927414517096585,0.5
ADANIPOWER,Mar 2024,Group A,interest_coverage,8.297225501770956,0.6225490196078431
AMBUJACEM,Dec 2012,Group A,interest_coverage,32.58974358974359,0.6862745098039216
AMBUJACEM,Dec 2013,Group A,interest_coverage,30.73134328358209,0.6813725490196079
AMBUJACEM,Dec 2014,Group A,interest_coverage,35.65151515151515,0.6911764705882353
AMBUJACEM,Dec 2015,Group A,interest_coverage,20.597826086956523,0.6568627450980392
AMBUJACEM,Dec 2016,Group A,interest_coverage,23.67320261437909,0.6617647058823529
AMBUJACEM,Dec 2017,Group A,interest_coverage,20.354368932038835,0.6519607843137255
AMBUJACEM,Dec 2018,Group A,interest_coverage,24.958823529411763,0.6666666666666666
AMBUJACEM,Dec 2019,Group A,interest_coverage,30.576470588235296,0.6764705882352942
AMBUJACEM,Dec 2020,Group A,interest_coverage,37.81428571428572,0.7058823529411765
AMBUJACEM,Dec 2021,Group A,interest_coverage,44.26027397260274,0.7254901960784313
AMBUJACEM,Mar 2024,Group A,interest_coverage,28.264492753623188,0.6715686274509803
APOLLOHOSP,Mar 2013,Group A,interest_coverage,6.262135922330097,0.5931372549019608
APOLLOHOSP,Mar 2014,Group A,interest_coverage,5.831932773109243,0.5833333333333334
APOLLOHOSP,Mar 2015,Group A,interest_coverage,6.6440677966101696,0.5980392156862745
APOLLOHOSP,Mar 2016,Group A,interest_coverage,4.311111111111111,0.5049019607843137
APOLLOHOSP,Mar 2017,Group A,interest_coverage,3.0894941634241246,0.4068627450980392
APOLLOHOSP,Mar 2018,Group A,interest_coverage,2.796610169491525,0.39215686274509803
APOLLOHOSP,Mar 2019,Group A,interest_coverage,3.3516819571865444,0.4411764705882353
APOLLOHOSP,Mar 2020,Group A,interest_coverage,3.401500938086304,0.45098039215686275
APOLLOHOSP,Mar 2021,Group A,interest_coverage,2.7683741648106905,0.3872549019607843
APOLLOHOSP,Mar 2022,Group A,interest_coverage,6.746701846965699,0.6029411764705882
APOLLOHOSP,Mar 2023,Group A,interest_coverage,5.616797900262467,0.5637254901960784
APOLLOHOSP,Mar 2024,Group A,interest_coverage,5.565701559020044,0.5588235294117647
ASIANPAINT,Mar 2013,Group A,interest_coverage,44.07142857142857,0.7156862745098039
ASIANPAINT,Mar 2014,Group A,interest_coverage,44.333333333333336,0.7303921568627451
ASIANPAINT,Mar 2015,Group A,interest_coverage,56.785714285714285,0.7598039215686274
ASIANPAINT,Mar 2016,Group A,interest_coverage,59.95918367346939,0.7647058823529411
ASIANPAINT,Mar 2017,Group A,interest_coverage,90.05405405405405,0.7990196078431373
ASIANPAINT,Mar 2018,Group A,interest_coverage,86.34146341463415,0.7941176470588235
ASIANPAINT,Mar 2019,Group A,interest_coverage,36.71818181818182,0.7009803921568627
ASIANPAINT,Mar 2020,Group A,interest_coverage,44.23529411764706,0.7205882352941176
ASIANPAINT,Mar 2021,Group A,interest_coverage,56.391304347826086,0.7549019607843137
ASIANPAINT,Mar 2022,Group A,interest_coverage,53.68421052631579,0.7450980392156863
ASIANPAINT,Mar 2023,Group A,interest_coverage,46.46527777777778,0.7352941176470589
ASIANPAINT,Mar 2024,Group A,interest_coverage,41.00487804878049,0.7107843137254902
ATGL,Mar 2018,Group A,interest_coverage,3.568,0.46078431372549017
ATGL,Mar 2019,Group A,interest_coverage,5.711111111111111,0.5735294117647058
ATGL,Mar 2020,Group A,interest_coverage,15.585365853658535,0.6421568627450981
ATGL,Mar 2021,Group A,interest_coverage,18.35,0.6470588235294118
ATGL,Mar 2022,Group A,interest_coverage,15.452830188679243,0.6372549019607843
ATGL,Mar 2023,Group A,interest_coverage,11.846153846153848,0.6323529411764706
ATGL,Mar 2024,Group A,interest_coverage,10.504504504504505,0.6274509803921569
AXISBANK,Mar 2013,Group A,interest_coverage,1.2697298122424057,0.06372549019607843
AXISBANK,Mar 2014,Group A,interest_coverage,1.3034436191762322,0.06862745098039216
AXISBANK,Mar 2015,Group A,interest_coverage,1.331261207411835,0.0784313725490196
AXISBANK,Mar 2016,Group A,interest_coverage,1.4272756376053783,0.10294117647058823
AXISBANK,Mar 2017,Group A,interest_coverage,2.0353263193909847,0.20588235294117646
AXISBANK,Mar 2018,Group A,interest_coverage,2.632716330810614,0.36764705882352944
AXISBANK,Mar 2019,Group A,interest_coverage,2.0674028941355678,0.2107843137254902
AXISBANK,Mar 2020,Group A,interest_coverage,2.255905258415396,0.27450980392156865
AXISBANK,Mar 2021,Group A,interest_coverage,2.588470319634703,0.3480392156862745
AXISBANK,Mar 2022,Group A,interest_coverage,1.968793114775639,0.18627450980392157
AXISBANK,Mar 2023,Group A,interest_coverage,1.8029486464721551,0.14705882352941177
AXISBANK,Mar 2024,Group A,interest_coverage,1.691203992514036,0.13725490196078433
BAJAJ-AUTO,Mar 2013,Group A,interest_coverage,4446.0,0.9803921568627451
BAJAJ-AUTO,Mar 2014,Group A,interest_coverage,4837.0,0.9852941176470589
BAJAJ-AUTO,Mar 2015,Group A,interest_coverage,726.0,0.9264705882352942
BAJAJ-AUTO,Mar 2016,Group A,interest_coverage,5987.0,0.9950980392156863
BAJAJ-AUTO,Mar 2017,Group A,interest_coverage,5897.0,0.9901960784313726
BAJAJ-AUTO,Mar 2018,Group A,interest_coverage,6250.0,1.0
BAJAJ-AUTO,Mar 2019,Group A,interest_coverage,1806.5,0.9558823529411765
BAJAJ-AUTO,Mar 2020,Group A,interest_coverage,2313.6666666666665,0.9607843137254902
BAJAJ-AUTO,Mar 2021,Group A,interest_coverage,929.7142857142856,0.9362745098039216
BAJAJ-AUTO,Mar 2022,Group A,interest_coverage,881.1111111111111,0.9313725490196079
BAJAJ-AUTO,Mar 2023,Group A,interest_coverage,204.2,0.8578431372549019
BAJAJ-AUTO,Mar 2024,Group A,interest_coverage,174.41666666666666,0.8333333333333334
BAJAJFINSV,Mar 2013,Group A,interest_coverage,3.266611295681064,0.4166666666666667
BAJAJFINSV,Mar 2014,Group A,interest_coverage,2.87708066581306,0.4019607843137255
BAJAJFINSV,Mar 2015,Group A,interest_coverage,2.4748878923766817,0.3431372549019608
BAJAJFINSV,Mar 2016,Group A,interest_coverage,2.3423705248522766,0.29411764705882354
BAJAJFINSV,Mar 2017,Group A,interest_coverage,2.344725511302476,0.29901960784313725
BAJAJFINSV,Mar 2018,Group A,interest_coverage,2.381152063562128,0.3088235294117647
BAJAJFINSV,Mar 2019,Group A,interest_coverage,2.259125732311852,0.27941176470588236
BAJAJFINSV,Mar 2020,Group A,interest_coverage,1.921894736842105,0.17647058823529413
BAJAJFINSV,Mar 2021,Group A,interest_coverage,2.1171015742937245,0.23039215686274508
BAJAJFINSV,Mar 2022,Group A,interest_coverage,2.2289957420292867,0.25980392156862747
BAJAJFINSV,Mar 2023,Group A,interest_coverage,2.4126817447495963,0.31862745098039214
BAJAJFINSV,Mar 2024,Group A,interest_coverage,2.197130112323319,0.25
BAJAJHLDNG,Mar 2013,Group A,interest_coverage,,
BAJAJHLDNG,Mar 2014,Group A,interest_coverage,,
BAJAJHLDNG,Mar 2015,Group A,interest_coverage,,
BAJAJHLDNG,Mar 2016,Group A,interest_coverage,,
BAJAJHLDNG,Mar 2017,Group A,interest_coverage,,
BAJAJHLDNG,Mar 2018,Group A,interest_coverage,,
BAJAJHLDNG,Mar 2019,Group A,interest_coverage,,
BAJAJHLDNG,Mar 2020,Group A,interest_coverage,258.38461538461536,0.8774509803921569
BAJAJHLDNG,Mar 2021,Group A,interest_coverage,950.75,0.9411764705882353
BAJAJHLDNG,Mar 2022,Group A,interest_coverage,1421.0,0.9509803921568627
BAJAJHLDNG,Mar 2023,Group A,interest_coverage,721.8571428571429,0.9215686274509803
BAJAJHLDNG,Mar 2024,Group A,interest_coverage,3764.5,0.9754901960784313
BAJFINANCE,Mar 2015,Group A,interest_coverage,68.34615384615384,0.7794117647058824
BAJFINANCE,Mar 2016,Group A,interest_coverage,68.02857142857142,0.7745098039215687
BAJFINANCE,Mar 2017,Group A,interest_coverage,149.04545454545453,0.8235294117647058
BAJFINANCE,Mar 2018,Group A,interest_coverage,414.6,0.9068627450980392
BAJFINANCE,Mar 2019,Group A,interest_coverage,422.1538461538461,0.9117647058823529
BAJFINANCE,Mar 2020,Group A,interest_coverage,1020.8888888888888,0.946078431372549
BAJFINANCE,Mar 2021,Group A,interest_coverage,3621.0,0.9705882352941176
BAJFINANCE,Mar 2022,Group A,interest_coverage,-700.6470588235294,0.00980392156862745
BAJFINANCE,Mar 2023,Group A,interest_coverage,-2546.4,0.004901960784313725
BAJFINANCE,Mar 2024,Group A,interest_coverage,2689.1666666666665,0.9656862745098039
BANKBARODA,Mar 2013,Group A,interest_coverage,2.4280647306583907,0.3284313725490196
BANKBARODA,Mar 2014,Group A,interest_coverage,2.169396939693969,0.23529411764705882
BANKBARODA,Mar 2015,Group A,interest_coverage,2.4716461736098365,0.3382352941176471
BANKBARODA,Mar 2016,Group A,interest_coverage,4.233144192256342,0.4950980392156863
BANKBARODA,Mar 2017,Group A,interest_coverage,2.4240897064382008,0.3235294117647059
BANKBARODA,Mar 2018,Group A,interest_coverage,3.2623873873873874,0.4117647058823529
BANKBARODA,Mar 2019,Group A,interest_coverage,3.271839736274883,0.4215686274509804
BANKBARODA,Mar 2020,Group A,interest_coverage,3.327700762857846,0.4362745098039216
BANKBARODA,Mar 2021,Group A,interest_coverage,2.591475454483557,0.35294117647058826
BANKBARODA,Mar 2022,Group A,interest_coverage,2.6060437651962487,0.3627450980392157
BANKBARODA,Mar 2023,Group A,interest_coverage,2.349493087557604,0.30392156862745096
BANKBARODA,Mar 2024,Group A,interest_coverage,1.8967477242617208,0.16666666666666666
BEL,Mar 2013,Group A,interest_coverage,184.42857142857144,0.8382352941176471
BEL,Mar 2014,Group A,interest_coverage,194.7142857142857,0.8480392156862745
BEL,Mar 2015,Group A,interest_coverage,240.8571428571429,0.8725490196078431
BEL,Mar 2016,Group A,interest_coverage,196.6,0.8529411764705882
BEL,Mar 2017,Group A,interest_coverage,122.88888888888889,0.8088235294117647
BEL,Mar 2018,Group A,interest_coverage,372.5,0.8970588235294118
BEL,Mar 2019,Group A,interest_coverage,186.375,0.8431372549019608
BEL,Mar 2020,Group A,interest_coverage,357.25,0.8872549019607843
BEL,Mar 2021,Group A,interest_coverage,333.9,0.8823529411764706
BEL,Mar 2022,Group A,interest_coverage,397.3333333333333,0.9019607843137255
BEL,Mar 2023,Group A,interest_coverage,230.05263157894737,0.8676470588235294
BEL,Mar 2024,Group A,interest_coverage,476.75,0.9166666666666666
BHARTIARTL,Mar 2013,Group A,interest_coverage,5.337242752821421,0.553921568627451
BHARTIARTL,Mar 2014,Group A,interest_coverage,4.999659806089471,0.5392156862745098
BHARTIARTL,Mar 2015,Group A,interest_coverage,7.837381916329285,0.6176470588235294
BHARTIARTL,Mar 2016,Group A,interest_coverage,4.545050315937281,0.5196078431372549
BHARTIARTL,Mar 2017,Group A,interest_coverage,3.880067036765476,0.4803921568627451
BHARTIARTL,Mar 2018,Group A,interest_coverage,3.413574951747802,0.45588235294117646
BHARTIARTL,Mar 2019,Group A,interest_coverage,2.8467331952551307,0.39705882352941174
BHARTIARTL,Mar 2020,Group A,interest_coverage,-0.0832618639222412,0.0196078431372549
BHARTIARTL,Mar 2021,Group A,interest_coverage,2.7210920416142077,0.37254901960784315
BHARTIARTL,Mar 2022,Group A,interest_coverage,3.742778045257583,0.47058823529411764
BHARTIARTL,Mar 2023,Group A,interest_coverage,3.745751295336788,0.47549019607843135
BHARTIARTL,Mar 2024,Group A,interest_coverage,3.3055457435535147,0.4264705882352941
BHEL,Mar 2013,Group A,interest_coverage,82.9296875,0.7843137254901961
BHEL,Mar 2014,Group A,interest_coverage,46.58646616541353,0.7401960784313726
BHEL,Mar 2015,Group A,interest_coverage,36.54347826086956,0.696078431372549
BHEL,Mar 2016,Group A,interest_coverage,0.375,0.024509803921568627
BHEL,Mar 2017,Group A,interest_coverage,4.47457627118644,0.5147058823529411
BHEL,Mar 2018,Group A,interest_coverage,7.066666666666666,0.6078431372549019
BHEL,Mar 2019,Group A,interest_coverage,7.126984126984127,0.6127450980392157
BHEL,Mar 2020,Group A,interest_coverage,0.7455138662316476,0.0392156862745098
BHEL,Mar 2021,Group A,interest_coverage,-5.687366167023555,0.014705882352941176
BHEL,Mar 2022,Group A,interest_coverage,2.752232142857143,0.38235294117647056
BHEL,Mar 2023,Group A,interest_coverage,2.594771241830065,0.35784313725490197
BHEL,Mar 2024,Group A,interest_coverage,1.5929951690821256,0.12745098039215685
ABB,Dec 2012,Group A,asset_turnover,1.822491730981257,0.9392523364485982
ABB,Mar 2014,Group A,asset_turnover,1.9982440737489024,0.9439252336448598
ABB,Mar 2015,Group A,asset_turnover,1.665938864628821,0.9345794392523364
ABB,Mar 2016,Group A,asset_turnover,1.6175742574257426,0.9299065420560748
ABB,Mar 2017,Group A,asset_turnover,1.40513068731849,0.9065420560747663
ABB,Mar 2018,Group A,asset_turnover,1.365066225165563,0.9018691588785047
ABB,Mar 2019,Group A,asset_turnover,1.2509350561033663,0.8644859813084113
ABB,Mar 2020,Group A,asset_turnover,1.153932901043135,0.8317757009345794
ABB,Mar 2021,Group A,asset_turnover,1.1223958333333333,0.8037383177570093
ABB,Mar 2022,Group A,asset_turnover,1.1631155303030305,0.8364485981308412
ABB,Mar 2023,Group A,asset_turnover,1.1740561896400352,0.8411214953271028
ABB,Mar 2024,Group A,asset_turnover,1.1263238975544,0.8084112149532711
ADANIENSOL,Mar 2014,Group A,asset_turnover,,
ADANIENSOL,Mar 2015,Group A,asset_turnover,0.0113992342499129,0.018691588785046728
ADANIENSOL,Mar 2016,Group A,asset_turnover,0.1867869913161927,0.3037383177570093
ADANIENSOL,Mar 2017,Group A,asset_turnover,0.2244945749746311,0.37850467289719625
ADANIENSOL,Mar 2018,Group A,asset_turnover,0.2284390385172313,0.3878504672897196
ADANIENSOL,Mar 2019,Group A,asset_turnover,0.2243688187235088,0.37383177570093457
ADANIENSOL,Mar 2020,Group A,asset_turnover,0.2874770214801944,0.4252336448598131
ADANIENSOL,Mar 2021,Group A,asset_turnover,0.2295878243974649,0.3925233644859813
ADANIENSOL,Mar 2022,Group A,asset_turnover,0.2371902915894151,0.397196261682243
ADANIENSOL,Mar 2023,Group A,asset_turnover,0.2464770451679893,0.411214953271028
ADANIENSOL,Mar 2024,Group A,asset_turnover,0.2836960606785336,0.4205607476635514
ADANIENT,Mar 2013,Group A,asset_turnover,0.4145399612053168,0.5280373831775701
ADANIENT,Mar 2014,Group A,asset_turnover,0.4652503767929417,0.5560747663551402
ADANIENT,Mar 2015,Group A,asset_turnover,0.4931608500742055,0.5794392523364486
ADANIENT,Mar 2016,Group A,asset_turnover,0.8159504786583172,0.7149532710280374
ADANIENT,Mar 2017,Group A,asset_turnover,0.7673226775325029,0.6869158878504673
ADANIENT,Mar 2018,Group A,asset_turnover,0.6368938923854268,0.6214953271028038
ADANIENT,Mar 2019,Group A,asset_turnover,0.9492900131653188,0.7570093457943925
ADANIENT,Mar 2020,Group A,asset_turnover,0.9259306666666668,0.7429906542056075
ADANIENT,Mar 2021,Group A,asset_turnover,0.7659685762442606,0.6822429906542056
ADANIENT,Mar 2022,Group A,asset_turnover,0.6833618805740949,0.6542056074766355
ADANIENT,Mar 2023,Group A,asset_turnover,0.902759099081244,0.7383177570093458
ADANIENT,Mar 2024,Group A,asset_turnover,0.6004321671876751,0.6074766355140186
ADANIGREEN,Mar 2017,Group A,asset_turnover,0.0814935064935064,0.1822429906542056
ADANIGREEN,Mar 2018,Group A,asset_turnover,0.0942135081800241,0.19158878504672897
ADANIGREEN,Mar 2019,Group A,asset_turnover,0.1404011461318051,0.22897196261682243
ADANIGREEN,Mar 2020,Group A,asset_turnover,0.1383521493703864,0.22429906542056074
ADANIGREEN,Mar 2021,Group A,asset_turnover,0.1088805241879269,0.20093457943925233
ADANIGREEN,Mar 2022,Group A,asset_turnover,0.0870678834345421,0.18691588785046728
ADANIGREEN,Mar 2023,Group A,asset_turnover,0.1162175492086266,0.205607476635514
ADANIGREEN,Mar 2024,Group A,asset_turnover,0.1046704357105555,0.19626168224299065
ADANIPORTS,Mar 2013,Group A,asset_turnover,0.1700499168053244,0.2850467289719626
ADANIPORTS,Mar 2014,Group A,asset_turnover,0.1957288163066823,0.3317757009345794
ADANIPORTS,Mar 2015,Group A,asset_turnover,0.1917586185399912,0.3177570093457944
ADANIPORTS,Mar 2016,Group A,asset_turnover,0.1852025530806304,0.29439252336448596
ADANIPORTS,Mar 2017,Group A,asset_turnover,0.1945859946044409,0.32710280373831774
ADANIPORTS,Mar 2018,Group A,asset_turnover,0.2397264624309275,0.40186915887850466
ADANIPORTS,Mar 2019,Group A,asset_turnover,0.1940118271740867,0.32242990654205606
ADANIPORTS,Mar 2020,Group A,asset_turnover,0.1917567065587803,0.3130841121495327
ADANIPORTS,Mar 2021,Group A,asset_turnover,0.168271164624172,0.2803738317757009
ADANIPORTS,Mar 2022,Group A,asset_turnover,0.1741009681881051,0.2897196261682243
ADANIPORTS,Mar 2023,Group A,asset_turnover,0.1852473725824649,0.29906542056074764
ADANIPORTS,Mar 2024,Group A,asset_turnover,0.2283010965905691,0.38317757009345793
ADANIPOWER,Mar 2013,Group A,asset_turnover,0.122366881217086,0.2102803738317757
ADANIPOWER,Mar 2014,Group A,asset_turnover,0.2609509865676978,0.4158878504672897
ADANIPOWER,Mar 2015,Group A,asset_turnover,0.3195095256011219,0.45794392523364486
ADANIPOWER,Mar 2016,Group A,asset_turnover,0.3348154207457054,0.4766355140186916
ADANIPOWER,Mar 2017,Group A,asset_turnover,0.3162590370712198,0.4532710280373832
ADANIPOWER,Mar 2018,Group A,asset_turnover,0.2920262340352088,0.42990654205607476
ADANIPOWER,Mar 2019,Group A,asset_turnover,0.3513127895859381,0.49065420560747663
ADANIPOWER,Mar 2020,Group A,asset_turnover,0.3527890703098967,0.4953271028037383
ADANIPOWER,Mar 2021,Group A,asset_turnover,0.3327284724513362,0.4719626168224299
ADANIPOWER,Mar 2022,Group A,asset_turnover,0.3380173454824898,0.48130841121495327
ADANIPOWER,Mar 2023,Group A,asset_turnover,0.4517891891262045,0.5467289719626168
ADANIPOWER,Mar 2024,Group A,asset_turnover,0.5472399439185297,0.602803738317757
AMBUJACEM,Dec 2012,Group A,asset_turnover,0.7897124341838802,0.7009345794392523
AMBUJACEM,Dec 2013,Group A,asset_turnover,0.7070855202222909,0.6682242990654206
AMBUJACEM,Dec 2014,Group A,asset_turnover,0.7173223807465052,0.6728971962616822
AMBUJACEM,Dec 2015,Group A,asset_turnover,0.6677280124531239,0.6355140186915887
AMBUJACEM,Dec 2016,Group A,asset_turnover,0.6121740190104802,0.6121495327102804
AMBUJACEM,Dec 2017,Group A,asset_turnover,0.6648736939930722,0.6308411214953271
AMBUJACEM,Dec 2018,Group A,asset_turnover,0.6964510176245621,0.6635514018691588
AMBUJACEM,Dec 2019,Group A,asset_turnover,0.6745980387276619,0.6401869158878505
AMBUJACEM,Dec 2020,Group A,asset_turnover,0.6172516239488394,0.616822429906542
AMBUJACEM,Dec 2021,Group A,asset_turnover,0.6407477048999004,0.6261682242990654
AMBUJACEM,Mar 2024,Group A,asset_turnover,0.5081135747230352,0.5841121495327103
APOLLOHOSP,Mar 2013,Group A,asset_turnover,0.7829248026589115,0.6962616822429907
APOLLOHOSP,Mar 2014,Group A,asset_turnover,0.814392523364486,0.7102803738317757
APOLLOHOSP,Mar 2015,Group A,asset_turnover,0.7940857717912989,0.705607476635514
APOLLOHOSP,Mar 2016,Group A,asset_turnover,0.8355978260869565,0.7242990654205608
APOLLOHOSP,Mar 2017,Group A,asset_turnover,0.8954708132790324,0.7336448598130841
APOLLOHOSP,Mar 2018,Group A,asset_turnover,0.9589343880874824,0.7616822429906542
APOLLOHOSP,Mar 2019,Group A,asset_turnover,1.0492035784420686,0.7850467289719626
APOLLOHOSP,Mar 2020,Group A,asset_turnover,0.996279564177518,0.7663551401869159
APOLLOHOSP,Mar 2021,Group A,asset_turnover,0.9269662921348316,0.7476635514018691
APOLLOHOSP,Mar 2022,Group A,asset_turnover,1.1057235502601614,0.7990654205607477
APOLLOHOSP,Mar 2023,Group A,asset_turnover,1.152330743618202,0.8271028037383178
APOLLOHOSP,Mar 2024,Group A,asset_turnover,1.1383944570541151,0.8177570093457944
ASIANPAINT,Mar 2013,Group A,asset_turnover,1.5483490566037736,0.9205607476635514
ASIANPAINT,Mar 2014,Group A,asset_turnover,1.513312693498452,0.9112149532710281
ASIANPAINT,Mar 2015,Group A,asset_turnover,1.527372672201032,0.9158878504672897
ASIANPAINT,Mar 2016,Group A,asset_turnover,1.351548442087319,0.8925233644859814
ASIANPAINT,Mar 2017,Group A,asset_turnover,1.2141878274889155,0.8551401869158879
ASIANPAINT,Mar 2018,Group A,asset_turnover,1.2224805638305605,0.8598130841121495
ASIANPAINT,Mar 2019,Group A,asset_turnover,1.1840728660225244,0.8457943925233645
ASIANPAINT,Mar 2020,Group A,asset_turnover,1.2523856735654977,0.8691588785046729
ASIANPAINT,Mar 2021,Group A,asset_turnover,1.0667157946450505,0.794392523364486
ASIANPAINT,Mar 2022,Group A,asset_turnover,1.2675755727850857,0.8738317757009346
ASIANPAINT,Mar 2023,Group A,asset_turnover,1.3378719112455877,0.8878504672897196
ASIANPAINT,Mar 2024,Group A,asset_turnover,1.187084044011906,0.8504672897196262
ATGL,Mar 2018,Group A,asset_turnover,0.4901890831252229,0.5747663551401869
ATGL,Mar 2019,Group A,asset_turnover,0.83935546875,0.7289719626168224
ATGL,Mar 2020,Group A,asset_turnover,0.7572697899838449,0.677570093457944
ATGL,Mar 2021,Group A,asset_turnover,0.529338327091136,0.5981308411214953
ATGL,Mar 2022,Group A,asset_turnover,0.6881087202718007,0.6588785046728972
ATGL,Mar 2023,Group A,asset_turnover,0.7755535872453498,0.6915887850467289
ATGL,Mar 2024,Group A,asset_turnover,0.6788531553398058,0.6448598130841121
AXISBANK,Mar 2013,Group A,asset_turnover,0.0798190029304846,0.17289719626168223
AXISBANK,Mar 2014,Group A,asset_turnover,0.0793089167852983,0.16822429906542055
AXISBANK,Mar 2015,Group A,asset_turnover,0.0759326517465216,0.16355140186915887
AXISBANK,Mar 2016,Group A,asset_turnover,0.0750164260862721,0.1588785046728972
AXISBANK,Mar 2017,Group A,asset_turnover,0.0728450827688392,0.1542056074766355
AXISBANK,Mar 2018,Group A,asset_turnover,0.0650558545295387,0.11682242990654206
AXISBANK,Mar 2019,Group A,asset_turnover,0.0675465514233839,0.14018691588785046
AXISBANK,Mar 2020,Group A,asset_turnover,0.0675039229548903,0.13551401869158877
AXISBANK,Mar 2021,Group A,asset_turnover,0.0632824011868072,0.102803738317757
AXISBANK,Mar 2022,Group A,asset_turnover,0.0563456959856294,0.07009345794392523
AXISBANK,Mar 2023,Group A,asset_turnover,0.0633463699533924,0.10747663551401869
AXISBANK,Mar 2024,Group A,asset_turnover,0.0720367478374617,0.14953271028037382
BAJAJ-AUTO,Mar 2013,Group A,asset_turnover,1.5840056953013764,0.9252336448598131
BAJAJ-AUTO,Mar 2014,Group A,asset_turnover,1.3154559707342566,0.883177570093458
BAJAJ-AUTO,Mar 2015,Group A,asset_turnover,1.3525616935988976,0.897196261682243
BAJAJ-AUTO,Mar 2016,Group A,asset_turnover,1.3093967517401393,0.8785046728971962
BAJAJ-AUTO,Mar 2017,Group A,asset_turnover,1.0054071540807838,0.7757009345794392
BAJAJ-AUTO,Mar 2018,Group A,asset_turnover,1.0027445209021122,0.7710280373831776
BAJAJ-AUTO,Mar 2019,Group A,asset_turnover,1.0528542692654506,0.7897196261682243
BAJAJ-AUTO,Mar 2020,Group A,asset_turnover,1.1285929837797055,0.8130841121495327
BAJAJ-AUTO,Mar 2021,Group A,asset_turnover,0.8255758585798464,0.719626168224299
BAJAJ-AUTO,Mar 2022,Group A,asset_turnover,0.9440061519182024,0.7523364485981309
BAJAJ-AUTO,Mar 2023,Group A,asset_turnover,1.037539845173042,0.780373831775701
BAJAJ-AUTO,Mar 2024,Group A,asset_turnover,1.1404534363562424,0.822429906542056
BAJAJFINSV,Mar 2013,Group A,asset_turnover,0.1232216613125286,0.21495327102803738
BAJAJFINSV,Mar 2014,Group A,asset_turnover,0.0809728029253996,0.17757009345794392
BAJAJFINSV,Mar 2015,Group A,asset_turnover,0.1284739538468513,0.21962616822429906
BAJAJFINSV,Mar 2016,Group A,asset_turnover,0.1975257573279718,0.3364485981308411
BAJAJFINSV,Mar 2017,Group A,asset_turnover,0.190546907801639,0.308411214953271
BAJAJFINSV,Mar 2018,Group A,asset_turnover,0.2034622385675545,0.34579439252336447
BAJAJFINSV,Mar 2019,Group A,asset_turnover,0.2044111155890763,0.35046728971962615
BAJAJFINSV,Mar 2020,Group A,asset_turnover,0.2162759048801451,0.3644859813084112
BAJAJFINSV,Mar 2021,Group A,asset_turnover,0.2165198592077757,0.3691588785046729
BAJAJFINSV,Mar 2022,Group A,asset_turnover,0.2051689646174564,0.35514018691588783
BAJAJFINSV,Mar 2023,Group A,asset_turnover,0.2024464665849369,0.3411214953271028
BAJAJFINSV,Mar 2024,Group A,asset_turnover,0.2053943414307379,0.3598130841121495
BAJAJHLDNG,Mar 2013,Group A,asset_turnover,0.031276102088167,0.04672897196261682
BAJAJHLDNG,Mar 2014,Group A,asset_turnover,0.0339813624678663,0.0514018691588785
BAJAJHLDNG,Mar 2015,Group A,asset_turnover,0.0377168358165982,0.056074766355140186
BAJAJHLDNG,Mar 2016,Group A,asset_turnover,0.030377456049638,0.04205607476635514
BAJAJHLDNG,Mar 2017,Group A,asset_turnover,0.0470680306333501,0.06074766355140187
BAJAJHLDNG,Mar 2018,Group A,asset_turnover,0.0166211563575923,0.03271028037383177
BAJAJHLDNG,Mar 2019,Group A,asset_turnover,0.0159582345971564,0.028037383177570093
BAJAJHLDNG,Mar 2020,Group A,asset_turnover,0.0132909651990589,0.02336448598130841
BAJAJHLDNG,Mar 2021,Group A,asset_turnover,0.0100461639920861,0.014018691588785047
BAJAJHLDNG,Mar 2022,Group A,asset_turnover,0.0090318728073449,0.004672897196261682
BAJAJHLDNG,Mar 2023,Group A,asset_turnover,0.0098142438143942,0.009345794392523364
BAJAJHLDNG,Mar 2024,Group A,asset_turnover,0.0261199183560718,0.037383177570093455
BAJFINANCE,Mar 2015,Group A,asset_turnover,0.1644905430140329,0.2757009345794392
BAJFINANCE,Mar 2016,Group A,asset_turnover,0.1553871372916356,0.2570093457943925
BAJFINANCE,Mar 2017,Group A,asset_turnover,0.1564387817545621,0.26635514018691586
BAJFINANCE,Mar 2018,Group A,asset_turnover,0.1503101488242647,0.24766355140186916
BAJFINANCE,Mar 2019,Group A,asset_turnover,0.1488090925921454,0.2383177570093458
BAJFINANCE,Mar 2020,Group A,asset_turnover,0.1604345736688748,0.27102803738317754
BAJFINANCE,Mar 2021,Group A,asset_turnover,0.1555549075640053,0.2616822429906542
BAJFINANCE,Mar 2022,Group A,asset_turnover,0.1488946194460391,0.24299065420560748
BAJFINANCE,Mar 2023,Group A,asset_turnover,0.1504618023006547,0.2523364485981308
BAJFINANCE,Mar 2024,Group A,asset_turnover,0.1463025160881668,0.2336448598130841
BANKBARODA,Mar 2013,Group A,asset_turnover,0.0651463119450398,0.12149532710280374
BANKBARODA,Mar 2014,Group A,asset_turnover,0.0598473015985706,0.07476635514018691
BANKBARODA,Mar 2015,Group A,asset_turnover,0.0611949327353038,0.0794392523364486
BANKBARODA,Mar 2016,Group A,asset_turnover,0.0662627157021469,0.1308411214953271
BANKBARODA,Mar 2017,Group A,asset_turnover,0.0618353874218593,0.09345794392523364
BANKBARODA,Mar 2018,Group A,asset_turnover,0.0615889895105082,0.08411214953271028
BANKBARODA,Mar 2019,Group A,asset_turnover,0.0645454878182683,0.11214953271028037
BANKBARODA,Mar 2020,Group A,asset_turnover,0.0657493947588827,0.1261682242990654
BANKBARODA,Mar 2021,Group A,asset_turnover,0.0617910028295446,0.08878504672897196
BANKBARODA,Mar 2022,Group A,asset_turnover,0.0547599806286148,0.06542056074766354
BANKBARODA,Mar 2023,Group A,asset_turnover,0.0619338069863048,0.09813084112149532
BANKBARODA,Mar 2024,Group A,asset_turnover,0.0715378223625568,0.14485981308411214
BEL,Mar 2013,Group A,asset_turnover,139.4,0.985981308411215
BEL,Mar 2014,Group A,asset_turnover,141.69565217391303,0.9953271028037384
BEL,Mar 2015,Group A,asset_turnover,144.75510204081633,1.0
BEL,Mar 2016,Group A,asset_turnover,141.42307692307693,0.9906542056074766
BEL,Mar 2017,Group A,asset_turnover,112.41558441558442,0.9719626168224299
BEL,Mar 2018,Group A,asset_turnover,85.95867768595042,0.9485981308411215
BEL,Mar 2019,Group A,asset_turnover,96.53968253968254,0.9626168224299065
BEL,Mar 2020,Group A,asset_turnover,106.29508196721312,0.9672897196261683
BEL,Mar 2021,Group A,asset_turnover,92.82236842105264,0.9532710280373832
BEL,Mar 2022,Group A,asset_turnover,94.28220858895706,0.9579439252336449
BEL,Mar 2023,Group A,asset_turnover,123.15277777777776,0.9766355140186916
BEL,Mar 2024,Group A,asset_turnover,125.88819875776396,0.9813084112149533
BHARTIARTL,Mar 2013,Group A,asset_turnover,0.4870988162309299,0.5700934579439252
BHARTIARTL,Mar 2014,Group A,asset_turnover,0.473100742732462,0.5654205607476636
BHARTIARTL,Mar 2015,Group A,asset_turnover,0.5282045081043647,0.5934579439252337
BHARTIARTL,Mar 2016,Group A,asset_turnover,0.4300402722834028,0.5327102803738317
BHARTIARTL,Mar 2017,Group A,asset_turnover,0.4109296579747075,0.5233644859813084
BHARTIARTL,Mar 2018,Group A,asset_turnover,0.3311905611150965,0.4672897196261682
BHARTIARTL,Mar 2019,Group A,asset_turnover,0.2947895455175786,0.4392523364485981
BHARTIARTL,Mar 2020,Group A,asset_turnover,0.2437794319545742,0.40654205607476634
BHARTIARTL,Mar 2021,Group A,asset_turnover,0.2921342442446221,0.43457943925233644
BHARTIARTL,Mar 2022,Group A,asset_turnover,0.3226598598587513,0.46261682242990654
BHARTIARTL,Mar 2023,Group A,asset_turnover,0.3129969835139251,0.4485981308411215
BHARTIARTL,Mar 2024,Group A,asset_turnover,0.3393112060793767,0.48598130841121495
BHEL,Mar 2013,Group A,asset_turnover,0.6809295719735999,0.6495327102803738
BHEL,Mar 2014,Group A,asset_turnover,0.5251622837875509,0.5887850467289719
BHEL,Mar 2015,Group A,asset_turnover,0.4412746714001944,0.5373831775700935
BHEL,Mar 2016,Group A,asset_turnover,0.3889320950943166,0.5093457943925234
BHEL,Mar 2017,Group A,asset_turnover,0.4613601737495543,0.5514018691588785
BHEL,Mar 2018,Group A,asset_turnover,0.450844541757898,0.5420560747663551
BHEL,Mar 2019,Group A,asset_turnover,0.4720266708016746,0.5607476635514018
BHEL,Mar 2020,Group A,asset_turnover,0.3559901146108042,0.5
BHEL,Mar 2021,Group A,asset_turnover,0.3093102215868477,0.4439252336448598
BHEL,Mar 2022,Group A,asset_turnover,0.3721815725289958,0.5046728971962616
BHEL,Mar 2023,Group A,asset_turnover,0.4051921476137625,0.5186915887850467
BHEL,Mar 2024,Group A,asset_turnover,0.399628688031043,0.514018691588785
BOSCHLTD,Dec 2012,Group B,roe_calculated,17.19002332675399,0.45982142857142855
BOSCHLTD,Dec 2013,Group B,roe_calculated,14.061010486177311,0.33482142857142855
BOSCHLTD,Mar 2015,Group B,roe_calculated,18.211514904042467,0.49107142857142855
BOSCHLTD,Mar 2016,Group B,roe_calculated,16.056633455689564,0.40625
BOSCHLTD,Mar 2017,Group B,roe_calculated,19.786339356745085,0.5803571428571429
BOSCHLTD,Mar 2018,Group B,roe_calculated,13.7360985873159,0.32142857142857145
BOSCHLTD,Mar 2019,Group B,roe_calculated,17.508491289580366,0.4732142857142857
BOSCHLTD,Mar 2020,Group B,roe_calculated,7.011866235167206,0.10714285714285714
BOSCHLTD,Mar 2021,Group B,roe_calculated,4.906851267433575,0.08482142857142858
BOSCHLTD,Mar 2022,Group B,roe_calculated,11.386601796407184,0.20535714285714285
BOSCHLTD,Mar 2023,Group B,roe_calculated,12.930173431399256,0.29017857142857145
BOSCHLTD,Mar 2024,Group B,roe_calculated,20.639920424403183,0.5982142857142857
BPCL,Mar 2013,Group B,roe_calculated,11.540983606557376,0.21428571428571427
BPCL,Mar 2014,Group B,roe_calculated,20.84876543209877,0.6071428571428571
BPCL,Mar 2015,Group B,roe_calculated,22.524598883077743,0.6607142857142857
BPCL,Mar 2016,Group B,roe_calculated,29.103403612290425,0.7901785714285714
BPCL,Mar 2017,Group B,roe_calculated,30.847853596807163,0.8125
BPCL,Mar 2018,Group B,roe_calculated,26.74021682733008,0.7633928571428571
BPCL,Mar 2019,Group B,roe_calculated,21.999226106023475,0.6428571428571429
BPCL,Mar 2020,Group B,roe_calculated,10.035037775101282,0.16517857142857142
BPCL,Mar 2021,Group B,roe_calculated,32.340584445896745,0.8348214285714286
BPCL,Mar 2022,Group B,roe_calculated,22.50650226375108,0.65625
BPCL,Mar 2023,Group B,roe_calculated,3.98154030118456,0.0625
BPCL,Mar 2024,Group B,roe_calculated,35.511337343822305,0.8660714285714286
BRITANNIA,Mar 2013,Group B,roe_calculated,46.59498207885305,0.9196428571428571
BRITANNIA,Mar 2014,Group B,roe_calculated,49.49874686716792,0.9241071428571429
BRITANNIA,Mar 2015,Group B,roe_calculated,55.34136546184739,0.9464285714285714
BRITANNIA,Mar 2016,Group B,roe_calculated,39.4359464627151,0.8928571428571429
BRITANNIA,Mar 2017,Group B,roe_calculated,32.826409495548965,0.8392857142857143
BRITANNIA,Mar 2018,Group B,roe_calculated,29.47739283617146,0.7946428571428571
BRITANNIA,Mar 2019,Group B,roe_calculated,27.157300728897248,0.7767857142857143
BRITANNIA,Mar 2020,Group B,roe_calculated,31.66023166023166,0.8214285714285714
BRITANNIA,Mar 2021,Group B,roe_calculated,52.17023675310034,0.9375
BRITANNIA,Mar 2022,Group B,roe_calculated,59.26505082095387,0.9508928571428571
BRITANNIA,Mar 2023,Group B,roe_calculated,65.53480475382003,0.9553571428571429
BRITANNIA,Mar 2024,Group B,roe_calculated,54.14869322506978,0.9419642857142857
CANBK,Mar 2013,Group B,roe_calculated,11.896250397203689,0.24107142857142858
CANBK,Mar 2014,Group B,roe_calculated,8.854718981972429,0.13392857142857142
CANBK,Mar 2015,Group B,roe_calculated,9.020682014034223,0.14285714285714285
CANBK,Mar 2016,Group B,roe_calculated,-7.821659981487196,0.008928571428571428
CANBK,Mar 2017,Group B,roe_calculated,4.06804093988756,0.06696428571428571
CANBK,Mar 2018,Group B,roe_calculated,-10.496788356776973,0.004464285714285714
CANBK,Mar 2019,Group B,roe_calculated,1.8466926689484997,0.03125
CANBK,Mar 2020,Group B,roe_calculated,-4.661942435567636,0.013392857142857142
CANBK,Mar 2021,Group B,roe_calculated,4.73802275276398,0.08035714285714286
CANBK,Mar 2022,Group B,roe_calculated,8.802046854676176,0.12946428571428573
CANBK,Mar 2023,Group B,roe_calculated,14.534809234632434,0.35267857142857145
CANBK,Mar 2024,Group B,roe_calculated,16.716051794688113,0.4330357142857143
CHOLAFIN,Mar 2013,Group B,roe_calculated,15.778688524590164,0.39732142857142855
CHOLAFIN,Mar 2014,Group B,roe_calculated,16.09094884127678,0.4107142857142857
CHOLAFIN,Mar 2015,Group B,roe_calculated,16.598130841121495,0.42410714285714285
CHOLAFIN,Mar 2016,Group B,roe_calculated,15.66757493188011,0.39285714285714285
CHOLAFIN,Mar 2017,Group B,roe_calculated,16.70544439274081,0.42857142857142855
CHOLAFIN,Mar 2018,Group B,roe_calculated,17.912195121951218,0.48660714285714285
CHOLAFIN,Mar 2019,Group B,roe_calculated,19.281572164948454,0.5491071428571429
CHOLAFIN,Mar 2020,Group B,roe_calculated,12.853658536585366,0.28125
CHOLAFIN,Mar 2021,Group B,roe_calculated,15.84375,0.4017857142857143
CHOLAFIN,Mar 2022,Group B,roe_calculated,18.30231965332653,0.5
CHOLAFIN,Mar 2023,Group B,roe_calculated,18.576606719643102,0.5133928571428571
CHOLAFIN,Mar 2024,Group B,roe_calculated,17.455213596692694,0.46875
CIPLA,Mar 2013,Group B,roe_calculated,17.130502272979268,0.45535714285714285
CIPLA,Mar 2014,Group B,roe_calculated,13.968759327430105,0.33035714285714285
CIPLA,Mar 2015,Group B,roe_calculated,11.377522680985004,0.20089285714285715
CIPLA,Mar 2016,Group B,roe_calculated,12.00833550403751,0.25
CIPLA,Mar 2017,Group B,roe_calculated,8.250956632653061,0.11607142857142858
CIPLA,Mar 2018,Group B,roe_calculated,9.958535385480358,0.16071428571428573
CIPLA,Mar 2019,Group B,roe_calculated,9.938715694111377,0.15625
CIPLA,Mar 2020,Group B,roe_calculated,9.515955084692,0.15178571428571427
CIPLA,Mar 2021,Group B,roe_calculated,13.03612354032522,0.29910714285714285
CIPLA,Mar 2022,Group B,roe_calculated,12.221102634230602,0.25892857142857145
CIPLA,Mar 2023,Group B,roe_calculated,12.103216986371596,0.2544642857142857
CIPLA,Mar 2024,Group B,roe_calculated,15.554557028383137,0.38839285714285715
COALINDIA,Mar 2013,Group B,roe_calculated,35.80623865324311,0.875
COALINDIA,Mar 2014,Group B,roe_calculated,35.63814734459013,0.8705357142857143
COALINDIA,Mar 2015,Group B,roe_calculated,34.01729735087849,0.8482142857142857
COALINDIA,Mar 2016,Group B,roe_calculated,40.95828668216921,0.90625
COALINDIA,Mar 2017,Group B,roe_calculated,37.84974304592544,0.8883928571428571
COALINDIA,Mar 2018,Group B,roe_calculated,34.87957181088314,0.8616071428571429
COALINDIA,Mar 2019,Group B,roe_calculated,66.01398601398601,0.9598214285714286
COALINDIA,Mar 2020,Group B,roe_calculated,51.93270516528283,0.9285714285714286
COALINDIA,Mar 2021,Group B,roe_calculated,34.78284681526918,0.8571428571428571
COALINDIA,Mar 2022,Group B,roe_calculated,40.27999907285075,0.8973214285714286
COALINDIA,Mar 2023,Group B,roe_calculated,52.13911214108443,0.9330357142857143
COALINDIA,Mar 2024,Group B,roe_calculated,45.16982956605826,0.9151785714285714
DABUR,Mar 2013,Group B,roe_calculated,36.56324582338903,0.8794642857142857
DABUR,Mar 2014,Group B,roe_calculated,34.48795180722892,0.8526785714285714
DABUR,Mar 2015,Group B,roe_calculated,31.84257602862254,0.8258928571428571
DABUR,Mar 2016,Group B,roe_calculated,30.064732678014867,0.7991071428571429
DABUR,Mar 2017,Group B,roe_calculated,26.408087476789767,0.7589285714285714
DABUR,Mar 2018,Group B,roe_calculated,23.79950928846828,0.6830357142857143
DABUR,Mar 2019,Group B,roe_calculated,25.67471590909091,0.7366071428571429
DABUR,Mar 2020,Group B,roe_calculated,21.91946715107478,0.6383928571428571
DABUR,Mar 2021,Group B,roe_calculated,22.11638830897704,0.6473214285714286
DABUR,Mar 2022,Group B,roe_calculated,20.78262944404677,0.6026785714285714
DABUR,Mar 2023,Group B,roe_calculated,18.956870611835505,0.5357142857142857
DABUR,Mar 2024,Group B,roe_calculated,18.355969997972835,0.5089285714285714
DIVISLAB,Mar 2013,Group B,roe_calculated,24.07037185125949,0.6964285714285714
DIVISLAB,Mar 2014,Group B,roe_calculated,26.07962213225371,0.7410714285714286
DIVISLAB,Mar 2015,Group B,roe_calculated,24.37070938215103,0.7008928571428571
DIVISLAB,Mar 2016,Group B,roe_calculated,26.22874446773818,0.7544642857142857
DIVISLAB,Mar 2017,Group B,roe_calculated,19.787194325182007,0.5848214285714286
DIVISLAB,Mar 2018,Group B,roe_calculated,14.80168776371308,0.36607142857142855
DIVISLAB,Mar 2019,Group B,roe_calculated,19.44803794739112,0.5669642857142857
DIVISLAB,Mar 2020,Group B,roe_calculated,18.83720930232558,0.5267857142857143
DIVISLAB,Mar 2021,Group B,roe_calculated,21.34480903711673,0.6205357142857143
DIVISLAB,Mar 2022,Group B,roe_calculated,25.2387448840382,0.7232142857142857
DIVISLAB,Mar 2023,Group B,roe_calculated,14.286833241951909,0.3482142857142857
DIVISLAB,Mar 2024,Group B,roe_calculated,11.78984599513669,0.23660714285714285
DLF,Mar 2013,Group B,roe_calculated,2.592405456877453,0.044642857142857144
DLF,Mar 2014,Group B,roe_calculated,2.153677678408469,0.04017857142857143
DLF,Mar 2015,Group B,roe_calculated,1.8524608133289489,0.03571428571428571
DLF,Mar 2016,Group B,roe_calculated,1.2671901616186798,0.026785714285714284
DLF,Mar 2017,Group B,roe_calculated,2.881211085337566,0.049107142857142856
DLF,Mar 2018,Group B,roe_calculated,12.678768655659708,0.2767857142857143
DLF,Mar 2019,Group B,roe_calculated,3.913509649749821,0.05803571428571429
DLF,Mar 2020,Group B,roe_calculated,-1.7127761488663744,0.022321428571428572
DLF,Mar 2021,Group B,roe_calculated,3.0641693073789047,0.05357142857142857
DLF,Mar 2022,Group B,roe_calculated,4.125185633353501,0.07142857142857142
DLF,Mar 2023,Group B,roe_calculated,5.397086528511158,0.09375
DLF,Mar 2024,Group B,roe_calculated,6.908270142781061,0.10267857142857142
DMART,Mar 2013,Group B,roe_calculated,11.913814955640053,0.24553571428571427
DMART,Mar 2014,Group B,roe_calculated,16.84100418410042,0.4375
DMART,Mar 2015,Group B,roe_calculated,17.666666666666668,0.47767857142857145
DMART,Mar 2016,Group B,roe_calculated,21.038790269559502,0.6116071428571429
DMART,Mar 2017,Group B,roe_calculated,12.467464862051015,0.26785714285714285
DMART,Mar 2018,Group B,roe_calculated,17.262797172842152,0.4642857142857143
DMART,Mar 2019,Group B,roe_calculated,16.144621442634687,0.41517857142857145
DMART,Mar 2020,Group B,roe_calculated,11.74187725631769,0.22767857142857142
DMART,Mar 2021,Group B,roe_calculated,9.020026263952726,0.13839285714285715
DMART,Mar 2022,Group B,roe_calculated,10.908027489399034,0.17857142857142858
DMART,Mar 2023,Group B,roe_calculated,14.790396815524318,0.36160714285714285
DMART,Mar 2024,Group B,roe_calculated,13.56294790886726,0.3125
DRREDDY,Mar 2013,Group B,roe_calculated,23.97550635892605,0.6919642857142857
DRREDDY,Mar 2014,Group B,roe_calculated,24.958677685950413,0.71875
DRREDDY,Mar 2015,Group B,roe_calculated,23.708515173043743,0.6785714285714286
DRREDDY,Mar 2016,Group B,roe_calculated,16.95441164770467,0.4419642857142857
DRREDDY,Mar 2017,Group B,roe_calculated,10.536617191322788,0.16964285714285715
DRREDDY,Mar 2018,Group B,roe_calculated,7.532612153993,0.11160714285714286
DRREDDY,Mar 2019,Group B,roe_calculated,13.904734740444953,0.32589285714285715
DRREDDY,Mar 2020,Group B,roe_calculated,12.988012052054618,0.29464285714285715
DRREDDY,Mar 2021,Group B,roe_calculated,11.06513236211099,0.18303571428571427
DRREDDY,Mar 2022,Group B,roe_calculated,11.35748490526754,0.19642857142857142
DRREDDY,Mar 2023,Group B,roe_calculated,19.35497723954307,0.5580357142857143
DRREDDY,Mar 2024,Group B,roe_calculated,19.74233736816026,0.5758928571428571
EICHERMOT,Dec 2012,Group B,roe_calculated,27.065527065527068,0.7723214285714286
EICHERMOT,Dec 2013,Group B,roe_calculated,25.547445255474454,0.7321428571428571
EICHERMOT,Dec 2014,Group B,roe_calculated,27.90143084260731,0.7857142857142857
EICHERMOT,Mar 2016,Group B,roe_calculated,36.627429509991785,0.8839285714285714
EICHERMOT,Mar 2017,Group B,roe_calculated,31.18802619270346,0.8169642857142857
EICHERMOT,Mar 2018,Group B,roe_calculated,27.880512091038405,0.78125
EICHERMOT,Mar 2019,Group B,roe_calculated,24.702848172235928,0.7142857142857143
EICHERMOT,Mar 2020,Group B,roe_calculated,18.30477908025248,0.5044642857142857
EICHERMOT,Mar 2021,Group B,roe_calculated,11.7765343591537,0.23214285714285715
EICHERMOT,Mar 2022,Group B,roe_calculated,13.301078680203046,0.30357142857142855
EICHERMOT,Mar 2023,Group B,roe_calculated,19.43962641761174,0.5625
EICHERMOT,Mar 2024,Group B,roe_calculated,22.172346910501524,0.6517857142857143
GAIL,Mar 2013,Group B,roe_calculated,15.166354101548936,0.3794642857142857
GAIL,Mar 2014,Group B,roe_calculated,14.746117821050037,0.35714285714285715
GAIL,Mar 2015,Group B,roe_calculated,9.288107695020868,0.14732142857142858
GAIL,Mar 2016,Group B,roe_calculated,5.147927368623465,0.08928571428571429
GAIL,Mar 2017,Group B,roe_calculated,8.584149599287622,0.12053571428571429
GAIL,Mar 2018,Group B,roe_calculated,11.528587538088724,0.20982142857142858
GAIL,Mar 2019,Group B,roe_calculated,14.244413529258326,0.34375
GAIL,Mar 2020,Group B,roe_calculated,19.31273849151579,0.5535714285714286
GAIL,Mar 2021,Group B,roe_calculated,11.550900680681432,0.21875
GAIL,Mar 2022,Group B,roe_calculated,19.19081635836167,0.5401785714285714
GAIL,Mar 2023,Group B,roe_calculated,8.61891046868021,0.125
GAIL,Mar 2024,Group B,roe_calculated,12.86154006000234,0.2857142857142857
GODREJCP,Mar 2013,Group B,roe_calculated,25.505584062782976,0.7276785714285714
GODREJCP,Mar 2014,Group B,roe_calculated,21.6953642384106,0.6294642857142857
GODREJCP,Mar 2015,Group B,roe_calculated,22.639758756668986,0.6651785714285714
GODREJCP,Mar 2016,Group B,roe_calculated,19.475041012420903,0.5714285714285714
GODREJCP,Mar 2017,Group B,roe_calculated,24.669935873255376,0.7098214285714286
GODREJCP,Mar 2018,Group B,roe_calculated,26.110578459571748,0.7455357142857143
GODREJCP,Mar 2019,Group B,roe_calculated,32.22787945507087,0.8303571428571429
GODREJCP,Mar 2020,Group B,roe_calculated,18.95416561154723,0.53125
GODREJCP,Mar 2021,Group B,roe_calculated,18.23286365081047,0.4955357142857143
GODREJCP,Mar 2022,Group B,roe_calculated,15.429214260989962,0.38392857142857145
GODREJCP,Mar 2023,Group B,roe_calculated,12.338697984631,0.26339285714285715
GODREJCP,Mar 2024,Group B,roe_calculated,-4.45308779171297,0.017857142857142856
GRASIM,Mar 2013,Group B,roe_calculated,19.21961642163097,0.5446428571428571
GRASIM,Mar 2014,Group B,roe_calculated,13.66643534582466,0.3169642857142857
GRASIM,Mar 2015,Group B,roe_calculated,11.158167675021607,0.1875
GRASIM,Mar 2016,Group B,roe_calculated,12.596157351708046,0.27232142857142855
GRASIM,Mar 2017,Group B,roe_calculated,13.527893713958008,0.3080357142857143
GRASIM,Mar 2018,Group B,roe_calculated,6.429455553424801,0.09821428571428571
GRASIM,Mar 2019,Group B,roe_calculated,4.731127197518097,0.07589285714285714
GRASIM,Mar 2020,Group B,roe_calculated,11.722847103279006,0.22321428571428573
GRASIM,Mar 2021,Group B,roe_calculated,10.6681528078908,0.17410714285714285
GRASIM,Mar 2022,Group B,roe_calculated,14.803365962562252,0.3705357142857143
GRASIM,Mar 2023,Group B,roe_calculated,14.068730791699474,0.3392857142857143
GRASIM,Mar 2024,Group B,roe_calculated,11.196462612658342,0.19196428571428573
HAL,Mar 2016,Group B,roe_calculated,1664.9999999999998,0.96875
HAL,Mar 2017,Group B,roe_calculated,1966.9172932330828,0.9776785714285714
HAL,Mar 2018,Group B,roe_calculated,1528.4615384615386,0.9642857142857143
HAL,Mar 2019,Group B,roe_calculated,1763.9097744360904,0.9732142857142857
HAL,Mar 2020,Group B,roe_calculated,2059.4202898550725,0.9821428571428571
HAL,Mar 2021,Group B,roe_calculated,2249.305555555556,0.9866071428571429
HAL,Mar 2022,Group B,roe_calculated,3324.183006535948,0.9955357142857143
HAL,Mar 2023,Group B,roe_calculated,3283.050847457627,0.9910714285714286
HAL,Mar 2024,Group B,roe_calculated,3816.582914572864,1.0
HAVELLS,Mar 2013,Group B,roe_calculated,40.29126213592233,0.9017857142857143
HAVELLS,Mar 2014,Group B,roe_calculated,26.77070828331333,0.7678571428571429
HAVELLS,Mar 2015,Group B,roe_calculated,21.17711771177117,0.6160714285714286
HAVELLS,Mar 2016,Group B,roe_calculated,42.94681202510737,0.9107142857142857
HAVELLS,Mar 2017,Group B,roe_calculated,15.07936507936508,0.375
HAVELLS,Mar 2018,Group B,roe_calculated,17.721179624664877,0.48214285714285715
HAVELLS,Mar 2019,Group B,roe_calculated,18.77084325869461,0.5223214285714286
HAVELLS,Mar 2020,Group B,roe_calculated,17.045454545454543,0.44642857142857145
HAVELLS,Mar 2021,Group B,roe_calculated,20.16611937415492,0.59375
HAVELLS,Mar 2022,Group B,roe_calculated,19.923371647509576,0.5892857142857143
HAVELLS,Mar 2023,Group B,roe_calculated,16.178690009055238,0.41964285714285715
HAVELLS,Mar 2024,Group B,roe_calculated,17.067275412917954,0.45089285714285715
HCLTECH,Jun 2013,Group B,roe_calculated,30.689759951382555,0.8080357142857143
HCLTECH,Jun 2014,Group B,roe_calculated,33.39130434782609,0.84375
HCLTECH,Jun 2015,Group B,roe_calculated,30.30878467635403,0.8035714285714286
HCLTECH,Mar 2017,Group B,roe_calculated,26.11915384381924,0.75
HCLTECH,Mar 2018,Group B,roe_calculated,23.97075798383994,0.6875
HCLTECH,Mar 2019,Group B,roe_calculated,24.46453609244307,0.7053571428571429
HCLTECH,Mar 2020,Group B,roe_calculated,21.56748005539626,0.625
HCLTECH,Mar 2021,Group B,roe_calculated,18.64203094487006,0.5178571428571429
HCLTECH,Mar 2022,Group B,roe_calculated,21.841586717059148,0.6339285714285714
HCLTECH,Mar 2023,Group B,roe_calculated,22.69704151058788,0.6696428571428571
HCLTECH,Mar 2024,Group B,roe_calculated,23.01393141233172,0.6741071428571429
BOSCHLTD,Dec 2012,Group B,roce_calculated,23.263829053937616,0.5223214285714286
BOSCHLTD,Dec 2013,Group B,roce_calculated,19.90118882198549,0.41517857142857145
BOSCHLTD,Mar 2015,Group B,roce_calculated,26.562080986859748,0.6294642857142857
BOSCHLTD,Mar 2016,Group B,roce_calculated,19.593114241001565,0.40625
BOSCHLTD,Mar 2017,Group B,roce_calculated,22.30935333560632,0.5044642857142857
BOSCHLTD,Mar 2018,Group B,roce_calculated,20.96984270113215,0.45535714285714285
BOSCHLTD,Mar 2019,Group B,roce_calculated,23.60030678207516,0.5357142857142857
BOSCHLTD,Mar 2020,Group B,roce_calculated,15.871147260273974,0.2857142857142857
BOSCHLTD,Mar 2021,Group B,roce_calculated,11.774830414093348,0.20089285714285715
BOSCHLTD,Mar 2022,Group B,roce_calculated,13.58609794628752,0.24107142857142858
BOSCHLTD,Mar 2023,Group B,roce_calculated,16.35640701247063,0.30357142857142855
BOSCHLTD,Mar 2024,Group B,roce_calculated,17.30975791126167,0.3392857142857143
BPCL,Mar 2013,Group B,roce_calculated,13.436273331731154,0.23214285714285715
BPCL,Mar 2014,Group B,roce_calculated,17.90006084575601,0.35267857142857145
BPCL,Mar 2015,Group B,roce_calculated,20.35210388313148,0.42857142857142855
BPCL,Mar 2016,Group B,roce_calculated,25.342893986167013,0.5892857142857143
BPCL,Mar 2017,Group B,roce_calculated,20.712611204616493,0.45089285714285715
BPCL,Mar 2018,Group B,roce_calculated,20.62117989175799,0.4419642857142857
BPCL,Mar 2019,Group B,roce_calculated,18.075690158365628,0.35714285714285715
BPCL,Mar 2020,Group B,roce_calculated,8.798329542780959,0.16964285714285715
BPCL,Mar 2021,Group B,roce_calculated,19.429718652566912,0.4017857142857143
BPCL,Mar 2022,Group B,roce_calculated,16.435215005281737,0.3169642857142857
BPCL,Mar 2023,Group B,roce_calculated,8.868329834496901,0.17410714285714285
BPCL,Mar 2024,Group B,roce_calculated,33.84830382235054,0.7633928571428571
BRITANNIA,Mar 2013,Group B,roce_calculated,44.882729211087415,0.8258928571428571
BRITANNIA,Mar 2014,Group B,roce_calculated,66.13924050632912,0.8571428571428571
BRITANNIA,Mar 2015,Group B,roce_calculated,62.58992805755396,0.8526785714285714
BRITANNIA,Mar 2016,Group B,roce_calculated,55.06072874493927,0.84375
BRITANNIA,Mar 2017,Group B,roce_calculated,45.30308401276143,0.8303571428571429
BRITANNIA,Mar 2018,Group B,roce_calculated,41.61352924868312,0.8035714285714286
BRITANNIA,Mar 2019,Group B,roce_calculated,39.283284191426624,0.7901785714285714
BRITANNIA,Mar 2020,Group B,roce_calculated,31.021713516243054,0.7142857142857143
BRITANNIA,Mar 2021,Group B,roce_calculated,44.25044091710759,0.8214285714285714
BRITANNIA,Mar 2022,Group B,roce_calculated,43.67930144870014,0.8169642857142857
BRITANNIA,Mar 2023,Group B,roce_calculated,43.3471137651202,0.8080357142857143
BRITANNIA,Mar 2024,Group B,roce_calculated,52.730602730602726,0.8392857142857143
CANBK,Mar 2013,Group B,roce_calculated,1.798781703620992,0.004464285714285714
CANBK,Mar 2014,Group B,roce_calculated,2.0155243061438357,0.013392857142857142
CANBK,Mar 2015,Group B,roce_calculated,1.9365389676303624,0.008928571428571428
CANBK,Mar 2016,Group B,roce_calculated,3.2988822567062743,0.044642857142857144
CANBK,Mar 2017,Group B,roce_calculated,2.755015863595901,0.022321428571428572
CANBK,Mar 2018,Group B,roce_calculated,4.259031420803692,0.10714285714285714
CANBK,Mar 2019,Group B,roce_calculated,4.012952622611031,0.09375
CANBK,Mar 2020,Group B,roce_calculated,3.779236963190184,0.07142857142857142
CANBK,Mar 2021,Group B,roce_calculated,3.86653824790281,0.08035714285714286
CANBK,Mar 2022,Group B,roce_calculated,3.428857953728088,0.05357142857142857
CANBK,Mar 2023,Group B,roce_calculated,3.2520943359787835,0.04017857142857143
CANBK,Mar 2024,Group B,roce_calculated,3.15654898752525,0.03125
CHOLAFIN,Mar 2013,Group B,roce_calculated,3.995122234481157,0.08928571428571429
CHOLAFIN,Mar 2014,Group B,roce_calculated,4.577153521265101,0.12053571428571429
CHOLAFIN,Mar 2015,Group B,roce_calculated,4.68950276243094,0.12946428571428573
CHOLAFIN,Mar 2016,Group B,roce_calculated,4.8291119926762285,0.13839285714285715
CHOLAFIN,Mar 2017,Group B,roce_calculated,4.660016214882442,0.125
CHOLAFIN,Mar 2018,Group B,roce_calculated,3.339086411230008,0.049107142857142856
CHOLAFIN,Mar 2019,Group B,roce_calculated,2.8745046235138707,0.026785714285714284
CHOLAFIN,Mar 2020,Group B,roce_calculated,3.830393165097698,0.07589285714285714
CHOLAFIN,Mar 2021,Group B,roce_calculated,3.972453293331515,0.08482142857142858
CHOLAFIN,Mar 2022,Group B,roce_calculated,3.6148894901350337,0.06696428571428571
CHOLAFIN,Mar 2023,Group B,roce_calculated,3.241602807419609,0.03571428571428571
CHOLAFIN,Mar 2024,Group B,roce_calculated,3.495209907313654,0.0625
CIPLA,Mar 2013,Group B,roce_calculated,60.73502904065692,0.8482142857142857
CIPLA,Mar 2014,Group B,roce_calculated,71.03283476413841,0.875
CIPLA,Mar 2015,Group B,roce_calculated,73.43462614954018,0.8973214285714286
CIPLA,Mar 2016,Group B,roce_calculated,67.64758657814463,0.8660714285714286
CIPLA,Mar 2017,Group B,roce_calculated,71.42942906885995,0.8794642857142857
CIPLA,Mar 2018,Group B,roce_calculated,67.27233044142523,0.8616071428571429
CIPLA,Mar 2019,Group B,roce_calculated,68.63100165562915,0.8705357142857143
CIPLA,Mar 2020,Group B,roce_calculated,74.95559502664298,0.9017857142857143
CIPLA,Mar 2021,Group B,roce_calculated,73.28908554572271,0.8928571428571429
CIPLA,Mar 2022,Group B,roce_calculated,78.59980819290314,0.90625
CIPLA,Mar 2023,Group B,roce_calculated,73.21767864518793,0.8883928571428571
CIPLA,Mar 2024,Group B,roce_calculated,71.45791307537137,0.8839285714285714
COALINDIA,Mar 2013,Group B,roce_calculated,100.88193342306688,0.9107142857142857
COALINDIA,Mar 2014,Group B,roce_calculated,124.0946878962942,0.9196428571428571
COALINDIA,Mar 2015,Group B,roce_calculated,139.2924609307917,0.9241071428571429
COALINDIA,Mar 2016,Group B,roce_calculated,164.15130994671404,0.9330357142857143
COALINDIA,Mar 2017,Group B,roce_calculated,238.68952491646084,0.9508928571428571
COALINDIA,Mar 2018,Group B,roce_calculated,349.7697550193406,0.9598214285714286
COALINDIA,Mar 2019,Group B,roce_calculated,260.1744287458573,0.9553571428571429
COALINDIA,Mar 2020,Group B,roce_calculated,193.05019305019303,0.9464285714285714
COALINDIA,Mar 2021,Group B,roce_calculated,168.3835668128862,0.9375
COALINDIA,Mar 2022,Group B,roce_calculated,182.1698780461667,0.9419642857142857
COALINDIA,Mar 2023,Group B,roce_calculated,144.25998097400804,0.9285714285714286
COALINDIA,Mar 2024,Group B,roce_calculated,105.7129732333927,0.9151785714285714
DABUR,Mar 2013,Group B,roce_calculated,30.560690080098585,0.6919642857142857
DABUR,Mar 2014,Group B,roce_calculated,34.54221165279429,0.7767857142857143
DABUR,Mar 2015,Group B,roce_calculated,32.28962818003914,0.7321428571428571
DABUR,Mar 2016,Group B,roce_calculated,30.5064308681672,0.6875
DABUR,Mar 2017,Group B,roce_calculated,25.97045688766747,0.59375
DABUR,Mar 2018,Group B,roce_calculated,24.337748344370866,0.5535714285714286
DABUR,Mar 2019,Group B,roce_calculated,27.48380982467225,0.6473214285714286
DABUR,Mar 2020,Group B,roce_calculated,25.14029180695848,0.5803571428571429
DABUR,Mar 2021,Group B,roce_calculated,24.49528936742934,0.5669642857142857
DABUR,Mar 2022,Group B,roce_calculated,23.926901827454312,0.5446428571428571
DABUR,Mar 2023,Group B,roce_calculated,21.306790184290925,0.4732142857142857
DABUR,Mar 2024,Group B,roce_calculated,21.36942391594693,0.49107142857142855
DIVISLAB,Mar 2013,Group B,roce_calculated,32.202052091554854,0.7232142857142857
DIVISLAB,Mar 2014,Group B,roce_calculated,34.13816230717639,0.7723214285714286
DIVISLAB,Mar 2015,Group B,roce_calculated,33.29548680102186,0.75
DIVISLAB,Mar 2016,Group B,roce_calculated,32.82583621683968,0.7410714285714286
DIVISLAB,Mar 2017,Group B,roce_calculated,26.88670498794734,0.6428571428571429
DIVISLAB,Mar 2018,Group B,roce_calculated,21.19238476953908,0.45982142857142855
DIVISLAB,Mar 2019,Group B,roce_calculated,26.532634857709187,0.6205357142857143
DIVISLAB,Mar 2020,Group B,roce_calculated,24.84691794802014,0.5758928571428571
DIVISLAB,Mar 2021,Group B,roce_calculated,30.827956989247312,0.7008928571428571
DIVISLAB,Mar 2022,Group B,roce_calculated,33.1145584725537,0.7455357142857143
DIVISLAB,Mar 2023,Group B,roce_calculated,18.557669720460417,0.375
DIVISLAB,Mar 2024,Group B,roce_calculated,16.281125681449833,0.29464285714285715
DLF,Mar 2013,Group B,roce_calculated,5.031626822603146,0.14732142857142858
DLF,Mar 2014,Group B,roce_calculated,4.838146250582208,0.14285714285714285
DLF,Mar 2015,Group B,roce_calculated,5.811352768779885,0.15178571428571427
DLF,Mar 2016,Group B,roce_calculated,8.039243508402084,0.16517857142857142
DLF,Mar 2017,Group B,roce_calculated,6.408182240818223,0.15625
DLF,Mar 2018,Group B,roce_calculated,4.503617287223969,0.11607142857142858
DLF,Mar 2019,Group B,roce_calculated,4.228512933580062,0.10267857142857142
DLF,Mar 2020,Group B,roce_calculated,2.693301997649824,0.017857142857142856
DLF,Mar 2021,Group B,roce_calculated,3.478569737153682,0.05803571428571429
DLF,Mar 2022,Group B,roce_calculated,4.299033149171271,0.11160714285714286
DLF,Mar 2023,Group B,roce_calculated,4.207600984861413,0.09821428571428571
DLF,Mar 2024,Group B,roce_calculated,4.7983734327346665,0.13392857142857142
DMART,Mar 2013,Group B,roce_calculated,16.34980988593156,0.29910714285714285
DMART,Mar 2014,Group B,roce_calculated,21.35253600500939,0.48660714285714285
DMART,Mar 2015,Group B,roce_calculated,21.673003802281368,0.4955357142857143
DMART,Mar 2016,Group B,roce_calculated,24.474751197935863,0.5625
DMART,Mar 2017,Group B,roce_calculated,18.14946619217082,0.36160714285714285
DMART,Mar 2018,Group B,roce_calculated,26.487862176977288,0.6160714285714286
DMART,Mar 2019,Group B,roce_calculated,25.974232543343405,0.5982142857142857
DMART,Mar 2020,Group B,roce_calculated,18.645404363445195,0.3794642857142857
DMART,Mar 2021,Group B,roce_calculated,13.874532877474754,0.24553571428571427
DMART,Mar 2022,Group B,roce_calculated,17.465968586387433,0.34375
DMART,Mar 2023,Group B,roce_calculated,21.763052449016207,0.5
DMART,Mar 2024,Group B,roce_calculated,21.28564022809746,0.46875
DRREDDY,Mar 2013,Group B,roce_calculated,26.55457168440951,0.625
DRREDDY,Mar 2014,Group B,roce_calculated,26.340949602981688,0.6116071428571429
DRREDDY,Mar 2015,Group B,roce_calculated,24.761770311286792,0.5714285714285714
DRREDDY,Mar 2016,Group B,roce_calculated,22.51742980968532,0.5089285714285714
DRREDDY,Mar 2017,Group B,roce_calculated,14.38882421420256,0.2544642857142857
DRREDDY,Mar 2018,Group B,roce_calculated,13.325398174913564,0.22767857142857142
DRREDDY,Mar 2019,Group B,roce_calculated,17.791960586720414,0.3482142857142857
DRREDDY,Mar 2020,Group B,roce_calculated,13.908697849401989,0.25
DRREDDY,Mar 2021,Group B,roce_calculated,18.74032507739938,0.38839285714285715
DRREDDY,Mar 2022,Group B,roce_calculated,16.675517790759425,0.32142857142857145
DRREDDY,Mar 2023,Group B,roce_calculated,26.265578695246216,0.6071428571428571
DRREDDY,Mar 2024,Group B,roce_calculated,26.219592808038072,0.6026785714285714
EICHERMOT,Dec 2012,Group B,roce_calculated,30.93363329583802,0.7053571428571429
EICHERMOT,Dec 2013,Group B,roce_calculated,33.42683496961197,0.7544642857142857
EICHERMOT,Dec 2014,Group B,roce_calculated,43.43434343434344,0.8125
EICHERMOT,Mar 2016,Group B,roce_calculated,45.97388465723613,0.8348214285714286
EICHERMOT,Mar 2017,Group B,roce_calculated,39.83873923401136,0.7946428571428571
EICHERMOT,Mar 2018,Group B,roce_calculated,39.11711460799332,0.7857142857142857
EICHERMOT,Mar 2019,Group B,roce_calculated,31.89456342668863,0.71875
EICHERMOT,Mar 2020,Group B,roce_calculated,21.339198435972627,0.47767857142857145
EICHERMOT,Mar 2021,Group B,roce_calculated,15.295530582482629,0.27232142857142855
EICHERMOT,Mar 2022,Group B,roce_calculated,17.1280276816609,0.33035714285714285
EICHERMOT,Mar 2023,Group B,roce_calculated,22.555308286424925,0.5133928571428571
EICHERMOT,Mar 2024,Group B,roce_calculated,23.44562391681109,0.53125
GAIL,Mar 2013,Group B,roce_calculated,16.40745813634958,0.3125
GAIL,Mar 2014,Group B,roce_calculated,15.664895181691604,0.2767857142857143
GAIL,Mar 2015,Group B,roce_calculated,10.764054823848756,0.19196428571428573
GAIL,Mar 2016,Group B,roce_calculated,9.97910020899791,0.1875
GAIL,Mar 2017,Group B,roce_calculated,13.129661127829388,0.22321428571428573
GAIL,Mar 2018,Group B,roce_calculated,17.126550323784436,0.32589285714285715
GAIL,Mar 2019,Group B,roce_calculated,20.606286804346023,0.4375
GAIL,Mar 2020,Group B,roce_calculated,16.059095763616945,0.29017857142857145
GAIL,Mar 2021,Group B,roce_calculated,11.866350012284006,0.20535714285714285
GAIL,Mar 2022,Group B,roce_calculated,20.67503068321287,0.44642857142857145
GAIL,Mar 2023,Group B,roce_calculated,9.064210869801675,0.17857142857142858
GAIL,Mar 2024,Group B,roce_calculated,14.489174115050965,0.25892857142857145
GODREJCP,Mar 2013,Group B,roce_calculated,17.247356560929102,0.33482142857142855
GODREJCP,Mar 2014,Group B,roce_calculated,19.014313597918022,0.39732142857142855
GODREJCP,Mar 2015,Group B,roce_calculated,19.621513944223107,0.4107142857142857
GODREJCP,Mar 2016,Group B,roce_calculated,23.14892428052529,0.5178571428571429
GODREJCP,Mar 2017,Group B,roce_calculated,20.498763839621628,0.4330357142857143
GODREJCP,Mar 2018,Group B,roce_calculated,21.339340569322136,0.48214285714285715
GODREJCP,Mar 2019,Group B,roce_calculated,20.02065921682787,0.41964285714285715
GODREJCP,Mar 2020,Group B,roce_calculated,18.7745140765275,0.39285714285714285
GODREJCP,Mar 2021,Group B,roce_calculated,21.224453684862425,0.4642857142857143
GODREJCP,Mar 2022,Group B,roce_calculated,18.16742081447964,0.36607142857142855
GODREJCP,Mar 2023,Group B,roce_calculated,16.369606003752345,0.3080357142857143
GODREJCP,Mar 2024,Group B,roce_calculated,18.691529709228824,0.38392857142857145
GRASIM,Mar 2013,Group B,roce_calculated,20.2828089156709,0.42410714285714285
GRASIM,Mar 2014,Group B,roce_calculated,15.704882413087931,0.28125
GRASIM,Mar 2015,Group B,roce_calculated,14.667807242657544,0.26339285714285715
GRASIM,Mar 2016,Group B,roce_calculated,14.80192317323584,0.26785714285714285
GRASIM,Mar 2017,Group B,roce_calculated,18.194581280788174,0.3705357142857143
GRASIM,Mar 2018,Group B,roce_calculated,9.332079626459644,0.18303571428571427
GRASIM,Mar 2019,Group B,roce_calculated,11.676619394135026,0.19642857142857142
GRASIM,Mar 2020,Group B,roce_calculated,7.335407679796337,0.16071428571428573
GRASIM,Mar 2021,Group B,roce_calculated,12.88977118667515,0.21875
GRASIM,Mar 2022,Group B,roce_calculated,13.580558749825515,0.23660714285714285
GRASIM,Mar 2023,Group B,roce_calculated,11.876378719448129,0.20982142857142858
GRASIM,Mar 2024,Group B,roce_calculated,12.043417416566289,0.21428571428571427
HAL,Mar 2016,Group B,roce_calculated,1795.6521739130433,0.9642857142857143
HAL,Mar 2017,Group B,roce_calculated,2397.037037037037,0.96875
HAL,Mar 2018,Group B,roce_calculated,2601.503759398496,0.9732142857142857
HAL,Mar 2019,Group B,roce_calculated,3240.425531914894,0.9866071428571429
HAL,Mar 2020,Group B,roce_calculated,3485.7142857142853,0.9955357142857143
HAL,Mar 2021,Group B,roce_calculated,3560.666666666667,1.0
HAL,Mar 2022,Group B,roce_calculated,3284.848484848485,0.9910714285714286
HAL,Mar 2023,Group B,roce_calculated,2977.2321428571427,0.9776785714285714
HAL,Mar 2024,Group B,roce_calculated,3027.639751552795,0.9821428571428571
HAVELLS,Mar 2013,Group B,roce_calculated,27.805280528052805,0.65625
HAVELLS,Mar 2014,Group B,roce_calculated,28.566176470588232,0.6651785714285714
HAVELLS,Mar 2015,Group B,roce_calculated,33.675289919714544,0.7589285714285714
HAVELLS,Mar 2016,Group B,roce_calculated,25.18190446061373,0.5848214285714286
HAVELLS,Mar 2017,Group B,roce_calculated,23.392652123995408,0.5267857142857143
HAVELLS,Mar 2018,Group B,roce_calculated,26.86605981794538,0.6383928571428571
HAVELLS,Mar 2019,Group B,roce_calculated,27.7027027027027,0.6517857142857143
HAVELLS,Mar 2020,Group B,roce_calculated,24.33850364963504,0.5580357142857143
HAVELLS,Mar 2021,Group B,roce_calculated,27.88697788697789,0.6607142857142857
HAVELLS,Mar 2022,Group B,roce_calculated,26.81673968877474,0.6339285714285714
HAVELLS,Mar 2023,Group B,roce_calculated,23.66768871368083,0.5401785714285714
HAVELLS,Mar 2024,Group B,roce_calculated,24.270967741935483,0.5491071428571429
HCLTECH,Jun 2013,Group B,roce_calculated,39.97747747747748,0.7991071428571429
HCLTECH,Jun 2014,Group B,roce_calculated,39.06553870089459,0.78125
HCLTECH,Jun 2015,Group B,roce_calculated,34.11868768092634,0.7678571428571429
HCLTECH,Mar 2017,Group B,roce_calculated,30.98625152843637,0.7098214285714286
HCLTECH,Mar 2018,Group B,roce_calculated,30.44149094551065,0.6830357142857143
HCLTECH,Mar 2019,Group B,roce_calculated,30.565615328899717,0.6964285714285714
HCLTECH,Mar 2020,Group B,roce_calculated,29.22383676775859,0.6696428571428571
HCLTECH,Mar 2021,Group B,roce_calculated,30.022313071866066,0.6741071428571429
HCLTECH,Mar 2022,Group B,roce_calculated,30.076036157463705,0.6785714285714286
HCLTECH,Mar 2023,Group B,roce_calculated,32.23407740851009,0.7276785714285714
HCLTECH,Mar 2024,Group B,roce_calculated,32.690722902959976,0.7366071428571429
BOSCHLTD,Dec 2012,Group B,net_profit_margin_pct,11.063633213996996,0.45535714285714285
BOSCHLTD,Dec 2013,Group B,net_profit_margin_pct,10.106200753682767,0.4017857142857143
BOSCHLTD,Mar 2015,Group B,net_profit_margin_pct,11.070660268078768,0.45982142857142855
BOSCHLTD,Mar 2016,Group B,net_profit_margin_pct,15.78187815689104,0.7098214285714286
BOSCHLTD,Mar 2017,Group B,net_profit_margin_pct,16.684235745088642,0.7633928571428571
BOSCHLTD,Mar 2018,Group B,net_profit_margin_pct,11.72797262617622,0.48660714285714285
BOSCHLTD,Mar 2019,Group B,net_profit_margin_pct,13.223003723624329,0.5758928571428571
BOSCHLTD,Mar 2020,Group B,net_profit_margin_pct,6.604348709611868,0.19642857142857142
BOSCHLTD,Mar 2021,Group B,net_profit_margin_pct,4.959868285655484,0.14732142857142858
BOSCHLTD,Mar 2022,Group B,net_profit_margin_pct,10.329315905618742,0.41964285714285715
BOSCHLTD,Mar 2023,Group B,net_profit_margin_pct,9.538482148837833,0.36607142857142855
BOSCHLTD,Mar 2024,Group B,net_profit_margin_pct,14.886112273569676,0.6741071428571429
BPCL,Mar 2013,Group B,net_profit_margin_pct,0.7994021000821699,0.03125
BPCL,Mar 2014,Group B,net_profit_margin_pct,1.5327829484042492,0.044642857142857144
BPCL,Mar 2015,Group B,net_profit_margin_pct,2.0948235352311237,0.049107142857142856
BPCL,Mar 2016,Group B,net_profit_margin_pct,4.306897745121529,0.12053571428571429
BPCL,Mar 2017,Group B,net_profit_margin_pct,4.723951682227666,0.13839285714285715
BPCL,Mar 2018,Group B,net_profit_margin_pct,4.150999385319739,0.10714285714285714
BPCL,Mar 2019,Group B,net_profit_margin_pct,2.859576294488073,0.05803571428571429
BPCL,Mar 2020,Group B,net_profit_margin_pct,1.2882504251999494,0.03571428571428571
BPCL,Mar 2021,Group B,net_profit_margin_pct,7.524840227483046,0.24553571428571427
BPCL,Mar 2022,Group B,net_profit_margin_pct,3.3685995311297003,0.07142857142857142
BPCL,Mar 2023,Group B,net_profit_margin_pct,0.4503504956814113,0.026785714285714284
BPCL,Mar 2024,Group B,net_profit_margin_pct,5.994201967046283,0.18303571428571427
BRITANNIA,Mar 2013,Group B,net_profit_margin_pct,4.203718674211803,0.11160714285714286
BRITANNIA,Mar 2014,Group B,net_profit_margin_pct,5.713872414291914,0.17857142857142858
BRITANNIA,Mar 2015,Group B,net_profit_margin_pct,8.768134385339781,0.33035714285714285
BRITANNIA,Mar 2016,Group B,net_profit_margin_pct,9.824937477670597,0.3794642857142857
BRITANNIA,Mar 2017,Group B,net_profit_margin_pct,9.774685222001326,0.375
BRITANNIA,Mar 2018,Group B,net_profit_margin_pct,10.127092999798265,0.40625
BRITANNIA,Mar 2019,Group B,net_profit_margin_pct,10.44776119402985,0.42857142857142855
BRITANNIA,Mar 2020,Group B,net_profit_margin_pct,12.017241379310343,0.5178571428571429
BRITANNIA,Mar 2021,Group B,net_profit_margin_pct,14.091047503045068,0.6160714285714286
BRITANNIA,Mar 2022,Group B,net_profit_margin_pct,10.724391624221845,0.4375
BRITANNIA,Mar 2023,Group B,net_profit_margin_pct,14.207717317955954,0.6339285714285714
BRITANNIA,Mar 2024,Group B,net_profit_margin_pct,12.725863199952292,0.5446428571428571
CANBK,Mar 2013,Group B,net_profit_margin_pct,8.790724977986498,0.33482142857142855
CANBK,Mar 2014,Group B,net_profit_margin_pct,6.7525903462218855,0.21428571428571427
CANBK,Mar 2015,Group B,net_profit_margin_pct,6.689795266245178,0.20982142857142858
CANBK,Mar 2016,Group B,net_profit_margin_pct,-5.756261495492632,0.013392857142857142
CANBK,Mar 2017,Group B,net_profit_margin_pct,3.403526545577345,0.07589285714285714
CANBK,Mar 2018,Group B,net_profit_margin_pct,-9.36751723303906,0.008928571428571428
CANBK,Mar 2019,Group B,net_profit_margin_pct,1.4514817209234423,0.04017857142857143
CANBK,Mar 2020,Group B,net_profit_margin_pct,-3.8606081311923472,0.022321428571428572
CANBK,Mar 2021,Group B,net_profit_margin_pct,4.209072922152791,0.11607142857142858
CANBK,Mar 2022,Group B,net_profit_margin_pct,8.720650295975302,0.32142857142857145
CANBK,Mar 2023,Group B,net_profit_margin_pct,13.209524363975085,0.5714285714285714
CANBK,Mar 2024,Group B,net_profit_margin_pct,13.935160470145403,0.6116071428571429
CHOLAFIN,Mar 2013,Group B,net_profit_margin_pct,11.98443579766537,0.5133928571428571
CHOLAFIN,Mar 2014,Group B,net_profit_margin_pct,11.222933821286976,0.4642857142857143
CHOLAFIN,Mar 2015,Group B,net_profit_margin_pct,11.951547779273216,0.5089285714285714
CHOLAFIN,Mar 2016,Group B,net_profit_margin_pct,13.64499288087328,0.59375
CHOLAFIN,Mar 2017,Group B,net_profit_margin_pct,15.296122709842352,0.6830357142857143
CHOLAFIN,Mar 2018,Group B,net_profit_margin_pct,16.51376146788991,0.75
CHOLAFIN,Mar 2019,Group B,net_profit_margin_pct,16.840180078784467,0.7767857142857143
CHOLAFIN,Mar 2020,Group B,net_profit_margin_pct,12.098255280073465,0.5223214285714286
CHOLAFIN,Mar 2021,Group B,net_profit_margin_pct,15.871856412396951,0.7276785714285714
CHOLAFIN,Mar 2022,Group B,net_profit_margin_pct,21.22585731178557,0.8794642857142857
CHOLAFIN,Mar 2023,Group B,net_profit_margin_pct,20.68457000931388,0.875
CHOLAFIN,Mar 2024,Group B,net_profit_margin_pct,17.846892448990243,0.8125
CIPLA,Mar 2013,Group B,net_profit_margin_pct,18.661674115231307,0.8348214285714286
CIPLA,Mar 2014,Group B,net_profit_margin_pct,13.80123857269242,0.6071428571428571
CIPLA,Mar 2015,Group B,net_profit_margin_pct,10.832966064345529,0.45089285714285715
CIPLA,Mar 2016,Group B,net_profit_margin_pct,10.029006526468455,0.39732142857142855
CIPLA,Mar 2017,Group B,net_profit_margin_pct,7.190496040016674,0.23214285714285715
CIPLA,Mar 2018,Group B,net_profit_margin_pct,9.349432567959884,0.35714285714285715
CIPLA,Mar 2019,Group B,net_profit_margin_pct,9.118689646742451,0.3482142857142857
CIPLA,Mar 2020,Group B,net_profit_margin_pct,8.755545178613122,0.32589285714285715
CIPLA,Mar 2021,Group B,net_profit_margin_pct,12.468684759916492,0.53125
CIPLA,Mar 2022,Group B,net_profit_margin_pct,11.703349722005235,0.4732142857142857
CIPLA,Mar 2023,Group B,net_profit_margin_pct,12.45110534874522,0.5267857142857143
CIPLA,Mar 2024,Group B,net_profit_margin_pct,16.11701714906495,0.7366071428571429
COALINDIA,Mar 2013,Group B,net_profit_margin_pct,25.41030408620412,0.9375
COALINDIA,Mar 2014,Group B,net_profit_margin_pct,21.40267391796964,0.8839285714285714
COALINDIA,Mar 2015,Group B,net_profit_margin_pct,18.519967620075555,0.8303571428571429
COALINDIA,Mar 2016,Group B,net_profit_margin_pct,18.323679377351947,0.8258928571428571
COALINDIA,Mar 2017,Group B,net_profit_margin_pct,11.872473261347936,0.5
COALINDIA,Mar 2018,Group B,net_profit_margin_pct,8.25629956360565,0.29464285714285715
COALINDIA,Mar 2019,Group B,net_profit_margin_pct,17.536601530335588,0.7991071428571429
COALINDIA,Mar 2020,Group B,net_profit_margin_pct,17.38134887593672,0.7946428571428571
COALINDIA,Mar 2021,Group B,net_profit_margin_pct,14.109257325661476,0.6205357142857143
COALINDIA,Mar 2022,Group B,net_profit_margin_pct,15.839219796746114,0.7232142857142857
COALINDIA,Mar 2023,Group B,net_profit_margin_pct,22.94578016954547,0.9151785714285714
COALINDIA,Mar 2024,Group B,net_profit_margin_pct,26.25628846856468,0.9553571428571429
DABUR,Mar 2013,Group B,net_profit_margin_pct,12.47557003257329,0.5357142857142857
DABUR,Mar 2014,Group B,net_profit_margin_pct,12.978180787758571,0.5580357142857143
DABUR,Mar 2015,Group B,net_profit_margin_pct,13.701090442591404,0.6026785714285714
DABUR,Mar 2016,Group B,net_profit_margin_pct,16.118251928020566,0.7410714285714286
DABUR,Mar 2017,Group B,net_profit_margin_pct,16.811137378513266,0.7723214285714286
DABUR,Mar 2018,Group B,net_profit_margin_pct,17.586117586117584,0.8035714285714286
DABUR,Mar 2019,Group B,net_profit_margin_pct,16.981796829125074,0.78125
DABUR,Mar 2020,Group B,net_profit_margin_pct,16.672423719055843,0.7589285714285714
DABUR,Mar 2021,Group B,net_profit_margin_pct,17.72641706755909,0.8080357142857143
DABUR,Mar 2022,Group B,net_profit_margin_pct,15.997795940857744,0.7321428571428571
DABUR,Mar 2023,Group B,net_profit_margin_pct,14.752818733738074,0.6651785714285714
DABUR,Mar 2024,Group B,net_profit_margin_pct,14.600128990648178,0.6517857142857143
DIVISLAB,Mar 2013,Group B,net_profit_margin_pct,28.065268065268068,0.96875
DIVISLAB,Mar 2014,Group B,net_profit_margin_pct,30.529225908372823,0.9821428571428571
DIVISLAB,Mar 2015,Group B,net_profit_margin_pct,27.351524879614768,0.9598214285714286
DIVISLAB,Mar 2016,Group B,net_profit_margin_pct,29.81991525423729,0.9776785714285714
DIVISLAB,Mar 2017,Group B,net_profit_margin_pct,26.08267716535433,0.9464285714285714
DIVISLAB,Mar 2018,Group B,net_profit_margin_pct,22.539193009509123,0.90625
DIVISLAB,Mar 2019,Group B,net_profit_margin_pct,27.35543873837444,0.9642857142857143
DIVISLAB,Mar 2020,Group B,net_profit_margin_pct,25.528364849833142,0.9419642857142857
DIVISLAB,Mar 2021,Group B,net_profit_margin_pct,28.46893384990673,0.9732142857142857
DIVISLAB,Mar 2022,Group B,net_profit_margin_pct,33.035714285714285,0.9866071428571429
DIVISLAB,Mar 2023,Group B,net_profit_margin_pct,23.483970645036692,0.9196428571428571
DIVISLAB,Mar 2024,Group B,net_profit_margin_pct,20.39515615041428,0.8660714285714286
DLF,Mar 2013,Group B,net_profit_margin_pct,8.580985462498392,0.3080357142857143
DLF,Mar 2014,Group B,net_profit_margin_pct,7.110147023379128,0.22767857142857142
DLF,Mar 2015,Group B,net_profit_margin_pct,6.628317427114655,0.20089285714285715
DLF,Mar 2016,Group B,net_profit_margin_pct,3.07273826314729,0.0625
DLF,Mar 2017,Group B,net_profit_margin_pct,8.612090986497993,0.3169642857142857
DLF,Mar 2018,Group B,net_profit_margin_pct,66.75115550916952,1.0
DLF,Mar 2019,Group B,net_profit_margin_pct,15.706430791298112,0.7053571428571429
DLF,Mar 2020,Group B,net_profit_margin_pct,-9.699161597895776,0.004464285714285714
DLF,Mar 2021,Group B,net_profit_margin_pct,20.003694126339123,0.8482142857142857
DLF,Mar 2022,Group B,net_profit_margin_pct,26.237537169844323,0.9508928571428571
DLF,Mar 2023,Group B,net_profit_margin_pct,35.71553994732221,0.9910714285714286
DLF,Mar 2024,Group B,net_profit_margin_pct,42.38369379181578,0.9955357142857143
DMART,Mar 2013,Group B,net_profit_margin_pct,2.8135288835677943,0.05357142857142857
DMART,Mar 2014,Group B,net_profit_margin_pct,3.4357661118224496,0.08035714285714286
DMART,Mar 2015,Group B,net_profit_margin_pct,3.292436713775431,0.06696428571428571
DMART,Mar 2016,Group B,net_profit_margin_pct,3.727865796831314,0.09375
DMART,Mar 2017,Group B,net_profit_margin_pct,4.025886703647672,0.10267857142857142
DMART,Mar 2018,Group B,net_profit_margin_pct,5.361537949843678,0.16517857142857142
DMART,Mar 2019,Group B,net_profit_margin_pct,4.508872781804548,0.125
DMART,Mar 2020,Group B,net_profit_margin_pct,5.231202251708886,0.16071428571428573
DMART,Mar 2021,Group B,net_profit_margin_pct,4.552044070745144,0.13392857142857142
DMART,Mar 2022,Group B,net_profit_margin_pct,4.816632231404959,0.14285714285714285
DMART,Mar 2023,Group B,net_profit_margin_pct,5.550887021475257,0.17410714285714285
DMART,Mar 2024,Group B,net_profit_margin_pct,4.993207190533383,0.15178571428571427
DRREDDY,Mar 2013,Group B,net_profit_margin_pct,12.904588861658077,0.5535714285714286
DRREDDY,Mar 2014,Group B,net_profit_margin_pct,14.632873648900484,0.6607142857142857
DRREDDY,Mar 2015,Group B,net_profit_margin_pct,15.549490780802769,0.6919642857142857
DRREDDY,Mar 2016,Group B,net_profit_margin_pct,13.688335046248715,0.5982142857142857
DRREDDY,Mar 2017,Group B,net_profit_margin_pct,9.101155255001409,0.34375
DRREDDY,Mar 2018,Group B,net_profit_margin_pct,6.631188292136406,0.20535714285714285
DRREDDY,Mar 2019,Group B,net_profit_margin_pct,12.622993267736923,0.5401785714285714
DRREDDY,Mar 2020,Group B,net_profit_margin_pct,11.565907404235883,0.46875
DRREDDY,Mar 2021,Group B,net_profit_margin_pct,10.24779504409912,0.41517857142857145
DRREDDY,Mar 2022,Group B,net_profit_margin_pct,10.127639823624971,0.4107142857142857
DRREDDY,Mar 2023,Group B,net_profit_margin_pct,18.269152817186868,0.8214285714285714
DRREDDY,Mar 2024,Group B,net_profit_margin_pct,19.9136053693192,0.8392857142857143
EICHERMOT,Dec 2012,Group B,net_profit_margin_pct,7.433489827856025,0.24107142857142858
EICHERMOT,Dec 2013,Group B,net_profit_margin_pct,7.709251101321586,0.2544642857142857
EICHERMOT,Dec 2014,Group B,net_profit_margin_pct,8.033875028610666,0.27232142857142855
EICHERMOT,Mar 2016,Group B,net_profit_margin_pct,21.675036449052325,0.8928571428571429
EICHERMOT,Mar 2017,Group B,net_profit_margin_pct,23.70254514431964,0.9241071428571429
EICHERMOT,Mar 2018,Group B,net_profit_margin_pct,21.862799776910204,0.8973214285714286
EICHERMOT,Mar 2019,Group B,net_profit_margin_pct,22.48647545166888,0.9017857142857143
EICHERMOT,Mar 2020,Group B,net_profit_margin_pct,19.958488092637097,0.84375
EICHERMOT,Mar 2021,Group B,net_profit_margin_pct,15.44724770642202,0.6875
EICHERMOT,Mar 2022,Group B,net_profit_margin_pct,16.284715478733737,0.7455357142857143
EICHERMOT,Mar 2023,Group B,net_profit_margin_pct,20.17726076720676,0.8571428571428571
EICHERMOT,Mar 2024,Group B,net_profit_margin_pct,24.19569424286405,0.9285714285714286
GAIL,Mar 2013,Group B,net_profit_margin_pct,8.567112645662494,0.29910714285714285
GAIL,Mar 2014,Group B,net_profit_margin_pct,7.7487250060714,0.25892857142857145
GAIL,Mar 2015,Group B,net_profit_margin_pct,5.21822415245141,0.15625
GAIL,Mar 2016,Group B,net_profit_margin_pct,3.6001767429350853,0.08928571428571429
GAIL,Mar 2017,Group B,net_profit_margin_pct,6.949250288350635,0.22321428571428573
GAIL,Mar 2018,Group B,net_profit_margin_pct,8.817160892542573,0.3392857142857143
GAIL,Mar 2019,Group B,net_profit_margin_pct,8.600866255414097,0.3125
GAIL,Mar 2020,Group B,net_profit_margin_pct,13.120880333158665,0.5625
GAIL,Mar 2021,Group B,net_profit_margin_pct,10.70731367217458,0.4330357142857143
GAIL,Mar 2022,Group B,net_profit_margin_pct,13.262908267758974,0.5848214285714286
GAIL,Mar 2023,Group B,net_profit_margin_pct,3.841612433753467,0.09821428571428571
GAIL,Mar 2024,Group B,net_profit_margin_pct,7.433122166511544,0.23660714285714285
GODREJCP,Mar 2013,Group B,net_profit_margin_pct,13.178415470991892,0.5669642857142857
GODREJCP,Mar 2014,Group B,net_profit_margin_pct,10.777733912356888,0.44642857142857145
GODREJCP,Mar 2015,Group B,net_profit_margin_pct,11.797413272089932,0.4955357142857143
GODREJCP,Mar 2016,Group B,net_profit_margin_pct,9.864672364672366,0.38392857142857145
GODREJCP,Mar 2017,Group B,net_profit_margin_pct,14.113077255071213,0.625
GODREJCP,Mar 2018,Group B,net_profit_margin_pct,16.593886462882097,0.7544642857142857
GODREJCP,Mar 2019,Group B,net_profit_margin_pct,22.70700019391119,0.9107142857142857
GODREJCP,Mar 2020,Group B,net_profit_margin_pct,15.104429421854505,0.6785714285714286
GODREJCP,Mar 2021,Group B,net_profit_margin_pct,15.60431589446006,0.6964285714285714
GODREJCP,Mar 2022,Group B,net_profit_margin_pct,14.524275008145976,0.6428571428571429
GODREJCP,Mar 2023,Group B,net_profit_margin_pct,12.781616100931211,0.5491071428571429
GODREJCP,Mar 2024,Group B,net_profit_margin_pct,-3.979852440408626,0.017857142857142856
GRASIM,Mar 2013,Group B,net_profit_margin_pct,13.536851911569745,0.5892857142857143
GRASIM,Mar 2014,Group B,net_profit_margin_pct,10.42674102573153,0.42410714285714285
GRASIM,Mar 2015,Group B,net_profit_margin_pct,8.136383689418288,0.28125
GRASIM,Mar 2016,Group B,net_profit_margin_pct,10.018267753066374,0.39285714285714285
GRASIM,Mar 2017,Group B,net_profit_margin_pct,11.772208051458357,0.49107142857142855
GRASIM,Mar 2018,Group B,net_profit_margin_pct,6.598203742798869,0.19196428571428573
GRASIM,Mar 2019,Group B,net_profit_margin_pct,3.5556994818652847,0.08482142857142858
GRASIM,Mar 2020,Group B,net_profit_margin_pct,9.72718748168552,0.3705357142857143
GRASIM,Mar 2021,Group B,net_profit_margin_pct,9.144809172294645,0.35267857142857145
GRASIM,Mar 2022,Group B,net_profit_margin_pct,11.709386526786554,0.47767857142857145
GRASIM,Mar 2023,Group B,net_profit_margin_pct,9.417905752930874,0.36160714285714285
GRASIM,Mar 2024,Group B,net_profit_margin_pct,7.578371940325857,0.25
HAL,Mar 2016,Group B,net_profit_margin_pct,11.92266380236305,0.5044642857142857
HAL,Mar 2017,Group B,net_profit_margin_pct,14.573816155988858,0.6473214285714286
HAL,Mar 2018,Group B,net_profit_margin_pct,10.729521032453157,0.4419642857142857
HAL,Mar 2019,Group B,net_profit_margin_pct,11.72530987604958,0.48214285714285715
HAL,Mar 2020,Group B,net_profit_margin_pct,13.252506411750993,0.5803571428571429
HAL,Mar 2021,Group B,net_profit_margin_pct,14.155231186085132,0.6294642857142857
HAL,Mar 2022,Group B,net_profit_margin_pct,20.65800162469537,0.8705357142857143
HAL,Mar 2023,Group B,net_profit_margin_pct,21.57976827094474,0.8883928571428571
HAL,Mar 2024,Group B,net_profit_margin_pct,24.999177117277245,0.9330357142857143
HAVELLS,Mar 2013,Group B,net_profit_margin_pct,8.142957252978276,0.2857142857142857
HAVELLS,Mar 2014,Group B,net_profit_margin_pct,5.539684511240839,0.16964285714285715
HAVELLS,Mar 2015,Group B,net_profit_margin_pct,4.546528105810109,0.12946428571428573
HAVELLS,Mar 2016,Group B,net_profit_margin_pct,17.118777982617857,0.7857142857142857
HAVELLS,Mar 2017,Group B,net_profit_margin_pct,8.05872756933116,0.2767857142857143
HAVELLS,Mar 2018,Group B,net_profit_margin_pct,8.144406111384919,0.29017857142857145
HAVELLS,Mar 2019,Group B,net_profit_margin_pct,7.822892881961679,0.26785714285714285
HAVELLS,Mar 2020,Group B,net_profit_margin_pct,7.786016949152542,0.26339285714285715
HAVELLS,Mar 2021,Group B,net_profit_margin_pct,9.983742947308023,0.38839285714285715
HAVELLS,Mar 2022,Group B,net_profit_margin_pct,8.58085808580858,0.30357142857142855
HAVELLS,Mar 2023,Group B,net_profit_margin_pct,6.339069244870204,0.1875
HAVELLS,Mar 2024,Group B,net_profit_margin_pct,6.837009144701453,0.21875
HCLTECH,Jun 2013,Group B,net_profit_margin_pct,15.7929713459208,0.71875
HCLTECH,Jun 2014,Group B,net_profit_margin_pct,20.3086112493778,0.8616071428571429
HCLTECH,Jun 2015,Group B,net_profit_margin_pct,20.004904498515028,0.8526785714285714
HCLTECH,Mar 2017,Group B,net_profit_margin_pct,18.091994618230743,0.8169642857142857
HCLTECH,Mar 2018,Group B,net_profit_margin_pct,17.24772093575115,0.7901785714285714
HCLTECH,Mar 2019,Group B,net_profit_margin_pct,16.747480430933194,0.7678571428571429
HCLTECH,Mar 2020,Group B,net_profit_margin_pct,15.644631841077594,0.7008928571428571
HCLTECH,Mar 2021,Group B,net_profit_margin_pct,14.817124132716009,0.6696428571428571
HCLTECH,Mar 2022,Group B,net_profit_margin_pct,15.78849050215409,0.7142857142857143
HCLTECH,Mar 2023,Group B,net_profit_margin_pct,14.631958681595965,0.65625
HCLTECH,Mar 2024,Group B,net_profit_margin_pct,14.293122742532727,0.6383928571428571
BOSCHLTD,Dec 2012,Group B,debt_to_equity,0.0412704109097434,0.7410714285714286
BOSCHLTD,Dec 2013,Group B,debt_to_equity,0.0290753098188751,0.7946428571428572
BOSCHLTD,Mar 2015,Group B,debt_to_equity,0.0151082074316047,0.875
BOSCHLTD,Mar 2016,Group B,debt_to_equity,0.0052438384897745,0.9508928571428571
BOSCHLTD,Mar 2017,Group B,debt_to_equity,0.0,0.9910714285714286
BOSCHLTD,Mar 2018,Group B,debt_to_equity,0.0,0.9910714285714286
BOSCHLTD,Mar 2019,Group B,debt_to_equity,0.0,0.9910714285714286
BOSCHLTD,Mar 2020,Group B,debt_to_equity,0.0079827400215749,0.9151785714285714
BOSCHLTD,Mar 2021,Group B,debt_to_equity,0.0054973022498218,0.9419642857142857
BOSCHLTD,Mar 2022,Group B,debt_to_equity,0.0068300898203592,0.9241071428571429
BOSCHLTD,Mar 2023,Group B,debt_to_equity,0.0048124943248887,0.9553571428571429
BOSCHLTD,Mar 2024,Group B,debt_to_equity,0.0032327586206896,0.9642857142857143
BPCL,Mar 2013,Group B,debt_to_equity,1.9765722801788372,0.1071428571428571
BPCL,Mar 2014,Group B,debt_to_equity,1.705349794238683,0.1160714285714286
BPCL,Mar 2015,Group B,debt_to_equity,1.1298643737257337,0.1696428571428571
BPCL,Mar 2016,Group B,debt_to_equity,0.8414765776786357,0.2142857142857143
BPCL,Mar 2017,Group B,debt_to_equity,1.1591875141957884,0.1607142857142857
BPCL,Mar 2018,Group B,debt_to_equity,1.0284005570878505,0.1830357142857143
BPCL,Mar 2019,Group B,debt_to_equity,1.1566877337804722,0.1651785714285714
BPCL,Mar 2020,Group B,debt_to_equity,1.792291689477718,0.1116071428571429
BPCL,Mar 2021,Group B,debt_to_equity,1.0182429278312015,0.1875
BPCL,Mar 2022,Group B,debt_to_equity,1.243309893073885,0.1428571428571429
BPCL,Mar 2023,Group B,debt_to_equity,1.2962146407084938,0.1383928571428571
BPCL,Mar 2024,Group B,debt_to_equity,0.7218747934157467,0.2366071428571429
BRITANNIA,Mar 2013,Group B,debt_to_equity,0.6810035842293907,0.2410714285714286
BRITANNIA,Mar 2014,Group B,debt_to_equity,0.18796992481203,0.4732142857142857
BRITANNIA,Mar 2015,Group B,debt_to_equity,0.1164658634538152,0.5758928571428572
BRITANNIA,Mar 2016,Group B,debt_to_equity,0.0626195028680688,0.6919642857142857
BRITANNIA,Mar 2017,Group B,debt_to_equity,0.0463649851632047,0.7276785714285714
BRITANNIA,Mar 2018,Group B,debt_to_equity,0.059013505578391,0.7008928571428572
BRITANNIA,Mar 2019,Group B,debt_to_equity,0.0366799905948742,0.7589285714285714
BRITANNIA,Mar 2020,Group B,debt_to_equity,0.3493072904837611,0.3794642857142857
BRITANNIA,Mar 2021,Group B,debt_to_equity,0.5980834272829764,0.28125
BRITANNIA,Mar 2022,Group B,debt_to_equity,0.9698983580922595,0.1964285714285714
BRITANNIA,Mar 2023,Group B,debt_to_equity,0.8480475382003395,0.2098214285714286
BRITANNIA,Mar 2024,Group B,debt_to_equity,0.5239786856127886,0.3169642857142857
CANBK,Mar 2013,Group B,debt_to_equity,14.936447410231969,0.0401785714285714
CANBK,Mar 2014,Group B,debt_to_equity,14.843352332979851,0.049107142857142905
CANBK,Mar 2015,Group B,debt_to_equity,15.37264557429521,0.03125
CANBK,Mar 2016,Group B,debt_to_equity,15.634433816723234,0.022321428571428603
CANBK,Mar 2017,Group B,debt_to_equity,15.420441112873,0.0267857142857143
CANBK,Mar 2018,Group B,debt_to_equity,15.279182589370407,0.0357142857142857
CANBK,Mar 2019,Group B,debt_to_equity,16.98548648146674,0.004464285714285698
CANBK,Mar 2020,Group B,debt_to_equity,16.215356986846576,0.008928571428571397
CANBK,Mar 2021,Group B,debt_to_equity,17.000448646050312,0.0
CANBK,Mar 2022,Group B,debt_to_equity,16.18939123225797,0.013392857142857095
CANBK,Mar 2023,Group B,debt_to_equity,15.850052527737208,0.017857142857142905
CANBK,Mar 2024,Group B,debt_to_equity,14.867419925542425,0.044642857142857095
CHOLAFIN,Mar 2013,Group B,debt_to_equity,7.822233606557377,0.0625
CHOLAFIN,Mar 2014,Group B,debt_to_equity,7.903366856143419,0.0580357142857143
CHOLAFIN,Mar 2015,Group B,debt_to_equity,7.457943925233645,0.0714285714285714
CHOLAFIN,Mar 2016,Group B,debt_to_equity,6.143324250681199,0.09375
CHOLAFIN,Mar 2017,Group B,debt_to_equity,5.600511865984179,0.1026785714285714
CHOLAFIN,Mar 2018,Group B,debt_to_equity,7.479024390243903,0.0669642857142857
CHOLAFIN,Mar 2019,Group B,debt_to_equity,8.145457474226804,0.0535714285714286
CHOLAFIN,Mar 2020,Group B,debt_to_equity,6.707926829268293,0.0848214285714286
CHOLAFIN,Mar 2021,Group B,debt_to_equity,6.638541666666667,0.0892857142857143
CHOLAFIN,Mar 2022,Group B,debt_to_equity,5.87764465969921,0.0982142857142857
CHOLAFIN,Mar 2023,Group B,debt_to_equity,6.786421302105117,0.0803571428571429
CHOLAFIN,Mar 2024,Group B,debt_to_equity,6.863420609401317,0.0758928571428571
CIPLA,Mar 2013,Group B,debt_to_equity,0.107218095132498,0.59375
CIPLA,Mar 2014,Group B,debt_to_equity,0.1241667495771565,0.5535714285714286
CIPLA,Mar 2015,Group B,debt_to_equity,0.1576559896315497,0.5044642857142857
CIPLA,Mar 2016,Group B,debt_to_equity,0.4516801250325605,0.3526785714285714
CIPLA,Mar 2017,Group B,debt_to_equity,0.3278858418367347,0.3839285714285714
CIPLA,Mar 2018,Group B,debt_to_equity,0.2880033733923677,0.3928571428571429
CIPLA,Mar 2019,Group B,debt_to_equity,0.2875033306687983,0.3973214285714286
CIPLA,Mar 2020,Group B,debt_to_equity,0.1786461967899511,0.4776785714285714
CIPLA,Mar 2021,Group B,debt_to_equity,0.109898504856488,0.5892857142857143
CIPLA,Mar 2022,Group B,debt_to_equity,0.0506693536778465,0.7142857142857143
CIPLA,Mar 2023,Group B,debt_to_equity,0.0343059768445336,0.7678571428571428
CIPLA,Mar 2024,Group B,debt_to_equity,0.0209316258518684,0.84375
COALINDIA,Mar 2013,Group B,debt_to_equity,0.0269227595312757,0.7991071428571428
COALINDIA,Mar 2014,Group B,debt_to_equity,0.0041977171964908,0.9598214285714286
COALINDIA,Mar 2015,Group B,debt_to_equity,0.0101107724332763,0.9017857142857143
COALINDIA,Mar 2016,Group B,debt_to_equity,0.0344213820227944,0.7633928571428572
COALINDIA,Mar 2017,Group B,debt_to_equity,0.1229300921771759,0.5625
COALINDIA,Mar 2018,Group B,debt_to_equity,0.0762216275151154,0.6651785714285714
COALINDIA,Mar 2019,Group B,debt_to_equity,0.0835380835380835,0.6339285714285714
COALINDIA,Mar 2020,Group B,debt_to_equity,0.2000808533134309,0.4553571428571429
COALINDIA,Mar 2021,Group B,debt_to_equity,0.1611260200449093,0.5
COALINDIA,Mar 2022,Group B,debt_to_equity,0.0814500614236376,0.6428571428571428
COALINDIA,Mar 2023,Group B,debt_to_equity,0.0711832092434626,0.6741071428571428
COALINDIA,Mar 2024,Group B,debt_to_equity,0.0788468512027076,0.65625
DABUR,Mar 2013,Group B,debt_to_equity,0.5494033412887828,0.3080357142857143
DABUR,Mar 2014,Group B,debt_to_equity,0.2665662650602409,0.4196428571428571
DABUR,Mar 2015,Group B,debt_to_equity,0.2188431723315444,0.4464285714285714
DABUR,Mar 2016,Group B,debt_to_equity,0.192999280748022,0.46875
DABUR,Mar 2017,Group B,debt_to_equity,0.2011553538271095,0.4508928571428571
DABUR,Mar 2018,Group B,debt_to_equity,0.1643883631265334,0.4955357142857143
DABUR,Mar 2019,Group B,debt_to_equity,0.1241122159090909,0.5580357142857143
DABUR,Mar 2020,Group B,debt_to_equity,0.0790190735694822,0.6517857142857143
DABUR,Mar 2021,Group B,debt_to_equity,0.0664144050104384,0.6830357142857143
DABUR,Mar 2022,Group B,debt_to_equity,0.1228823669768551,0.5669642857142857
DABUR,Mar 2023,Group B,debt_to_equity,0.1308369553103755,0.5446428571428572
DABUR,Mar 2024,Group B,debt_to_equity,0.1383539428339752,0.5401785714285714
DIVISLAB,Mar 2013,Group B,debt_to_equity,0.0131947221111555,0.8883928571428571
DIVISLAB,Mar 2014,Group B,debt_to_equity,0.0060728744939271,0.9375
DIVISLAB,Mar 2015,Group B,debt_to_equity,0.0077231121281464,0.9196428571428571
DIVISLAB,Mar 2016,Group B,debt_to_equity,0.0097833682739343,0.90625
DIVISLAB,Mar 2017,Group B,debt_to_equity,0.0067201792047787,0.9285714285714286
DIVISLAB,Mar 2018,Group B,debt_to_equity,0.010632911392405,0.8973214285714286
DIVISLAB,Mar 2019,Group B,debt_to_equity,0.015236452493891,0.8705357142857143
DIVISLAB,Mar 2020,Group B,debt_to_equity,0.0053351573187414,0.9464285714285714
DIVISLAB,Mar 2021,Group B,debt_to_equity,0.0005379236148466,0.96875
DIVISLAB,Mar 2022,Group B,debt_to_equity,0.0003410641200545,0.9732142857142857
DIVISLAB,Mar 2023,Group B,debt_to_equity,0.000313307746534,0.9776785714285714
DIVISLAB,Mar 2024,Group B,debt_to_equity,0.0002210596124088,0.9821428571428571
DLF,Mar 2013,Group B,debt_to_equity,1.0338528508686695,0.1785714285714286
DLF,Mar 2014,Group B,debt_to_equity,0.8809271764920606,0.2053571428571429
DLF,Mar 2015,Group B,debt_to_equity,0.8949906828894004,0.2008928571428571
DLF,Mar 2016,Group B,debt_to_equity,1.049648926004404,0.1741071428571429
DLF,Mar 2017,Group B,debt_to_equity,1.1883774874862654,0.1517857142857143
DLF,Mar 2018,Group B,debt_to_equity,0.4953413950327093,0.3303571428571429
DLF,Mar 2019,Group B,debt_to_equity,0.5129258994519895,0.3258928571428571
DLF,Mar 2020,Group B,debt_to_equity,0.2352309344790547,0.4375
DLF,Mar 2021,Group B,debt_to_equity,0.1948279764599366,0.4642857142857143
DLF,Mar 2022,Group B,debt_to_equity,0.1150101754578956,0.5803571428571428
DLF,Mar 2023,Group B,debt_to_equity,0.0884655186138456,0.625
DLF,Mar 2024,Group B,debt_to_equity,0.1225938982019223,0.5714285714285714
DMART,Mar 2013,Group B,debt_to_equity,0.6666666666666666,0.2589285714285714
DMART,Mar 2014,Group B,debt_to_equity,0.6705020920502092,0.2544642857142857
DMART,Mar 2015,Group B,debt_to_equity,0.7533333333333333,0.2276785714285714
DMART,Mar 2016,Group B,debt_to_equity,0.7836949375410914,0.21875
DMART,Mar 2017,Group B,debt_to_equity,0.3896408120770432,0.375
DMART,Mar 2018,Group B,debt_to_equity,0.0940244163632469,0.6160714285714286
DMART,Mar 2019,Group B,debt_to_equity,0.1252908537676749,0.5491071428571428
DMART,Mar 2020,Group B,debt_to_equity,0.0300541516245487,0.7901785714285714
DMART,Mar 2021,Group B,debt_to_equity,0.0322554169402495,0.7767857142857143
DMART,Mar 2022,Group B,debt_to_equity,0.0473022371691767,0.7232142857142857
DMART,Mar 2023,Group B,debt_to_equity,0.0399925363851225,0.7544642857142857
DMART,Mar 2024,Group B,debt_to_equity,0.0316611402289014,0.78125
DRREDDY,Mar 2013,Group B,debt_to_equity,0.5781127335531481,0.2857142857142857
DRREDDY,Mar 2014,Group B,debt_to_equity,0.5692307692307692,0.2991071428571429
DRREDDY,Mar 2015,Group B,debt_to_equity,0.4378361920227342,0.3616071428571429
DRREDDY,Mar 2016,Group B,debt_to_equity,0.2666878828864667,0.4151785714285714
DRREDDY,Mar 2017,Group B,debt_to_equity,0.4010764964932311,0.3705357142857143
DRREDDY,Mar 2018,Group B,debt_to_equity,0.4033566656061088,0.3660714285714286
DRREDDY,Mar 2019,Group B,debt_to_equity,0.2736737022247575,0.4107142857142857
DRREDDY,Mar 2020,Group B,debt_to_equity,0.1416757484454131,0.53125
DRREDDY,Mar 2021,Group B,debt_to_equity,0.1718156567088033,0.4866071428571429
DRREDDY,Mar 2022,Group B,debt_to_equity,0.1761399125546533,0.4821428571428571
DRREDDY,Mar 2023,Group B,debt_to_equity,0.0578459160010306,0.7053571428571428
DRREDDY,Mar 2024,Group B,debt_to_equity,0.0708572237559283,0.6785714285714286
EICHERMOT,Dec 2012,Group B,debt_to_equity,0.0131054131054131,0.8928571428571429
EICHERMOT,Dec 2013,Group B,debt_to_equity,0.0408759124087591,0.7455357142857143
EICHERMOT,Dec 2014,Group B,debt_to_equity,0.0230524642289348,0.8214285714285714
EICHERMOT,Mar 2016,Group B,debt_to_equity,0.0062961949082945,0.9330357142857143
EICHERMOT,Mar 2017,Group B,debt_to_equity,0.0209541627689429,0.8392857142857143
EICHERMOT,Mar 2018,Group B,debt_to_equity,0.021479374110953,0.8303571428571428
EICHERMOT,Mar 2019,Group B,debt_to_equity,0.020968827091276,0.8348214285714286
EICHERMOT,Mar 2020,Group B,debt_to_equity,0.0249474000601142,0.8080357142857143
EICHERMOT,Mar 2021,Group B,debt_to_equity,0.0191467039692253,0.8526785714285714
EICHERMOT,Mar 2022,Group B,debt_to_equity,0.0085659898477157,0.9107142857142857
EICHERMOT,Mar 2023,Group B,debt_to_equity,0.019212808539026,0.8482142857142857
EICHERMOT,Mar 2024,Group B,debt_to_equity,0.0232197284566361,0.8125
GAIL,Mar 2013,Group B,debt_to_equity,0.5720636243661874,0.2901785714285714
GAIL,Mar 2014,Group B,debt_to_equity,0.5711424698052748,0.2946428571428571
GAIL,Mar 2015,Group B,debt_to_equity,0.5376227147140086,0.3125
GAIL,Mar 2016,Group B,debt_to_equity,0.2486608246573084,0.4330357142857143
GAIL,Mar 2017,Group B,debt_to_equity,0.1667217911207225,0.4910714285714286
GAIL,Mar 2018,Group B,debt_to_equity,0.0929964730439789,0.6205357142857143
GAIL,Mar 2019,Group B,debt_to_equity,0.0483436222937135,0.71875
GAIL,Mar 2020,Group B,debt_to_equity,0.1402939027360558,0.5357142857142857
GAIL,Mar 2021,Group B,debt_to_equity,0.148038810123726,0.5178571428571428
GAIL,Mar 2022,Group B,debt_to_equity,0.1437439560782356,0.5267857142857143
GAIL,Mar 2023,Group B,debt_to_equity,0.274400480539683,0.40625
GAIL,Mar 2024,Group B,debt_to_equity,0.2830499889606088,0.4017857142857143
GODREJCP,Mar 2013,Group B,debt_to_equity,0.7413220645940235,0.2321428571428571
GODREJCP,Mar 2014,Group B,debt_to_equity,0.6286092715231788,0.2723214285714286
GODREJCP,Mar 2015,Group B,debt_to_equity,0.6302482022732545,0.2678571428571429
GODREJCP,Mar 2016,Group B,debt_to_equity,0.67752519334427,0.25
GODREJCP,Mar 2017,Group B,debt_to_equity,0.7546208977744248,0.2232142857142857
GODREJCP,Mar 2018,Group B,debt_to_equity,0.5605624800255673,0.3035714285714286
GODREJCP,Mar 2019,Group B,debt_to_equity,0.4653914958029448,0.3392857142857143
GODREJCP,Mar 2020,Group B,debt_to_equity,0.4526462395543175,0.3482142857142857
GODREJCP,Mar 2021,Group B,debt_to_equity,0.1974785464561924,0.4598214285714286
GODREJCP,Mar 2022,Group B,debt_to_equity,0.1474558670820353,0.5223214285714286
GODREJCP,Mar 2023,Group B,debt_to_equity,0.0819196752211106,0.6383928571428572
GODREJCP,Mar 2024,Group B,debt_to_equity,0.2557548817272583,0.4285714285714286
GRASIM,Mar 2013,Group B,debt_to_equity,0.4858320191280459,0.3348214285714286
GRASIM,Mar 2014,Group B,debt_to_equity,0.447883414295628,0.3571428571428571
GRASIM,Mar 2015,Group B,debt_to_equity,0.5155574762316335,0.3214285714285714
GRASIM,Mar 2016,Group B,debt_to_equity,0.4559043348281016,0.34375
GRASIM,Mar 2017,Group B,debt_to_equity,0.2935291681269315,0.3883928571428571
GRASIM,Mar 2018,Group B,debt_to_equity,1.1692613448161644,0.15625
GRASIM,Mar 2019,Group B,debt_to_equity,1.4561702861082386,0.1294642857142857
GRASIM,Mar 2020,Group B,debt_to_equity,1.4969540727137889,0.125
GRASIM,Mar 2021,Group B,debt_to_equity,1.2074083122118056,0.1473214285714286
GRASIM,Mar 2022,Group B,debt_to_equity,0.9873842454986196,0.1919642857142857
GRASIM,Mar 2023,Group B,debt_to_equity,1.3085646795864976,0.1339285714285714
GRASIM,Mar 2024,Group B,debt_to_equity,1.547099364939709,0.1205357142857143
HAL,Mar 2016,Group B,debt_to_equity,0.15,0.5133928571428572
HAL,Mar 2017,Group B,debt_to_equity,0.0150375939849624,0.8794642857142857
HAL,Mar 2018,Group B,debt_to_equity,0.023076923076923,0.8169642857142857
HAL,Mar 2019,Group B,debt_to_equity,0.0601503759398496,0.6964285714285714
HAL,Mar 2020,Group B,debt_to_equity,0.0144927536231884,0.8839285714285714
HAL,Mar 2021,Group B,debt_to_equity,0.0416666666666666,0.7366071428571428
HAL,Mar 2022,Group B,debt_to_equity,0.0784313725490196,0.6607142857142857
HAL,Mar 2023,Group B,debt_to_equity,0.2655367231638418,0.4241071428571429
HAL,Mar 2024,Group B,debt_to_equity,0.6180904522613065,0.2767857142857143
HAVELLS,Mar 2013,Group B,debt_to_equity,0.680998613037448,0.2455357142857143
HAVELLS,Mar 2014,Group B,debt_to_equity,0.6326530612244898,0.2633928571428571
HAVELLS,Mar 2015,Group B,debt_to_equity,0.2332233223322332,0.4419642857142857
HAVELLS,Mar 2016,Group B,debt_to_equity,0.0442682523951106,0.7321428571428572
HAVELLS,Mar 2017,Group B,debt_to_equity,0.0634920634920634,0.6875
HAVELLS,Mar 2018,Group B,debt_to_equity,0.0308310991957104,0.7857142857142857
HAVELLS,Mar 2019,Group B,debt_to_equity,0.0223916150547879,0.8258928571428572
HAVELLS,Mar 2020,Group B,debt_to_equity,0.0166975881261595,0.8616071428571428
HAVELLS,Mar 2021,Group B,debt_to_equity,0.1006374348078037,0.6116071428571428
HAVELLS,Mar 2022,Group B,debt_to_equity,0.102615358987173,0.5982142857142857
HAVELLS,Mar 2023,Group B,debt_to_equity,0.033655297313613,0.7723214285714286
HAVELLS,Mar 2024,Group B,debt_to_equity,0.040687525177924,0.75
HCLTECH,Jun 2013,Group B,debt_to_equity,0.0793072014585232,0.6473214285714286
HCLTECH,Jun 2014,Group B,debt_to_equity,0.0520716112531969,0.7098214285714286
HCLTECH,Jun 2015,Group B,debt_to_equity,0.0267503302509907,0.8035714285714286
HCLTECH,Mar 2017,Group B,debt_to_equity,0.0176636620231266,0.8571428571428572
HCLTECH,Mar 2018,Group B,debt_to_equity,0.0153080855274006,0.8660714285714286
HCLTECH,Mar 2019,Group B,debt_to_equity,0.101411787458299,0.6071428571428572
HCLTECH,Mar 2020,Group B,debt_to_equity,0.1557727192931125,0.5089285714285714
HCLTECH,Mar 2021,Group B,debt_to_equity,0.1145661208752691,0.5848214285714286
HCLTECH,Mar 2022,Group B,debt_to_equity,0.1024485576767774,0.6026785714285714
HCLTECH,Mar 2023,Group B,debt_to_equity,0.0732971485360446,0.6696428571428572
HCLTECH,Mar 2024,Group B,debt_to_equity,0.0843502336551279,0.6294642857142857
BOSCHLTD,Dec 2012,Group B,free_cash_flow,47.0,0.2556053811659193
BOSCHLTD,Dec 2013,Group B,free_cash_flow,211.0,0.3004484304932735
BOSCHLTD,Mar 2015,Group B,free_cash_flow,213.0,0.30493273542600896
BOSCHLTD,Mar 2016,Group B,free_cash_flow,323.0,0.40358744394618834
BOSCHLTD,Mar 2017,Group B,free_cash_flow,2703.0,0.7668161434977578
BOSCHLTD,Mar 2018,Group B,free_cash_flow,559.0,0.5022421524663677
BOSCHLTD,Mar 2019,Group B,free_cash_flow,2359.0,0.7533632286995515
BOSCHLTD,Mar 2020,Group B,free_cash_flow,463.0,0.4618834080717489
BOSCHLTD,Mar 2021,Group B,free_cash_flow,372.0,0.4260089686098655
BOSCHLTD,Mar 2022,Group B,free_cash_flow,238.0,0.32286995515695066
BOSCHLTD,Mar 2023,Group B,free_cash_flow,1476.0,0.6457399103139013
BOSCHLTD,Mar 2024,Group B,free_cash_flow,1536.0,0.6502242152466368
BPCL,Mar 2013,Group B,free_cash_flow,2322.0,0.7488789237668162
BPCL,Mar 2014,Group B,free_cash_flow,2707.0,0.7713004484304933
BPCL,Mar 2015,Group B,free_cash_flow,10206.0,0.905829596412556
BPCL,Mar 2016,Group B,free_cash_flow,1886.0,0.6860986547085202
BPCL,Mar 2017,Group B,free_cash_flow,-6233.0,0.04484304932735426
BPCL,Mar 2018,Group B,free_cash_flow,4002.0,0.8116591928251121
BPCL,Mar 2019,Group B,free_cash_flow,-294.0,0.15695067264573992
BPCL,Mar 2020,Group B,free_cash_flow,-3254.0,0.07623318385650224
BPCL,Mar 2021,Group B,free_cash_flow,20981.0,0.9820627802690582
BPCL,Mar 2022,Group B,free_cash_flow,12198.0,0.9147982062780269
BPCL,Mar 2023,Group B,free_cash_flow,4660.0,0.8295964125560538
BPCL,Mar 2024,Group B,free_cash_flow,25415.0,0.9955156950672646
BRITANNIA,Mar 2013,Group B,free_cash_flow,348.0,0.4170403587443946
BRITANNIA,Mar 2014,Group B,free_cash_flow,425.0,0.4439461883408072
BRITANNIA,Mar 2015,Group B,free_cash_flow,134.0,0.26905829596412556
BRITANNIA,Mar 2016,Group B,free_cash_flow,254.0,0.3430493273542601
BRITANNIA,Mar 2017,Group B,free_cash_flow,291.0,0.36771300448430494
BRITANNIA,Mar 2018,Group B,free_cash_flow,292.0,0.3721973094170404
BRITANNIA,Mar 2019,Group B,free_cash_flow,304.0,0.38565022421524664
BRITANNIA,Mar 2020,Group B,free_cash_flow,-41.0,0.22869955156950672
BRITANNIA,Mar 2021,Group B,free_cash_flow,2309.0,0.7443946188340808
BRITANNIA,Mar 2022,Group B,free_cash_flow,2214.0,0.7309417040358744
BRITANNIA,Mar 2023,Group B,free_cash_flow,1019.0,0.5739910313901345
BRITANNIA,Mar 2024,Group B,free_cash_flow,3050.0,0.7757847533632287
CANBK,Mar 2013,Group B,free_cash_flow,7575.0,0.8878923766816144
CANBK,Mar 2014,Group B,free_cash_flow,13864.0,0.9372197309417041
CANBK,Mar 2015,Group B,free_cash_flow,5240.0,0.8385650224215246
CANBK,Mar 2016,Group B,free_cash_flow,8903.0,0.9013452914798207
CANBK,Mar 2017,Group B,free_cash_flow,2099.0,0.7085201793721974
CANBK,Mar 2018,Group B,free_cash_flow,-11607.0,0.026905829596412557
CANBK,Mar 2019,Group B,free_cash_flow,17492.0,0.9730941704035875
CANBK,Mar 2020,Group B,free_cash_flow,-5734.0,0.04932735426008968
CANBK,Mar 2021,Group B,free_cash_flow,58002.0,1.0
CANBK,Mar 2022,Group B,free_cash_flow,-510.0,0.14798206278026907
CANBK,Mar 2023,Group B,free_cash_flow,-41134.0,0.004484304932735426
CANBK,Mar 2024,Group B,free_cash_flow,13296.0,0.9237668161434978
CHOLAFIN,Mar 2013,Group B,free_cash_flow,-3749.0,0.06726457399103139
CHOLAFIN,Mar 2014,Group B,free_cash_flow,-2530.0,0.09865470852017937
CHOLAFIN,Mar 2015,Group B,free_cash_flow,-2304.0,0.10762331838565023
CHOLAFIN,Mar 2016,Group B,free_cash_flow,-2946.0,0.08071748878923767
CHOLAFIN,Mar 2017,Group B,free_cash_flow,-1690.0,0.13004484304932734
CHOLAFIN,Mar 2018,Group B,free_cash_flow,-7986.0,0.04035874439461883
CHOLAFIN,Mar 2019,Group B,free_cash_flow,-9328.0,0.03587443946188341
CHOLAFIN,Mar 2020,Group B,free_cash_flow,-2129.0,0.11210762331838565
CHOLAFIN,Mar 2021,Group B,free_cash_flow,-10594.0,0.03139013452914798
CHOLAFIN,Mar 2022,Group B,free_cash_flow,-3931.0,0.05829596412556054
CHOLAFIN,Mar 2023,Group B,free_cash_flow,-29253.0,0.017937219730941704
CHOLAFIN,Mar 2024,Group B,free_cash_flow,-38538.0,0.008968609865470852
CIPLA,Mar 2013,Group B,free_cash_flow,-665.0,0.14349775784753363
CIPLA,Mar 2014,Group B,free_cash_flow,298.0,0.3789237668161435
CIPLA,Mar 2015,Group B,free_cash_flow,223.0,0.3094170403587444
CIPLA,Mar 2016,Group B,free_cash_flow,-2792.0,0.08520179372197309
CIPLA,Mar 2017,Group B,free_cash_flow,1078.0,0.5919282511210763
CIPLA,Mar 2018,Group B,free_cash_flow,629.0,0.5201793721973094
CIPLA,Mar 2019,Group B,free_cash_flow,3.0,0.242152466367713
CIPLA,Mar 2020,Group B,free_cash_flow,3182.0,0.7937219730941704
CIPLA,Mar 2021,Group B,free_cash_flow,1381.0,0.6278026905829597
CIPLA,Mar 2022,Group B,free_cash_flow,1468.0,0.6412556053811659
CIPLA,Mar 2023,Group B,free_cash_flow,862.0,0.5381165919282511
CIPLA,Mar 2024,Group B,free_cash_flow,1152.0,0.6053811659192825
COALINDIA,Mar 2013,Group B,free_cash_flow,7276.0,0.8834080717488789
COALINDIA,Mar 2014,Group B,free_cash_flow,23105.0,0.9910313901345291
COALINDIA,Mar 2015,Group B,free_cash_flow,15276.0,0.9551569506726457
COALINDIA,Mar 2016,Group B,free_cash_flow,21308.0,0.9865470852017937
COALINDIA,Mar 2017,Group B,free_cash_flow,16916.0,0.968609865470852
COALINDIA,Mar 2018,Group B,free_cash_flow,13368.0,0.9282511210762332
COALINDIA,Mar 2019,Group B,free_cash_flow,8460.0,0.8968609865470852
COALINDIA,Mar 2020,Group B,free_cash_flow,6010.0,0.8654708520179372
COALINDIA,Mar 2021,Group B,free_cash_flow,10774.0,0.9103139013452914
COALINDIA,Mar 2022,Group B,free_cash_flow,15392.0,0.9596412556053812
COALINDIA,Mar 2023,Group B,free_cash_flow,12269.0,0.9192825112107623
COALINDIA,Mar 2024,Group B,free_cash_flow,13617.0,0.9327354260089686
DABUR,Mar 2013,Group B,free_cash_flow,248.0,0.33183856502242154
DABUR,Mar 2014,Group B,free_cash_flow,994.0,0.5650224215246636
DABUR,Mar 2015,Group B,free_cash_flow,171.0,0.28699551569506726
DABUR,Mar 2016,Group B,free_cash_flow,457.0,0.452914798206278
DABUR,Mar 2017,Group B,free_cash_flow,420.0,0.43946188340807174
DABUR,Mar 2018,Group B,free_cash_flow,551.0,0.4977578475336323
DABUR,Mar 2019,Group B,free_cash_flow,1837.0,0.6816143497757847
DABUR,Mar 2020,Group B,free_cash_flow,1097.0,0.5964125560538116
DABUR,Mar 2021,Group B,free_cash_flow,711.0,0.5336322869955157
DABUR,Mar 2022,Group B,free_cash_flow,529.0,0.484304932735426
DABUR,Mar 2023,Group B,free_cash_flow,905.0,0.547085201793722
DABUR,Mar 2024,Group B,free_cash_flow,1042.0,0.5874439461883408
DIVISLAB,Mar 2013,Group B,free_cash_flow,225.0,0.31614349775784756
DIVISLAB,Mar 2014,Group B,free_cash_flow,252.0,0.336322869955157
DIVISLAB,Mar 2015,Group B,free_cash_flow,305.0,0.3901345291479821
DIVISLAB,Mar 2016,Group B,free_cash_flow,632.0,0.5246636771300448
DIVISLAB,Mar 2017,Group B,free_cash_flow,10.0,0.24663677130044842
DIVISLAB,Mar 2018,Group B,free_cash_flow,298.0,0.3789237668161435
DIVISLAB,Mar 2019,Group B,free_cash_flow,269.0,0.3542600896860987
DIVISLAB,Mar 2020,Group B,free_cash_flow,1133.0,0.600896860986547
DIVISLAB,Mar 2021,Group B,free_cash_flow,2022.0,0.6995515695067265
DIVISLAB,Mar 2022,Group B,free_cash_flow,-283.0,0.16143497757847533
DIVISLAB,Mar 2023,Group B,free_cash_flow,-248.0,0.17488789237668162
DIVISLAB,Mar 2024,Group B,free_cash_flow,992.0,0.5605381165919282
DLF,Mar 2013,Group B,free_cash_flow,4004.0,0.8161434977578476
DLF,Mar 2014,Group B,free_cash_flow,5392.0,0.8475336322869955
DLF,Mar 2015,Group B,free_cash_flow,2135.0,0.7219730941704036
DLF,Mar 2016,Group B,free_cash_flow,2139.0,0.726457399103139
DLF,Mar 2017,Group B,free_cash_flow,-26.0,0.23766816143497757
DLF,Mar 2018,Group B,free_cash_flow,-1832.0,0.12556053811659193
DLF,Mar 2019,Group B,free_cash_flow,2046.0,0.7040358744394619
DLF,Mar 2020,Group B,free_cash_flow,6864.0,0.8789237668161435
DLF,Mar 2021,Group B,free_cash_flow,1610.0,0.6547085201793722
DLF,Mar 2022,Group B,free_cash_flow,3099.0,0.7847533632286996
DLF,Mar 2023,Group B,free_cash_flow,1914.0,0.6905829596412556
DLF,Mar 2024,Group B,free_cash_flow,1010.0,0.5695067264573991
DMART,Mar 2013,Group B,free_cash_flow,-104.0,0.20179372197309417
DMART,Mar 2014,Group B,free_cash_flow,-72.0,0.21524663677130046
DMART,Mar 2015,Group B,free_cash_flow,-252.0,0.17040358744394618
DMART,Mar 2016,Group B,free_cash_flow,-200.0,0.18385650224215247
DMART,Mar 2017,Group B,free_cash_flow,-2027.0,0.11659192825112108
DMART,Mar 2018,Group B,free_cash_flow,1194.0,0.6098654708520179
DMART,Mar 2019,Group B,free_cash_flow,-151.0,0.19282511210762332
DMART,Mar 2020,Group B,free_cash_flow,-3377.0,0.07174887892376682
DMART,Mar 2021,Group B,free_cash_flow,265.0,0.34977578475336324
DMART,Mar 2022,Group B,free_cash_flow,83.0,0.2645739910313901
DMART,Mar 2023,Group B,free_cash_flow,317.0,0.39461883408071746
DMART,Mar 2024,Group B,free_cash_flow,278.0,0.35874439461883406
DRREDDY,Mar 2013,Group B,free_cash_flow,-59.0,0.21973094170403587
DRREDDY,Mar 2014,Group B,free_cash_flow,366.0,0.42152466367713004
DRREDDY,Mar 2015,Group B,free_cash_flow,154.0,0.2802690582959641
DRREDDY,Mar 2016,Group B,free_cash_flow,1653.0,0.6636771300448431
DRREDDY,Mar 2017,Group B,free_cash_flow,254.0,0.3430493273542601
DRREDDY,Mar 2018,Group B,free_cash_flow,320.0,0.3991031390134529
DRREDDY,Mar 2019,Group B,free_cash_flow,2101.0,0.7130044843049327
DRREDDY,Mar 2020,Group B,free_cash_flow,2489.0,0.757847533632287
DRREDDY,Mar 2021,Group B,free_cash_flow,1315.0,0.6188340807174888
DRREDDY,Mar 2022,Group B,free_cash_flow,246.0,0.3273542600896861
DRREDDY,Mar 2023,Group B,free_cash_flow,1779.0,0.672645739910314
DRREDDY,Mar 2024,Group B,free_cash_flow,509.0,0.4798206278026906
EICHERMOT,Dec 2012,Group B,free_cash_flow,-277.0,0.16591928251121077
EICHERMOT,Dec 2013,Group B,free_cash_flow,-74.0,0.21076233183856502
EICHERMOT,Dec 2014,Group B,free_cash_flow,-167.0,0.18834080717488788
EICHERMOT,Mar 2016,Group B,free_cash_flow,462.0,0.45739910313901344
EICHERMOT,Mar 2017,Group B,free_cash_flow,-36.0,0.23318385650224216
EICHERMOT,Mar 2018,Group B,free_cash_flow,337.0,0.4125560538116592
EICHERMOT,Mar 2019,Group B,free_cash_flow,915.0,0.5515695067264574
EICHERMOT,Mar 2020,Group B,free_cash_flow,186.0,0.2914798206278027
EICHERMOT,Mar 2021,Group B,free_cash_flow,66.0,0.2600896860986547
EICHERMOT,Mar 2022,Group B,free_cash_flow,544.0,0.48878923766816146
EICHERMOT,Mar 2023,Group B,free_cash_flow,426.0,0.4484304932735426
EICHERMOT,Mar 2024,Group B,free_cash_flow,890.0,0.5426008968609866
GAIL,Mar 2013,Group B,free_cash_flow,-2023.0,0.1210762331838565
GAIL,Mar 2014,Group B,free_cash_flow,149.0,0.273542600896861
GAIL,Mar 2015,Group B,free_cash_flow,1405.0,0.6367713004484304
GAIL,Mar 2016,Group B,free_cash_flow,3056.0,0.7802690582959642
GAIL,Mar 2017,Group B,free_cash_flow,5690.0,0.852017937219731
GAIL,Mar 2018,Group B,free_cash_flow,6109.0,0.874439461883408
GAIL,Mar 2019,Group B,free_cash_flow,2283.0,0.7399103139013453
GAIL,Mar 2020,Group B,free_cash_flow,46.0,0.25112107623318386
GAIL,Mar 2021,Group B,free_cash_flow,4353.0,0.820627802690583
GAIL,Mar 2022,Group B,free_cash_flow,3930.0,0.8071748878923767
GAIL,Mar 2023,Group B,free_cash_flow,-4248.0,0.053811659192825115
GAIL,Mar 2024,Group B,free_cash_flow,4360.0,0.8251121076233184
GODREJCP,Mar 2013,Group B,free_cash_flow,-45.0,0.2242152466367713
GODREJCP,Mar 2014,Group B,free_cash_flow,622.0,0.515695067264574
GODREJCP,Mar 2015,Group B,free_cash_flow,-209.0,0.17937219730941703
GODREJCP,Mar 2016,Group B,free_cash_flow,225.0,0.31614349775784756
GODREJCP,Mar 2017,Group B,free_cash_flow,-383.0,0.15246636771300448
GODREJCP,Mar 2018,Group B,free_cash_flow,1387.0,0.6322869955156951
GODREJCP,Mar 2019,Group B,free_cash_flow,2003.0,0.695067264573991
GODREJCP,Mar 2020,Group B,free_cash_flow,1036.0,0.5829596412556054
GODREJCP,Mar 2021,Group B,free_cash_flow,1738.0,0.6681614349775785
GODREJCP,Mar 2022,Group B,free_cash_flow,607.0,0.5112107623318386
GODREJCP,Mar 2023,Group B,free_cash_flow,397.0,0.4349775784753363
GODREJCP,Mar 2024,Group B,free_cash_flow,-1365.0,0.13901345291479822
GRASIM,Mar 2013,Group B,free_cash_flow,-1445.0,0.13452914798206278
GRASIM,Mar 2014,Group B,free_cash_flow,1213.0,0.6143497757847534
GRASIM,Mar 2015,Group B,free_cash_flow,2235.0,0.7354260089686099
GRASIM,Mar 2016,Group B,free_cash_flow,1353.0,0.6233183856502242
GRASIM,Mar 2017,Group B,free_cash_flow,3779.0,0.8026905829596412
GRASIM,Mar 2018,Group B,free_cash_flow,-2594.0,0.09417040358744394
GRASIM,Mar 2019,Group B,free_cash_flow,-3871.0,0.06278026905829596
GRASIM,Mar 2020,Group B,free_cash_flow,5256.0,0.8430493273542601
GRASIM,Mar 2021,Group B,free_cash_flow,7929.0,0.8923766816143498
GRASIM,Mar 2022,Group B,free_cash_flow,5985.0,0.8609865470852018
GRASIM,Mar 2023,Group B,free_cash_flow,-26397.0,0.02242152466367713
GRASIM,Mar 2024,Group B,free_cash_flow,-33833.0,0.013452914798206279
HAL,Mar 2016,Group B,free_cash_flow,,
HAL,Mar 2017,Group B,free_cash_flow,2598.0,0.7623318385650224
HAL,Mar 2018,Group B,free_cash_flow,-140.0,0.19730941704035873
HAL,Mar 2019,Group B,free_cash_flow,-2402.0,0.1031390134529148
HAL,Mar 2020,Group B,free_cash_flow,203.0,0.29596412556053814
HAL,Mar 2021,Group B,free_cash_flow,13934.0,0.9417040358744395
HAL,Mar 2022,Group B,free_cash_flow,-2609.0,0.08968609865470852
HAL,Mar 2023,Group B,free_cash_flow,3102.0,0.7892376681614349
HAL,Mar 2024,Group B,free_cash_flow,1814.0,0.6771300448430493
HAVELLS,Mar 2013,Group B,free_cash_flow,494.0,0.47533632286995514
HAVELLS,Mar 2014,Group B,free_cash_flow,492.0,0.47085201793721976
HAVELLS,Mar 2015,Group B,free_cash_flow,478.0,0.4663677130044843
HAVELLS,Mar 2016,Group B,free_cash_flow,392.0,0.4304932735426009
HAVELLS,Mar 2017,Group B,free_cash_flow,547.0,0.49327354260089684
HAVELLS,Mar 2018,Group B,free_cash_flow,154.0,0.2802690582959641
HAVELLS,Mar 2019,Group B,free_cash_flow,686.0,0.5291479820627802
HAVELLS,Mar 2020,Group B,free_cash_flow,279.0,0.3632286995515695
HAVELLS,Mar 2021,Group B,free_cash_flow,-103.0,0.2062780269058296
HAVELLS,Mar 2022,Group B,free_cash_flow,969.0,0.5560538116591929
HAVELLS,Mar 2023,Group B,free_cash_flow,596.0,0.5067264573991032
HAVELLS,Mar 2024,Group B,free_cash_flow,335.0,0.4080717488789238
HCLTECH,Jun 2013,Group B,free_cash_flow,2131.0,0.7174887892376681
HCLTECH,Jun 2014,Group B,free_cash_flow,1615.0,0.6591928251121076
HCLTECH,Jun 2015,Group B,free_cash_flow,3451.0,0.7982062780269058
HCLTECH,Mar 2017,Group B,free_cash_flow,5105.0,0.8340807174887892
HCLTECH,Mar 2018,Group B,free_cash_flow,6092.0,0.8699551569506726
HCLTECH,Mar 2019,Group B,free_cash_flow,5715.0,0.8565022421524664
HCLTECH,Mar 2020,Group B,free_cash_flow,1027.0,0.57847533632287
HCLTECH,Mar 2021,Group B,free_cash_flow,13953.0,0.9461883408071748
HCLTECH,Mar 2022,Group B,free_cash_flow,18497.0,0.9775784753363229
HCLTECH,Mar 2023,Group B,free_cash_flow,14436.0,0.9506726457399103
HCLTECH,Mar 2024,Group B,free_cash_flow,15840.0,0.9641255605381166
BOSCHLTD,Dec 2012,Group B,pat_cagr_5yr,26.24,0.7792553191489362
BOSCHLTD,Dec 2013,Group B,pat_cagr_5yr,26.24,0.7792553191489362
BOSCHLTD,Mar 2015,Group B,pat_cagr_5yr,26.24,0.7792553191489362
BOSCHLTD,Mar 2016,Group B,pat_cagr_5yr,26.24,0.7792553191489362
BOSCHLTD,Mar 2017,Group B,pat_cagr_5yr,26.24,0.7792553191489362
BOSCHLTD,Mar 2018,Group B,pat_cagr_5yr,26.24,0.7792553191489362
BOSCHLTD,Mar 2019,Group B,pat_cagr_5yr,26.24,0.7792553191489362
BOSCHLTD,Mar 2020,Group B,pat_cagr_5yr,26.24,0.7792553191489362
BOSCHLTD,Mar 2021,Group B,pat_cagr_5yr,26.24,0.7792553191489362
BOSCHLTD,Mar 2022,Group B,pat_cagr_5yr,26.24,0.7792553191489362
BOSCHLTD,Mar 2023,Group B,pat_cagr_5yr,26.24,0.7792553191489362
BOSCHLTD,Mar 2024,Group B,pat_cagr_5yr,26.24,0.7792553191489362
BPCL,Mar 2013,Group B,pat_cagr_5yr,30.23,0.9707446808510638
BPCL,Mar 2014,Group B,pat_cagr_5yr,30.23,0.9707446808510638
BPCL,Mar 2015,Group B,pat_cagr_5yr,30.23,0.9707446808510638
BPCL,Mar 2016,Group B,pat_cagr_5yr,30.23,0.9707446808510638
BPCL,Mar 2017,Group B,pat_cagr_5yr,30.23,0.9707446808510638
BPCL,Mar 2018,Group B,pat_cagr_5yr,30.23,0.9707446808510638
BPCL,Mar 2019,Group B,pat_cagr_5yr,30.23,0.9707446808510638
BPCL,Mar 2020,Group B,pat_cagr_5yr,30.23,0.9707446808510638
BPCL,Mar 2021,Group B,pat_cagr_5yr,30.23,0.9707446808510638
BPCL,Mar 2022,Group B,pat_cagr_5yr,30.23,0.9707446808510638
BPCL,Mar 2023,Group B,pat_cagr_5yr,30.23,0.9707446808510638
BPCL,Mar 2024,Group B,pat_cagr_5yr,30.23,0.9707446808510638
BRITANNIA,Mar 2013,Group B,pat_cagr_5yr,8.84,0.2898936170212766
BRITANNIA,Mar 2014,Group B,pat_cagr_5yr,8.84,0.2898936170212766
BRITANNIA,Mar 2015,Group B,pat_cagr_5yr,8.84,0.2898936170212766
BRITANNIA,Mar 2016,Group B,pat_cagr_5yr,8.84,0.2898936170212766
BRITANNIA,Mar 2017,Group B,pat_cagr_5yr,8.84,0.2898936170212766
BRITANNIA,Mar 2018,Group B,pat_cagr_5yr,8.84,0.2898936170212766
BRITANNIA,Mar 2019,Group B,pat_cagr_5yr,8.84,0.2898936170212766
BRITANNIA,Mar 2020,Group B,pat_cagr_5yr,8.84,0.2898936170212766
BRITANNIA,Mar 2021,Group B,pat_cagr_5yr,8.84,0.2898936170212766
BRITANNIA,Mar 2022,Group B,pat_cagr_5yr,8.84,0.2898936170212766
BRITANNIA,Mar 2023,Group B,pat_cagr_5yr,8.84,0.2898936170212766
BRITANNIA,Mar 2024,Group B,pat_cagr_5yr,8.84,0.2898936170212766
CANBK,Mar 2013,Group B,pat_cagr_5yr,,
CANBK,Mar 2014,Group B,pat_cagr_5yr,,
CANBK,Mar 2015,Group B,pat_cagr_5yr,,
CANBK,Mar 2016,Group B,pat_cagr_5yr,,
CANBK,Mar 2017,Group B,pat_cagr_5yr,,
CANBK,Mar 2018,Group B,pat_cagr_5yr,,
CANBK,Mar 2019,Group B,pat_cagr_5yr,,
CANBK,Mar 2020,Group B,pat_cagr_5yr,,
CANBK,Mar 2021,Group B,pat_cagr_5yr,,
CANBK,Mar 2022,Group B,pat_cagr_5yr,,
CANBK,Mar 2023,Group B,pat_cagr_5yr,,
CANBK,Mar 2024,Group B,pat_cagr_5yr,,
CHOLAFIN,Mar 2013,Group B,pat_cagr_5yr,29.59,0.9069148936170213
CHOLAFIN,Mar 2014,Group B,pat_cagr_5yr,29.59,0.9069148936170213
CHOLAFIN,Mar 2015,Group B,pat_cagr_5yr,29.59,0.9069148936170213
CHOLAFIN,Mar 2016,Group B,pat_cagr_5yr,29.59,0.9069148936170213
CHOLAFIN,Mar 2017,Group B,pat_cagr_5yr,29.59,0.9069148936170213
CHOLAFIN,Mar 2018,Group B,pat_cagr_5yr,29.59,0.9069148936170213
CHOLAFIN,Mar 2019,Group B,pat_cagr_5yr,29.59,0.9069148936170213
CHOLAFIN,Mar 2020,Group B,pat_cagr_5yr,29.59,0.9069148936170213
CHOLAFIN,Mar 2021,Group B,pat_cagr_5yr,29.59,0.9069148936170213
CHOLAFIN,Mar 2022,Group B,pat_cagr_5yr,29.59,0.9069148936170213
CHOLAFIN,Mar 2023,Group B,pat_cagr_5yr,29.59,0.9069148936170213
CHOLAFIN,Mar 2024,Group B,pat_cagr_5yr,29.59,0.9069148936170213
CIPLA,Mar 2013,Group B,pat_cagr_5yr,27.16,0.8430851063829787
CIPLA,Mar 2014,Group B,pat_cagr_5yr,27.16,0.8430851063829787
CIPLA,Mar 2015,Group B,pat_cagr_5yr,27.16,0.8430851063829787
CIPLA,Mar 2016,Group B,pat_cagr_5yr,27.16,0.8430851063829787
CIPLA,Mar 2017,Group B,pat_cagr_5yr,27.16,0.8430851063829787
CIPLA,Mar 2018,Group B,pat_cagr_5yr,27.16,0.8430851063829787
CIPLA,Mar 2019,Group B,pat_cagr_5yr,27.16,0.8430851063829787
CIPLA,Mar 2020,Group B,pat_cagr_5yr,27.16,0.8430851063829787
CIPLA,Mar 2021,Group B,pat_cagr_5yr,27.16,0.8430851063829787
CIPLA,Mar 2022,Group B,pat_cagr_5yr,27.16,0.8430851063829787
CIPLA,Mar 2023,Group B,pat_cagr_5yr,27.16,0.8430851063829787
CIPLA,Mar 2024,Group B,pat_cagr_5yr,27.16,0.8430851063829787
COALINDIA,Mar 2013,Group B,pat_cagr_5yr,15.52,0.47606382978723405
COALINDIA,Mar 2014,Group B,pat_cagr_5yr,15.52,0.47606382978723405
COALINDIA,Mar 2015,Group B,pat_cagr_5yr,15.52,0.47606382978723405
COALINDIA,Mar 2016,Group B,pat_cagr_5yr,15.52,0.47606382978723405
COALINDIA,Mar 2017,Group B,pat_cagr_5yr,15.52,0.47606382978723405
COALINDIA,Mar 2018,Group B,pat_cagr_5yr,15.52,0.47606382978723405
COALINDIA,Mar 2019,Group B,pat_cagr_5yr,15.52,0.47606382978723405
COALINDIA,Mar 2020,Group B,pat_cagr_5yr,15.52,0.47606382978723405
COALINDIA,Mar 2021,Group B,pat_cagr_5yr,15.52,0.47606382978723405
COALINDIA,Mar 2022,Group B,pat_cagr_5yr,15.52,0.47606382978723405
COALINDIA,Mar 2023,Group B,pat_cagr_5yr,15.52,0.47606382978723405
COALINDIA,Mar 2024,Group B,pat_cagr_5yr,15.52,0.47606382978723405
DABUR,Mar 2013,Group B,pat_cagr_5yr,3.98,0.09840425531914894
DABUR,Mar 2014,Group B,pat_cagr_5yr,3.98,0.09840425531914894
DABUR,Mar 2015,Group B,pat_cagr_5yr,3.98,0.09840425531914894
DABUR,Mar 2016,Group B,pat_cagr_5yr,3.98,0.09840425531914894
DABUR,Mar 2017,Group B,pat_cagr_5yr,3.98,0.09840425531914894
DABUR,Mar 2018,Group B,pat_cagr_5yr,3.98,0.09840425531914894
DABUR,Mar 2019,Group B,pat_cagr_5yr,3.98,0.09840425531914894
DABUR,Mar 2020,Group B,pat_cagr_5yr,3.98,0.09840425531914894
DABUR,Mar 2021,Group B,pat_cagr_5yr,3.98,0.09840425531914894
DABUR,Mar 2022,Group B,pat_cagr_5yr,3.98,0.09840425531914894
DABUR,Mar 2023,Group B,pat_cagr_5yr,3.98,0.09840425531914894
DABUR,Mar 2024,Group B,pat_cagr_5yr,3.98,0.09840425531914894
DIVISLAB,Mar 2013,Group B,pat_cagr_5yr,5.92,0.22606382978723405
DIVISLAB,Mar 2014,Group B,pat_cagr_5yr,5.92,0.22606382978723405
DIVISLAB,Mar 2015,Group B,pat_cagr_5yr,5.92,0.22606382978723405
DIVISLAB,Mar 2016,Group B,pat_cagr_5yr,5.92,0.22606382978723405
DIVISLAB,Mar 2017,Group B,pat_cagr_5yr,5.92,0.22606382978723405
DIVISLAB,Mar 2018,Group B,pat_cagr_5yr,5.92,0.22606382978723405
DIVISLAB,Mar 2019,Group B,pat_cagr_5yr,5.92,0.22606382978723405
DIVISLAB,Mar 2020,Group B,pat_cagr_5yr,5.92,0.22606382978723405
DIVISLAB,Mar 2021,Group B,pat_cagr_5yr,5.92,0.22606382978723405
DIVISLAB,Mar 2022,Group B,pat_cagr_5yr,5.92,0.22606382978723405
DIVISLAB,Mar 2023,Group B,pat_cagr_5yr,5.92,0.22606382978723405
DIVISLAB,Mar 2024,Group B,pat_cagr_5yr,5.92,0.22606382978723405
DLF,Mar 2013,Group B,pat_cagr_5yr,,
DLF,Mar 2014,Group B,pat_cagr_5yr,,
DLF,Mar 2015,Group B,pat_cagr_5yr,,
DLF,Mar 2016,Group B,pat_cagr_5yr,,
DLF,Mar 2017,Group B,pat_cagr_5yr,,
DLF,Mar 2018,Group B,pat_cagr_5yr,,
DLF,Mar 2019,Group B,pat_cagr_5yr,,
DLF,Mar 2020,Group B,pat_cagr_5yr,,
DLF,Mar 2021,Group B,pat_cagr_5yr,,
DLF,Mar 2022,Group B,pat_cagr_5yr,,
DLF,Mar 2023,Group B,pat_cagr_5yr,,
DLF,Mar 2024,Group B,pat_cagr_5yr,,
DMART,Mar 2013,Group B,pat_cagr_5yr,15.89,0.5398936170212766
DMART,Mar 2014,Group B,pat_cagr_5yr,15.89,0.5398936170212766
DMART,Mar 2015,Group B,pat_cagr_5yr,15.89,0.5398936170212766
DMART,Mar 2016,Group B,pat_cagr_5yr,15.89,0.5398936170212766
DMART,Mar 2017,Group B,pat_cagr_5yr,15.89,0.5398936170212766
DMART,Mar 2018,Group B,pat_cagr_5yr,15.89,0.5398936170212766
DMART,Mar 2019,Group B,pat_cagr_5yr,15.89,0.5398936170212766
DMART,Mar 2020,Group B,pat_cagr_5yr,15.89,0.5398936170212766
DMART,Mar 2021,Group B,pat_cagr_5yr,15.89,0.5398936170212766
DMART,Mar 2022,Group B,pat_cagr_5yr,15.89,0.5398936170212766
DMART,Mar 2023,Group B,pat_cagr_5yr,15.89,0.5398936170212766
DMART,Mar 2024,Group B,pat_cagr_5yr,15.89,0.5398936170212766
DRREDDY,Mar 2013,Group B,pat_cagr_5yr,21.88,0.6675531914893617
DRREDDY,Mar 2014,Group B,pat_cagr_5yr,21.88,0.6675531914893617
DRREDDY,Mar 2015,Group B,pat_cagr_5yr,21.88,0.6675531914893617
DRREDDY,Mar 2016,Group B,pat_cagr_5yr,21.88,0.6675531914893617
DRREDDY,Mar 2017,Group B,pat_cagr_5yr,21.88,0.6675531914893617
DRREDDY,Mar 2018,Group B,pat_cagr_5yr,21.88,0.6675531914893617
DRREDDY,Mar 2019,Group B,pat_cagr_5yr,21.88,0.6675531914893617
DRREDDY,Mar 2020,Group B,pat_cagr_5yr,21.88,0.6675531914893617
DRREDDY,Mar 2021,Group B,pat_cagr_5yr,21.88,0.6675531914893617
DRREDDY,Mar 2022,Group B,pat_cagr_5yr,21.88,0.6675531914893617
DRREDDY,Mar 2023,Group B,pat_cagr_5yr,21.88,0.6675531914893617
DRREDDY,Mar 2024,Group B,pat_cagr_5yr,21.88,0.6675531914893617
EICHERMOT,Dec 2012,Group B,pat_cagr_5yr,18.49,0.6037234042553191
EICHERMOT,Dec 2013,Group B,pat_cagr_5yr,18.49,0.6037234042553191
EICHERMOT,Dec 2014,Group B,pat_cagr_5yr,18.49,0.6037234042553191
EICHERMOT,Mar 2016,Group B,pat_cagr_5yr,18.49,0.6037234042553191
EICHERMOT,Mar 2017,Group B,pat_cagr_5yr,18.49,0.6037234042553191
EICHERMOT,Mar 2018,Group B,pat_cagr_5yr,18.49,0.6037234042553191
EICHERMOT,Mar 2019,Group B,pat_cagr_5yr,18.49,0.6037234042553191
EICHERMOT,Mar 2020,Group B,pat_cagr_5yr,18.49,0.6037234042553191
EICHERMOT,Mar 2021,Group B,pat_cagr_5yr,18.49,0.6037234042553191
EICHERMOT,Mar 2022,Group B,pat_cagr_5yr,18.49,0.6037234042553191
EICHERMOT,Mar 2023,Group B,pat_cagr_5yr,18.49,0.6037234042553191
EICHERMOT,Mar 2024,Group B,pat_cagr_5yr,18.49,0.6037234042553191
GAIL,Mar 2013,Group B,pat_cagr_5yr,3.94,0.034574468085106384
GAIL,Mar 2014,Group B,pat_cagr_5yr,3.94,0.034574468085106384
GAIL,Mar 2015,Group B,pat_cagr_5yr,3.94,0.034574468085106384
GAIL,Mar 2016,Group B,pat_cagr_5yr,3.94,0.034574468085106384
GAIL,Mar 2017,Group B,pat_cagr_5yr,3.94,0.034574468085106384
GAIL,Mar 2018,Group B,pat_cagr_5yr,3.94,0.034574468085106384
GAIL,Mar 2019,Group B,pat_cagr_5yr,3.94,0.034574468085106384
GAIL,Mar 2020,Group B,pat_cagr_5yr,3.94,0.034574468085106384
GAIL,Mar 2021,Group B,pat_cagr_5yr,3.94,0.034574468085106384
GAIL,Mar 2022,Group B,pat_cagr_5yr,3.94,0.034574468085106384
GAIL,Mar 2023,Group B,pat_cagr_5yr,3.94,0.034574468085106384
GAIL,Mar 2024,Group B,pat_cagr_5yr,3.94,0.034574468085106384
GODREJCP,Mar 2013,Group B,pat_cagr_5yr,,
GODREJCP,Mar 2014,Group B,pat_cagr_5yr,,
GODREJCP,Mar 2015,Group B,pat_cagr_5yr,,
GODREJCP,Mar 2016,Group B,pat_cagr_5yr,,
GODREJCP,Mar 2017,Group B,pat_cagr_5yr,,
GODREJCP,Mar 2018,Group B,pat_cagr_5yr,,
GODREJCP,Mar 2019,Group B,pat_cagr_5yr,,
GODREJCP,Mar 2020,Group B,pat_cagr_5yr,,
GODREJCP,Mar 2021,Group B,pat_cagr_5yr,,
GODREJCP,Mar 2022,Group B,pat_cagr_5yr,,
GODREJCP,Mar 2023,Group B,pat_cagr_5yr,,
GODREJCP,Mar 2024,Group B,pat_cagr_5yr,,
GRASIM,Mar 2013,Group B,pat_cagr_5yr,5.54,0.1622340425531915
GRASIM,Mar 2014,Group B,pat_cagr_5yr,5.54,0.1622340425531915
GRASIM,Mar 2015,Group B,pat_cagr_5yr,5.54,0.1622340425531915
GRASIM,Mar 2016,Group B,pat_cagr_5yr,5.54,0.1622340425531915
GRASIM,Mar 2017,Group B,pat_cagr_5yr,5.54,0.1622340425531915
GRASIM,Mar 2018,Group B,pat_cagr_5yr,5.54,0.1622340425531915
GRASIM,Mar 2019,Group B,pat_cagr_5yr,5.54,0.1622340425531915
GRASIM,Mar 2020,Group B,pat_cagr_5yr,5.54,0.1622340425531915
GRASIM,Mar 2021,Group B,pat_cagr_5yr,5.54,0.1622340425531915
GRASIM,Mar 2022,Group B,pat_cagr_5yr,5.54,0.1622340425531915
GRASIM,Mar 2023,Group B,pat_cagr_5yr,5.54,0.1622340425531915
GRASIM,Mar 2024,Group B,pat_cagr_5yr,5.54,0.1622340425531915
HAL,Mar 2016,Group B,pat_cagr_5yr,24.41,0.723404255319149
HAL,Mar 2017,Group B,pat_cagr_5yr,24.41,0.723404255319149
HAL,Mar 2018,Group B,pat_cagr_5yr,24.41,0.723404255319149
HAL,Mar 2019,Group B,pat_cagr_5yr,24.41,0.723404255319149
HAL,Mar 2020,Group B,pat_cagr_5yr,24.41,0.723404255319149
HAL,Mar 2021,Group B,pat_cagr_5yr,24.41,0.723404255319149
HAL,Mar 2022,Group B,pat_cagr_5yr,24.41,0.723404255319149
HAL,Mar 2023,Group B,pat_cagr_5yr,24.41,0.723404255319149
HAL,Mar 2024,Group B,pat_cagr_5yr,24.41,0.723404255319149
HAVELLS,Mar 2013,Group B,pat_cagr_5yr,13.75,0.4122340425531915
HAVELLS,Mar 2014,Group B,pat_cagr_5yr,13.75,0.4122340425531915
HAVELLS,Mar 2015,Group B,pat_cagr_5yr,13.75,0.4122340425531915
HAVELLS,Mar 2016,Group B,pat_cagr_5yr,13.75,0.4122340425531915
HAVELLS,Mar 2017,Group B,pat_cagr_5yr,13.75,0.4122340425531915
HAVELLS,Mar 2018,Group B,pat_cagr_5yr,13.75,0.4122340425531915
HAVELLS,Mar 2019,Group B,pat_cagr_5yr,13.75,0.4122340425531915
HAVELLS,Mar 2020,Group B,pat_cagr_5yr,13.75,0.4122340425531915
HAVELLS,Mar 2021,Group B,pat_cagr_5yr,13.75,0.4122340425531915
HAVELLS,Mar 2022,Group B,pat_cagr_5yr,13.75,0.4122340425531915
HAVELLS,Mar 2023,Group B,pat_cagr_5yr,13.75,0.4122340425531915
HAVELLS,Mar 2024,Group B,pat_cagr_5yr,13.75,0.4122340425531915
HCLTECH,Jun 2013,Group B,pat_cagr_5yr,9.09,0.35106382978723405
HCLTECH,Jun 2014,Group B,pat_cagr_5yr,9.09,0.35106382978723405
HCLTECH,Jun 2015,Group B,pat_cagr_5yr,9.09,0.35106382978723405
HCLTECH,Mar 2017,Group B,pat_cagr_5yr,9.09,0.35106382978723405
HCLTECH,Mar 2018,Group B,pat_cagr_5yr,9.09,0.35106382978723405
HCLTECH,Mar 2019,Group B,pat_cagr_5yr,9.09,0.35106382978723405
HCLTECH,Mar 2020,Group B,pat_cagr_5yr,9.09,0.35106382978723405
HCLTECH,Mar 2021,Group B,pat_cagr_5yr,9.09,0.35106382978723405
HCLTECH,Mar 2022,Group B,pat_cagr_5yr,9.09,0.35106382978723405
HCLTECH,Mar 2023,Group B,pat_cagr_5yr,9.09,0.35106382978723405
HCLTECH,Mar 2024,Group B,pat_cagr_5yr,9.09,0.35106382978723405
BOSCHLTD,Dec 2012,Group B,revenue_cagr_5yr,11.75,0.546875
BOSCHLTD,Dec 2013,Group B,revenue_cagr_5yr,11.75,0.546875
BOSCHLTD,Mar 2015,Group B,revenue_cagr_5yr,11.75,0.546875
BOSCHLTD,Mar 2016,Group B,revenue_cagr_5yr,11.75,0.546875
BOSCHLTD,Mar 2017,Group B,revenue_cagr_5yr,11.75,0.546875
BOSCHLTD,Mar 2018,Group B,revenue_cagr_5yr,11.75,0.546875
BOSCHLTD,Mar 2019,Group B,revenue_cagr_5yr,11.75,0.546875
BOSCHLTD,Mar 2020,Group B,revenue_cagr_5yr,11.75,0.546875
BOSCHLTD,Mar 2021,Group B,revenue_cagr_5yr,11.75,0.546875
BOSCHLTD,Mar 2022,Group B,revenue_cagr_5yr,11.75,0.546875
BOSCHLTD,Mar 2023,Group B,revenue_cagr_5yr,11.75,0.546875
BOSCHLTD,Mar 2024,Group B,revenue_cagr_5yr,11.75,0.546875
BPCL,Mar 2013,Group B,revenue_cagr_5yr,9.38,0.33705357142857145
BPCL,Mar 2014,Group B,revenue_cagr_5yr,9.38,0.33705357142857145
BPCL,Mar 2015,Group B,revenue_cagr_5yr,9.38,0.33705357142857145
BPCL,Mar 2016,Group B,revenue_cagr_5yr,9.38,0.33705357142857145
BPCL,Mar 2017,Group B,revenue_cagr_5yr,9.38,0.33705357142857145
BPCL,Mar 2018,Group B,revenue_cagr_5yr,9.38,0.33705357142857145
BPCL,Mar 2019,Group B,revenue_cagr_5yr,9.38,0.33705357142857145
BPCL,Mar 2020,Group B,revenue_cagr_5yr,9.38,0.33705357142857145
BPCL,Mar 2021,Group B,revenue_cagr_5yr,9.38,0.33705357142857145
BPCL,Mar 2022,Group B,revenue_cagr_5yr,9.38,0.33705357142857145
BPCL,Mar 2023,Group B,revenue_cagr_5yr,9.38,0.33705357142857145
BPCL,Mar 2024,Group B,revenue_cagr_5yr,9.38,0.33705357142857145
BRITANNIA,Mar 2013,Group B,revenue_cagr_5yr,8.25,0.28348214285714285
BRITANNIA,Mar 2014,Group B,revenue_cagr_5yr,8.25,0.28348214285714285
BRITANNIA,Mar 2015,Group B,revenue_cagr_5yr,8.25,0.28348214285714285
BRITANNIA,Mar 2016,Group B,revenue_cagr_5yr,8.25,0.28348214285714285
BRITANNIA,Mar 2017,Group B,revenue_cagr_5yr,8.25,0.28348214285714285
BRITANNIA,Mar 2018,Group B,revenue_cagr_5yr,8.25,0.28348214285714285
BRITANNIA,Mar 2019,Group B,revenue_cagr_5yr,8.25,0.28348214285714285
BRITANNIA,Mar 2020,Group B,revenue_cagr_5yr,8.25,0.28348214285714285
BRITANNIA,Mar 2021,Group B,revenue_cagr_5yr,8.25,0.28348214285714285
BRITANNIA,Mar 2022,Group B,revenue_cagr_5yr,8.25,0.28348214285714285
BRITANNIA,Mar 2023,Group B,revenue_cagr_5yr,8.25,0.28348214285714285
BRITANNIA,Mar 2024,Group B,revenue_cagr_5yr,8.25,0.28348214285714285
CANBK,Mar 2013,Group B,revenue_cagr_5yr,19.13,0.921875
CANBK,Mar 2014,Group B,revenue_cagr_5yr,19.13,0.921875
CANBK,Mar 2015,Group B,revenue_cagr_5yr,19.13,0.921875
CANBK,Mar 2016,Group B,revenue_cagr_5yr,19.13,0.921875
CANBK,Mar 2017,Group B,revenue_cagr_5yr,19.13,0.921875
CANBK,Mar 2018,Group B,revenue_cagr_5yr,19.13,0.921875
CANBK,Mar 2019,Group B,revenue_cagr_5yr,19.13,0.921875
CANBK,Mar 2020,Group B,revenue_cagr_5yr,19.13,0.921875
CANBK,Mar 2021,Group B,revenue_cagr_5yr,19.13,0.921875
CANBK,Mar 2022,Group B,revenue_cagr_5yr,19.13,0.921875
CANBK,Mar 2023,Group B,revenue_cagr_5yr,19.13,0.921875
CANBK,Mar 2024,Group B,revenue_cagr_5yr,19.13,0.921875
CHOLAFIN,Mar 2013,Group B,revenue_cagr_5yr,20.9,0.9754464285714286
CHOLAFIN,Mar 2014,Group B,revenue_cagr_5yr,20.9,0.9754464285714286
CHOLAFIN,Mar 2015,Group B,revenue_cagr_5yr,20.9,0.9754464285714286
CHOLAFIN,Mar 2016,Group B,revenue_cagr_5yr,20.9,0.9754464285714286
CHOLAFIN,Mar 2017,Group B,revenue_cagr_5yr,20.9,0.9754464285714286
CHOLAFIN,Mar 2018,Group B,revenue_cagr_5yr,20.9,0.9754464285714286
CHOLAFIN,Mar 2019,Group B,revenue_cagr_5yr,20.9,0.9754464285714286
CHOLAFIN,Mar 2020,Group B,revenue_cagr_5yr,20.9,0.9754464285714286
CHOLAFIN,Mar 2021,Group B,revenue_cagr_5yr,20.9,0.9754464285714286
CHOLAFIN,Mar 2022,Group B,revenue_cagr_5yr,20.9,0.9754464285714286
CHOLAFIN,Mar 2023,Group B,revenue_cagr_5yr,20.9,0.9754464285714286
CHOLAFIN,Mar 2024,Group B,revenue_cagr_5yr,20.9,0.9754464285714286
CIPLA,Mar 2013,Group B,revenue_cagr_5yr,9.51,0.390625
CIPLA,Mar 2014,Group B,revenue_cagr_5yr,9.51,0.390625
CIPLA,Mar 2015,Group B,revenue_cagr_5yr,9.51,0.390625
CIPLA,Mar 2016,Group B,revenue_cagr_5yr,9.51,0.390625
CIPLA,Mar 2017,Group B,revenue_cagr_5yr,9.51,0.390625
CIPLA,Mar 2018,Group B,revenue_cagr_5yr,9.51,0.390625
CIPLA,Mar 2019,Group B,revenue_cagr_5yr,9.51,0.390625
CIPLA,Mar 2020,Group B,revenue_cagr_5yr,9.51,0.390625
CIPLA,Mar 2021,Group B,revenue_cagr_5yr,9.51,0.390625
CIPLA,Mar 2022,Group B,revenue_cagr_5yr,9.51,0.390625
CIPLA,Mar 2023,Group B,revenue_cagr_5yr,9.51,0.390625
CIPLA,Mar 2024,Group B,revenue_cagr_5yr,9.51,0.390625
COALINDIA,Mar 2013,Group B,revenue_cagr_5yr,7.87,0.22991071428571427
COALINDIA,Mar 2014,Group B,revenue_cagr_5yr,7.87,0.22991071428571427
COALINDIA,Mar 2015,Group B,revenue_cagr_5yr,7.87,0.22991071428571427
COALINDIA,Mar 2016,Group B,revenue_cagr_5yr,7.87,0.22991071428571427
COALINDIA,Mar 2017,Group B,revenue_cagr_5yr,7.87,0.22991071428571427
COALINDIA,Mar 2018,Group B,revenue_cagr_5yr,7.87,0.22991071428571427
COALINDIA,Mar 2019,Group B,revenue_cagr_5yr,7.87,0.22991071428571427
COALINDIA,Mar 2020,Group B,revenue_cagr_5yr,7.87,0.22991071428571427
COALINDIA,Mar 2021,Group B,revenue_cagr_5yr,7.87,0.22991071428571427
COALINDIA,Mar 2022,Group B,revenue_cagr_5yr,7.87,0.22991071428571427
COALINDIA,Mar 2023,Group B,revenue_cagr_5yr,7.87,0.22991071428571427
COALINDIA,Mar 2024,Group B,revenue_cagr_5yr,7.87,0.22991071428571427
DABUR,Mar 2013,Group B,revenue_cagr_5yr,7.46,0.13616071428571427
DABUR,Mar 2014,Group B,revenue_cagr_5yr,7.46,0.13616071428571427
DABUR,Mar 2015,Group B,revenue_cagr_5yr,7.46,0.13616071428571427
DABUR,Mar 2016,Group B,revenue_cagr_5yr,7.46,0.13616071428571427
DABUR,Mar 2017,Group B,revenue_cagr_5yr,7.46,0.13616071428571427
DABUR,Mar 2018,Group B,revenue_cagr_5yr,7.46,0.13616071428571427
DABUR,Mar 2019,Group B,revenue_cagr_5yr,7.46,0.13616071428571427
DABUR,Mar 2020,Group B,revenue_cagr_5yr,7.46,0.13616071428571427
DABUR,Mar 2021,Group B,revenue_cagr_5yr,7.46,0.13616071428571427
DABUR,Mar 2022,Group B,revenue_cagr_5yr,7.46,0.13616071428571427
DABUR,Mar 2023,Group B,revenue_cagr_5yr,7.46,0.13616071428571427
DABUR,Mar 2024,Group B,revenue_cagr_5yr,7.46,0.13616071428571427
DIVISLAB,Mar 2013,Group B,revenue_cagr_5yr,9.81,0.44419642857142855
DIVISLAB,Mar 2014,Group B,revenue_cagr_5yr,9.81,0.44419642857142855
DIVISLAB,Mar 2015,Group B,revenue_cagr_5yr,9.81,0.44419642857142855
DIVISLAB,Mar 2016,Group B,revenue_cagr_5yr,9.81,0.44419642857142855
DIVISLAB,Mar 2017,Group B,revenue_cagr_5yr,9.81,0.44419642857142855
DIVISLAB,Mar 2018,Group B,revenue_cagr_5yr,9.81,0.44419642857142855
DIVISLAB,Mar 2019,Group B,revenue_cagr_5yr,9.81,0.44419642857142855
DIVISLAB,Mar 2020,Group B,revenue_cagr_5yr,9.81,0.44419642857142855
DIVISLAB,Mar 2021,Group B,revenue_cagr_5yr,9.81,0.44419642857142855
DIVISLAB,Mar 2022,Group B,revenue_cagr_5yr,9.81,0.44419642857142855
DIVISLAB,Mar 2023,Group B,revenue_cagr_5yr,9.81,0.44419642857142855
DIVISLAB,Mar 2024,Group B,revenue_cagr_5yr,9.81,0.44419642857142855
DLF,Mar 2013,Group B,revenue_cagr_5yr,2.85,0.029017857142857144
DLF,Mar 2014,Group B,revenue_cagr_5yr,2.85,0.029017857142857144
DLF,Mar 2015,Group B,revenue_cagr_5yr,2.85,0.029017857142857144
DLF,Mar 2016,Group B,revenue_cagr_5yr,2.85,0.029017857142857144
DLF,Mar 2017,Group B,revenue_cagr_5yr,2.85,0.029017857142857144
DLF,Mar 2018,Group B,revenue_cagr_5yr,2.85,0.029017857142857144
DLF,Mar 2019,Group B,revenue_cagr_5yr,2.85,0.029017857142857144
DLF,Mar 2020,Group B,revenue_cagr_5yr,2.85,0.029017857142857144
DLF,Mar 2021,Group B,revenue_cagr_5yr,2.85,0.029017857142857144
DLF,Mar 2022,Group B,revenue_cagr_5yr,2.85,0.029017857142857144
DLF,Mar 2023,Group B,revenue_cagr_5yr,2.85,0.029017857142857144
DLF,Mar 2024,Group B,revenue_cagr_5yr,2.85,0.029017857142857144
DMART,Mar 2013,Group B,revenue_cagr_5yr,18.13,0.8683035714285714
DMART,Mar 2014,Group B,revenue_cagr_5yr,18.13,0.8683035714285714
DMART,Mar 2015,Group B,revenue_cagr_5yr,18.13,0.8683035714285714
DMART,Mar 2016,Group B,revenue_cagr_5yr,18.13,0.8683035714285714
DMART,Mar 2017,Group B,revenue_cagr_5yr,18.13,0.8683035714285714
DMART,Mar 2018,Group B,revenue_cagr_5yr,18.13,0.8683035714285714
DMART,Mar 2019,Group B,revenue_cagr_5yr,18.13,0.8683035714285714
DMART,Mar 2020,Group B,revenue_cagr_5yr,18.13,0.8683035714285714
DMART,Mar 2021,Group B,revenue_cagr_5yr,18.13,0.8683035714285714
DMART,Mar 2022,Group B,revenue_cagr_5yr,18.13,0.8683035714285714
DMART,Mar 2023,Group B,revenue_cagr_5yr,18.13,0.8683035714285714
DMART,Mar 2024,Group B,revenue_cagr_5yr,18.13,0.8683035714285714
DRREDDY,Mar 2013,Group B,revenue_cagr_5yr,12.26,0.6004464285714286
DRREDDY,Mar 2014,Group B,revenue_cagr_5yr,12.26,0.6004464285714286
DRREDDY,Mar 2015,Group B,revenue_cagr_5yr,12.26,0.6004464285714286
DRREDDY,Mar 2016,Group B,revenue_cagr_5yr,12.26,0.6004464285714286
DRREDDY,Mar 2017,Group B,revenue_cagr_5yr,12.26,0.6004464285714286
DRREDDY,Mar 2018,Group B,revenue_cagr_5yr,12.26,0.6004464285714286
DRREDDY,Mar 2019,Group B,revenue_cagr_5yr,12.26,0.6004464285714286
DRREDDY,Mar 2020,Group B,revenue_cagr_5yr,12.26,0.6004464285714286
DRREDDY,Mar 2021,Group B,revenue_cagr_5yr,12.26,0.6004464285714286
DRREDDY,Mar 2022,Group B,revenue_cagr_5yr,12.26,0.6004464285714286
DRREDDY,Mar 2023,Group B,revenue_cagr_5yr,12.26,0.6004464285714286
DRREDDY,Mar 2024,Group B,revenue_cagr_5yr,12.26,0.6004464285714286
EICHERMOT,Dec 2012,Group B,revenue_cagr_5yr,13.3,0.6540178571428571
EICHERMOT,Dec 2013,Group B,revenue_cagr_5yr,13.3,0.6540178571428571
EICHERMOT,Dec 2014,Group B,revenue_cagr_5yr,13.3,0.6540178571428571
EICHERMOT,Mar 2016,Group B,revenue_cagr_5yr,13.3,0.6540178571428571
EICHERMOT,Mar 2017,Group B,revenue_cagr_5yr,13.3,0.6540178571428571
EICHERMOT,Mar 2018,Group B,revenue_cagr_5yr,13.3,0.6540178571428571
EICHERMOT,Mar 2019,Group B,revenue_cagr_5yr,13.3,0.6540178571428571
EICHERMOT,Mar 2020,Group B,revenue_cagr_5yr,13.3,0.6540178571428571
EICHERMOT,Mar 2021,Group B,revenue_cagr_5yr,13.3,0.6540178571428571
EICHERMOT,Mar 2022,Group B,revenue_cagr_5yr,13.3,0.6540178571428571
EICHERMOT,Mar 2023,Group B,revenue_cagr_5yr,13.3,0.6540178571428571
EICHERMOT,Mar 2024,Group B,revenue_cagr_5yr,13.3,0.6540178571428571
GAIL,Mar 2013,Group B,revenue_cagr_5yr,13.41,0.7075892857142857
GAIL,Mar 2014,Group B,revenue_cagr_5yr,13.41,0.7075892857142857
GAIL,Mar 2015,Group B,revenue_cagr_5yr,13.41,0.7075892857142857
GAIL,Mar 2016,Group B,revenue_cagr_5yr,13.41,0.7075892857142857
GAIL,Mar 2017,Group B,revenue_cagr_5yr,13.41,0.7075892857142857
GAIL,Mar 2018,Group B,revenue_cagr_5yr,13.41,0.7075892857142857
GAIL,Mar 2019,Group B,revenue_cagr_5yr,13.41,0.7075892857142857
GAIL,Mar 2020,Group B,revenue_cagr_5yr,13.41,0.7075892857142857
GAIL,Mar 2021,Group B,revenue_cagr_5yr,13.41,0.7075892857142857
GAIL,Mar 2022,Group B,revenue_cagr_5yr,13.41,0.7075892857142857
GAIL,Mar 2023,Group B,revenue_cagr_5yr,13.41,0.7075892857142857
GAIL,Mar 2024,Group B,revenue_cagr_5yr,13.41,0.7075892857142857
GODREJCP,Mar 2013,Group B,revenue_cagr_5yr,7.38,0.08258928571428571
GODREJCP,Mar 2014,Group B,revenue_cagr_5yr,7.38,0.08258928571428571
GODREJCP,Mar 2015,Group B,revenue_cagr_5yr,7.38,0.08258928571428571
GODREJCP,Mar 2016,Group B,revenue_cagr_5yr,7.38,0.08258928571428571
GODREJCP,Mar 2017,Group B,revenue_cagr_5yr,7.38,0.08258928571428571
GODREJCP,Mar 2018,Group B,revenue_cagr_5yr,7.38,0.08258928571428571
GODREJCP,Mar 2019,Group B,revenue_cagr_5yr,7.38,0.08258928571428571
GODREJCP,Mar 2020,Group B,revenue_cagr_5yr,7.38,0.08258928571428571
GODREJCP,Mar 2021,Group B,revenue_cagr_5yr,7.38,0.08258928571428571
GODREJCP,Mar 2022,Group B,revenue_cagr_5yr,7.38,0.08258928571428571
GODREJCP,Mar 2023,Group B,revenue_cagr_5yr,7.38,0.08258928571428571
GODREJCP,Mar 2024,Group B,revenue_cagr_5yr,7.38,0.08258928571428571
GRASIM,Mar 2013,Group B,revenue_cagr_5yr,14.97,0.7611607142857143
GRASIM,Mar 2014,Group B,revenue_cagr_5yr,14.97,0.7611607142857143
GRASIM,Mar 2015,Group B,revenue_cagr_5yr,14.97,0.7611607142857143
GRASIM,Mar 2016,Group B,revenue_cagr_5yr,14.97,0.7611607142857143
GRASIM,Mar 2017,Group B,revenue_cagr_5yr,14.97,0.7611607142857143
GRASIM,Mar 2018,Group B,revenue_cagr_5yr,14.97,0.7611607142857143
GRASIM,Mar 2019,Group B,revenue_cagr_5yr,14.97,0.7611607142857143
GRASIM,Mar 2020,Group B,revenue_cagr_5yr,14.97,0.7611607142857143
GRASIM,Mar 2021,Group B,revenue_cagr_5yr,14.97,0.7611607142857143
GRASIM,Mar 2022,Group B,revenue_cagr_5yr,14.97,0.7611607142857143
GRASIM,Mar 2023,Group B,revenue_cagr_5yr,14.97,0.7611607142857143
GRASIM,Mar 2024,Group B,revenue_cagr_5yr,14.97,0.7611607142857143
HAL,Mar 2016,Group B,revenue_cagr_5yr,7.76,0.18303571428571427
HAL,Mar 2017,Group B,revenue_cagr_5yr,7.76,0.18303571428571427
HAL,Mar 2018,Group B,revenue_cagr_5yr,7.76,0.18303571428571427
HAL,Mar 2019,Group B,revenue_cagr_5yr,7.76,0.18303571428571427
HAL,Mar 2020,Group B,revenue_cagr_5yr,7.76,0.18303571428571427
HAL,Mar 2021,Group B,revenue_cagr_5yr,7.76,0.18303571428571427
HAL,Mar 2022,Group B,revenue_cagr_5yr,7.76,0.18303571428571427
HAL,Mar 2023,Group B,revenue_cagr_5yr,7.76,0.18303571428571427
HAL,Mar 2024,Group B,revenue_cagr_5yr,7.76,0.18303571428571427
HAVELLS,Mar 2013,Group B,revenue_cagr_5yr,16.98,0.8147321428571429
HAVELLS,Mar 2014,Group B,revenue_cagr_5yr,16.98,0.8147321428571429
HAVELLS,Mar 2015,Group B,revenue_cagr_5yr,16.98,0.8147321428571429
HAVELLS,Mar 2016,Group B,revenue_cagr_5yr,16.98,0.8147321428571429
HAVELLS,Mar 2017,Group B,revenue_cagr_5yr,16.98,0.8147321428571429
HAVELLS,Mar 2018,Group B,revenue_cagr_5yr,16.98,0.8147321428571429
HAVELLS,Mar 2019,Group B,revenue_cagr_5yr,16.98,0.8147321428571429
HAVELLS,Mar 2020,Group B,revenue_cagr_5yr,16.98,0.8147321428571429
HAVELLS,Mar 2021,Group B,revenue_cagr_5yr,16.98,0.8147321428571429
HAVELLS,Mar 2022,Group B,revenue_cagr_5yr,16.98,0.8147321428571429
HAVELLS,Mar 2023,Group B,revenue_cagr_5yr,16.98,0.8147321428571429
HAVELLS,Mar 2024,Group B,revenue_cagr_5yr,16.98,0.8147321428571429
HCLTECH,Jun 2013,Group B,revenue_cagr_5yr,10.29,0.4955357142857143
HCLTECH,Jun 2014,Group B,revenue_cagr_5yr,10.29,0.4955357142857143
HCLTECH,Jun 2015,Group B,revenue_cagr_5yr,10.29,0.4955357142857143
HCLTECH,Mar 2017,Group B,revenue_cagr_5yr,10.29,0.4955357142857143
HCLTECH,Mar 2018,Group B,revenue_cagr_5yr,10.29,0.4955357142857143
HCLTECH,Mar 2019,Group B,revenue_cagr_5yr,10.29,0.4955357142857143
HCLTECH,Mar 2020,Group B,revenue_cagr_5yr,10.29,0.4955357142857143
HCLTECH,Mar 2021,Group B,revenue_cagr_5yr,10.29,0.4955357142857143
HCLTECH,Mar 2022,Group B,revenue_cagr_5yr,10.29,0.4955357142857143
HCLTECH,Mar 2023,Group B,revenue_cagr_5yr,10.29,0.4955357142857143
HCLTECH,Mar 2024,Group B,revenue_cagr_5yr,10.29,0.4955357142857143
BOSCHLTD,Dec 2012,Group B,eps_cagr_5yr,26.3,0.7792553191489362
BOSCHLTD,Dec 2013,Group B,eps_cagr_5yr,26.3,0.7792553191489362
BOSCHLTD,Mar 2015,Group B,eps_cagr_5yr,26.3,0.7792553191489362
BOSCHLTD,Mar 2016,Group B,eps_cagr_5yr,26.3,0.7792553191489362
BOSCHLTD,Mar 2017,Group B,eps_cagr_5yr,26.3,0.7792553191489362
BOSCHLTD,Mar 2018,Group B,eps_cagr_5yr,26.3,0.7792553191489362
BOSCHLTD,Mar 2019,Group B,eps_cagr_5yr,26.3,0.7792553191489362
BOSCHLTD,Mar 2020,Group B,eps_cagr_5yr,26.3,0.7792553191489362
BOSCHLTD,Mar 2021,Group B,eps_cagr_5yr,26.3,0.7792553191489362
BOSCHLTD,Mar 2022,Group B,eps_cagr_5yr,26.3,0.7792553191489362
BOSCHLTD,Mar 2023,Group B,eps_cagr_5yr,26.3,0.7792553191489362
BOSCHLTD,Mar 2024,Group B,eps_cagr_5yr,26.3,0.7792553191489362
BPCL,Mar 2013,Group B,eps_cagr_5yr,35.52,0.9707446808510638
BPCL,Mar 2014,Group B,eps_cagr_5yr,35.52,0.9707446808510638
BPCL,Mar 2015,Group B,eps_cagr_5yr,35.52,0.9707446808510638
BPCL,Mar 2016,Group B,eps_cagr_5yr,35.52,0.9707446808510638
BPCL,Mar 2017,Group B,eps_cagr_5yr,35.52,0.9707446808510638
BPCL,Mar 2018,Group B,eps_cagr_5yr,35.52,0.9707446808510638
BPCL,Mar 2019,Group B,eps_cagr_5yr,35.52,0.9707446808510638
BPCL,Mar 2020,Group B,eps_cagr_5yr,35.52,0.9707446808510638
BPCL,Mar 2021,Group B,eps_cagr_5yr,35.52,0.9707446808510638
BPCL,Mar 2022,Group B,eps_cagr_5yr,35.52,0.9707446808510638
BPCL,Mar 2023,Group B,eps_cagr_5yr,35.52,0.9707446808510638
BPCL,Mar 2024,Group B,eps_cagr_5yr,35.52,0.9707446808510638
BRITANNIA,Mar 2013,Group B,eps_cagr_5yr,8.94,0.2898936170212766
BRITANNIA,Mar 2014,Group B,eps_cagr_5yr,8.94,0.2898936170212766
BRITANNIA,Mar 2015,Group B,eps_cagr_5yr,8.94,0.2898936170212766
BRITANNIA,Mar 2016,Group B,eps_cagr_5yr,8.94,0.2898936170212766
BRITANNIA,Mar 2017,Group B,eps_cagr_5yr,8.94,0.2898936170212766
BRITANNIA,Mar 2018,Group B,eps_cagr_5yr,8.94,0.2898936170212766
BRITANNIA,Mar 2019,Group B,eps_cagr_5yr,8.94,0.2898936170212766
BRITANNIA,Mar 2020,Group B,eps_cagr_5yr,8.94,0.2898936170212766
BRITANNIA,Mar 2021,Group B,eps_cagr_5yr,8.94,0.2898936170212766
BRITANNIA,Mar 2022,Group B,eps_cagr_5yr,8.94,0.2898936170212766
BRITANNIA,Mar 2023,Group B,eps_cagr_5yr,8.94,0.2898936170212766
BRITANNIA,Mar 2024,Group B,eps_cagr_5yr,8.94,0.2898936170212766
CANBK,Mar 2013,Group B,eps_cagr_5yr,,
CANBK,Mar 2014,Group B,eps_cagr_5yr,,
CANBK,Mar 2015,Group B,eps_cagr_5yr,,
CANBK,Mar 2016,Group B,eps_cagr_5yr,,
CANBK,Mar 2017,Group B,eps_cagr_5yr,,
CANBK,Mar 2018,Group B,eps_cagr_5yr,,
CANBK,Mar 2019,Group B,eps_cagr_5yr,,
CANBK,Mar 2020,Group B,eps_cagr_5yr,,
CANBK,Mar 2021,Group B,eps_cagr_5yr,,
CANBK,Mar 2022,Group B,eps_cagr_5yr,,
CANBK,Mar 2023,Group B,eps_cagr_5yr,,
CANBK,Mar 2024,Group B,eps_cagr_5yr,,
CHOLAFIN,Mar 2013,Group B,eps_cagr_5yr,28.75,0.9069148936170213
CHOLAFIN,Mar 2014,Group B,eps_cagr_5yr,28.75,0.9069148936170213
CHOLAFIN,Mar 2015,Group B,eps_cagr_5yr,28.75,0.9069148936170213
CHOLAFIN,Mar 2016,Group B,eps_cagr_5yr,28.75,0.9069148936170213
CHOLAFIN,Mar 2017,Group B,eps_cagr_5yr,28.75,0.9069148936170213
CHOLAFIN,Mar 2018,Group B,eps_cagr_5yr,28.75,0.9069148936170213
CHOLAFIN,Mar 2019,Group B,eps_cagr_5yr,28.75,0.9069148936170213
CHOLAFIN,Mar 2020,Group B,eps_cagr_5yr,28.75,0.9069148936170213
CHOLAFIN,Mar 2021,Group B,eps_cagr_5yr,28.75,0.9069148936170213
CHOLAFIN,Mar 2022,Group B,eps_cagr_5yr,28.75,0.9069148936170213
CHOLAFIN,Mar 2023,Group B,eps_cagr_5yr,28.75,0.9069148936170213
CHOLAFIN,Mar 2024,Group B,eps_cagr_5yr,28.75,0.9069148936170213
CIPLA,Mar 2013,Group B,eps_cagr_5yr,26.69,0.8430851063829787
CIPLA,Mar 2014,Group B,eps_cagr_5yr,26.69,0.8430851063829787
CIPLA,Mar 2015,Group B,eps_cagr_5yr,26.69,0.8430851063829787
CIPLA,Mar 2016,Group B,eps_cagr_5yr,26.69,0.8430851063829787
CIPLA,Mar 2017,Group B,eps_cagr_5yr,26.69,0.8430851063829787
CIPLA,Mar 2018,Group B,eps_cagr_5yr,26.69,0.8430851063829787
CIPLA,Mar 2019,Group B,eps_cagr_5yr,26.69,0.8430851063829787
CIPLA,Mar 2020,Group B,eps_cagr_5yr,26.69,0.8430851063829787
CIPLA,Mar 2021,Group B,eps_cagr_5yr,26.69,0.8430851063829787
CIPLA,Mar 2022,Group B,eps_cagr_5yr,26.69,0.8430851063829787
CIPLA,Mar 2023,Group B,eps_cagr_5yr,26.69,0.8430851063829787
CIPLA,Mar 2024,Group B,eps_cagr_5yr,26.69,0.8430851063829787
COALINDIA,Mar 2013,Group B,eps_cagr_5yr,15.71,0.47606382978723405
COALINDIA,Mar 2014,Group B,eps_cagr_5yr,15.71,0.47606382978723405
COALINDIA,Mar 2015,Group B,eps_cagr_5yr,15.71,0.47606382978723405
COALINDIA,Mar 2016,Group B,eps_cagr_5yr,15.71,0.47606382978723405
COALINDIA,Mar 2017,Group B,eps_cagr_5yr,15.71,0.47606382978723405
COALINDIA,Mar 2018,Group B,eps_cagr_5yr,15.71,0.47606382978723405
COALINDIA,Mar 2019,Group B,eps_cagr_5yr,15.71,0.47606382978723405
COALINDIA,Mar 2020,Group B,eps_cagr_5yr,15.71,0.47606382978723405
COALINDIA,Mar 2021,Group B,eps_cagr_5yr,15.71,0.47606382978723405
COALINDIA,Mar 2022,Group B,eps_cagr_5yr,15.71,0.47606382978723405
COALINDIA,Mar 2023,Group B,eps_cagr_5yr,15.71,0.47606382978723405
COALINDIA,Mar 2024,Group B,eps_cagr_5yr,15.71,0.47606382978723405
DABUR,Mar 2013,Group B,eps_cagr_5yr,4.56,0.09840425531914894
DABUR,Mar 2014,Group B,eps_cagr_5yr,4.56,0.09840425531914894
DABUR,Mar 2015,Group B,eps_cagr_5yr,4.56,0.09840425531914894
DABUR,Mar 2016,Group B,eps_cagr_5yr,4.56,0.09840425531914894
DABUR,Mar 2017,Group B,eps_cagr_5yr,4.56,0.09840425531914894
DABUR,Mar 2018,Group B,eps_cagr_5yr,4.56,0.09840425531914894
DABUR,Mar 2019,Group B,eps_cagr_5yr,4.56,0.09840425531914894
DABUR,Mar 2020,Group B,eps_cagr_5yr,4.56,0.09840425531914894
DABUR,Mar 2021,Group B,eps_cagr_5yr,4.56,0.09840425531914894
DABUR,Mar 2022,Group B,eps_cagr_5yr,4.56,0.09840425531914894
DABUR,Mar 2023,Group B,eps_cagr_5yr,4.56,0.09840425531914894
DABUR,Mar 2024,Group B,eps_cagr_5yr,4.56,0.09840425531914894
DIVISLAB,Mar 2013,Group B,eps_cagr_5yr,5.82,0.22606382978723405
DIVISLAB,Mar 2014,Group B,eps_cagr_5yr,5.82,0.22606382978723405
DIVISLAB,Mar 2015,Group B,eps_cagr_5yr,5.82,0.22606382978723405
DIVISLAB,Mar 2016,Group B,eps_cagr_5yr,5.82,0.22606382978723405
DIVISLAB,Mar 2017,Group B,eps_cagr_5yr,5.82,0.22606382978723405
DIVISLAB,Mar 2018,Group B,eps_cagr_5yr,5.82,0.22606382978723405
DIVISLAB,Mar 2019,Group B,eps_cagr_5yr,5.82,0.22606382978723405
DIVISLAB,Mar 2020,Group B,eps_cagr_5yr,5.82,0.22606382978723405
DIVISLAB,Mar 2021,Group B,eps_cagr_5yr,5.82,0.22606382978723405
DIVISLAB,Mar 2022,Group B,eps_cagr_5yr,5.82,0.22606382978723405
DIVISLAB,Mar 2023,Group B,eps_cagr_5yr,5.82,0.22606382978723405
DIVISLAB,Mar 2024,Group B,eps_cagr_5yr,5.82,0.22606382978723405
DLF,Mar 2013,Group B,eps_cagr_5yr,,
DLF,Mar 2014,Group B,eps_cagr_5yr,,
DLF,Mar 2015,Group B,eps_cagr_5yr,,
DLF,Mar 2016,Group B,eps_cagr_5yr,,
DLF,Mar 2017,Group B,eps_cagr_5yr,,
DLF,Mar 2018,Group B,eps_cagr_5yr,,
DLF,Mar 2019,Group B,eps_cagr_5yr,,
DLF,Mar 2020,Group B,eps_cagr_5yr,,
DLF,Mar 2021,Group B,eps_cagr_5yr,,
DLF,Mar 2022,Group B,eps_cagr_5yr,,
DLF,Mar 2023,Group B,eps_cagr_5yr,,
DLF,Mar 2024,Group B,eps_cagr_5yr,,
DMART,Mar 2013,Group B,eps_cagr_5yr,16.0,0.5398936170212766
DMART,Mar 2014,Group B,eps_cagr_5yr,16.0,0.5398936170212766
DMART,Mar 2015,Group B,eps_cagr_5yr,16.0,0.5398936170212766
DMART,Mar 2016,Group B,eps_cagr_5yr,16.0,0.5398936170212766
DMART,Mar 2017,Group B,eps_cagr_5yr,16.0,0.5398936170212766
DMART,Mar 2018,Group B,eps_cagr_5yr,16.0,0.5398936170212766
DMART,Mar 2019,Group B,eps_cagr_5yr,16.0,0.5398936170212766
DMART,Mar 2020,Group B,eps_cagr_5yr,16.0,0.5398936170212766
DMART,Mar 2021,Group B,eps_cagr_5yr,16.0,0.5398936170212766
DMART,Mar 2022,Group B,eps_cagr_5yr,16.0,0.5398936170212766
DMART,Mar 2023,Group B,eps_cagr_5yr,16.0,0.5398936170212766
DMART,Mar 2024,Group B,eps_cagr_5yr,16.0,0.5398936170212766
DRREDDY,Mar 2013,Group B,eps_cagr_5yr,21.67,0.6675531914893617
DRREDDY,Mar 2014,Group B,eps_cagr_5yr,21.67,0.6675531914893617
DRREDDY,Mar 2015,Group B,eps_cagr_5yr,21.67,0.6675531914893617
DRREDDY,Mar 2016,Group B,eps_cagr_5yr,21.67,0.6675531914893617
DRREDDY,Mar 2017,Group B,eps_cagr_5yr,21.67,0.6675531914893617
DRREDDY,Mar 2018,Group B,eps_cagr_5yr,21.67,0.6675531914893617
DRREDDY,Mar 2019,Group B,eps_cagr_5yr,21.67,0.6675531914893617
DRREDDY,Mar 2020,Group B,eps_cagr_5yr,21.67,0.6675531914893617
DRREDDY,Mar 2021,Group B,eps_cagr_5yr,21.67,0.6675531914893617
DRREDDY,Mar 2022,Group B,eps_cagr_5yr,21.67,0.6675531914893617
DRREDDY,Mar 2023,Group B,eps_cagr_5yr,21.67,0.6675531914893617
DRREDDY,Mar 2024,Group B,eps_cagr_5yr,21.67,0.6675531914893617
EICHERMOT,Dec 2012,Group B,eps_cagr_5yr,18.42,0.6037234042553191
EICHERMOT,Dec 2013,Group B,eps_cagr_5yr,18.42,0.6037234042553191
EICHERMOT,Dec 2014,Group B,eps_cagr_5yr,18.42,0.6037234042553191
EICHERMOT,Mar 2016,Group B,eps_cagr_5yr,18.42,0.6037234042553191
EICHERMOT,Mar 2017,Group B,eps_cagr_5yr,18.42,0.6037234042553191
EICHERMOT,Mar 2018,Group B,eps_cagr_5yr,18.42,0.6037234042553191
EICHERMOT,Mar 2019,Group B,eps_cagr_5yr,18.42,0.6037234042553191
EICHERMOT,Mar 2020,Group B,eps_cagr_5yr,18.42,0.6037234042553191
EICHERMOT,Mar 2021,Group B,eps_cagr_5yr,18.42,0.6037234042553191
EICHERMOT,Mar 2022,Group B,eps_cagr_5yr,18.42,0.6037234042553191
EICHERMOT,Mar 2023,Group B,eps_cagr_5yr,18.42,0.6037234042553191
EICHERMOT,Mar 2024,Group B,eps_cagr_5yr,18.42,0.6037234042553191
GAIL,Mar 2013,Group B,eps_cagr_5yr,5.15,0.1622340425531915
GAIL,Mar 2014,Group B,eps_cagr_5yr,5.15,0.1622340425531915
GAIL,Mar 2015,Group B,eps_cagr_5yr,5.15,0.1622340425531915
GAIL,Mar 2016,Group B,eps_cagr_5yr,5.15,0.1622340425531915
GAIL,Mar 2017,Group B,eps_cagr_5yr,5.15,0.1622340425531915
GAIL,Mar 2018,Group B,eps_cagr_5yr,5.15,0.1622340425531915
GAIL,Mar 2019,Group B,eps_cagr_5yr,5.15,0.1622340425531915
GAIL,Mar 2020,Group B,eps_cagr_5yr,5.15,0.1622340425531915
GAIL,Mar 2021,Group B,eps_cagr_5yr,5.15,0.1622340425531915
GAIL,Mar 2022,Group B,eps_cagr_5yr,5.15,0.1622340425531915
GAIL,Mar 2023,Group B,eps_cagr_5yr,5.15,0.1622340425531915
GAIL,Mar 2024,Group B,eps_cagr_5yr,5.15,0.1622340425531915
GODREJCP,Mar 2013,Group B,eps_cagr_5yr,,
GODREJCP,Mar 2014,Group B,eps_cagr_5yr,,
GODREJCP,Mar 2015,Group B,eps_cagr_5yr,,
GODREJCP,Mar 2016,Group B,eps_cagr_5yr,,
GODREJCP,Mar 2017,Group B,eps_cagr_5yr,,
GODREJCP,Mar 2018,Group B,eps_cagr_5yr,,
GODREJCP,Mar 2019,Group B,eps_cagr_5yr,,
GODREJCP,Mar 2020,Group B,eps_cagr_5yr,,
GODREJCP,Mar 2021,Group B,eps_cagr_5yr,,
GODREJCP,Mar 2022,Group B,eps_cagr_5yr,,
GODREJCP,Mar 2023,Group B,eps_cagr_5yr,,
GODREJCP,Mar 2024,Group B,eps_cagr_5yr,,
GRASIM,Mar 2013,Group B,eps_cagr_5yr,0.61,0.034574468085106384
GRASIM,Mar 2014,Group B,eps_cagr_5yr,0.61,0.034574468085106384
GRASIM,Mar 2015,Group B,eps_cagr_5yr,0.61,0.034574468085106384
GRASIM,Mar 2016,Group B,eps_cagr_5yr,0.61,0.034574468085106384
GRASIM,Mar 2017,Group B,eps_cagr_5yr,0.61,0.034574468085106384
GRASIM,Mar 2018,Group B,eps_cagr_5yr,0.61,0.034574468085106384
GRASIM,Mar 2019,Group B,eps_cagr_5yr,0.61,0.034574468085106384
GRASIM,Mar 2020,Group B,eps_cagr_5yr,0.61,0.034574468085106384
GRASIM,Mar 2021,Group B,eps_cagr_5yr,0.61,0.034574468085106384
GRASIM,Mar 2022,Group B,eps_cagr_5yr,0.61,0.034574468085106384
GRASIM,Mar 2023,Group B,eps_cagr_5yr,0.61,0.034574468085106384
GRASIM,Mar 2024,Group B,eps_cagr_5yr,0.61,0.034574468085106384
HAL,Mar 2016,Group B,eps_cagr_5yr,24.77,0.723404255319149
HAL,Mar 2017,Group B,eps_cagr_5yr,24.77,0.723404255319149
HAL,Mar 2018,Group B,eps_cagr_5yr,24.77,0.723404255319149
HAL,Mar 2019,Group B,eps_cagr_5yr,24.77,0.723404255319149
HAL,Mar 2020,Group B,eps_cagr_5yr,24.77,0.723404255319149
HAL,Mar 2021,Group B,eps_cagr_5yr,24.77,0.723404255319149
HAL,Mar 2022,Group B,eps_cagr_5yr,24.77,0.723404255319149
HAL,Mar 2023,Group B,eps_cagr_5yr,24.77,0.723404255319149
HAL,Mar 2024,Group B,eps_cagr_5yr,24.77,0.723404255319149
HAVELLS,Mar 2013,Group B,eps_cagr_5yr,12.89,0.4122340425531915
HAVELLS,Mar 2014,Group B,eps_cagr_5yr,12.89,0.4122340425531915
HAVELLS,Mar 2015,Group B,eps_cagr_5yr,12.89,0.4122340425531915
HAVELLS,Mar 2016,Group B,eps_cagr_5yr,12.89,0.4122340425531915
HAVELLS,Mar 2017,Group B,eps_cagr_5yr,12.89,0.4122340425531915
HAVELLS,Mar 2018,Group B,eps_cagr_5yr,12.89,0.4122340425531915
HAVELLS,Mar 2019,Group B,eps_cagr_5yr,12.89,0.4122340425531915
HAVELLS,Mar 2020,Group B,eps_cagr_5yr,12.89,0.4122340425531915
HAVELLS,Mar 2021,Group B,eps_cagr_5yr,12.89,0.4122340425531915
HAVELLS,Mar 2022,Group B,eps_cagr_5yr,12.89,0.4122340425531915
HAVELLS,Mar 2023,Group B,eps_cagr_5yr,12.89,0.4122340425531915
HAVELLS,Mar 2024,Group B,eps_cagr_5yr,12.89,0.4122340425531915
HCLTECH,Jun 2013,Group B,eps_cagr_5yr,8.97,0.35106382978723405
HCLTECH,Jun 2014,Group B,eps_cagr_5yr,8.97,0.35106382978723405
HCLTECH,Jun 2015,Group B,eps_cagr_5yr,8.97,0.35106382978723405
HCLTECH,Mar 2017,Group B,eps_cagr_5yr,8.97,0.35106382978723405
HCLTECH,Mar 2018,Group B,eps_cagr_5yr,8.97,0.35106382978723405
HCLTECH,Mar 2019,Group B,eps_cagr_5yr,8.97,0.35106382978723405
HCLTECH,Mar 2020,Group B,eps_cagr_5yr,8.97,0.35106382978723405
HCLTECH,Mar 2021,Group B,eps_cagr_5yr,8.97,0.35106382978723405
HCLTECH,Mar 2022,Group B,eps_cagr_5yr,8.97,0.35106382978723405
HCLTECH,Mar 2023,Group B,eps_cagr_5yr,8.97,0.35106382978723405
HCLTECH,Mar 2024,Group B,eps_cagr_5yr,8.97,0.35106382978723405
BOSCHLTD,Dec 2012,Group B,interest_coverage,286.5,0.8954545454545455
BOSCHLTD,Dec 2013,Group B,interest_coverage,,
BOSCHLTD,Mar 2015,Group B,interest_coverage,179.85714285714286,0.8409090909090909
BOSCHLTD,Mar 2016,Group B,interest_coverage,192.3846153846154,0.8545454545454545
BOSCHLTD,Mar 2017,Group B,interest_coverage,106.48148148148148,0.7818181818181819
BOSCHLTD,Mar 2018,Group B,interest_coverage,837.0,0.9727272727272728
BOSCHLTD,Mar 2019,Group B,interest_coverage,211.84615384615384,0.8636363636363636
BOSCHLTD,Mar 2020,Group B,interest_coverage,137.8,0.8090909090909091
BOSCHLTD,Mar 2021,Group B,interest_coverage,65.85714285714286,0.7090909090909091
BOSCHLTD,Mar 2022,Group B,interest_coverage,63.89655172413793,0.7
BOSCHLTD,Mar 2023,Group B,interest_coverage,190.08333333333331,0.85
BOSCHLTD,Mar 2024,Group B,interest_coverage,71.7843137254902,0.7272727272727273
BPCL,Mar 2013,Group B,interest_coverage,3.256949960285941,0.10909090909090909
BPCL,Mar 2014,Group B,interest_coverage,5.4278506559031285,0.16363636363636364
BPCL,Mar 2015,Group B,interest_coverage,10.082203389830507,0.24545454545454545
BPCL,Mar 2016,Group B,interest_coverage,21.88823529411765,0.42727272727272725
BPCL,Mar 2017,Group B,interest_coverage,23.71264367816092,0.45
BPCL,Mar 2018,Group B,interest_coverage,15.382799325463743,0.35454545454545455
BPCL,Mar 2019,Group B,interest_coverage,10.253401360544215,0.2545454545454545
BPCL,Mar 2020,Group B,interest_coverage,3.931740614334471,0.13636363636363635
BPCL,Mar 2021,Group B,interest_coverage,16.535113174695297,0.35909090909090907
BPCL,Mar 2022,Group B,interest_coverage,9.23867996930161,0.22727272727272727
BPCL,Mar 2023,Group B,interest_coverage,3.4539385847797064,0.1318181818181818
BPCL,Mar 2024,Group B,interest_coverage,11.355507351168956,0.2772727272727273
BRITANNIA,Mar 2013,Group B,interest_coverage,11.53658536585366,0.2818181818181818
BRITANNIA,Mar 2014,Group B,interest_coverage,82.625,0.7545454545454545
BRITANNIA,Mar 2015,Group B,interest_coverage,274.5,0.8863636363636364
BRITANNIA,Mar 2016,Group B,interest_coverage,267.8,0.8772727272727273
BRITANNIA,Mar 2017,Group B,interest_coverage,285.8,0.8909090909090909
BRITANNIA,Mar 2018,Group B,interest_coverage,208.375,0.8590909090909091
BRITANNIA,Mar 2019,Group B,interest_coverage,215.33333333333331,0.8681818181818182
BRITANNIA,Mar 2020,Group B,interest_coverage,27.350649350649352,0.4818181818181818
BRITANNIA,Mar 2021,Group B,interest_coverage,25.423423423423426,0.4727272727272727
BRITANNIA,Mar 2022,Group B,interest_coverage,16.82638888888889,0.36818181818181817
BRITANNIA,Mar 2023,Group B,interest_coverage,20.28402366863905,0.4
BRITANNIA,Mar 2024,Group B,interest_coverage,20.59756097560976,0.4090909090909091
CANBK,Mar 2013,Group B,interest_coverage,2.1822853688029022,0.06818181818181818
CANBK,Mar 2014,Group B,interest_coverage,2.3248069498069497,0.07727272727272727
CANBK,Mar 2015,Group B,interest_coverage,2.1764208747094864,0.06363636363636363
CANBK,Mar 2016,Group B,interest_coverage,3.3739080896315987,0.11818181818181818
CANBK,Mar 2017,Group B,interest_coverage,1.9965613856342328,0.05454545454545454
CANBK,Mar 2018,Group B,interest_coverage,3.4536361178696944,0.12727272727272726
CANBK,Mar 2019,Group B,interest_coverage,2.7433128091248613,0.09545454545454546
CANBK,Mar 2020,Group B,interest_coverage,2.2699381303500297,0.07272727272727272
CANBK,Mar 2021,Group B,interest_coverage,1.8804037078749023,0.05
CANBK,Mar 2022,Group B,interest_coverage,1.7432643911517152,0.045454545454545456
CANBK,Mar 2023,Group B,interest_coverage,1.6884501480750247,0.03636363636363636
CANBK,Mar 2024,Group B,interest_coverage,1.6106611743349857,0.02727272727272727
CHOLAFIN,Mar 2013,Group B,interest_coverage,706.0,0.9681818181818181
CHOLAFIN,Mar 2014,Group B,interest_coverage,950.0,0.9772727272727273
CHOLAFIN,Mar 2015,Group B,interest_coverage,,
CHOLAFIN,Mar 2016,Group B,interest_coverage,643.5,0.9454545454545454
CHOLAFIN,Mar 2017,Group B,interest_coverage,448.6666666666667,0.9272727272727272
CHOLAFIN,Mar 2018,Group B,interest_coverage,,
CHOLAFIN,Mar 2019,Group B,interest_coverage,1659.0,0.9954545454545455
CHOLAFIN,Mar 2020,Group B,interest_coverage,,
CHOLAFIN,Mar 2021,Group B,interest_coverage,52.410714285714285,0.6590909090909091
CHOLAFIN,Mar 2022,Group B,interest_coverage,35.17857142857143,0.5590909090909091
CHOLAFIN,Mar 2023,Group B,interest_coverage,16.581818181818182,0.36363636363636365
CHOLAFIN,Mar 2024,Group B,interest_coverage,21.211764705882352,0.41818181818181815
CIPLA,Mar 2013,Group B,interest_coverage,24.86530612244898,0.4636363636363636
CIPLA,Mar 2014,Group B,interest_coverage,32.059760956175296,0.5227272727272727
CIPLA,Mar 2015,Group B,interest_coverage,56.109756097560975,0.6681818181818182
CIPLA,Mar 2016,Group B,interest_coverage,54.46153846153846,0.6636363636363637
CIPLA,Mar 2017,Group B,interest_coverage,57.28365384615385,0.6909090909090909
CIPLA,Mar 2018,Group B,interest_coverage,44.1,0.6181818181818182
CIPLA,Mar 2019,Group B,interest_coverage,27.849056603773583,0.4863636363636364
CIPLA,Mar 2020,Group B,interest_coverage,40.53779069767442,0.6
CIPLA,Mar 2021,Group B,interest_coverage,56.12406015037594,0.6727272727272727
CIPLA,Mar 2022,Group B,interest_coverage,174.06060606060606,0.8363636363636363
CIPLA,Mar 2023,Group B,interest_coverage,60.57337883959045,0.6954545454545454
CIPLA,Mar 2024,Group B,interest_coverage,35.33876811594203,0.5636363636363636
COALINDIA,Mar 2013,Group B,interest_coverage,5.740630712979891,0.16818181818181818
COALINDIA,Mar 2014,Group B,interest_coverage,7.374389733575115,0.19090909090909092
COALINDIA,Mar 2015,Group B,interest_coverage,8.645357686453577,0.22272727272727272
COALINDIA,Mar 2016,Group B,interest_coverage,9.963125105236571,0.23636363636363636
COALINDIA,Mar 2017,Group B,interest_coverage,12.364936042136945,0.3
COALINDIA,Mar 2018,Group B,interest_coverage,15.269748743718592,0.35
COALINDIA,Mar 2019,Group B,interest_coverage,12.787795680493655,0.30454545454545456
COALINDIA,Mar 2020,Group B,interest_coverage,11.56455617628802,0.2863636363636364
COALINDIA,Mar 2021,Group B,interest_coverage,19.08578300374132,0.38636363636363635
COALINDIA,Mar 2022,Group B,interest_coverage,21.99120538023797,0.4318181818181818
COALINDIA,Mar 2023,Group B,interest_coverage,14.33719512195122,0.3409090909090909
COALINDIA,Mar 2024,Group B,interest_coverage,11.24178180085755,0.2727272727272727
DABUR,Mar 2013,Group B,interest_coverage,18.508474576271187,0.37727272727272726
DABUR,Mar 2014,Group B,interest_coverage,23.85185185185185,0.45454545454545453
DABUR,Mar 2015,Group B,interest_coverage,36.85,0.5863636363636363
DABUR,Mar 2016,Group B,interest_coverage,36.145833333333336,0.5818181818181818
DABUR,Mar 2017,Group B,interest_coverage,33.48148148148148,0.55
DABUR,Mar 2018,Group B,interest_coverage,36.0,0.5772727272727273
DABUR,Mar 2019,Group B,interest_coverage,32.7,0.5318181818181819
DABUR,Mar 2020,Group B,interest_coverage,39.94,0.5909090909090909
DABUR,Mar 2021,Group B,interest_coverage,75.06451612903226,0.740909090909091
DABUR,Mar 2022,Group B,interest_coverage,65.64102564102564,0.7045454545454546
DABUR,Mar 2023,Group B,interest_coverage,33.42307692307692,0.5409090909090909
DABUR,Mar 2024,Group B,interest_coverage,23.241935483870968,0.4409090909090909
DIVISLAB,Mar 2013,Group B,interest_coverage,287.0,0.9
DIVISLAB,Mar 2014,Group B,interest_coverage,362.0,0.9136363636363637
DIVISLAB,Mar 2015,Group B,interest_coverage,403.6666666666667,0.9181818181818182
DIVISLAB,Mar 2016,Group B,interest_coverage,303.2,0.9090909090909091
DIVISLAB,Mar 2017,Group B,interest_coverage,507.3333333333333,0.9318181818181818
DIVISLAB,Mar 2018,Group B,interest_coverage,688.0,0.9636363636363636
DIVISLAB,Mar 2019,Group B,interest_coverage,405.6,0.9227272727272727
DIVISLAB,Mar 2020,Group B,interest_coverage,287.42857142857144,0.9045454545454545
DIVISLAB,Mar 2021,Group B,interest_coverage,1462.0,0.990909090909091
DIVISLAB,Mar 2022,Group B,interest_coverage,1998.5,1.0
DIVISLAB,Mar 2023,Group B,interest_coverage,1357.0,0.9863636363636363
DIVISLAB,Mar 2024,Group B,interest_coverage,636.25,0.9409090909090909
DLF,Mar 2013,Group B,interest_coverage,1.6905790838375108,0.04090909090909091
DLF,Mar 2014,Group B,interest_coverage,1.4721883881445392,0.00909090909090909
DLF,Mar 2015,Group B,interest_coverage,1.5264756944444444,0.013636363636363636
DLF,Mar 2016,Group B,interest_coverage,1.6686567164179105,0.031818181818181815
DLF,Mar 2017,Group B,interest_coverage,1.537248322147651,0.01818181818181818
DLF,Mar 2018,Group B,interest_coverage,4.1003049813622505,0.1409090909090909
DLF,Mar 2019,Group B,interest_coverage,1.4219204655674105,0.004545454545454545
DLF,Mar 2020,Group B,interest_coverage,1.598458304134548,0.022727272727272728
DLF,Mar 2021,Group B,interest_coverage,2.17116060961313,0.05909090909090909
DLF,Mar 2022,Group B,interest_coverage,3.1008,0.10454545454545454
DLF,Mar 2023,Group B,interest_coverage,5.211734693877551,0.15454545454545454
DLF,Mar 2024,Group B,interest_coverage,7.457865168539326,0.19545454545454546
DMART,Mar 2013,Group B,interest_coverage,5.348837209302325,0.1590909090909091
DMART,Mar 2014,Group B,interest_coverage,6.375,0.17272727272727273
DMART,Mar 2015,Group B,interest_coverage,6.611111111111111,0.18181818181818182
DMART,Mar 2016,Group B,interest_coverage,7.483516483516484,0.2
DMART,Mar 2017,Group B,interest_coverage,8.172131147540984,0.20909090909090908
DMART,Mar 2018,Group B,interest_coverage,24.016666666666666,0.4590909090909091
DMART,Mar 2019,Group B,interest_coverage,35.765957446808514,0.5727272727272728
DMART,Mar 2020,Group B,interest_coverage,31.71014492753623,0.5136363636363637
DMART,Mar 2021,Group B,interest_coverage,46.16666666666666,0.6318181818181818
DMART,Mar 2022,Group B,interest_coverage,48.44444444444444,0.6454545454545455
DMART,Mar 2023,Group B,interest_coverage,56.223880597014926,0.6772727272727272
DMART,Mar 2024,Group B,interest_coverage,73.29310344827586,0.7318181818181818
DRREDDY,Mar 2013,Group B,interest_coverage,28.15,0.4954545454545455
DRREDDY,Mar 2014,Group B,interest_coverage,26.937007874015748,0.4772727272727273
DRREDDY,Mar 2015,Group B,interest_coverage,34.888888888888886,0.5545454545454546
DRREDDY,Mar 2016,Group B,interest_coverage,46.74698795180723,0.6409090909090909
DRREDDY,Mar 2017,Group B,interest_coverage,33.46835443037975,0.5454545454545454
DRREDDY,Mar 2018,Group B,interest_coverage,31.72151898734177,0.5181818181818182
DRREDDY,Mar 2019,Group B,interest_coverage,39.98876404494382,0.5954545454545455
DRREDDY,Mar 2020,Group B,interest_coverage,32.11224489795919,0.5272727272727272
DRREDDY,Mar 2021,Group B,interest_coverage,43.39175257731959,0.6136363636363636
DRREDDY,Mar 2022,Group B,interest_coverage,45.03125,0.6227272727272727
DRREDDY,Mar 2023,Group B,interest_coverage,52.03496503496503,0.6545454545454545
DRREDDY,Mar 2024,Group B,interest_coverage,51.707602339181285,0.65
EICHERMOT,Dec 2012,Group B,interest_coverage,171.5,0.8318181818181818
EICHERMOT,Dec 2013,Group B,interest_coverage,101.0,0.7727272727272727
EICHERMOT,Dec 2014,Group B,interest_coverage,122.3,0.7954545454545454
EICHERMOT,Mar 2016,Group B,interest_coverage,1008.0,0.9818181818181818
EICHERMOT,Mar 2017,Group B,interest_coverage,647.5,0.95
EICHERMOT,Mar 2018,Group B,interest_coverage,669.0,0.9545454545454546
EICHERMOT,Mar 2019,Group B,interest_coverage,515.0,0.9363636363636364
EICHERMOT,Mar 2020,Group B,interest_coverage,145.0,0.8227272727272728
EICHERMOT,Mar 2021,Group B,interest_coverage,141.5625,0.8181818181818182
EICHERMOT,Mar 2022,Group B,interest_coverage,140.73684210526315,0.8136363636363636
EICHERMOT,Mar 2023,Group B,interest_coverage,155.5,0.8272727272727273
EICHERMOT,Mar 2024,Group B,interest_coverage,114.70588235294116,0.7863636363636364
GAIL,Mar 2013,Group B,interest_coverage,19.02517162471396,0.38181818181818183
GAIL,Mar 2014,Group B,interest_coverage,13.804185351270553,0.33181818181818185
GAIL,Mar 2015,Group B,interest_coverage,10.085889570552148,0.25
GAIL,Mar 2016,Group B,interest_coverage,6.407542579075426,0.17727272727272728
GAIL,Mar 2017,Group B,interest_coverage,14.210216110019646,0.33636363636363636
GAIL,Mar 2018,Group B,interest_coverage,29.661016949152543,0.509090909090909
GAIL,Mar 2019,Group B,interest_coverage,73.31446540880503,0.7363636363636363
GAIL,Mar 2020,Group B,interest_coverage,41.48220064724919,0.6090909090909091
GAIL,Mar 2021,Group B,interest_coverage,56.30167597765363,0.6818181818181818
GAIL,Mar 2022,Group B,interest_coverage,89.53465346534654,0.7636363636363637
GAIL,Mar 2023,Group B,interest_coverage,28.27945205479452,0.5
GAIL,Mar 2024,Group B,interest_coverage,23.624478442280942,0.44545454545454544
GODREJCP,Mar 2013,Group B,interest_coverage,13.666666666666666,0.32272727272727275
GODREJCP,Mar 2014,Group B,interest_coverage,10.258333333333333,0.2590909090909091
GODREJCP,Mar 2015,Group B,interest_coverage,12.964285714285714,0.31363636363636366
GODREJCP,Mar 2016,Group B,interest_coverage,10.8984375,0.2681818181818182
GODREJCP,Mar 2017,Group B,interest_coverage,12.876623376623376,0.3090909090909091
GODREJCP,Mar 2018,Group B,interest_coverage,13.68208092485549,0.32727272727272727
GODREJCP,Mar 2019,Group B,interest_coverage,10.478991596638656,0.2636363636363636
GODREJCP,Mar 2020,Group B,interest_coverage,9.587719298245617,0.2318181818181818
GODREJCP,Mar 2021,Group B,interest_coverage,17.55072463768116,0.37272727272727274
GODREJCP,Mar 2022,Group B,interest_coverage,20.385245901639344,0.40454545454545454
GODREJCP,Mar 2023,Group B,interest_coverage,13.601063829787234,0.3181818181818182
GODREJCP,Mar 2024,Group B,interest_coverage,2.412903225806452,0.08181818181818182
GRASIM,Mar 2013,Group B,interest_coverage,20.82716049382716,0.41363636363636364
GRASIM,Mar 2014,Group B,interest_coverage,12.284116331096197,0.29545454545454547
GRASIM,Mar 2015,Group B,interest_coverage,8.506746626686656,0.21818181818181817
GRASIM,Mar 2016,Group B,interest_coverage,10.071030640668525,0.2409090909090909
GRASIM,Mar 2017,Group B,interest_coverage,12.055555555555555,0.2909090909090909
GRASIM,Mar 2018,Group B,interest_coverage,3.282009282009282,0.11363636363636363
GRASIM,Mar 2019,Group B,interest_coverage,2.441254125412541,0.08636363636363636
GRASIM,Mar 2020,Group B,interest_coverage,2.532510885341074,0.09090909090909091
GRASIM,Mar 2021,Group B,interest_coverage,3.453608247422681,0.12272727272727273
GRASIM,Mar 2022,Group B,interest_coverage,4.622906197654942,0.15
GRASIM,Mar 2023,Group B,interest_coverage,4.1896095301125085,0.14545454545454545
GRASIM,Mar 2024,Group B,interest_coverage,3.015845639754231,0.1
HAL,Mar 2016,Group B,interest_coverage,679.3333333333334,0.9590909090909091
HAL,Mar 2017,Group B,interest_coverage,267.5,0.8727272727272727
HAL,Mar 2018,Group B,interest_coverage,120.6,0.7909090909090909
HAL,Mar 2019,Group B,interest_coverage,27.937853107344637,0.4909090909090909
HAL,Mar 2020,Group B,interest_coverage,14.749303621169917,0.34545454545454546
HAL,Mar 2021,Group B,interest_coverage,21.352059925093634,0.42272727272727273
HAL,Mar 2022,Group B,interest_coverage,98.55384615384617,0.7681818181818182
HAL,Mar 2023,Group B,interest_coverage,130.328125,0.8045454545454546
HAL,Mar 2024,Group B,interest_coverage,270.8837209302326,0.8818181818181818
HAVELLS,Mar 2013,Group B,interest_coverage,7.284552845528455,0.18636363636363637
HAVELLS,Mar 2014,Group B,interest_coverage,7.96078431372549,0.20454545454545456
HAVELLS,Mar 2015,Group B,interest_coverage,8.364583333333334,0.21363636363636362
HAVELLS,Mar 2016,Group B,interest_coverage,19.17582417582417,0.39090909090909093
HAVELLS,Mar 2017,Group B,interest_coverage,65.92307692307692,0.7136363636363636
HAVELLS,Mar 2018,Group B,interest_coverage,45.2,0.6272727272727273
HAVELLS,Mar 2019,Group B,interest_coverage,82.0625,0.75
HAVELLS,Mar 2020,Group B,interest_coverage,23.01960784313725,0.43636363636363634
HAVELLS,Mar 2021,Group B,interest_coverage,19.73333333333333,0.39545454545454545
HAVELLS,Mar 2022,Group B,interest_coverage,28.86567164179105,0.5045454545454545
HAVELLS,Mar 2023,Group B,interest_coverage,32.70909090909091,0.5363636363636364
HAVELLS,Mar 2024,Group B,interest_coverage,25.357142857142858,0.4681818181818182
HCLTECH,Jun 2013,Group B,interest_coverage,56.71698113207548,0.6863636363636364
HCLTECH,Jun 2014,Group B,interest_coverage,76.42105263157895,0.7454545454545455
HCLTECH,Jun 2015,Group B,interest_coverage,105.62637362637362,0.7772727272727272
HCLTECH,Mar 2017,Group B,interest_coverage,128.75280898876406,0.8
HCLTECH,Mar 2018,Group B,interest_coverage,180.81159420289856,0.8454545454545455
HCLTECH,Mar 2019,Group B,interest_coverage,85.45402298850574,0.759090909090909
HCLTECH,Mar 2020,Group B,interest_coverage,35.45544554455446,0.5681818181818182
HCLTECH,Mar 2021,Group B,interest_coverage,41.04696673189824,0.6045454545454545
HCLTECH,Mar 2022,Group B,interest_coverage,67.69905956112852,0.7181818181818181
HCLTECH,Mar 2023,Group B,interest_coverage,67.94900849858357,0.7227272727272728
HCLTECH,Mar 2024,Group B,interest_coverage,46.46112115732369,0.6363636363636364
BOSCHLTD,Dec 2012,Group B,asset_turnover,1.0957985320172108,0.6875
BOSCHLTD,Dec 2013,Group B,asset_turnover,0.9849285794623776,0.6428571428571429
BOSCHLTD,Mar 2015,Group B,asset_turnover,1.1586616815262198,0.7098214285714286
BOSCHLTD,Mar 2016,Group B,asset_turnover,0.7802622054210568,0.48660714285714285
BOSCHLTD,Mar 2017,Group B,asset_turnover,0.8843220338983051,0.5669642857142857
BOSCHLTD,Mar 2018,Group B,asset_turnover,0.8393767501974582,0.5178571428571429
BOSCHLTD,Mar 2019,Group B,asset_turnover,0.9508261211644374,0.6160714285714286
BOSCHLTD,Mar 2020,Group B,asset_turnover,0.7388888888888889,0.41964285714285715
BOSCHLTD,Mar 2021,Group B,asset_turnover,0.6577771761202111,0.29464285714285715
BOSCHLTD,Mar 2022,Group B,asset_turnover,0.764568462037638,0.45089285714285715
BOSCHLTD,Mar 2023,Group B,asset_turnover,0.9181991512393136,0.5982142857142857
BOSCHLTD,Mar 2024,Group B,asset_turnover,0.9638144626908672,0.6294642857142857
BPCL,Mar 2013,Group B,asset_turnover,3.041405033405334,0.9508928571428571
BPCL,Mar 2014,Group B,asset_turnover,2.9891589418946416,0.9464285714285714
BPCL,Mar 2015,Group B,asset_turnover,2.81038437478279,0.9330357142857143
BPCL,Mar 2016,Group B,asset_turnover,2.173231353127676,0.875
BPCL,Mar 2017,Group B,asset_turnover,1.844883853106723,0.8303571428571429
BPCL,Mar 2018,Group B,asset_turnover,1.9599770680315065,0.8571428571428571
BPCL,Mar 2019,Group B,asset_turnover,2.1780085593678336,0.8794642857142857
BPCL,Mar 2020,Group B,asset_turnover,1.8863316982632905,0.8482142857142857
BPCL,Mar 2021,Group B,asset_turnover,1.4298289207220862,0.7767857142857143
BPCL,Mar 2022,Group B,asset_turnover,1.849265980195063,0.8392857142857143
BPCL,Mar 2023,Group B,asset_turnover,2.5154936765386027,0.9107142857142857
BPCL,Mar 2024,Group B,asset_turnover,2.213651947949293,0.8883928571428571
BRITANNIA,Mar 2013,Group B,asset_turnover,3.2846521508231548,0.9598214285714286
BRITANNIA,Mar 2014,Group B,asset_turnover,3.280968201233982,0.9553571428571429
BRITANNIA,Mar 2015,Group B,asset_turnover,2.8134622269960614,0.9375
BRITANNIA,Mar 2016,Group B,asset_turnover,2.403262736119061,0.90625
BRITANNIA,Mar 2017,Group B,asset_turnover,2.203455828668776,0.8839285714285714
BRITANNIA,Mar 2018,Group B,asset_turnover,1.9109483423284503,0.8526785714285714
BRITANNIA,Mar 2019,Group B,asset_turnover,1.7722026290477717,0.8258928571428571
BRITANNIA,Mar 2020,Group B,asset_turnover,1.4814814814814814,0.78125
BRITANNIA,Mar 2021,Group B,asset_turnover,1.642,0.8035714285714286
BRITANNIA,Mar 2022,Group B,asset_turnover,1.8780390593862095,0.84375
BRITANNIA,Mar 2023,Group B,asset_turnover,1.743236017538231,0.8125
BRITANNIA,Mar 2024,Group B,asset_turnover,1.8484347442680773,0.8348214285714286
CANBK,Mar 2013,Group B,asset_turnover,0.0812498211406931,0.05357142857142857
CANBK,Mar 2014,Group B,asset_turnover,0.0789678500868107,0.049107142857142856
CANBK,Mar 2015,Group B,asset_turnover,0.0784394816652881,0.044642857142857144
CANBK,Mar 2016,Group B,asset_turnover,0.0781214244534125,0.04017857142857143
CANBK,Mar 2017,Group B,asset_turnover,0.0695401730075365,0.03125
CANBK,Mar 2018,Group B,asset_turnover,0.0654778401577359,0.017857142857142856
CANBK,Mar 2019,Group B,asset_turnover,0.0673674420434317,0.026785714285714284
CANBK,Mar 2020,Group B,asset_turnover,0.0671112969356927,0.022321428571428572
CANBK,Mar 2021,Group B,asset_turnover,0.0595596588500601,0.008928571428571428
CANBK,Mar 2022,Group B,asset_turnover,0.0560967723740833,0.004464285714285714
CANBK,Mar 2023,Group B,asset_turnover,0.062189090751106,0.013392857142857142
CANBK,Mar 2024,Group B,asset_turnover,0.0719985042520674,0.03571428571428571
CHOLAFIN,Mar 2013,Group B,asset_turnover,0.140991880623217,0.13839285714285715
CHOLAFIN,Mar 2014,Group B,asset_turnover,0.1522001485332343,0.14732142857142858
CHOLAFIN,Mar 2015,Group B,asset_turnover,0.1556477291771409,0.15625
CHOLAFIN,Mar 2016,Group B,asset_turnover,0.1510989996055792,0.14285714285714285
CHOLAFIN,Mar 2017,Group B,asset_turnover,0.1534087195241519,0.15178571428571427
CHOLAFIN,Mar 2018,Group B,asset_turnover,0.125863201032445,0.11607142857142858
CHOLAFIN,Mar 2019,Group B,asset_turnover,0.123638893720647,0.10714285714285714
CHOLAFIN,Mar 2020,Group B,asset_turnover,0.1360017484154984,0.13392857142857142
CHOLAFIN,Mar 2021,Group B,asset_turnover,0.1283827233267241,0.12053571428571429
CHOLAFIN,Mar 2022,Group B,asset_turnover,0.123038870971653,0.10267857142857142
CHOLAFIN,Mar 2023,Group B,asset_turnover,0.113388543215961,0.08482142857142858
CHOLAFIN,Mar 2024,Group B,asset_turnover,0.1223019286981606,0.09821428571428571
CIPLA,Mar 2013,Group B,asset_turnover,0.7101561159718648,0.3705357142857143
CIPLA,Mar 2014,Group B,asset_turnover,0.7591791044776119,0.4375
CIPLA,Mar 2015,Group B,asset_turnover,0.7239948947032546,0.39732142857142855
CIPLA,Mar 2016,Group B,asset_turnover,0.6551380113069505,0.2857142857142857
CIPLA,Mar 2017,Group B,asset_turnover,0.6897311802194642,0.35714285714285715
CIPLA,Mar 2018,Group B,asset_turnover,0.668460283156177,0.3169642857142857
CIPLA,Mar 2019,Group B,asset_turnover,0.6885784024913728,0.3482142857142857
CIPLA,Mar 2020,Group B,asset_turnover,0.731417837168595,0.40625
CIPLA,Mar 2021,Group B,asset_turnover,0.7708710521021928,0.46875
CIPLA,Mar 2022,Group B,asset_turnover,0.8103287783445656,0.4955357142857143
CIPLA,Mar 2023,Group B,asset_turnover,0.7765529010238907,0.48214285714285715
CIPLA,Mar 2024,Group B,asset_turnover,0.7922417237881536,0.49107142857142855
COALINDIA,Mar 2013,Group B,asset_turnover,0.6154365983979528,0.24553571428571427
COALINDIA,Mar 2014,Group B,asset_turnover,0.6728544473879815,0.32589285714285715
COALINDIA,Mar 2015,Group B,asset_turnover,0.6661453980065968,0.3125
COALINDIA,Mar 2016,Group B,asset_turnover,0.6856375484325467,0.34375
COALINDIA,Mar 2017,Group B,asset_turnover,0.6591278976616324,0.29910714285714285
COALINDIA,Mar 2018,Group B,asset_turnover,0.6793920507527635,0.33035714285714285
COALINDIA,Mar 2019,Group B,asset_turnover,0.7486487096022433,0.42410714285714285
COALINDIA,Mar 2020,Group B,asset_turnover,0.64044794027463,0.2767857142857143
COALINDIA,Mar 2021,Group B,asset_turnover,0.5589906302972351,0.20535714285714285
COALINDIA,Mar 2022,Group B,asset_turnover,0.6114436344992086,0.24107142857142858
COALINDIA,Mar 2023,Group B,asset_turnover,0.6244557263907207,0.2544642857142857
COALINDIA,Mar 2024,Group B,asset_turnover,0.6018691588785047,0.23660714285714285
DABUR,Mar 2013,Group B,asset_turnover,1.3038861754087916,0.7410714285714286
DABUR,Mar 2014,Group B,asset_turnover,1.3286897590361446,0.75
DABUR,Mar 2015,Group B,asset_turnover,1.2766131673763512,0.7366071428571429
DABUR,Mar 2016,Group B,asset_turnover,1.122331217541835,0.7008928571428571
DABUR,Mar 2017,Group B,asset_turnover,0.9847387480600104,0.6383928571428571
DABUR,Mar 2018,Group B,asset_turnover,0.8873822109859802,0.5803571428571429
DABUR,Mar 2019,Group B,asset_turnover,1.0092449922958395,0.6517857142857143
DABUR,Mar 2020,Group B,asset_turnover,0.9301702902431188,0.6071428571428571
DABUR,Mar 2021,Group B,asset_turnover,0.8826733130250162,0.5625
DABUR,Mar 2022,Group B,asset_turnover,0.8864376424617388,0.5758928571428571
DABUR,Mar 2023,Group B,asset_turnover,0.8445648989159098,0.5267857142857143
DABUR,Mar 2024,Group B,asset_turnover,0.8205874569992061,0.5044642857142857
DIVISLAB,Mar 2013,Group B,asset_turnover,0.6833386428798981,0.3392857142857143
DIVISLAB,Mar 2014,Group B,asset_turnover,0.6824797843665769,0.33482142857142855
DIVISLAB,Mar 2015,Group B,asset_turnover,0.7071509648127128,0.36160714285714285
DIVISLAB,Mar 2016,Group B,asset_turnover,0.7709269089424254,0.4732142857142857
DIVISLAB,Mar 2017,Group B,asset_turnover,0.6602761982128351,0.30357142857142855
DIVISLAB,Mar 2018,Group B,asset_turnover,0.5734708916728076,0.20982142857142858
DIVISLAB,Mar 2019,Group B,asset_turnover,0.6154803384768541,0.25
DIVISLAB,Mar 2020,Group B,asset_turnover,0.6322822646817489,0.25892857142857145
DIVISLAB,Mar 2021,Group B,asset_turnover,0.6470151332281125,0.28125
DIVISLAB,Mar 2022,Group B,asset_turnover,0.6706586826347305,0.32142857142857145
DIVISLAB,Mar 2023,Group B,asset_turnover,0.5384402079722703,0.20089285714285715
DIVISLAB,Mar 2024,Group B,asset_turnover,0.5074385510996119,0.19642857142857142
DLF,Mar 2013,Group B,asset_turnover,0.1202375980323913,0.09375
DLF,Mar 2014,Group B,asset_turnover,0.1286013173188686,0.12946428571428573
DLF,Mar 2015,Group B,asset_turnover,0.1154356946666264,0.08928571428571429
DLF,Mar 2016,Group B,asset_turnover,0.1607996241636832,0.16071428571428573
DLF,Mar 2017,Group B,asset_turnover,0.1285455170904087,0.125
DLF,Mar 2018,Group B,asset_turnover,0.1107039696294462,0.07589285714285714
DLF,Mar 2019,Group B,asset_turnover,0.1258366800535475,0.11160714285714286
DLF,Mar 2020,Group B,asset_turnover,0.1088387904813025,0.07142857142857142
DLF,Mar 2021,Group B,asset_turnover,0.1012189650014956,0.05803571428571429
DLF,Mar 2022,Group B,asset_turnover,0.111732171125921,0.08035714285714286
DLF,Mar 2023,Group B,asset_turnover,0.1083276268736209,0.0625
DLF,Mar 2024,Group B,asset_turnover,0.1088049569147945,0.06696428571428571
DMART,Mar 2013,Group B,asset_turnover,2.239276139410188,0.8928571428571429
DMART,Mar 2014,Group B,asset_turnover,2.5918141592920354,0.9151785714285714
DMART,Mar 2015,Group B,asset_turnover,2.7341825902335457,0.9241071428571429
DMART,Mar 2016,Group B,asset_turnover,2.7672469374597037,0.9285714285714286
DMART,Mar 2017,Group B,asset_turnover,2.044681216703901,0.8660714285714286
DMART,Mar 2018,Group B,asset_turnover,2.66165014164306,0.9196428571428571
DMART,Mar 2019,Group B,asset_turnover,2.8554096488723952,0.9419642857142857
DMART,Mar 2020,Group B,asset_turnover,2.059456773766148,0.8705357142857143
DMART,Mar 2021,Group B,asset_turnover,1.7680703039179788,0.8169642857142857
DMART,Mar 2022,Group B,asset_turnover,2.002197660138324,0.8616071428571429
DMART,Mar 2023,Group B,asset_turnover,2.3661971830985915,0.8973214285714286
DMART,Mar 2024,Group B,asset_turnover,2.398875873795579,0.9017857142857143
DRREDDY,Mar 2013,Group B,asset_turnover,0.8843796711509716,0.5714285714285714
DRREDDY,Mar 2014,Group B,asset_turnover,0.84339243052936,0.5223214285714286
DRREDDY,Mar 2015,Group B,asset_turnover,0.8139459283740587,0.5
DRREDDY,Mar 2016,Group B,asset_turnover,0.7657648794884407,0.45535714285714285
DRREDDY,Mar 2017,Group B,asset_turnover,0.655583264062067,0.29017857142857145
DRREDDY,Mar 2018,Group B,asset_turnover,0.6389995078079556,0.27232142857142855
DRREDDY,Mar 2019,Group B,asset_turnover,0.6890891248104202,0.35267857142857145
DRREDDY,Mar 2020,Group B,asset_turnover,0.7542953106833742,0.4330357142857143
DRREDDY,Mar 2021,Group B,asset_turnover,0.7164134195877839,0.38839285714285715
DRREDDY,Mar 2022,Group B,asset_turnover,0.7242990654205608,0.4017857142857143
DRREDDY,Mar 2023,Group B,asset_turnover,0.7659349871154025,0.45982142857142855
DRREDDY,Mar 2024,Group B,asset_turnover,0.7223053120165034,0.39285714285714285
EICHERMOT,Dec 2012,Group B,asset_turnover,1.4292104674569448,0.7723214285714286
EICHERMOT,Dec 2013,Group B,asset_turnover,1.2759977515458123,0.7321428571428571
EICHERMOT,Dec 2014,Group B,asset_turnover,1.3646728096204903,0.7633928571428571
EICHERMOT,Mar 2016,Group B,asset_turnover,1.2498481473982588,0.7276785714285714
EICHERMOT,Mar 2017,Group B,asset_turnover,1.003424168925667,0.6473214285714286
EICHERMOT,Mar 2018,Group B,asset_turnover,0.9415038857382902,0.6116071428571429
EICHERMOT,Mar 2019,Group B,asset_turnover,0.8603670852726794,0.5401785714285714
EICHERMOT,Mar 2020,Group B,asset_turnover,0.7352610441767068,0.41517857142857145
EICHERMOT,Mar 2021,Group B,asset_turnover,0.5989422350436157,0.23214285714285715
EICHERMOT,Mar 2022,Group B,asset_turnover,0.6380421313506816,0.26785714285714285
EICHERMOT,Mar 2023,Group B,asset_turnover,0.7522658610271903,0.42857142857142855
EICHERMOT,Mar 2024,Group B,asset_turnover,0.7153796236210254,0.3794642857142857
GAIL,Mar 2013,Group B,asset_turnover,0.8522797572271732,0.53125
GAIL,Mar 2014,Group B,asset_turnover,0.9237269124355044,0.6026785714285714
GAIL,Mar 2015,Group B,asset_turnover,0.8692101221490189,0.5446428571428571
GAIL,Mar 2016,Group B,asset_turnover,0.8813131740683676,0.5580357142857143
GAIL,Mar 2017,Group B,asset_turnover,0.8329244651833044,0.5089285714285714
GAIL,Mar 2018,Group B,asset_turnover,0.8882369240297948,0.5848214285714286
GAIL,Mar 2019,Group B,asset_turnover,1.1134656417151376,0.6964285714285714
GAIL,Mar 2020,Group B,asset_turnover,0.9677582939653562,0.6339285714285714
GAIL,Mar 2021,Group B,asset_turnover,0.7080340614587189,0.36607142857142855
GAIL,Mar 2022,Group B,asset_turnover,0.9605110577321296,0.6205357142857143
GAIL,Mar 2023,Group B,asset_turnover,1.3512174759983304,0.7589285714285714
GAIL,Mar 2024,Group B,asset_turnover,1.068088347296268,0.6741071428571429
GODREJCP,Mar 2013,Group B,asset_turnover,0.8332683560753736,0.5133928571428571
GODREJCP,Mar 2014,Group B,asset_turnover,0.913341346153846,0.59375
GODREJCP,Mar 2015,Group B,asset_turnover,0.9066301369863012,0.5892857142857143
GODREJCP,Mar 2016,Group B,asset_turnover,0.8703378448186796,0.5491071428571429
GODREJCP,Mar 2017,Group B,asset_turnover,0.7162287480680062,0.38392857142857145
GODREJCP,Mar 2018,Group B,asset_turnover,0.7102567801500288,0.375
GODREJCP,Mar 2019,Group B,asset_turnover,0.7318007662835249,0.4107142857142857
GODREJCP,Mar 2020,Group B,asset_turnover,0.6660618279569892,0.3080357142857143
GODREJCP,Mar 2021,Group B,asset_turnover,0.7742909295141814,0.47767857142857145
GODREJCP,Mar 2022,Group B,asset_turnover,0.7633378932968536,0.4419642857142857
GODREJCP,Mar 2023,Group B,asset_turnover,0.7636634742214831,0.44642857142857145
GODREJCP,Mar 2024,Group B,asset_turnover,0.7664201826881253,0.4642857142857143
GRASIM,Mar 2013,Group B,asset_turnover,0.6325272533599257,0.26339285714285715
GRASIM,Mar 2014,Group B,asset_turnover,0.5934933802580862,0.22767857142857142
GRASIM,Mar 2015,Group B,asset_turnover,0.5873077563711065,0.22321428571428573
GRASIM,Mar 2016,Group B,asset_turnover,0.5788740432388881,0.21875
GRASIM,Mar 2017,Group B,asset_turnover,0.5748163258801218,0.21428571428571427
GRASIM,Mar 2018,Group B,asset_turnover,0.2688517020283887,0.16517857142857142
GRASIM,Mar 2019,Group B,asset_turnover,0.3201632334827705,0.18303571428571427
GRASIM,Mar 2020,Group B,asset_turnover,0.2795139670981771,0.16964285714285715
GRASIM,Mar 2021,Group B,asset_turnover,0.2857837508275699,0.17410714285714285
GRASIM,Mar 2022,Group B,asset_turnover,0.3309746877907238,0.1875
GRASIM,Mar 2023,Group B,asset_turnover,0.3492249638534185,0.19196428571428573
GRASIM,Mar 2024,Group B,asset_turnover,0.3178182841724175,0.17857142857142858
HAL,Mar 2016,Group B,asset_turnover,95.2159090909091,0.96875
HAL,Mar 2017,Group B,asset_turnover,105.58823529411764,0.9776785714285714
HAL,Mar 2018,Group B,asset_turnover,111.56024096385542,0.9821428571428571
HAL,Mar 2019,Group B,asset_turnover,114.33142857142856,0.9866071428571429
HAL,Mar 2020,Group B,asset_turnover,123.95953757225432,1.0
HAL,Mar 2021,Group B,asset_turnover,123.02150537634408,0.9955357142857143
HAL,Mar 2022,Group B,asset_turnover,121.88118811881188,0.9910714285714286
HAL,Mar 2023,Group B,asset_turnover,99.36531365313652,0.9732142857142857
HAL,Mar 2024,Group B,asset_turnover,67.51333333333334,0.9642857142857143
HAVELLS,Mar 2013,Group B,asset_turnover,1.6004934948407357,0.7991071428571429
HAVELLS,Mar 2014,Group B,asset_turnover,1.5099399849962492,0.7901785714285714
HAVELLS,Mar 2015,Group B,asset_turnover,1.7685881370091896,0.8214285714285714
HAVELLS,Mar 2016,Group B,asset_turnover,1.7310234784590837,0.8080357142857143
HAVELLS,Mar 2017,Group B,asset_turnover,1.1861455108359134,0.71875
HAVELLS,Mar 2018,Group B,asset_turnover,1.2282082324455206,0.7232142857142857
HAVELLS,Mar 2019,Group B,asset_turnover,1.409205372132065,0.7678571428571429
HAVELLS,Mar 2020,Group B,asset_turnover,1.3346529054149583,0.7544642857142857
HAVELLS,Mar 2021,Group B,asset_turnover,1.1813149570718482,0.7142857142857143
HAVELLS,Mar 2022,Group B,asset_turnover,1.324527226076214,0.7455357142857143
HAVELLS,Mar 2023,Group B,asset_turnover,1.5157300349556333,0.7946428571428571
HAVELLS,Mar 2024,Group B,asset_turnover,1.4952143489101584,0.7857142857142857
HCLTECH,Jun 2013,Group B,asset_turnover,1.1420599133889906,0.7053571428571429
HCLTECH,Jun 2014,Group B,asset_turnover,1.0721814543028685,0.6785714285714286
HCLTECH,Jun 2015,Group B,asset_turnover,1.0413108242303872,0.6651785714285714
HCLTECH,Mar 2017,Group B,asset_turnover,1.039465058345352,0.6607142857142857
HCLTECH,Mar 2018,Group B,asset_turnover,1.0537623205317883,0.6696428571428571
HCLTECH,Mar 2019,Group B,asset_turnover,1.035613292430033,0.65625
HCLTECH,Mar 2020,Group B,asset_turnover,0.8533790555307357,0.5357142857142857
HCLTECH,Mar 2021,Group B,asset_turnover,0.8760212442037492,0.5535714285714286
HCLTECH,Mar 2022,Group B,asset_turnover,0.9632257846852824,0.625
HCLTECH,Mar 2023,Group B,asset_turnover,1.088,0.6830357142857143
HCLTECH,Mar 2024,Group B,asset_turnover,1.1101650405025958,0.6919642857142857
HDFCBANK,Mar 2013,Group C,roe_calculated,18.838523046693776,0.5767441860465117
HDFCBANK,Mar 2014,Group C,roe_calculated,19.851925645844183,0.627906976744186
HDFCBANK,Mar 2015,Group C,roe_calculated,16.947461760141874,0.5441860465116279
HDFCBANK,Mar 2016,Group C,roe_calculated,17.25479112833764,0.5488372093023256
HDFCBANK,Mar 2017,Group C,roe_calculated,16.686275791446064,0.5162790697674419
HDFCBANK,Mar 2018,Group C,roe_calculated,16.935373497933377,0.5395348837209303
HDFCBANK,Mar 2019,Group C,roe_calculated,14.60633943503413,0.40930232558139534
HDFCBANK,Mar 2020,Group C,roe_calculated,15.477608047267491,0.4744186046511628
HDFCBANK,Mar 2021,Group C,roe_calculated,15.183737667413377,0.44651162790697674
HDFCBANK,Mar 2022,Group C,roe_calculated,15.425327602728371,0.4697674418604651
HDFCBANK,Mar 2023,Group C,roe_calculated,15.944347321360706,0.49767441860465117
HDFCBANK,Mar 2024,Group C,roe_calculated,14.33974005030719,0.3953488372093023
HDFCLIFE,Mar 2013,Group C,roe_calculated,33.43305908750935,0.8697674418604651
HDFCLIFE,Mar 2014,Group C,roe_calculated,37.60373443983403,0.9116279069767442
HDFCLIFE,Mar 2015,Group C,roe_calculated,30.932703659976383,0.8325581395348837
HDFCLIFE,Mar 2016,Group C,roe_calculated,26.32935868514341,0.786046511627907
HDFCLIFE,Mar 2017,Group C,roe_calculated,23.183481442760066,0.7162790697674418
HDFCLIFE,Mar 2018,Group C,roe_calculated,23.52816153028693,0.7209302325581395
HDFCLIFE,Mar 2019,Group C,roe_calculated,22.65154200638072,0.7069767441860465
HDFCLIFE,Mar 2020,Group C,roe_calculated,19.05391508741002,0.6
HDFCLIFE,Mar 2021,Group C,roe_calculated,15.752314814814811,0.4930232558139535
HDFCLIFE,Mar 2022,Group C,roe_calculated,8.498783143332906,0.20465116279069767
HDFCLIFE,Mar 2023,Group C,roe_calculated,10.52874624797968,0.26976744186046514
HDFCLIFE,Mar 2024,Group C,roe_calculated,10.732306013909724,0.28837209302325584
HEROMOTOCO,Mar 2014,Group C,roe_calculated,37.38218033078428,0.9069767441860465
HEROMOTOCO,Mar 2015,Group C,roe_calculated,36.14678899082569,0.9023255813953488
HEROMOTOCO,Mar 2016,Group C,roe_calculated,35.22752999773602,0.8883720930232558
HEROMOTOCO,Mar 2017,Group C,roe_calculated,34.373788290034895,0.8744186046511628
HEROMOTOCO,Mar 2018,Group C,roe_calculated,31.089208152355496,0.8418604651162791
HEROMOTOCO,Mar 2019,Group C,roe_calculated,26.417682926829265,0.7906976744186046
HEROMOTOCO,Mar 2020,Group C,roe_calculated,25.39913924753575,0.7674418604651163
HEROMOTOCO,Mar 2021,Group C,roe_calculated,19.04514789828749,0.5953488372093023
HEROMOTOCO,Mar 2022,Group C,roe_calculated,14.696788035590332,0.413953488372093
HEROMOTOCO,Mar 2023,Group C,roe_calculated,16.810758885686838,0.5255813953488372
HEROMOTOCO,Mar 2024,Group C,roe_calculated,21.14243742584327,0.6604651162790698
HINDALCO,Mar 2013,Group C,roe_calculated,8.511180300028306,0.20930232558139536
HINDALCO,Mar 2014,Group C,roe_calculated,5.405871342724855,0.10232558139534884
HINDALCO,Mar 2015,Group C,roe_calculated,0.6757285606198962,0.06976744186046512
HINDALCO,Mar 2016,Group C,roe_calculated,-1.7286808342978155,0.05581395348837209
HINDALCO,Mar 2017,Group C,roe_calculated,4.086063527215094,0.08837209302325581
HINDALCO,Mar 2018,Group C,roe_calculated,11.089841755997956,0.29767441860465116
HINDALCO,Mar 2019,Group C,roe_calculated,9.556355541642754,0.2372093023255814
HINDALCO,Mar 2020,Group C,roe_calculated,6.459522952140885,0.13488372093023257
HINDALCO,Mar 2021,Group C,roe_calculated,5.234996167315468,0.09767441860465116
HINDALCO,Mar 2022,Group C,roe_calculated,17.559565678914453,0.5534883720930233
HINDALCO,Mar 2023,Group C,roe_calculated,10.650169820475496,0.27906976744186046
HINDALCO,Mar 2024,Group C,roe_calculated,9.567011474761175,0.24186046511627907
HINDUNILVR,Mar 2013,Group C,roe_calculated,133.99650959860384,0.9674418604651163
HINDUNILVR,Mar 2014,Group C,roe_calculated,111.84619734238056,0.958139534883721
HINDUNILVR,Mar 2015,Group C,roe_calculated,108.66650111745716,0.9534883720930233
HINDUNILVR,Mar 2016,Group C,roe_calculated,63.15228966986155,0.9302325581395349
HINDUNILVR,Mar 2017,Group C,roe_calculated,66.57769869513642,0.9348837209302325
HINDUNILVR,Mar 2018,Group C,roe_calculated,71.78958934212334,0.9395348837209302
HINDUNILVR,Mar 2019,Group C,roe_calculated,77.03063429515699,0.9441860465116279
HINDUNILVR,Mar 2020,Group C,roe_calculated,82.09989063069631,0.9488372093023256
HINDUNILVR,Mar 2021,Group C,roe_calculated,16.778537567646936,0.5209302325581395
HINDUNILVR,Mar 2022,Group C,roe_calculated,18.12437577709382,0.5720930232558139
HINDUNILVR,Mar 2023,Group C,roe_calculated,20.16340648854962,0.6465116279069767
HINDUNILVR,Mar 2024,Group C,roe_calculated,20.074973642078955,0.641860465116279
ICICIBANK,Mar 2013,Group C,roe_calculated,14.731759812689964,0.4186046511627907
ICICIBANK,Mar 2014,Group C,roe_calculated,15.278032186314276,0.4511627906976744
ICICIBANK,Mar 2015,Group C,roe_calculated,15.278909155303705,0.4558139534883721
ICICIBANK,Mar 2016,Group C,roe_calculated,11.610757509749126,0.3116279069767442
ICICIBANK,Mar 2017,Group C,roe_calculated,10.837984555394144,0.2930232558139535
ICICIBANK,Mar 2018,Group C,roe_calculated,8.225616921269095,0.1813953488372093
ICICIBANK,Mar 2019,Group C,roe_calculated,4.979300324717951,0.09302325581395349
ICICIBANK,Mar 2020,Group C,roe_calculated,9.128985035783996,0.22325581395348837
ICICIBANK,Mar 2021,Group C,roe_calculated,12.922385729787356,0.3395348837209302
ICICIBANK,Mar 2022,Group C,roe_calculated,14.577073709304432,0.4046511627906977
ICICIBANK,Mar 2023,Group C,roe_calculated,16.53208887728557,0.5023255813953489
ICICIBANK,Mar 2024,Group C,roe_calculated,17.99027109750765,0.5581395348837209
ICICIGI,Mar 2013,Group C,roe_calculated,18.877005347593585,0.5813953488372093
ICICIGI,Mar 2014,Group C,roe_calculated,21.72096908939014,0.6744186046511628
ICICIGI,Mar 2015,Group C,roe_calculated,20.27027027027027,0.6511627906976745
ICICIGI,Mar 2016,Group C,roe_calculated,15.66265060240964,0.48372093023255813
ICICIGI,Mar 2017,Group C,roe_calculated,17.9953857985132,0.5627906976744186
ICICIGI,Mar 2018,Group C,roe_calculated,18.982602950891877,0.586046511627907
ICICIGI,Mar 2019,Group C,roe_calculated,19.425925925925927,0.6139534883720931
ICICIGI,Mar 2020,Group C,roe_calculated,19.46527551353114,0.6232558139534884
ICICIGI,Mar 2021,Group C,roe_calculated,19.38412949072246,0.6093023255813953
ICICIGI,Mar 2022,Group C,roe_calculated,13.8257369737844,0.37209302325581395
ICICIGI,Mar 2023,Group C,roe_calculated,16.554959785522787,0.5069767441860465
ICICIGI,Mar 2024,Group C,roe_calculated,15.7230643179025,0.4883720930232558
ICICIPRULI,Mar 2013,Group C,roe_calculated,38.24791719262812,0.9162790697674419
ICICIPRULI,Mar 2014,Group C,roe_calculated,35.614875655943415,0.8976744186046511
ICICIPRULI,Mar 2015,Group C,roe_calculated,31.14909781576448,0.8511627906976744
ICICIPRULI,Mar 2016,Group C,roe_calculated,30.99755776817584,0.8372093023255814
ICICIPRULI,Mar 2017,Group C,roe_calculated,26.256634405245084,0.7813953488372093
ICICIPRULI,Mar 2018,Group C,roe_calculated,24.627319744447824,0.7488372093023256
ICICIPRULI,Mar 2019,Group C,roe_calculated,16.57691747926066,0.5116279069767442
ICICIPRULI,Mar 2020,Group C,roe_calculated,14.792735338971305,0.42790697674418604
ICICIPRULI,Mar 2021,Group C,roe_calculated,10.495114721703809,0.2651162790697674
ICICIPRULI,Mar 2022,Group C,roe_calculated,8.287835772002621,0.19069767441860466
ICICIPRULI,Mar 2023,Group C,roe_calculated,8.057482656095145,0.17209302325581396
ICICIPRULI,Mar 2024,Group C,roe_calculated,7.732848705134029,0.15813953488372093
INDIGO,Mar 2013,Group C,roe_calculated,17886.363636363636,1.0
INDIGO,Mar 2014,Group C,roe_calculated,10772.727272727272,0.9953488372093023
INDIGO,Mar 2015,Group C,roe_calculated,4939.39393939394,0.9906976744186047
INDIGO,Mar 2016,Group C,roe_calculated,1534.775888717156,0.9767441860465116
INDIGO,Mar 2017,Group C,roe_calculated,1692.857142857143,0.9813953488372092
INDIGO,Mar 2018,Group C,roe_calculated,2242.0,0.986046511627907
INDIGO,Mar 2019,Group C,roe_calculated,120.93023255813952,0.9627906976744186
INDIGO,Mar 2020,Group C,roe_calculated,-138.54748603351956,0.009302325581395349
INDIGO,Mar 2021,Group C,roe_calculated,-1094.148936170213,0.004651162790697674
INDIGO,Mar 2022,Group C,roe_calculated,-48.76923076923077,0.013953488372093023
INDIGO,Mar 2023,Group C,roe_calculated,-40.7979407979408,0.018604651162790697
INDIGO,Mar 2024,Group C,roe_calculated,892.568306010929,0.9720930232558139
INDUSINDBK,Mar 2013,Group C,roe_calculated,13.905635648754917,0.386046511627907
INDUSINDBK,Mar 2014,Group C,roe_calculated,15.570054185557892,0.4790697674418605
INDUSINDBK,Mar 2015,Group C,roe_calculated,16.85456595264938,0.5348837209302325
INDUSINDBK,Mar 2016,Group C,roe_calculated,12.918173598553343,0.33488372093023255
INDUSINDBK,Mar 2017,Group C,roe_calculated,13.891310665504214,0.3813953488372093
INDUSINDBK,Mar 2018,Group C,roe_calculated,15.125204479677864,0.4418604651162791
INDUSINDBK,Mar 2019,Group C,roe_calculated,12.369781908116616,0.3209302325581395
INDUSINDBK,Mar 2020,Group C,roe_calculated,12.729420577981386,0.32558139534883723
INDUSINDBK,Mar 2021,Group C,roe_calculated,6.539836273492448,0.13953488372093023
INDUSINDBK,Mar 2022,Group C,roe_calculated,9.6670719946329,0.24651162790697675
INDUSINDBK,Mar 2023,Group C,roe_calculated,13.5293471495002,0.3581395348837209
INDUSINDBK,Mar 2024,Group C,roe_calculated,14.252273197764223,0.39069767441860465
INFY,Mar 2013,Group C,roe_calculated,24.81707638048113,0.7581395348837209
INFY,Mar 2014,Group C,roe_calculated,23.92993487536492,0.7395348837209302
INFY,Mar 2015,Group C,roe_calculated,24.385052034058656,0.7441860465116279
INFY,Mar 2016,Group C,roe_calculated,21.84665716506867,0.6837209302325581
INFY,Mar 2017,Group C,roe_calculated,20.80687715635963,0.6558139534883721
INFY,Mar 2018,Group C,roe_calculated,24.689247262141308,0.7534883720930232
INFY,Mar 2019,Group C,roe_calculated,23.726673646609598,0.7302325581395349
INFY,Mar 2020,Group C,roe_calculated,25.422459893048128,0.772093023255814
INFY,Mar 2021,Group C,roe_calculated,25.43909051616875,0.7767441860465116
INFY,Mar 2022,Group C,roe_calculated,29.39084273390843,0.813953488372093
INFY,Mar 2023,Group C,roe_calculated,31.970506716883047,0.8558139534883721
INFY,Mar 2024,Group C,roe_calculated,29.788006718416632,0.8232558139534883
IOC,Mar 2013,Group C,roe_calculated,5.753763662610847,0.11627906976744186
IOC,Mar 2014,Group C,roe_calculated,10.258713353849778,0.2558139534883721
IOC,Mar 2015,Group C,roe_calculated,7.078103207810321,0.14418604651162792
IOC,Mar 2016,Group C,roe_calculated,13.79528784174261,0.3627906976744186
IOC,Mar 2017,Group C,roe_calculated,19.966502115655853,0.6372093023255814
IOC,Mar 2018,Group C,roe_calculated,19.869329258654304,0.6325581395348837
IOC,Mar 2019,Group C,roe_calculated,15.358898896584837,0.46511627906976744
IOC,Mar 2020,Group C,roe_calculated,-1.966498249439192,0.05116279069767442
IOC,Mar 2021,Group C,roe_calculated,19.458502476796795,0.6186046511627907
IOC,Mar 2022,Group C,roe_calculated,19.26611000861197,0.6046511627906976
IOC,Mar 2023,Group C,roe_calculated,8.37669355358178,0.19534883720930232
IOC,Mar 2024,Group C,roe_calculated,23.53162465856491,0.7255813953488373
IRCTC,Mar 2015,Group C,roe_calculated,29.504504504504503,0.8186046511627907
IRCTC,Mar 2016,Group C,roe_calculated,34.87084870848708,0.8837209302325582
IRCTC,Mar 2017,Group C,roe_calculated,29.09783989834816,0.8093023255813954
IRCTC,Mar 2018,Group C,roe_calculated,23.141361256544503,0.7116279069767442
IRCTC,Mar 2019,Group C,roe_calculated,28.851540616246496,0.8046511627906977
IRCTC,Mar 2020,Group C,roe_calculated,39.04109589041096,0.9209302325581395
IRCTC,Mar 2021,Group C,roe_calculated,12.843406593406591,0.3302325581395349
IRCTC,Mar 2022,Group C,roe_calculated,35.294117647058826,0.8930232558139535
IRCTC,Mar 2023,Group C,roe_calculated,40.597255851493145,0.9255813953488372
IRCTC,Mar 2024,Group C,roe_calculated,34.39628482972136,0.8790697674418605
IRFC,Mar 2013,Group C,roe_calculated,8.163903659680951,0.17674418604651163
IRFC,Mar 2014,Group C,roe_calculated,9.270034382438508,0.22790697674418606
IRFC,Mar 2015,Group C,roe_calculated,8.730707210320203,0.21395348837209302
IRFC,Mar 2016,Group C,roe_calculated,7.366594360086768,0.14883720930232558
IRFC,Mar 2017,Group C,roe_calculated,7.7775002081772,0.16279069767441862
IRFC,Mar 2018,Group C,roe_calculated,14.754451464675476,0.4232558139534884
IRFC,Mar 2019,Group C,roe_calculated,9.009908902029728,0.2186046511627907
IRFC,Mar 2020,Group C,roe_calculated,10.535001155153637,0.2744186046511628
IRFC,Mar 2021,Group C,roe_calculated,12.29604054129309,0.31627906976744186
IRFC,Mar 2022,Group C,roe_calculated,14.854745469180672,0.4325581395348837
IRFC,Mar 2023,Group C,roe_calculated,13.802287325708914,0.3674418604651163
IRFC,Mar 2024,Group C,roe_calculated,13.038085361638096,0.34418604651162793
ITC,Mar 2013,Group C,roe_calculated,33.26712151308403,0.8651162790697674
ITC,Mar 2014,Group C,roe_calculated,33.04695818188493,0.8604651162790697
ITC,Mar 2015,Group C,roe_calculated,30.813587093521555,0.827906976744186
ITC,Mar 2016,Group C,roe_calculated,22.2610121836926,0.6976744186046512
ITC,Mar 2017,Group C,roe_calculated,22.57341693060134,0.7023255813953488
ITC,Mar 2018,Group C,roe_calculated,21.88725956960579,0.6883720930232559
ITC,Mar 2019,Group C,roe_calculated,21.70406317106576,0.6697674418604651
ITC,Mar 2020,Group C,roe_calculated,23.88889740015014,0.7348837209302326
ITC,Mar 2021,Group C,roe_calculated,22.17674449434106,0.6930232558139535
ITC,Mar 2022,Group C,roe_calculated,24.82267232407333,0.7627906976744186
ITC,Mar 2023,Group C,roe_calculated,28.16426867182416,0.8
ITC,Mar 2024,Group C,roe_calculated,27.851074395694365,0.7953488372093023
JINDALSTEL,Mar 2013,Group C,roe_calculated,13.890457368718238,0.3767441860465116
JINDALSTEL,Mar 2014,Group C,roe_calculated,8.385670057496682,0.2
JINDALSTEL,Mar 2015,Group C,roe_calculated,-6.900484744796122,0.037209302325581395
JINDALSTEL,Mar 2016,Group C,roe_calculated,-9.517203107658158,0.023255813953488372
JINDALSTEL,Mar 2017,Group C,roe_calculated,-8.44564240790656,0.027906976744186046
JINDALSTEL,Mar 2018,Group C,roe_calculated,-5.3184136909659365,0.04186046511627907
JINDALSTEL,Mar 2019,Group C,roe_calculated,-7.517531556802244,0.03255813953488372
JINDALSTEL,Mar 2020,Group C,roe_calculated,-1.2446712512057752,0.06046511627906977
JINDALSTEL,Mar 2021,Group C,roe_calculated,13.411912619833414,0.35348837209302325
JINDALSTEL,Mar 2022,Group C,roe_calculated,18.992280701754385,0.5906976744186047
JINDALSTEL,Mar 2023,Group C,roe_calculated,10.267142045160956,0.26046511627906976
JINDALSTEL,Mar 2024,Group C,roe_calculated,13.410506363390198,0.3488372093023256
JIOFIN,Mar 2023,Group C,roe_calculated,0.0271643883631265,0.06511627906976744
JIOFIN,Mar 2024,Group C,roe_calculated,1.153456416595399,0.07906976744186046
JSWENERGY,Mar 2013,Group C,roe_calculated,14.522888459058672,0.4
JSWENERGY,Mar 2014,Group C,roe_calculated,11.565971693806118,0.30697674418604654
JSWENERGY,Mar 2015,Group C,roe_calculated,18.063314711359403,0.5674418604651162
JSWENERGY,Mar 2016,Group C,roe_calculated,15.045342126957957,0.4372093023255814
JSWENERGY,Mar 2017,Group C,roe_calculated,6.00829395312952,0.12558139534883722
JSWENERGY,Mar 2018,Group C,roe_calculated,0.7650765076507651,0.07441860465116279
JSWENERGY,Mar 2019,Group C,roe_calculated,5.785823041786499,0.12093023255813953
JSWENERGY,Mar 2020,Group C,roe_calculated,9.282156963764384,0.23255813953488372
JSWENERGY,Mar 2021,Group C,roe_calculated,5.67312331977666,0.11162790697674418
JSWENERGY,Mar 2022,Group C,roe_calculated,10.008613264427218,0.25116279069767444
JSWENERGY,Mar 2023,Group C,roe_calculated,7.944602501476193,0.16744186046511628
JSWENERGY,Mar 2024,Group C,roe_calculated,8.280529953917052,0.18604651162790697
JSWSTEEL,Mar 2013,Group C,roe_calculated,5.443891004980955,0.10697674418604651
JSWSTEEL,Mar 2014,Group C,roe_calculated,1.898554831396996,0.08372093023255814
JSWSTEEL,Mar 2015,Group C,roe_calculated,7.7254374158815615,0.15348837209302327
JSWSTEEL,Mar 2016,Group C,roe_calculated,-2.536117262469683,0.046511627906976744
JSWSTEEL,Mar 2017,Group C,roe_calculated,15.30887093213229,0.4604651162790698
JSWSTEEL,Mar 2018,Group C,roe_calculated,21.83370240731481,0.6790697674418604
JSWSTEEL,Mar 2019,Group C,roe_calculated,21.623796522488863,0.6651162790697674
JSWSTEEL,Mar 2020,Group C,roe_calculated,10.707942839968306,0.2837209302325581
JSWSTEEL,Mar 2021,Group C,roe_calculated,16.835600034214355,0.5302325581395348
JSWSTEEL,Mar 2022,Group C,roe_calculated,31.112828209281247,0.8465116279069768
JSWSTEEL,Mar 2023,Group C,roe_calculated,6.300327269959662,0.13023255813953488
JSWSTEEL,Mar 2024,Group C,roe_calculated,11.5528718021347,0.3023255813953488
HDFCBANK,Mar 2013,Group C,roce_calculated,3.3933229634286235,0.08837209302325581
HDFCBANK,Mar 2014,Group C,roce_calculated,2.9311437275954555,0.05116279069767442
HDFCBANK,Mar 2015,Group C,roce_calculated,2.821356010305176,0.037209302325581395
HDFCBANK,Mar 2016,Group C,roce_calculated,2.7704447216500827,0.023255813953488372
HDFCBANK,Mar 2017,Group C,roce_calculated,2.862683357653022,0.046511627906976744
HDFCBANK,Mar 2018,Group C,roce_calculated,2.8007920972367644,0.03255813953488372
HDFCBANK,Mar 2019,Group C,roce_calculated,2.8248459366500582,0.04186046511627907
HDFCBANK,Mar 2020,Group C,roce_calculated,3.011728509161593,0.06046511627906977
HDFCBANK,Mar 2021,Group C,roce_calculated,3.0476497012597985,0.06976744186046512
HDFCBANK,Mar 2022,Group C,roce_calculated,2.7829101750383924,0.027906976744186046
HDFCBANK,Mar 2023,Group C,roce_calculated,2.5957630782533507,0.013953488372093023
HDFCBANK,Mar 2024,Group C,roce_calculated,4.887792835880029,0.13488372093023257
HDFCLIFE,Mar 2013,Group C,roce_calculated,1012.341062079282,0.9395348837209302
HDFCLIFE,Mar 2014,Group C,roce_calculated,858.9730290456432,0.9348837209302325
HDFCLIFE,Mar 2015,Group C,roce_calculated,1036.6391184573,0.9441860465116279
HDFCLIFE,Mar 2016,Group C,roce_calculated,553.8833387044796,0.8604651162790697
HDFCLIFE,Mar 2017,Group C,roce_calculated,775.5880815473079,0.9209302325581395
HDFCLIFE,Mar 2018,Group C,roce_calculated,662.826780021254,0.8976744186046511
HDFCLIFE,Mar 2019,Group C,roce_calculated,667.1393123006026,0.9023255813953488
HDFCLIFE,Mar 2020,Group C,roce_calculated,414.85235786690174,0.8372093023255814
HDFCLIFE,Mar 2021,Group C,roce_calculated,760.7575757575758,0.9162790697674419
HDFCLIFE,Mar 2022,Group C,roce_calculated,409.2019242629826,0.8325581395348837
HDFCLIFE,Mar 2023,Group C,roce_calculated,502.9548877572975,0.8558139534883721
HDFCLIFE,Mar 2024,Group C,roce_calculated,646.4587602459017,0.8883720930232558
HEROMOTOCO,Mar 2014,Group C,roce_calculated,367.7331979007957,0.8093023255813954
HEROMOTOCO,Mar 2015,Group C,roce_calculated,361.7168674698795,0.8
HEROMOTOCO,Mar 2016,Group C,roce_calculated,265.08934480476506,0.786046511627907
HEROMOTOCO,Mar 2017,Group C,roce_calculated,227.14380259052663,0.7813953488372093
HEROMOTOCO,Mar 2018,Group C,roce_calculated,222.32786885245903,0.772093023255814
HEROMOTOCO,Mar 2019,Group C,roce_calculated,215.5002977963073,0.7674418604651163
HEROMOTOCO,Mar 2020,Group C,roce_calculated,169.4865064943805,0.7488372093023256
HEROMOTOCO,Mar 2021,Group C,roce_calculated,168.13750000000002,0.7441860465116279
HEROMOTOCO,Mar 2022,Group C,roce_calculated,159.82859226841722,0.7302325581395349
HEROMOTOCO,Mar 2023,Group C,roce_calculated,174.52392011147236,0.7534883720930232
HEROMOTOCO,Mar 2024,Group C,roce_calculated,177.8421196394428,0.7581395348837209
HINDALCO,Mar 2013,Group C,roce_calculated,78.55788298783065,0.627906976744186
HINDALCO,Mar 2014,Group C,roce_calculated,75.61788154897494,0.6232558139534884
HINDALCO,Mar 2015,Group C,roce_calculated,89.36299708793318,0.6558139534883721
HINDALCO,Mar 2016,Group C,roce_calculated,84.1162711143573,0.6465116279069767
HINDALCO,Mar 2017,Group C,roce_calculated,79.96923805016564,0.6372093023255814
HINDALCO,Mar 2018,Group C,roce_calculated,94.91423975459664,0.6697674418604651
HINDALCO,Mar 2019,Group C,roce_calculated,104.65355362276648,0.6744186046511628
HINDALCO,Mar 2020,Group C,roce_calculated,81.94545282363711,0.641860465116279
HINDALCO,Mar 2021,Group C,roce_calculated,85.5763838521299,0.6511627906976745
HINDALCO,Mar 2022,Group C,roce_calculated,116.84574248126889,0.6790697674418604
HINDALCO,Mar 2023,Group C,roce_calculated,129.29714952578064,0.6930232558139535
HINDALCO,Mar 2024,Group C,roce_calculated,118.20777590429655,0.6837209302325581
HINDUNILVR,Mar 2013,Group C,roce_calculated,788.3737024221454,0.9255813953488372
HINDUNILVR,Mar 2014,Group C,roce_calculated,683.0867987719788,0.9069767441860465
HINDUNILVR,Mar 2015,Group C,roce_calculated,652.5798525798525,0.8930232558139535
HINDUNILVR,Mar 2016,Group C,roce_calculated,389.27407407407406,0.827906976744186
HINDUNILVR,Mar 2017,Group C,roce_calculated,382.1962683378436,0.8186046511627907
HINDUNILVR,Mar 2018,Group C,roce_calculated,385.19434143661584,0.8232558139534883
HINDUNILVR,Mar 2019,Group C,roce_calculated,381.9984935977906,0.813953488372093
HINDUNILVR,Mar 2020,Group C,roce_calculated,363.6164783084215,0.8046511627906977
HINDUNILVR,Mar 2021,Group C,roce_calculated,74.25850568444015,0.6186046511627907
HINDUNILVR,Mar 2022,Group C,roce_calculated,79.0136516046623,0.6325581395348837
HINDUNILVR,Mar 2023,Group C,roce_calculated,90.12091687207656,0.6651162790697674
HINDUNILVR,Mar 2024,Group C,roce_calculated,89.63037455884027,0.6604651162790698
ICICIBANK,Mar 2013,Group C,roce_calculated,5.694239264443175,0.17674418604651163
ICICIBANK,Mar 2014,Group C,roce_calculated,5.303114683971363,0.15348837209302327
ICICIBANK,Mar 2015,Group C,roce_calculated,5.68489775806849,0.17209302325581396
ICICIBANK,Mar 2016,Group C,roce_calculated,6.825276984610079,0.19534883720930232
ICICIBANK,Mar 2017,Group C,roce_calculated,7.925577214819008,0.2372093023255814
ICICIBANK,Mar 2018,Group C,roce_calculated,7.863879683915371,0.22790697674418606
ICICIBANK,Mar 2019,Group C,roce_calculated,8.328412337681703,0.25116279069767444
ICICIBANK,Mar 2020,Group C,roce_calculated,7.503630462835664,0.20930232558139536
ICICIBANK,Mar 2021,Group C,roce_calculated,7.238548088791504,0.20465116279069767
ICICIBANK,Mar 2022,Group C,roce_calculated,5.630440251397017,0.16744186046511628
ICICIBANK,Mar 2023,Group C,roce_calculated,5.442544313896501,0.15813953488372093
ICICIBANK,Mar 2024,Group C,roce_calculated,5.2203495054405735,0.14883720930232558
ICICIGI,Mar 2013,Group C,roce_calculated,224.11764705882356,0.7767441860465116
ICICIGI,Mar 2014,Group C,roce_calculated,191.2280701754386,0.7627906976744186
ICICIGI,Mar 2015,Group C,roce_calculated,154.4005544005544,0.7162790697674418
ICICIGI,Mar 2016,Group C,roce_calculated,162.77417361754712,0.7395348837209302
ICICIGI,Mar 2017,Group C,roce_calculated,150.5015959872321,0.7116279069767442
ICICIGI,Mar 2018,Group C,roce_calculated,142.73776362912852,0.6976744186046512
ICICIGI,Mar 2019,Group C,roce_calculated,161.32540356839422,0.7348837209302326
ICICIGI,Mar 2020,Group C,roce_calculated,147.22767789696329,0.7069767441860465
ICICIGI,Mar 2021,Group C,roce_calculated,124.8144482929243,0.6883720930232559
ICICIGI,Mar 2022,Group C,roce_calculated,158.86960203217612,0.7255813953488373
ICICIGI,Mar 2023,Group C,roce_calculated,158.5265769634507,0.7209302325581395
ICICIGI,Mar 2024,Group C,roce_calculated,146.3235294117647,0.7023255813953488
ICICIPRULI,Mar 2013,Group C,roce_calculated,486.74577126988135,0.8511627906976744
ICICIPRULI,Mar 2014,Group C,roce_calculated,465.0695870408396,0.8465116279069768
ICICIPRULI,Mar 2015,Group C,roce_calculated,622.9439696106363,0.8790697674418605
ICICIPRULI,Mar 2016,Group C,roce_calculated,299.2443324937028,0.7953488372093023
ICICIPRULI,Mar 2017,Group C,roce_calculated,562.1292538245395,0.8651162790697674
ICICIPRULI,Mar 2018,Group C,roce_calculated,563.7663522969273,0.8697674418604651
ICICIPRULI,Mar 2019,Group C,roce_calculated,595.5756076262553,0.8744186046511628
ICICIPRULI,Mar 2020,Group C,roce_calculated,295.910162207126,0.7906976744186046
ICICIPRULI,Mar 2021,Group C,roce_calculated,810.6702880977787,0.9302325581395349
ICICIPRULI,Mar 2022,Group C,roce_calculated,634.5626568835683,0.8837209302325582
ICICIPRULI,Mar 2023,Group C,roce_calculated,462.66607617360495,0.8418604651162791
ICICIPRULI,Mar 2024,Group C,roce_calculated,754.9037279803359,0.9116279069767442
INDIGO,Mar 2013,Group C,roce_calculated,54207.792207792205,0.9953488372093023
INDIGO,Mar 2014,Group C,roce_calculated,58065.21739130435,1.0
INDIGO,Mar 2015,Group C,roce_calculated,39546.05263157895,0.9906976744186047
INDIGO,Mar 2016,Group C,roce_calculated,9443.95924308588,0.9674418604651163
INDIGO,Mar 2017,Group C,roce_calculated,10908.0,0.9720930232558139
INDIGO,Mar 2018,Group C,roce_calculated,12981.16883116883,0.9813953488372092
INDIGO,Mar 2019,Group C,roce_calculated,13201.84331797235,0.986046511627907
INDIGO,Mar 2020,Group C,roce_calculated,12475.1968503937,0.9767441860465116
INDIGO,Mar 2021,Group C,roce_calculated,2554.624781849913,0.9488372093023256
INDIGO,Mar 2022,Group C,roce_calculated,3832.779456193354,0.9534883720930233
INDIGO,Mar 2023,Group C,roce_calculated,6074.271229404309,0.9627906976744186
INDIGO,Mar 2024,Group C,roce_calculated,5640.87982832618,0.958139534883721
INDUSINDBK,Mar 2013,Group C,roce_calculated,2.7343201415611045,0.018604651162790697
INDUSINDBK,Mar 2014,Group C,roce_calculated,3.0305905796671686,0.06511627906976744
INDUSINDBK,Mar 2015,Group C,roce_calculated,2.972598580591294,0.05581395348837209
INDUSINDBK,Mar 2016,Group C,roce_calculated,3.0864015564661145,0.07906976744186046
INDUSINDBK,Mar 2017,Group C,roce_calculated,3.349992927530765,0.08372093023255814
INDUSINDBK,Mar 2018,Group C,roce_calculated,3.066394098302373,0.07441860465116279
INDUSINDBK,Mar 2019,Group C,roce_calculated,3.45253370525337,0.09302325581395349
INDUSINDBK,Mar 2020,Group C,roce_calculated,4.238991596638655,0.11162790697674418
INDUSINDBK,Mar 2021,Group C,roce_calculated,4.558939619770129,0.12558139534883722
INDUSINDBK,Mar 2022,Group C,roce_calculated,4.075090750521607,0.10697674418604651
INDUSINDBK,Mar 2023,Group C,roce_calculated,3.5278398258462835,0.09767441860465116
INDUSINDBK,Mar 2024,Group C,roce_calculated,3.561786022241473,0.10232558139534884
INFY,Mar 2013,Group C,roce_calculated,30.3679528346581,0.49767441860465117
INFY,Mar 2014,Group C,roce_calculated,30.06961598922075,0.4930232558139535
INFY,Mar 2015,Group C,roce_calculated,29.334200567644277,0.48372093023255813
INFY,Mar 2016,Group C,roce_calculated,27.66098730240995,0.4604651162790698
INFY,Mar 2017,Group C,roce_calculated,26.969354324316484,0.4558139534883721
INFY,Mar 2018,Group C,roce_calculated,28.991266577330062,0.4790697674418605
INFY,Mar 2019,Group C,roce_calculated,31.055613721746628,0.5023255813953489
INFY,Mar 2020,Group C,roce_calculated,31.772327097869667,0.5209302325581395
INFY,Mar 2021,Group C,roce_calculated,34.14589353053529,0.5395348837209303
INFY,Mar 2022,Group C,roce_calculated,38.96243689993072,0.5720930232558139
INFY,Mar 2023,Group C,roce_calculated,41.968317683320194,0.5813953488372093
INFY,Mar 2024,Group C,roce_calculated,37.75589530966572,0.5674418604651162
IOC,Mar 2013,Group C,roce_calculated,9.076800167640204,0.26976744186046514
IOC,Mar 2014,Group C,roce_calculated,10.576740015599189,0.2930232558139535
IOC,Mar 2015,Group C,roce_calculated,7.908020190689849,0.23255813953488372
IOC,Mar 2016,Group C,roce_calculated,14.837206797188484,0.35348837209302325
IOC,Mar 2017,Group C,roce_calculated,20.650432069276217,0.42790697674418604
IOC,Mar 2018,Group C,roce_calculated,23.204696865043115,0.44651162790697674
IOC,Mar 2019,Group C,roce_calculated,16.852901536079223,0.3813953488372093
IOC,Mar 2020,Group C,roce_calculated,7.128710233227348,0.2
IOC,Mar 2021,Group C,roce_calculated,17.47539247309475,0.3953488372093023
IOC,Mar 2022,Group C,roce_calculated,17.984221724313233,0.4046511627906977
IOC,Mar 2023,Group C,roce_calculated,10.628061157333962,0.29767441860465116
IOC,Mar 2024,Group C,roce_calculated,23.93519910139379,0.4511627906976744
IRCTC,Mar 2015,Group C,roce_calculated,34.23423423423424,0.5441860465116279
IRCTC,Mar 2016,Group C,roce_calculated,35.05535055350554,0.5488372093023256
IRCTC,Mar 2017,Group C,roce_calculated,39.89834815756036,0.5767441860465117
IRCTC,Mar 2018,Group C,roce_calculated,28.691099476439792,0.4744186046511628
IRCTC,Mar 2019,Group C,roce_calculated,35.7609710550887,0.5581395348837209
IRCTC,Mar 2020,Group C,roce_calculated,53.50076103500761,0.6139534883720931
IRCTC,Mar 2021,Group C,roce_calculated,12.247557003257327,0.31627906976744186
IRCTC,Mar 2022,Group C,roce_calculated,44.25316455696203,0.586046511627907
IRCTC,Mar 2023,Group C,roce_calculated,49.8048399687744,0.6093023255813953
IRCTC,Mar 2024,Group C,roce_calculated,44.559270516717326,0.5953488372093023
IRFC,Mar 2013,Group C,roce_calculated,8.485425269007015,0.2558139534883721
IRFC,Mar 2014,Group C,roce_calculated,7.973773538636275,0.24186046511627907
IRFC,Mar 2015,Group C,roce_calculated,8.636431859115469,0.26046511627906976
IRFC,Mar 2016,Group C,roce_calculated,7.541301450094923,0.2186046511627907
IRFC,Mar 2017,Group C,roce_calculated,7.618830444917402,0.22325581395348837
IRFC,Mar 2018,Group C,roce_calculated,6.238592886016738,0.19069767441860466
IRFC,Mar 2019,Group C,roce_calculated,5.571443649760506,0.16279069767441862
IRFC,Mar 2020,Group C,roce_calculated,5.045791836056159,0.13953488372093023
IRFC,Mar 2021,Group C,roce_calculated,4.360564698280784,0.12093023255813953
IRFC,Mar 2022,Group C,roce_calculated,4.698477308662271,0.13023255813953488
IRFC,Mar 2023,Group C,roce_calculated,5.087831308669244,0.14418604651162792
IRFC,Mar 2024,Group C,roce_calculated,5.7484746909270665,0.1813953488372093
ITC,Mar 2013,Group C,roce_calculated,48.241616509028376,0.6046511627906976
ITC,Mar 2014,Group C,roce_calculated,47.59998544342952,0.6
ITC,Mar 2015,Group C,roce_calculated,44.53054210279644,0.5906976744186047
ITC,Mar 2016,Group C,roce_calculated,33.97951548031054,0.5348837209302325
ITC,Mar 2017,Group C,roce_calculated,33.298176887147804,0.5302325581395348
ITC,Mar 2018,Group C,roce_calculated,31.4410231035664,0.5116279069767442
ITC,Mar 2019,Group C,roce_calculated,31.33684957906481,0.5069767441860465
ITC,Mar 2020,Group C,roce_calculated,29.51029748283753,0.4883720930232558
ITC,Mar 2021,Group C,roce_calculated,28.151704114289483,0.4697674418604651
ITC,Mar 2022,Group C,roce_calculated,32.88944883898954,0.5255813953488372
ITC,Mar 2023,Group C,roce_calculated,37.00493802277537,0.5627906976744186
ITC,Mar 2024,Group C,roce_calculated,35.06616762464911,0.5534883720930233
JINDALSTEL,Mar 2013,Group C,roce_calculated,13.311532592108131,0.33488372093023255
JINDALSTEL,Mar 2014,Group C,roce_calculated,9.832479907762217,0.2744186046511628
JINDALSTEL,Mar 2015,Group C,roce_calculated,8.211231835054026,0.24651162790697675
JINDALSTEL,Mar 2016,Group C,roce_calculated,4.337839031716582,0.11627906976744186
JINDALSTEL,Mar 2017,Group C,roce_calculated,6.204134332880989,0.18604651162790697
JINDALSTEL,Mar 2018,Group C,roce_calculated,8.819719961279942,0.2651162790697674
JINDALSTEL,Mar 2019,Group C,roce_calculated,11.741387973870806,0.3023255813953488
JINDALSTEL,Mar 2020,Group C,roce_calculated,9.905598816722495,0.27906976744186046
JINDALSTEL,Mar 2021,Group C,roce_calculated,17.712434183880113,0.4
JINDALSTEL,Mar 2022,Group C,roce_calculated,31.581411443808904,0.5162790697674419
JINDALSTEL,Mar 2023,Group C,roce_calculated,19.210851754521567,0.4186046511627907
JINDALSTEL,Mar 2024,Group C,roce_calculated,16.782917681121273,0.37209302325581395
JIOFIN,Mar 2023,Group C,roce_calculated,0.0339534924214063,0.004651162790697674
JIOFIN,Mar 2024,Group C,roce_calculated,1.1203978526306713,0.009302325581395349
JSWENERGY,Mar 2013,Group C,roce_calculated,16.892829141788795,0.386046511627907
JSWENERGY,Mar 2014,Group C,roce_calculated,19.51789890268034,0.4232558139534884
JSWENERGY,Mar 2015,Group C,roce_calculated,21.556031406138477,0.4325581395348837
JSWENERGY,Mar 2016,Group C,roce_calculated,16.40071643735244,0.3674418604651163
JSWENERGY,Mar 2017,Group C,roce_calculated,13.447689942551984,0.3395348837209302
JSWENERGY,Mar 2018,Group C,roce_calculated,11.799243247945029,0.30697674418604654
JSWENERGY,Mar 2019,Group C,roce_calculated,12.75863609956652,0.3302325581395349
JSWENERGY,Mar 2020,Group C,roce_calculated,13.762449967420643,0.3488372093023256
JSWENERGY,Mar 2021,Group C,roce_calculated,12.732756359821662,0.32558139534883723
JSWENERGY,Mar 2022,Group C,roce_calculated,13.551862812049473,0.34418604651162793
JSWENERGY,Mar 2023,Group C,roce_calculated,7.513736263736264,0.21395348837209302
JSWENERGY,Mar 2024,Group C,roce_calculated,10.270012403396622,0.2837209302325581
JSWSTEEL,Mar 2013,Group C,roce_calculated,16.831222538123548,0.3767441860465116
JSWSTEEL,Mar 2014,Group C,roce_calculated,16.170790638613074,0.3627906976744186
JSWSTEEL,Mar 2015,Group C,roce_calculated,15.339754930869535,0.3581395348837209
JSWSTEEL,Mar 2016,Group C,roce_calculated,10.498610429949322,0.28837209302325584
JSWSTEEL,Mar 2017,Group C,roce_calculated,18.653854897622043,0.413953488372093
JSWSTEEL,Mar 2018,Group C,roce_calculated,22.13351931266786,0.4372093023255814
JSWSTEEL,Mar 2019,Group C,roce_calculated,23.03171880132861,0.4418604651162791
JSWSTEEL,Mar 2020,Group C,roce_calculated,12.051376221664524,0.3116279069767442
JSWSTEEL,Mar 2021,Group C,roce_calculated,18.485470336032837,0.40930232558139534
JSWSTEEL,Mar 2022,Group C,roce_calculated,28.031877535224396,0.46511627906976744
JSWSTEEL,Mar 2023,Group C,roce_calculated,12.60337909763354,0.3209302325581395
JSWSTEEL,Mar 2024,Group C,roce_calculated,16.99757927716371,0.39069767441860465
HDFCBANK,Mar 2013,Group C,net_profit_margin_pct,19.249323777920303,0.7348837209302326
HDFCBANK,Mar 2014,Group C,net_profit_margin_pct,20.60392433321584,0.772093023255814
HDFCBANK,Mar 2015,Group C,net_profit_margin_pct,21.12462006079027,0.7906976744186046
HDFCBANK,Mar 2016,Group C,net_profit_margin_pct,20.298597257844907,0.7627906976744186
HDFCBANK,Mar 2017,Group C,net_profit_margin_pct,20.90458708083689,0.7813953488372093
HDFCBANK,Mar 2018,Group C,net_profit_margin_pct,21.76273332708001,0.813953488372093
HDFCBANK,Mar 2019,Group C,net_profit_margin_pct,21.34441475451926,0.8046511627906977
HDFCBANK,Mar 2020,Group C,net_profit_margin_pct,22.339163099788035,0.8232558139534883
HDFCBANK,Mar 2021,Group C,net_profit_margin_pct,24.78141141328023,0.8976744186046511
HDFCBANK,Mar 2022,Group C,net_profit_margin_pct,28.06541313559322,0.958139534883721
HDFCBANK,Mar 2023,Group C,net_profit_margin_pct,27.026599669700268,0.9348837209302325
HDFCBANK,Mar 2024,Group C,net_profit_margin_pct,23.07288232992184,0.8465116279069768
HDFCLIFE,Mar 2013,Group C,net_profit_margin_pct,3.1792318634423897,0.17674418604651163
HDFCLIFE,Mar 2014,Group C,net_profit_margin_pct,4.223464988931609,0.22325581395348837
HDFCLIFE,Mar 2015,Group C,net_profit_margin_pct,2.8881131728826013,0.16744186046511628
HDFCLIFE,Mar 2016,Group C,net_profit_margin_pct,4.503610605810043,0.24651162790697675
HDFCLIFE,Mar 2017,Group C,net_profit_margin_pct,2.894247397787712,0.17209302325581396
HDFCLIFE,Mar 2018,Group C,net_profit_margin_pct,3.4314941103533787,0.2
HDFCLIFE,Mar 2019,Group C,net_profit_margin_pct,3.289151975292755,0.19534883720930232
HDFCLIFE,Mar 2020,Group C,net_profit_margin_pct,4.414567733151804,0.2372093023255814
HDFCLIFE,Mar 2021,Group C,net_profit_margin_pct,1.902751370092831,0.13023255813953488
HDFCLIFE,Mar 2022,Group C,net_profit_margin_pct,1.976879301611894,0.13953488372093023
HDFCLIFE,Mar 2023,Group C,net_profit_margin_pct,1.9485236514877435,0.13488372093023257
HDFCLIFE,Mar 2024,Group C,net_profit_margin_pct,1.5510139729213062,0.11627906976744186
HEROMOTOCO,Mar 2014,Group C,net_profit_margin_pct,8.316518298714143,0.3581395348837209
HEROMOTOCO,Mar 2015,Group C,net_profit_margin_pct,8.584501416224853,0.3767441860465116
HEROMOTOCO,Mar 2016,Group C,net_profit_margin_pct,10.935797870471236,0.4790697674418605
HEROMOTOCO,Mar 2017,Group C,net_profit_margin_pct,12.394267738552951,0.5348837209302325
HEROMOTOCO,Mar 2018,Group C,net_profit_margin_pct,11.467126748413332,0.4930232558139535
HEROMOTOCO,Mar 2019,Group C,net_profit_margin_pct,10.202820052397634,0.4604651162790698
HEROMOTOCO,Mar 2020,Group C,net_profit_margin_pct,12.50769125589663,0.5441860465116279
HEROMOTOCO,Mar 2021,Group C,net_profit_margin_pct,9.483510449303918,0.4232558139534884
HEROMOTOCO,Mar 2022,Group C,net_profit_margin_pct,7.881289973266556,0.33488372093023255
HEROMOTOCO,Mar 2023,Group C,net_profit_margin_pct,8.197201241290474,0.35348837209302325
HEROMOTOCO,Mar 2024,Group C,net_profit_margin_pct,9.902352536452408,0.4511627906976744
HINDALCO,Mar 2013,Group C,net_profit_margin_pct,3.749703839487237,0.20930232558139536
HINDALCO,Mar 2014,Group C,net_profit_margin_pct,2.5029933291521758,0.15348837209302327
HINDALCO,Mar 2015,Group C,net_profit_margin_pct,0.248367391950595,0.06511627906976744
HINDALCO,Mar 2016,Group C,net_profit_margin_pct,-0.7108212922366569,0.046511627906976744
HINDALCO,Mar 2017,Group C,net_profit_margin_pct,1.8785434799968057,0.12558139534883722
HINDALCO,Mar 2018,Group C,net_profit_margin_pct,5.281161282480921,0.2744186046511628
HINDALCO,Mar 2019,Group C,net_profit_margin_pct,4.209373228539474,0.2186046511627907
HINDALCO,Mar 2020,Group C,net_profit_margin_pct,3.188481852654388,0.1813953488372093
HINDALCO,Mar 2021,Group C,net_profit_margin_pct,2.638476455972365,0.15813953488372093
HINDALCO,Mar 2022,Group C,net_profit_margin_pct,7.038895923797416,0.30697674418604654
HINDALCO,Mar 2023,Group C,net_profit_margin_pct,4.523704984722359,0.25116279069767444
HINDALCO,Mar 2024,Group C,net_profit_margin_pct,4.702216130615571,0.2558139534883721
HINDUNILVR,Mar 2013,Group C,net_profit_margin_pct,14.216412383350615,0.5906976744186047
HINDUNILVR,Mar 2014,Group C,net_profit_margin_pct,13.532188547581583,0.5674418604651162
HINDUNILVR,Mar 2015,Group C,net_profit_margin_pct,13.68697610409108,0.5767441860465117
HINDUNILVR,Mar 2016,Group C,net_profit_margin_pct,12.896911700739452,0.5488372093023256
HINDUNILVR,Mar 2017,Group C,net_profit_margin_pct,13.539593510644716,0.5720930232558139
HINDUNILVR,Mar 2018,Group C,net_profit_margin_pct,14.70530313686876,0.6139534883720931
HINDUNILVR,Mar 2019,Group C,net_profit_margin_pct,15.41592470109387,0.6604651162790698
HINDUNILVR,Mar 2020,Group C,net_profit_margin_pct,16.982128044642185,0.6883720930232559
HINDUNILVR,Mar 2021,Group C,net_profit_margin_pct,17.00901590541805,0.6930232558139535
HINDUNILVR,Mar 2022,Group C,net_profit_margin_pct,16.954581855622926,0.6837209302325581
HINDUNILVR,Mar 2023,Group C,net_profit_margin_pct,16.743149554308353,0.6790697674418604
HINDUNILVR,Mar 2024,Group C,net_profit_margin_pct,16.611735814915342,0.6744186046511628
ICICIBANK,Mar 2013,Group C,net_profit_margin_pct,22.568786899855187,0.827906976744186
ICICIBANK,Mar 2014,Group C,net_profit_margin_pct,23.599911073384668,0.8651162790697674
ICICIBANK,Mar 2015,Group C,net_profit_margin_pct,23.546321228440437,0.8604651162790697
ICICIBANK,Mar 2016,Group C,net_profit_margin_pct,18.428508786723786,0.7162790697674418
ICICIBANK,Mar 2017,Group C,net_profit_margin_pct,18.60846734492944,0.7255813953488373
ICICIBANK,Mar 2018,Group C,net_profit_margin_pct,14.63916862391815,0.6093023255813953
ICICIBANK,Mar 2019,Group C,net_profit_margin_pct,7.903364730071407,0.3395348837209302
ICICIBANK,Mar 2020,Group C,net_profit_margin_pct,13.231411193361309,0.5627906976744186
ICICIBANK,Mar 2021,Group C,net_profit_margin_pct,22.83907001783251,0.8418604651162791
ICICIBANK,Mar 2022,Group C,net_profit_margin_pct,27.81556908822204,0.9488372093023256
ICICIBANK,Mar 2023,Group C,net_profit_margin_pct,29.290392922926973,0.9767441860465116
ICICIBANK,Mar 2024,Group C,net_profit_margin_pct,28.8880112339828,0.9674418604651163
ICICIGI,Mar 2013,Group C,net_profit_margin_pct,8.798604187437686,0.386046511627907
ICICIGI,Mar 2014,Group C,net_profit_margin_pct,11.948529411764708,0.5116279069767442
ICICIGI,Mar 2015,Group C,net_profit_margin_pct,13.816721776098252,0.5813953488372093
ICICIGI,Mar 2016,Group C,net_profit_margin_pct,8.403779214321233,0.3627906976744186
ICICIGI,Mar 2017,Group C,net_profit_margin_pct,9.335106382978724,0.4
ICICIGI,Mar 2018,Group C,net_profit_margin_pct,12.471064814814817,0.5395348837209303
ICICIGI,Mar 2019,Group C,net_profit_margin_pct,9.39711547075159,0.413953488372093
ICICIGI,Mar 2020,Group C,net_profit_margin_pct,10.367283146652774,0.4697674418604651
ICICIGI,Mar 2021,Group C,net_profit_margin_pct,12.112490749116027,0.5162790697674419
ICICIGI,Mar 2022,Group C,net_profit_margin_pct,7.93086234868339,0.3488372093023256
ICICIGI,Mar 2023,Group C,net_profit_margin_pct,9.672186171402998,0.42790697674418604
ICICIGI,Mar 2024,Group C,net_profit_margin_pct,9.366915605017816,0.40930232558139534
ICICIPRULI,Mar 2013,Group C,net_profit_margin_pct,7.565543071161048,0.3302325581395349
ICICIPRULI,Mar 2014,Group C,net_profit_margin_pct,7.131761695906433,0.3116279069767442
ICICIPRULI,Mar 2015,Group C,net_profit_margin_pct,4.760107973180855,0.26046511627906976
ICICIPRULI,Mar 2016,Group C,net_profit_margin_pct,7.91404863542616,0.34418604651162793
ICICIPRULI,Mar 2017,Group C,net_profit_margin_pct,4.447852760736196,0.24186046511627907
ICICIPRULI,Mar 2018,Group C,net_profit_margin_pct,4.169241862381541,0.21395348837209302
ICICIPRULI,Mar 2019,Group C,net_profit_margin_pct,2.747027470274703,0.16279069767441862
ICICIPRULI,Mar 2020,Group C,net_profit_margin_pct,5.074910820451843,0.2651162790697674
ICICIPRULI,Mar 2021,Group C,net_profit_margin_pct,1.1492871053833762,0.09767441860465116
ICICIPRULI,Mar 2022,Group C,net_profit_margin_pct,1.194072116292241,0.10232558139534884
ICICIPRULI,Mar 2023,Group C,net_profit_margin_pct,1.6106026387733272,0.12093023255813953
ICICIPRULI,Mar 2024,Group C,net_profit_margin_pct,0.942341125272681,0.08372093023255814
INDIGO,Mar 2013,Group C,net_profit_margin_pct,8.551559274149733,0.37209302325581395
INDIGO,Mar 2014,Group C,net_profit_margin_pct,4.263740217684627,0.22790697674418606
INDIGO,Mar 2015,Group C,net_profit_margin_pct,9.364452423698385,0.4046511627906977
INDIGO,Mar 2016,Group C,net_profit_margin_pct,12.304832713754648,0.5209302325581395
INDIGO,Mar 2017,Group C,net_profit_margin_pct,8.928955866523143,0.3953488372093023
INDIGO,Mar 2018,Group C,net_profit_margin_pct,9.7389340167673,0.4325581395348837
INDIGO,Mar 2019,Group C,net_profit_margin_pct,0.547426044846826,0.06976744186046512
INDIGO,Mar 2020,Group C,net_profit_margin_pct,-0.69358988701197,0.05116279069767442
INDIGO,Mar 2021,Group C,net_profit_margin_pct,-42.14876033057851,0.004651162790697674
INDIGO,Mar 2022,Group C,net_profit_margin_pct,-1.2224750298870075,0.03255813953488372
INDIGO,Mar 2023,Group C,net_profit_margin_pct,-0.582228262865959,0.05581395348837209
INDIGO,Mar 2024,Group C,net_profit_margin_pct,11.852722628584695,0.5023255813953489
INDUSINDBK,Mar 2013,Group C,net_profit_margin_pct,15.194042675068022,0.6511627906976745
INDUSINDBK,Mar 2014,Group C,net_profit_margin_pct,17.058395929246426,0.6976744186046512
INDUSINDBK,Mar 2015,Group C,net_profit_margin_pct,18.51011143210896,0.7209302325581395
INDUSINDBK,Mar 2016,Group C,net_profit_margin_pct,19.255390835579515,0.7395348837209302
INDUSINDBK,Mar 2017,Group C,net_profit_margin_pct,19.90837151187005,0.7534883720930232
INDUSINDBK,Mar 2018,Group C,net_profit_margin_pct,20.866847983334296,0.7767441860465116
INDUSINDBK,Mar 2019,Group C,net_profit_margin_pct,14.82862405103095,0.6186046511627907
INDUSINDBK,Mar 2020,Group C,net_profit_margin_pct,15.349338150991905,0.6558139534883721
INDUSINDBK,Mar 2021,Group C,net_profit_margin_pct,9.779310344827588,0.4372093023255814
INDUSINDBK,Mar 2022,Group C,net_profit_margin_pct,14.960093439750828,0.6325581395348837
INDUSINDBK,Mar 2023,Group C,net_profit_margin_pct,20.320061592608887,0.7674418604651163
INDUSINDBK,Mar 2024,Group C,net_profit_margin_pct,19.56369677362945,0.7488372093023256
INFY,Mar 2013,Group C,net_profit_margin_pct,23.366871530531323,0.8558139534883721
INFY,Mar 2014,Group C,net_profit_margin_pct,21.255460475136136,0.7953488372093023
INFY,Mar 2015,Group C,net_profit_margin_pct,23.20373600405109,0.8511627906976744
INFY,Mar 2016,Group C,net_profit_margin_pct,21.602793036626576,0.8093023255813954
INFY,Mar 2017,Group C,net_profit_margin_pct,20.95818001284972,0.786046511627907
INFY,Mar 2018,Group C,net_profit_margin_pct,22.729077451008195,0.8372093023255814
INFY,Mar 2019,Group C,net_profit_margin_pct,18.639250075597214,0.7302325581395349
INFY,Mar 2020,Group C,net_profit_margin_pct,18.32670639160269,0.7116279069767442
INFY,Mar 2021,Group C,net_profit_margin_pct,19.331754120551,0.7441860465116279
INFY,Mar 2022,Group C,net_profit_margin_pct,18.20603250548746,0.7069767441860465
INFY,Mar 2023,Group C,net_profit_margin_pct,16.426035825492104,0.6651162790697674
INFY,Mar 2024,Group C,net_profit_margin_pct,17.08075746730006,0.7023255813953488
IOC,Mar 2013,Group C,net_profit_margin_pct,0.7854389536142752,0.07906976744186046
IOC,Mar 2014,Group C,net_profit_margin_pct,1.4266553358793477,0.11162790697674418
IOC,Mar 2015,Group C,net_profit_margin_pct,1.0838540890353208,0.09302325581395349
IOC,Mar 2016,Group C,net_profit_margin_pct,3.587105723244087,0.20465116279069767
IOC,Mar 2017,Group C,net_profit_margin_pct,5.736129596852938,0.2930232558139535
IOC,Mar 2018,Group C,net_profit_margin_pct,5.36807341539104,0.2837209302325581
IOC,Mar 2019,Group C,net_profit_margin_pct,3.2706122031664764,0.19069767441860466
IOC,Mar 2020,Group C,net_profit_margin_pct,-0.3877931962551911,0.06046511627906977
IOC,Mar 2021,Group C,net_profit_margin_pct,5.979392773732656,0.29767441860465116
IOC,Mar 2022,Group C,net_profit_margin_pct,4.365532536597202,0.23255813953488372
IOC,Mar 2023,Group C,net_profit_margin_pct,1.3904266794653084,0.10697674418604651
IOC,Mar 2024,Group C,net_profit_margin_pct,5.559462717942377,0.28837209302325584
IRCTC,Mar 2015,Group C,net_profit_margin_pct,12.370160528800756,0.5302325581395348
IRCTC,Mar 2016,Group C,net_profit_margin_pct,13.825896122896856,0.586046511627907
IRCTC,Mar 2017,Group C,net_profit_margin_pct,15.06578947368421,0.641860465116279
IRCTC,Mar 2018,Group C,net_profit_margin_pct,15.075034106412003,0.6465116279069767
IRCTC,Mar 2019,Group C,net_profit_margin_pct,16.524064171122994,0.6697674418604651
IRCTC,Mar 2020,Group C,net_profit_margin_pct,22.659010600706715,0.8325581395348837
IRCTC,Mar 2021,Group C,net_profit_margin_pct,24.066924066924063,0.8790697674418605
IRCTC,Mar 2022,Group C,net_profit_margin_pct,35.125066524747204,0.9906976744186047
IRCTC,Mar 2023,Group C,net_profit_margin_pct,28.410053657159,0.9627906976744186
IRCTC,Mar 2024,Group C,net_profit_margin_pct,26.01873536299766,0.9209302325581395
IRFC,Mar 2013,Group C,net_profit_margin_pct,9.405405405405403,0.4186046511627907
IRFC,Mar 2014,Group C,net_profit_margin_pct,11.311925125060514,0.4883720930232558
IRFC,Mar 2015,Group C,net_profit_margin_pct,10.923764231157229,0.4744186046511628
IRFC,Mar 2016,Group C,net_profit_margin_pct,11.309444518449448,0.48372093023255813
IRFC,Mar 2017,Group C,net_profit_margin_pct,10.323864264397038,0.46511627906976744
IRFC,Mar 2018,Group C,net_profit_margin_pct,22.17546131434121,0.8186046511627907
IRFC,Mar 2019,Group C,net_profit_margin_pct,20.25327824681157,0.7581395348837209
IRFC,Mar 2020,Group C,net_profit_margin_pct,23.783622680873258,0.8697674418604651
IRFC,Mar 2021,Group C,net_profit_margin_pct,28.000760890241583,0.9534883720930233
IRFC,Mar 2022,Group C,net_profit_margin_pct,30.00147790531553,0.9813953488372092
IRFC,Mar 2023,Group C,net_profit_margin_pct,25.996964842761997,0.9162790697674419
IRFC,Mar 2024,Group C,net_profit_margin_pct,24.064552448864703,0.8744186046511628
ITC,Mar 2013,Group C,net_profit_margin_pct,24.36586754380416,0.8883720930232558
ITC,Mar 2014,Group C,net_profit_margin_pct,25.49425026907608,0.9069767441860465
ITC,Mar 2015,Group C,net_profit_margin_pct,25.192570265605276,0.9023255813953488
ITC,Mar 2016,Group C,net_profit_margin_pct,24.242192284139623,0.8837209302325582
ITC,Mar 2017,Group C,net_profit_margin_pct,24.497287691732136,0.8930232558139535
ITC,Mar 2018,Group C,net_profit_margin_pct,26.45170199544293,0.9255813953488372
ITC,Mar 2019,Group C,net_profit_margin_pct,26.553578816714936,0.9302325581395349
ITC,Mar 2020,Group C,net_profit_margin_pct,31.57244674819794,0.986046511627907
ITC,Mar 2021,Group C,net_profit_margin_pct,27.16974237164261,0.9395348837209302
ITC,Mar 2022,Group C,net_profit_margin_pct,25.563525434908072,0.9116279069767442
ITC,Mar 2023,Group C,net_profit_margin_pct,27.463726222873987,0.9441860465116279
ITC,Mar 2024,Group C,net_profit_margin_pct,29.282025230717128,0.9720930232558139
JINDALSTEL,Mar 2013,Group C,net_profit_margin_pct,14.903821881153128,0.627906976744186
JINDALSTEL,Mar 2014,Group C,net_profit_margin_pct,9.830965467178263,0.4418604651162791
JINDALSTEL,Mar 2015,Group C,net_profit_margin_pct,-7.48415030153085,0.018604651162790697
JINDALSTEL,Mar 2016,Group C,net_profit_margin_pct,-15.855976167240229,0.009302325581395349
JINDALSTEL,Mar 2017,Group C,net_profit_margin_pct,-11.74836828218303,0.013953488372093023
JINDALSTEL,Mar 2018,Group C,net_profit_margin_pct,-4.85489394940816,0.027906976744186046
JINDALSTEL,Mar 2019,Group C,net_profit_margin_pct,-5.135630030234638,0.023255813953488372
JINDALSTEL,Mar 2020,Group C,net_profit_margin_pct,-1.0547688737705352,0.04186046511627907
JINDALSTEL,Mar 2021,Group C,net_profit_margin_pct,12.33985945226872,0.5255813953488372
JINDALSTEL,Mar 2022,Group C,net_profit_margin_pct,13.223625063518742,0.5581395348837209
JINDALSTEL,Mar 2023,Group C,net_profit_margin_pct,7.468240246560925,0.31627906976744186
JINDALSTEL,Mar 2024,Group C,net_profit_margin_pct,11.802438733764944,0.49767441860465117
JIOFIN,Mar 2023,Group C,net_profit_margin_pct,68.88888888888889,0.9953488372093023
JIOFIN,Mar 2024,Group C,net_profit_margin_pct,86.52291105121293,1.0
JSWENERGY,Mar 2013,Group C,net_profit_margin_pct,10.15783540022548,0.4558139534883721
JSWENERGY,Mar 2014,Group C,net_profit_margin_pct,8.788159111933396,0.3813953488372093
JSWENERGY,Mar 2015,Group C,net_profit_margin_pct,14.528725794372528,0.6046511627906976
JSWENERGY,Mar 2016,Group C,net_profit_margin_pct,14.861563517915313,0.6232558139534884
JSWENERGY,Mar 2017,Group C,net_profit_margin_pct,7.53963451530921,0.32558139534883723
JSWENERGY,Mar 2018,Group C,net_profit_margin_pct,1.0560318051931916,0.08837209302325581
JSWENERGY,Mar 2019,Group C,net_profit_margin_pct,7.485226526592252,0.3209302325581395
JSWENERGY,Mar 2020,Group C,net_profit_margin_pct,13.066602199927472,0.5534883720930233
JSWENERGY,Mar 2021,Group C,net_profit_margin_pct,11.889627275353943,0.5069767441860465
JSWENERGY,Mar 2022,Group C,net_profit_margin_pct,21.341986041386065,0.8
JSWENERGY,Mar 2023,Group C,net_profit_margin_pct,14.3244289585753,0.6
JSWENERGY,Mar 2024,Group C,net_profit_margin_pct,15.018283127285391,0.6372093023255814
JSWSTEEL,Mar 2013,Group C,net_profit_margin_pct,2.431300706621303,0.14418604651162792
JSWSTEEL,Mar 2014,Group C,net_profit_margin_pct,0.7848496680983992,0.07441860465116279
JSWSTEEL,Mar 2015,Group C,net_profit_margin_pct,3.2507739938080498,0.18604651162790697
JSWSTEEL,Mar 2016,Group C,net_profit_margin_pct,-1.1577528522601457,0.037209302325581395
JSWSTEEL,Mar 2017,Group C,net_profit_margin_pct,6.235162937918135,0.3023255813953488
JSWSTEEL,Mar 2018,Group C,net_profit_margin_pct,8.49818581179709,0.3674418604651163
JSWSTEEL,Mar 2019,Group C,net_profit_margin_pct,8.877142890852673,0.39069767441860465
JSWSTEEL,Mar 2020,Group C,net_profit_margin_pct,5.344625371628072,0.27906976744186046
JSWSTEEL,Mar 2021,Group C,net_profit_margin_pct,9.861095454602388,0.44651162790697674
JSWSTEEL,Mar 2022,Group C,net_profit_margin_pct,14.304746158733629,0.5953488372093023
JSWSTEEL,Mar 2023,Group C,net_profit_margin_pct,2.4939744516751023,0.14883720930232558
JSWSTEEL,Mar 2024,Group C,net_profit_margin_pct,5.127252779904689,0.26976744186046514
HDFCBANK,Mar 2013,Group C,debt_to_equity,9.158311273640258,0.027906976744186074
HDFCBANK,Mar 2014,Group C,debt_to_equity,9.434125025471506,0.009302325581395321
HDFCBANK,Mar 2015,Group C,debt_to_equity,8.071729423314437,0.08837209302325577
HDFCBANK,Mar 2016,Group C,debt_to_equity,8.742288436692506,0.051162790697674376
HDFCBANK,Mar 2017,Group C,debt_to_equity,8.078414711201168,0.08372093023255811
HDFCBANK,Mar 2018,Group C,debt_to_equity,8.620671721457313,0.05581395348837215
HDFCBANK,Mar 2019,Group C,debt_to_equity,7.02943913374503,0.17674418604651165
HDFCBANK,Mar 2020,Group C,debt_to_equity,7.558721464294219,0.11627906976744184
HDFCBANK,Mar 2021,Group C,debt_to_equity,7.20374624660407,0.13953488372093026
HDFCBANK,Mar 2022,Group C,debt_to_equity,7.217044641304831,0.1348837209302326
HDFCBANK,Mar 2023,Group C,debt_to_equity,7.39091618930479,0.1209302325581395
HDFCBANK,Mar 2024,Group C,debt_to_equity,6.808786667718385,0.19999999999999996
HDFCLIFE,Mar 2013,Group C,debt_to_equity,0.0,0.913953488372093
HDFCLIFE,Mar 2014,Group C,debt_to_equity,0.0,0.913953488372093
HDFCLIFE,Mar 2015,Group C,debt_to_equity,0.0,0.913953488372093
HDFCLIFE,Mar 2016,Group C,debt_to_equity,0.0,0.913953488372093
HDFCLIFE,Mar 2017,Group C,debt_to_equity,0.0,0.913953488372093
HDFCLIFE,Mar 2018,Group C,debt_to_equity,0.0,0.913953488372093
HDFCLIFE,Mar 2019,Group C,debt_to_equity,0.0,0.913953488372093
HDFCLIFE,Mar 2020,Group C,debt_to_equity,0.0,0.913953488372093
HDFCLIFE,Mar 2021,Group C,debt_to_equity,0.0694444444444444,0.6046511627906976
HDFCLIFE,Mar 2022,Group C,debt_to_equity,0.0384270526450621,0.6418604651162791
HDFCLIFE,Mar 2023,Group C,debt_to_equity,0.0731162933887477,0.586046511627907
HDFCLIFE,Mar 2024,Group C,debt_to_equity,0.0647756716214373,0.6093023255813954
HEROMOTOCO,Mar 2014,Group C,debt_to_equity,0.0505068468788902,0.6325581395348837
HEROMOTOCO,Mar 2015,Group C,debt_to_equity,0.0152905198776758,0.7395348837209302
HEROMOTOCO,Mar 2016,Group C,debt_to_equity,0.0262621688929137,0.6883720930232557
HEROMOTOCO,Mar 2017,Group C,debt_to_equity,0.0253005040713454,0.6930232558139535
HEROMOTOCO,Mar 2018,Group C,debt_to_equity,0.0190444370197126,0.7116279069767442
HEROMOTOCO,Mar 2019,Group C,debt_to_equity,0.023780487804878,0.7023255813953488
HEROMOTOCO,Mar 2020,Group C,debt_to_equity,0.0314452311536859,0.6697674418604651
HEROMOTOCO,Mar 2021,Group C,debt_to_equity,0.0378827192527244,0.6511627906976745
HEROMOTOCO,Mar 2022,Group C,debt_to_equity,0.0381775730422161,0.6465116279069767
HEROMOTOCO,Mar 2023,Group C,debt_to_equity,0.0341018251681075,0.6604651162790698
HEROMOTOCO,Mar 2024,Group C,debt_to_equity,0.0342392225549466,0.655813953488372
HINDALCO,Mar 2013,Group C,debt_to_equity,1.6119728276252476,0.27441860465116275
HINDALCO,Mar 2014,Group C,debt_to_equity,1.5948182445079302,0.2837209302325582
HINDALCO,Mar 2015,Group C,debt_to_equity,1.7863236713715462,0.24651162790697678
HINDALCO,Mar 2016,Group C,debt_to_equity,1.663473614223448,0.2697674418604651
HINDALCO,Mar 2017,Group C,debt_to_equity,1.3855489697996048,0.3302325581395349
HINDALCO,Mar 2018,Group C,debt_to_equity,0.9493546269962808,0.4232558139534883
HINDALCO,Mar 2019,Group C,debt_to_equity,0.9115493643588808,0.4372093023255814
HINDALCO,Mar 2020,Group C,debt_to_equity,1.172882692868289,0.3767441860465116
HINDALCO,Mar 2021,Group C,debt_to_equity,1.010115281138683,0.413953488372093
HINDALCO,Mar 2022,Group C,debt_to_equity,0.8247240731030425,0.45581395348837206
HINDALCO,Mar 2023,Group C,debt_to_equity,0.6359407632428328,0.4744186046511628
HINDALCO,Mar 2024,Group C,debt_to_equity,0.5309290976579428,0.4976744186046511
HINDUNILVR,Mar 2013,Group C,debt_to_equity,0.0087260034904013,0.7627906976744185
HINDUNILVR,Mar 2014,Group C,debt_to_equity,0.0130053717839977,0.7441860465116279
HINDUNILVR,Mar 2015,Group C,debt_to_equity,0.0106779240129128,0.7534883720930232
HINDUNILVR,Mar 2016,Group C,debt_to_equity,0.0269283432222729,0.6837209302325582
HINDUNILVR,Mar 2017,Group C,debt_to_equity,0.041073546856465,0.6372093023255814
HINDUNILVR,Mar 2018,Group C,debt_to_equity,0.0,0.913953488372093
HINDUNILVR,Mar 2019,Group C,debt_to_equity,0.0125842125333672,0.7488372093023256
HINDUNILVR,Mar 2020,Group C,debt_to_equity,0.0,0.913953488372093
HINDUNILVR,Mar 2021,Group C,debt_to_equity,0.0,0.913953488372093
HINDUNILVR,Mar 2022,Group C,debt_to_equity,0.0212592486904058,0.7069767441860465
HINDUNILVR,Mar 2023,Group C,debt_to_equity,0.024232665394402,0.6976744186046512
HINDUNILVR,Mar 2024,Group C,debt_to_equity,0.0289741887617634,0.6744186046511628
ICICIBANK,Mar 2013,Group C,debt_to_equity,7.091880807992671,0.1581395348837209
ICICIBANK,Mar 2014,Group C,debt_to_equity,7.105259714771687,0.15348837209302324
ICICIBANK,Mar 2015,Group C,debt_to_equity,7.050433858686028,0.172093023255814
ICICIBANK,Mar 2016,Group C,debt_to_equity,7.134713264124279,0.14883720930232558
ICICIBANK,Mar 2017,Group C,debt_to_equity,6.698467008181054,0.20465116279069773
ICICIBANK,Mar 2018,Group C,debt_to_equity,7.368688420862334,0.12558139534883717
ICICIBANK,Mar 2019,Group C,debt_to_equity,7.804092671527225,0.0976744186046512
ICICIBANK,Mar 2020,Group C,debt_to_equity,8.251756668835394,0.07441860465116279
ICICIBANK,Mar 2021,Group C,debt_to_equity,7.004638707507599,0.1813953488372093
ICICIBANK,Mar 2022,Group C,debt_to_equity,6.882435334765151,0.1953488372093023
ICICIBANK,Mar 2023,Group C,debt_to_equity,6.526373206276982,0.21395348837209305
ICICIBANK,Mar 2024,Group C,debt_to_equity,6.445624336310825,0.2186046511627907
ICICIGI,Mar 2013,Group C,debt_to_equity,0.0,0.913953488372093
ICICIGI,Mar 2014,Group C,debt_to_equity,0.0,0.913953488372093
ICICIGI,Mar 2015,Group C,debt_to_equity,0.0,0.913953488372093
ICICIGI,Mar 2016,Group C,debt_to_equity,0.0,0.913953488372093
ICICIGI,Mar 2017,Group C,debt_to_equity,0.1243270956165085,0.5488372093023256
ICICIGI,Mar 2018,Group C,debt_to_equity,0.1068046685752037,0.5674418604651164
ICICIGI,Mar 2019,Group C,debt_to_equity,0.0898148148148148,0.5767441860465117
ICICIGI,Mar 2020,Group C,debt_to_equity,0.0790674926638408,0.5813953488372092
ICICIGI,Mar 2021,Group C,debt_to_equity,0.063824187393078,0.613953488372093
ICICIGI,Mar 2022,Group C,debt_to_equity,0.0277384966822582,0.6790697674418604
ICICIGI,Mar 2023,Group C,debt_to_equity,0.0033512064343163,0.8046511627906977
ICICIGI,Mar 2024,Group C,debt_to_equity,0.0028676771814829,0.8093023255813954
ICICIPRULI,Mar 2013,Group C,debt_to_equity,0.0,0.913953488372093
ICICIPRULI,Mar 2014,Group C,debt_to_equity,0.0,0.913953488372093
ICICIPRULI,Mar 2015,Group C,debt_to_equity,0.0,0.913953488372093
ICICIPRULI,Mar 2016,Group C,debt_to_equity,0.1933120420815329,0.5302325581395348
ICICIPRULI,Mar 2017,Group C,debt_to_equity,0.0,0.913953488372093
ICICIPRULI,Mar 2018,Group C,debt_to_equity,0.0,0.913953488372093
ICICIPRULI,Mar 2019,Group C,debt_to_equity,0.0,0.913953488372093
ICICIPRULI,Mar 2020,Group C,debt_to_equity,0.0,0.913953488372093
ICICIPRULI,Mar 2021,Group C,debt_to_equity,0.1317378416950269,0.5395348837209302
ICICIPRULI,Mar 2022,Group C,debt_to_equity,0.1310329766324525,0.5441860465116279
ICICIPRULI,Mar 2023,Group C,debt_to_equity,0.1189296333002973,0.5534883720930233
ICICIPRULI,Mar 2024,Group C,debt_to_equity,0.109041344843253,0.5627906976744186
INDIGO,Mar 2013,Group C,debt_to_equity,2.5,0.22790697674418603
INDIGO,Mar 2014,Group C,debt_to_equity,3.1818181818181817,0.22325581395348837
INDIGO,Mar 2015,Group C,debt_to_equity,0.1515151515151515,0.5348837209302326
INDIGO,Mar 2016,Group C,debt_to_equity,0.061823802163833,0.6186046511627907
INDIGO,Mar 2017,Group C,debt_to_equity,0.5306122448979592,0.5023255813953489
INDIGO,Mar 2018,Group C,debt_to_equity,0.54,0.49302325581395345
INDIGO,Mar 2019,Group C,debt_to_equity,0.6821705426356589,0.4651162790697675
INDIGO,Mar 2020,Group C,debt_to_equity,0.4189944134078212,0.5116279069767442
INDIGO,Mar 2021,Group C,debt_to_equity,0.0159574468085106,0.7302325581395348
INDIGO,Mar 2022,Group C,debt_to_equity,0.0184615384615384,0.7255813953488373
INDIGO,Mar 2023,Group C,debt_to_equity,0.0154440154440154,0.7348837209302326
INDIGO,Mar 2024,Group C,debt_to_equity,0.0185792349726775,0.7162790697674419
INDUSINDBK,Mar 2013,Group C,debt_to_equity,8.332372214941023,0.06511627906976747
INDUSINDBK,Mar 2014,Group C,debt_to_equity,8.3229016919164,0.06976744186046513
INDUSINDBK,Mar 2015,Group C,debt_to_equity,8.901916572717024,0.041860465116279055
INDUSINDBK,Mar 2016,Group C,debt_to_equity,6.667947558770344,0.2093023255813954
INDUSINDBK,Mar 2017,Group C,debt_to_equity,7.218153637508476,0.13023255813953494
INDUSINDBK,Mar 2018,Group C,debt_to_equity,7.966444360555346,0.09302325581395354
INDUSINDBK,Mar 2019,Group C,debt_to_equity,9.075507756876265,0.032558139534883734
INDUSINDBK,Mar 2020,Group C,debt_to_equity,7.57175785864523,0.11162790697674418
INDUSINDBK,Mar 2021,Group C,debt_to_equity,7.091617664014758,0.16279069767441856
INDUSINDBK,Mar 2022,Group C,debt_to_equity,7.149251540945113,0.14418604651162792
INDUSINDBK,Mar 2023,Group C,debt_to_equity,7.056662150781737,0.16744186046511633
INDUSINDBK,Mar 2024,Group C,debt_to_equity,6.885742949503957,0.19069767441860463
INFY,Mar 2013,Group C,debt_to_equity,0.0,0.913953488372093
INFY,Mar 2014,Group C,debt_to_equity,0.0,0.913953488372093
INFY,Mar 2015,Group C,debt_to_equity,0.0,0.913953488372093
INFY,Mar 2016,Group C,debt_to_equity,0.0,0.913953488372093
INFY,Mar 2017,Group C,debt_to_equity,0.0,0.913953488372093
INFY,Mar 2018,Group C,debt_to_equity,0.0,0.913953488372093
INFY,Mar 2019,Group C,debt_to_equity,0.0,0.913953488372093
INFY,Mar 2020,Group C,debt_to_equity,0.0707868601986249,0.5953488372093023
INFY,Mar 2021,Group C,debt_to_equity,0.0697436837762439,0.6
INFY,Mar 2022,Group C,debt_to_equity,0.0726476443264764,0.5906976744186047
INFY,Mar 2023,Group C,debt_to_equity,0.1100560955879427,0.5581395348837209
INFY,Mar 2024,Group C,debt_to_equity,0.0948635889055336,0.5720930232558139
IOC,Mar 2013,Group C,debt_to_equity,1.422513761758967,0.31162790697674414
IOC,Mar 2014,Group C,debt_to_equity,1.39761165019952,0.32558139534883723
IOC,Mar 2015,Group C,debt_to_equity,0.942773709902371,0.4279069767441861
IOC,Mar 2016,Group C,debt_to_equity,0.6507223827517226,0.46976744186046515
IOC,Mar 2017,Group C,debt_to_equity,0.6197206550697383,0.4790697674418605
IOC,Mar 2018,Group C,debt_to_equity,0.5765143931011468,0.4883720930232558
IOC,Mar 2019,Group C,debt_to_equity,0.8603704131805209,0.44651162790697674
IOC,Mar 2020,Group C,debt_to_equity,1.3605107025304517,0.3441860465116279
IOC,Mar 2021,Group C,debt_to_equity,1.043017578998194,0.40930232558139534
IOC,Mar 2022,Group C,debt_to_equity,0.9886546598270116,0.41860465116279066
IOC,Mar 2023,Group C,debt_to_equity,1.0662463051366653,0.4046511627906977
IOC,Mar 2024,Group C,debt_to_equity,0.7230954600718581,0.4604651162790697
IRCTC,Mar 2015,Group C,debt_to_equity,0.0,0.913953488372093
IRCTC,Mar 2016,Group C,debt_to_equity,0.0,0.913953488372093
IRCTC,Mar 2017,Group C,debt_to_equity,0.0,0.913953488372093
IRCTC,Mar 2018,Group C,debt_to_equity,0.0,0.913953488372093
IRCTC,Mar 2019,Group C,debt_to_equity,0.0,0.913953488372093
IRCTC,Mar 2020,Group C,debt_to_equity,0.0,0.913953488372093
IRCTC,Mar 2021,Group C,debt_to_equity,0.0542582417582417,0.627906976744186
IRCTC,Mar 2022,Group C,debt_to_equity,0.0561497326203208,0.6232558139534884
IRCTC,Mar 2023,Group C,debt_to_equity,0.0338983050847457,0.6651162790697674
IRCTC,Mar 2024,Group C,debt_to_equity,0.0185758513931888,0.7209302325581395
IRFC,Mar 2013,Group C,debt_to_equity,9.188770722552391,0.023255813953488413
IRFC,Mar 2014,Group C,debt_to_equity,9.245834435334569,0.018604651162790753
IRFC,Mar 2015,Group C,debt_to_equity,8.208938032711357,0.07906976744186045
IRFC,Mar 2016,Group C,debt_to_equity,7.592451193058569,0.10697674418604652
IRFC,Mar 2017,Group C,debt_to_equity,8.85960529602798,0.046511627906976716
IRFC,Mar 2018,Group C,debt_to_equity,9.621338311315336,0.0
IRFC,Mar 2019,Group C,debt_to_equity,6.94953651909861,0.18604651162790697
IRFC,Mar 2020,Group C,debt_to_equity,7.735469817485725,0.10232558139534886
IRFC,Mar 2021,Group C,debt_to_equity,8.997744612128974,0.037209302325581395
IRFC,Mar 2022,Group C,debt_to_equity,9.474839622411396,0.0046511627906976605
IRFC,Mar 2023,Group C,debt_to_equity,9.376133031937512,0.013953488372092981
IRFC,Mar 2024,Group C,debt_to_equity,8.378352548852153,0.06046511627906981
ITC,Mar 2013,Group C,debt_to_equity,0.0044045254339753,0.786046511627907
ITC,Mar 2014,Group C,debt_to_equity,0.0088849726475015,0.758139534883721
ITC,Mar 2015,Group C,debt_to_equity,0.0084761784723972,0.7674418604651163
ITC,Mar 2016,Group C,debt_to_equity,0.0019681349578256,0.813953488372093
ITC,Mar 2017,Group C,debt_to_equity,0.0009911016310085,0.8186046511627907
ITC,Mar 2018,Group C,debt_to_equity,0.0006855836983431,0.8232558139534883
ITC,Mar 2019,Group C,debt_to_equity,0.0002198136656465,0.827906976744186
ITC,Mar 2020,Group C,debt_to_equity,0.0042437148591301,0.7906976744186046
ITC,Mar 2021,Group C,debt_to_equity,0.0044906954778199,0.7767441860465116
ITC,Mar 2022,Group C,debt_to_equity,0.0039868705467936,0.8
ITC,Mar 2023,Group C,debt_to_equity,0.0044248427445593,0.7813953488372093
ITC,Mar 2024,Group C,debt_to_equity,0.0040667319849141,0.7953488372093023
JINDALSTEL,Mar 2013,Group C,debt_to_equity,1.1583850931677018,0.38139534883720927
JINDALSTEL,Mar 2014,Group C,debt_to_equity,1.6084918177797434,0.2790697674418605
JINDALSTEL,Mar 2015,Group C,debt_to_equity,2.162389506700884,0.23720930232558135
JINDALSTEL,Mar 2016,Group C,debt_to_equity,1.4427487976322604,0.3069767441860465
JINDALSTEL,Mar 2017,Group C,debt_to_equity,1.5257395760540415,0.29767441860465116
JINDALSTEL,Mar 2018,Group C,debt_to_equity,1.413921342767813,0.3162790697674419
JINDALSTEL,Mar 2019,Group C,debt_to_equity,1.2329437431821724,0.3674418604651163
JINDALSTEL,Mar 2020,Group C,debt_to_equity,1.1458443538600367,0.38604651162790693
JINDALSTEL,Mar 2021,Group C,debt_to_equity,0.94012258368694,0.43255813953488376
JINDALSTEL,Mar 2022,Group C,debt_to_equity,0.3790035087719298,0.5162790697674419
JINDALSTEL,Mar 2023,Group C,debt_to_equity,0.3370536867669095,0.5255813953488372
JINDALSTEL,Mar 2024,Group C,debt_to_equity,0.3716941962270963,0.5209302325581395
JIOFIN,Mar 2023,Group C,debt_to_equity,0.0065106905012267,0.772093023255814
JIOFIN,Mar 2024,Group C,debt_to_equity,0.0,0.913953488372093
JSWENERGY,Mar 2013,Group C,debt_to_equity,1.672630560928433,0.2651162790697674
JSWENERGY,Mar 2014,Group C,debt_to_equity,1.5379698676000608,0.28837209302325584
JSWENERGY,Mar 2015,Group C,debt_to_equity,1.2362330407023143,0.3627906976744186
JSWENERGY,Mar 2016,Group C,debt_to_equity,1.5315333882934872,0.2930232558139535
JSWENERGY,Mar 2017,Group C,debt_to_equity,1.3838364355289807,0.33488372093023255
JSWENERGY,Mar 2018,Group C,debt_to_equity,1.0695769576957697,0.4
JSWENERGY,Mar 2019,Group C,debt_to_equity,0.8928269328370834,0.4418604651162791
JSWENERGY,Mar 2020,Group C,debt_to_equity,0.844925296239052,0.4511627906976744
JSWENERGY,Mar 2021,Group C,debt_to_equity,0.5770317777624595,0.48372093023255813
JSWENERGY,Mar 2022,Group C,debt_to_equity,0.5135228251507321,0.5069767441860464
JSWENERGY,Mar 2023,Group C,debt_to_equity,1.3447313328681088,0.34883720930232553
JSWENERGY,Mar 2024,Group C,debt_to_equity,1.5156009984639016,0.3023255813953488
JSWSTEEL,Mar 2013,Group C,debt_to_equity,1.2672135950776442,0.35813953488372097
JSWSTEEL,Mar 2014,Group C,debt_to_equity,1.6778596391801266,0.26046511627906976
JSWSTEEL,Mar 2015,Group C,debt_to_equity,1.738627187079408,0.25116279069767444
JSWSTEEL,Mar 2016,Group C,debt_to_equity,2.225245175577349,0.2325581395348837
JSWSTEEL,Mar 2017,Group C,debt_to_equity,1.9134543206605727,0.24186046511627912
JSWSTEEL,Mar 2018,Group C,debt_to_equity,1.4069933566683337,0.32093023255813957
JSWSTEEL,Mar 2019,Group C,debt_to_equity,1.3621497341572064,0.3395348837209302
JSWSTEEL,Mar 2020,Group C,debt_to_equity,1.678269898084647,0.2558139534883721
JSWSTEEL,Mar 2021,Group C,debt_to_equity,1.3341886921563595,0.3534883720930233
JSWSTEEL,Mar 2022,Group C,debt_to_equity,1.0734059467732588,0.39534883720930236
JSWSTEEL,Mar 2023,Group C,debt_to_equity,1.2307329324910572,0.37209302325581395
JSWSTEEL,Mar 2024,Group C,debt_to_equity,1.1328071688833383,0.3906976744186047
HDFCBANK,Mar 2013,Group C,free_cash_flow,-6749.0,0.1380952380952381
HDFCBANK,Mar 2014,Group C,free_cash_flow,3112.0,0.5761904761904761
HDFCBANK,Mar 2015,Group C,free_cash_flow,-22081.0,0.05714285714285714
HDFCBANK,Mar 2016,Group C,free_cash_flow,-35272.0,0.03333333333333333
HDFCBANK,Mar 2017,Group C,free_cash_flow,16136.0,0.8952380952380953
HDFCBANK,Mar 2018,Group C,free_cash_flow,16372.0,0.9095238095238095
HDFCBANK,Mar 2019,Group C,free_cash_flow,-64375.0,0.01904761904761905
HDFCBANK,Mar 2020,Group C,free_cash_flow,-18272.0,0.0761904761904762
HDFCBANK,Mar 2021,Group C,free_cash_flow,40653.0,0.9857142857142858
HDFCBANK,Mar 2022,Group C,free_cash_flow,-14011.0,0.09047619047619047
HDFCBANK,Mar 2023,Group C,free_cash_flow,17822.0,0.9285714285714286
HDFCBANK,Mar 2024,Group C,free_cash_flow,35669.0,0.9666666666666667
HDFCLIFE,Mar 2013,Group C,free_cash_flow,,
HDFCLIFE,Mar 2014,Group C,free_cash_flow,,
HDFCLIFE,Mar 2015,Group C,free_cash_flow,945.0,0.42142857142857143
HDFCLIFE,Mar 2016,Group C,free_cash_flow,1725.0,0.4666666666666667
HDFCLIFE,Mar 2017,Group C,free_cash_flow,1053.0,0.43333333333333335
HDFCLIFE,Mar 2018,Group C,free_cash_flow,2318.0,0.5190476190476191
HDFCLIFE,Mar 2019,Group C,free_cash_flow,-314.0,0.24761904761904763
HDFCLIFE,Mar 2020,Group C,free_cash_flow,-401.0,0.23809523809523808
HDFCLIFE,Mar 2021,Group C,free_cash_flow,751.0,0.4
HDFCLIFE,Mar 2022,Group C,free_cash_flow,5142.0,0.680952380952381
HDFCLIFE,Mar 2023,Group C,free_cash_flow,-3188.0,0.1619047619047619
HDFCLIFE,Mar 2024,Group C,free_cash_flow,-2893.0,0.18095238095238095
HEROMOTOCO,Mar 2014,Group C,free_cash_flow,1347.0,0.4380952380952381
HEROMOTOCO,Mar 2015,Group C,free_cash_flow,2217.0,0.5095238095238095
HEROMOTOCO,Mar 2016,Group C,free_cash_flow,1422.0,0.44285714285714284
HEROMOTOCO,Mar 2017,Group C,free_cash_flow,2035.0,0.49047619047619045
HEROMOTOCO,Mar 2018,Group C,free_cash_flow,2159.0,0.5
HEROMOTOCO,Mar 2019,Group C,free_cash_flow,2330.0,0.5238095238095238
HEROMOTOCO,Mar 2020,Group C,free_cash_flow,2699.0,0.5476190476190477
HEROMOTOCO,Mar 2021,Group C,free_cash_flow,1821.0,0.47619047619047616
HEROMOTOCO,Mar 2022,Group C,free_cash_flow,1882.0,0.48095238095238096
HEROMOTOCO,Mar 2023,Group C,free_cash_flow,2193.0,0.5047619047619047
HEROMOTOCO,Mar 2024,Group C,free_cash_flow,3095.0,0.5714285714285714
HINDALCO,Mar 2013,Group C,free_cash_flow,-10824.0,0.10476190476190476
HINDALCO,Mar 2014,Group C,free_cash_flow,-139.0,0.26666666666666666
HINDALCO,Mar 2015,Group C,free_cash_flow,3270.0,0.5952380952380952
HINDALCO,Mar 2016,Group C,free_cash_flow,8468.0,0.7619047619047619
HINDALCO,Mar 2017,Group C,free_cash_flow,9811.0,0.8047619047619048
HINDALCO,Mar 2018,Group C,free_cash_flow,16231.0,0.9
HINDALCO,Mar 2019,Group C,free_cash_flow,6521.0,0.7142857142857143
HINDALCO,Mar 2020,Group C,free_cash_flow,5518.0,0.6904761904761905
HINDALCO,Mar 2021,Group C,free_cash_flow,-8048.0,0.12380952380952381
HINDALCO,Mar 2022,Group C,free_cash_flow,10065.0,0.8095238095238095
HINDALCO,Mar 2023,Group C,free_cash_flow,11649.0,0.8476190476190476
HINDALCO,Mar 2024,Group C,free_cash_flow,9789.0,0.8
HINDUNILVR,Mar 2013,Group C,free_cash_flow,3668.0,0.6285714285714286
HINDUNILVR,Mar 2014,Group C,free_cash_flow,3343.0,0.6
HINDUNILVR,Mar 2015,Group C,free_cash_flow,3430.0,0.6047619047619047
HINDUNILVR,Mar 2016,Group C,free_cash_flow,3889.0,0.6428571428571429
HINDUNILVR,Mar 2017,Group C,free_cash_flow,4012.0,0.6476190476190476
HINDUNILVR,Mar 2018,Group C,free_cash_flow,4996.0,0.6761904761904762
HINDUNILVR,Mar 2019,Group C,free_cash_flow,5362.0,0.6857142857142857
HINDUNILVR,Mar 2020,Group C,free_cash_flow,9414.0,0.7904761904761904
HINDUNILVR,Mar 2021,Group C,free_cash_flow,7935.0,0.7523809523809524
HINDUNILVR,Mar 2022,Group C,free_cash_flow,7320.0,0.7285714285714285
HINDUNILVR,Mar 2023,Group C,free_cash_flow,8507.0,0.7666666666666667
HINDUNILVR,Mar 2024,Group C,free_cash_flow,10145.0,0.819047619047619
ICICIBANK,Mar 2013,Group C,free_cash_flow,-1069.0,0.22380952380952382
ICICIBANK,Mar 2014,Group C,free_cash_flow,-8985.0,0.11428571428571428
ICICIBANK,Mar 2015,Group C,free_cash_flow,-25448.0,0.05238095238095238
ICICIBANK,Mar 2016,Group C,free_cash_flow,11585.0,0.8428571428571429
ICICIBANK,Mar 2017,Group C,free_cash_flow,50925.0,0.9952380952380953
ICICIBANK,Mar 2018,Group C,free_cash_flow,-31168.0,0.0380952380952381
ICICIBANK,Mar 2019,Group C,free_cash_flow,18389.0,0.9380952380952381
ICICIBANK,Mar 2020,Group C,free_cash_flow,37470.0,0.9761904761904762
ICICIBANK,Mar 2021,Group C,free_cash_flow,74384.0,1.0
ICICIBANK,Mar 2022,Group C,free_cash_flow,18663.0,0.9428571428571428
ICICIBANK,Mar 2023,Group C,free_cash_flow,-71460.0,0.009523809523809525
ICICIBANK,Mar 2024,Group C,free_cash_flow,12547.0,0.861904761904762
ICICIGI,Mar 2013,Group C,free_cash_flow,22.0,0.2761904761904762
ICICIGI,Mar 2014,Group C,free_cash_flow,-111.0,0.2714285714285714
ICICIGI,Mar 2015,Group C,free_cash_flow,73.0,0.3
ICICIGI,Mar 2016,Group C,free_cash_flow,201.0,0.319047619047619
ICICIGI,Mar 2017,Group C,free_cash_flow,-362.0,0.24285714285714285
ICICIGI,Mar 2018,Group C,free_cash_flow,494.0,0.36666666666666664
ICICIGI,Mar 2019,Group C,free_cash_flow,120.0,0.30952380952380953
ICICIGI,Mar 2020,Group C,free_cash_flow,51.0,0.2904761904761905
ICICIGI,Mar 2021,Group C,free_cash_flow,407.0,0.34285714285714286
ICICIGI,Mar 2022,Group C,free_cash_flow,944.0,0.4142857142857143
ICICIGI,Mar 2023,Group C,free_cash_flow,605.0,0.38095238095238093
ICICIGI,Mar 2024,Group C,free_cash_flow,486.0,0.3619047619047619
ICICIPRULI,Mar 2013,Group C,free_cash_flow,-1077.0,0.21904761904761905
ICICIPRULI,Mar 2014,Group C,free_cash_flow,3630.0,0.6190476190476191
ICICIPRULI,Mar 2015,Group C,free_cash_flow,-1299.0,0.21428571428571427
ICICIPRULI,Mar 2016,Group C,free_cash_flow,3661.0,0.6238095238095238
ICICIPRULI,Mar 2017,Group C,free_cash_flow,3434.0,0.6095238095238096
ICICIPRULI,Mar 2018,Group C,free_cash_flow,301.0,0.3380952380952381
ICICIPRULI,Mar 2019,Group C,free_cash_flow,3818.0,0.638095238095238
ICICIPRULI,Mar 2020,Group C,free_cash_flow,-2201.0,0.19523809523809524
ICICIPRULI,Mar 2021,Group C,free_cash_flow,2230.0,0.5142857142857142
ICICIPRULI,Mar 2022,Group C,free_cash_flow,1015.0,0.42857142857142855
ICICIPRULI,Mar 2023,Group C,free_cash_flow,-1056.0,0.22857142857142856
ICICIPRULI,Mar 2024,Group C,free_cash_flow,105.0,0.3047619047619048
INDIGO,Mar 2013,Group C,free_cash_flow,-149.0,0.2619047619047619
INDIGO,Mar 2014,Group C,free_cash_flow,-1319.0,0.20952380952380953
INDIGO,Mar 2015,Group C,free_cash_flow,1444.0,0.44761904761904764
INDIGO,Mar 2016,Group C,free_cash_flow,1779.0,0.4714285714285714
INDIGO,Mar 2017,Group C,free_cash_flow,749.0,0.3952380952380952
INDIGO,Mar 2018,Group C,free_cash_flow,-249.0,0.2523809523809524
INDIGO,Mar 2019,Group C,free_cash_flow,634.0,0.38571428571428573
INDIGO,Mar 2020,Group C,free_cash_flow,2370.0,0.5285714285714286
INDIGO,Mar 2021,Group C,free_cash_flow,1608.0,0.45714285714285713
INDIGO,Mar 2022,Group C,free_cash_flow,3591.0,0.6142857142857143
INDIGO,Mar 2023,Group C,free_cash_flow,8664.0,0.7761904761904762
INDIGO,Mar 2024,Group C,free_cash_flow,9424.0,0.7952380952380952
INDUSINDBK,Mar 2013,Group C,free_cash_flow,-660.0,0.23333333333333334
INDUSINDBK,Mar 2014,Group C,free_cash_flow,-4280.0,0.15714285714285714
INDUSINDBK,Mar 2015,Group C,free_cash_flow,-1697.0,0.20476190476190476
INDUSINDBK,Mar 2016,Group C,free_cash_flow,-3185.0,0.16666666666666666
INDUSINDBK,Mar 2017,Group C,free_cash_flow,11284.0,0.8333333333333334
INDUSINDBK,Mar 2018,Group C,free_cash_flow,-20917.0,0.06666666666666667
INDUSINDBK,Mar 2019,Group C,free_cash_flow,-7022.0,0.12857142857142856
INDUSINDBK,Mar 2020,Group C,free_cash_flow,-11513.0,0.1
INDUSINDBK,Mar 2021,Group C,free_cash_flow,44420.0,0.9904761904761905
INDUSINDBK,Mar 2022,Group C,free_cash_flow,16249.0,0.9047619047619048
INDUSINDBK,Mar 2023,Group C,free_cash_flow,-12879.0,0.09523809523809523
INDUSINDBK,Mar 2024,Group C,free_cash_flow,-17468.0,0.08095238095238096
INFY,Mar 2013,Group C,free_cash_flow,4451.0,0.6571428571428571
INFY,Mar 2014,Group C,free_cash_flow,7262.0,0.7238095238095238
INFY,Mar 2015,Group C,free_cash_flow,9352.0,0.7857142857142857
INFY,Mar 2016,Group C,free_cash_flow,9143.0,0.780952380952381
INFY,Mar 2017,Group C,free_cash_flow,-3133.0,0.17142857142857143
INFY,Mar 2018,Group C,free_cash_flow,17751.0,0.9238095238095239
INFY,Mar 2019,Group C,free_cash_flow,14209.0,0.8857142857142857
INFY,Mar 2020,Group C,free_cash_flow,16672.0,0.9142857142857143
INFY,Mar 2021,Group C,free_cash_flow,15851.0,0.8904761904761904
INFY,Mar 2022,Group C,free_cash_flow,17400.0,0.919047619047619
INFY,Mar 2023,Group C,free_cash_flow,21396.0,0.9571428571428572
INFY,Mar 2024,Group C,free_cash_flow,20117.0,0.9523809523809523
IOC,Mar 2013,Group C,free_cash_flow,46.0,0.2857142857142857
IOC,Mar 2014,Group C,free_cash_flow,5601.0,0.6952380952380952
IOC,Mar 2015,Group C,free_cash_flow,35877.0,0.9714285714285714
IOC,Mar 2016,Group C,free_cash_flow,12014.0,0.8571428571428571
IOC,Mar 2017,Group C,free_cash_flow,10532.0,0.8238095238095238
IOC,Mar 2018,Group C,free_cash_flow,11996.0,0.8523809523809524
IOC,Mar 2019,Group C,free_cash_flow,-9822.0,0.10952380952380952
IOC,Mar 2020,Group C,free_cash_flow,-21955.0,0.06190476190476191
IOC,Mar 2021,Group C,free_cash_flow,26715.0,0.9619047619047619
IOC,Mar 2022,Group C,free_cash_flow,4453.0,0.6619047619047619
IOC,Mar 2023,Group C,free_cash_flow,1614.0,0.46190476190476193
IOC,Mar 2024,Group C,free_cash_flow,39635.0,0.9809523809523809
IRCTC,Mar 2015,Group C,free_cash_flow,23.0,0.28095238095238095
IRCTC,Mar 2016,Group C,free_cash_flow,295.0,0.3333333333333333
IRCTC,Mar 2017,Group C,free_cash_flow,432.0,0.35714285714285715
IRCTC,Mar 2018,Group C,free_cash_flow,64.0,0.29523809523809524
IRCTC,Mar 2019,Group C,free_cash_flow,146.0,0.3142857142857143
IRCTC,Mar 2020,Group C,free_cash_flow,417.0,0.3523809523809524
IRCTC,Mar 2021,Group C,free_cash_flow,-205.0,0.2571428571428571
IRCTC,Mar 2022,Group C,free_cash_flow,282.0,0.32857142857142857
IRCTC,Mar 2023,Group C,free_cash_flow,495.0,0.37142857142857144
IRCTC,Mar 2024,Group C,free_cash_flow,667.0,0.3904761904761905
IRFC,Mar 2013,Group C,free_cash_flow,,
IRFC,Mar 2014,Group C,free_cash_flow,,
IRFC,Mar 2015,Group C,free_cash_flow,,
IRFC,Mar 2016,Group C,free_cash_flow,-16376.0,0.08571428571428572
IRFC,Mar 2017,Group C,free_cash_flow,-19453.0,0.07142857142857142
IRFC,Mar 2018,Group C,free_cash_flow,-28074.0,0.047619047619047616
IRFC,Mar 2019,Group C,free_cash_flow,-41747.0,0.02857142857142857
IRFC,Mar 2020,Group C,free_cash_flow,-62700.0,0.023809523809523808
IRFC,Mar 2021,Group C,free_cash_flow,-89907.0,0.004761904761904762
IRFC,Mar 2022,Group C,free_cash_flow,-64417.0,0.014285714285714285
IRFC,Mar 2023,Group C,free_cash_flow,-28588.0,0.04285714285714286
IRFC,Mar 2024,Group C,free_cash_flow,7906.0,0.7476190476190476
ITC,Mar 2013,Group C,free_cash_flow,3221.0,0.580952380952381
ITC,Mar 2014,Group C,free_cash_flow,4090.0,0.6523809523809524
ITC,Mar 2015,Group C,free_cash_flow,4568.0,0.6666666666666666
ITC,Mar 2016,Group C,free_cash_flow,5878.0,0.7
ITC,Mar 2017,Group C,free_cash_flow,7376.0,0.7380952380952381
ITC,Mar 2018,Group C,free_cash_flow,6055.0,0.7047619047619048
ITC,Mar 2019,Group C,free_cash_flow,7037.0,0.719047619047619
ITC,Mar 2020,Group C,free_cash_flow,8516.0,0.7714285714285715
ITC,Mar 2021,Group C,free_cash_flow,18267.0,0.9333333333333333
ITC,Mar 2022,Group C,free_cash_flow,13538.0,0.8761904761904762
ITC,Mar 2023,Group C,free_cash_flow,13146.0,0.8714285714285714
ITC,Mar 2024,Group C,free_cash_flow,18742.0,0.9476190476190476
JINDALSTEL,Mar 2013,Group C,free_cash_flow,-6069.0,0.14285714285714285
JINDALSTEL,Mar 2014,Group C,free_cash_flow,-8114.0,0.11904761904761904
JINDALSTEL,Mar 2015,Group C,free_cash_flow,-5535.0,0.14761904761904762
JINDALSTEL,Mar 2016,Group C,free_cash_flow,2071.0,0.49523809523809526
JINDALSTEL,Mar 2017,Group C,free_cash_flow,4852.0,0.6714285714285714
JINDALSTEL,Mar 2018,Group C,free_cash_flow,6293.0,0.7095238095238096
JINDALSTEL,Mar 2019,Group C,free_cash_flow,8195.0,0.7571428571428571
JINDALSTEL,Mar 2020,Group C,free_cash_flow,7338.0,0.7333333333333333
JINDALSTEL,Mar 2021,Group C,free_cash_flow,10077.0,0.8142857142857143
JINDALSTEL,Mar 2022,Group C,free_cash_flow,13717.0,0.8809523809523809
JINDALSTEL,Mar 2023,Group C,free_cash_flow,3257.0,0.5904761904761905
JINDALSTEL,Mar 2024,Group C,free_cash_flow,-2336.0,0.19047619047619047
JIOFIN,Mar 2023,Group C,free_cash_flow,945.0,0.42142857142857143
JIOFIN,Mar 2024,Group C,free_cash_flow,763.0,0.40476190476190477
JSWENERGY,Mar 2013,Group C,free_cash_flow,781.0,0.4095238095238095
JSWENERGY,Mar 2014,Group C,free_cash_flow,1906.0,0.4857142857142857
JSWENERGY,Mar 2015,Group C,free_cash_flow,2972.0,0.5571428571428572
JSWENERGY,Mar 2016,Group C,free_cash_flow,266.0,0.3238095238095238
JSWENERGY,Mar 2017,Group C,free_cash_flow,3091.0,0.5666666666666667
JSWENERGY,Mar 2018,Group C,free_cash_flow,3719.0,0.6333333333333333
JSWENERGY,Mar 2019,Group C,free_cash_flow,2436.0,0.5380952380952381
JSWENERGY,Mar 2020,Group C,free_cash_flow,2383.0,0.5333333333333333
JSWENERGY,Mar 2021,Group C,free_cash_flow,2670.0,0.5428571428571428
JSWENERGY,Mar 2022,Group C,free_cash_flow,1565.0,0.4523809523809524
JSWENERGY,Mar 2023,Group C,free_cash_flow,-4694.0,0.1523809523809524
JSWENERGY,Mar 2024,Group C,free_cash_flow,-1963.0,0.2
JSWSTEEL,Mar 2013,Group C,free_cash_flow,411.0,0.3476190476190476
JSWSTEEL,Mar 2014,Group C,free_cash_flow,-3024.0,0.1761904761904762
JSWSTEEL,Mar 2015,Group C,free_cash_flow,504.0,0.3761904761904762
JSWSTEEL,Mar 2016,Group C,free_cash_flow,3040.0,0.5619047619047619
JSWSTEEL,Mar 2017,Group C,free_cash_flow,2794.0,0.5523809523809524
JSWSTEEL,Mar 2018,Group C,free_cash_flow,7850.0,0.7428571428571429
JSWSTEEL,Mar 2019,Group C,free_cash_flow,3246.0,0.5857142857142857
JSWSTEEL,Mar 2020,Group C,free_cash_flow,-6804.0,0.13333333333333333
JSWSTEEL,Mar 2021,Group C,free_cash_flow,11087.0,0.8285714285714286
JSWSTEEL,Mar 2022,Group C,free_cash_flow,11522.0,0.8380952380952381
JSWSTEEL,Mar 2023,Group C,free_cash_flow,12593.0,0.8666666666666667
JSWSTEEL,Mar 2024,Group C,free_cash_flow,-2389.0,0.18571428571428572
HDFCBANK,Mar 2013,Group C,pat_cagr_5yr,21.46,0.8333333333333334
HDFCBANK,Mar 2014,Group C,pat_cagr_5yr,21.46,0.8333333333333334
HDFCBANK,Mar 2015,Group C,pat_cagr_5yr,21.46,0.8333333333333334
HDFCBANK,Mar 2016,Group C,pat_cagr_5yr,21.46,0.8333333333333334
HDFCBANK,Mar 2017,Group C,pat_cagr_5yr,21.46,0.8333333333333334
HDFCBANK,Mar 2018,Group C,pat_cagr_5yr,21.46,0.8333333333333334
HDFCBANK,Mar 2019,Group C,pat_cagr_5yr,21.46,0.8333333333333334
HDFCBANK,Mar 2020,Group C,pat_cagr_5yr,21.46,0.8333333333333334
HDFCBANK,Mar 2021,Group C,pat_cagr_5yr,21.46,0.8333333333333334
HDFCBANK,Mar 2022,Group C,pat_cagr_5yr,21.46,0.8333333333333334
HDFCBANK,Mar 2023,Group C,pat_cagr_5yr,21.46,0.8333333333333334
HDFCBANK,Mar 2024,Group C,pat_cagr_5yr,21.46,0.8333333333333334
HDFCLIFE,Mar 2013,Group C,pat_cagr_5yr,6.14,0.3022598870056497
HDFCLIFE,Mar 2014,Group C,pat_cagr_5yr,6.14,0.3022598870056497
HDFCLIFE,Mar 2015,Group C,pat_cagr_5yr,6.14,0.3022598870056497
HDFCLIFE,Mar 2016,Group C,pat_cagr_5yr,6.14,0.3022598870056497
HDFCLIFE,Mar 2017,Group C,pat_cagr_5yr,6.14,0.3022598870056497
HDFCLIFE,Mar 2018,Group C,pat_cagr_5yr,6.14,0.3022598870056497
HDFCLIFE,Mar 2019,Group C,pat_cagr_5yr,6.14,0.3022598870056497
HDFCLIFE,Mar 2020,Group C,pat_cagr_5yr,6.14,0.3022598870056497
HDFCLIFE,Mar 2021,Group C,pat_cagr_5yr,6.14,0.3022598870056497
HDFCLIFE,Mar 2022,Group C,pat_cagr_5yr,6.14,0.3022598870056497
HDFCLIFE,Mar 2023,Group C,pat_cagr_5yr,6.14,0.3022598870056497
HDFCLIFE,Mar 2024,Group C,pat_cagr_5yr,6.14,0.3022598870056497
HEROMOTOCO,Mar 2014,Group C,pat_cagr_5yr,2.47,0.1694915254237288
HEROMOTOCO,Mar 2015,Group C,pat_cagr_5yr,2.47,0.1694915254237288
HEROMOTOCO,Mar 2016,Group C,pat_cagr_5yr,2.47,0.1694915254237288
HEROMOTOCO,Mar 2017,Group C,pat_cagr_5yr,2.47,0.1694915254237288
HEROMOTOCO,Mar 2018,Group C,pat_cagr_5yr,2.47,0.1694915254237288
HEROMOTOCO,Mar 2019,Group C,pat_cagr_5yr,2.47,0.1694915254237288
HEROMOTOCO,Mar 2020,Group C,pat_cagr_5yr,2.47,0.1694915254237288
HEROMOTOCO,Mar 2021,Group C,pat_cagr_5yr,2.47,0.1694915254237288
HEROMOTOCO,Mar 2022,Group C,pat_cagr_5yr,2.47,0.1694915254237288
HEROMOTOCO,Mar 2023,Group C,pat_cagr_5yr,2.47,0.1694915254237288
HEROMOTOCO,Mar 2024,Group C,pat_cagr_5yr,2.47,0.1694915254237288
HINDALCO,Mar 2013,Group C,pat_cagr_5yr,27.09,0.9011299435028248
HINDALCO,Mar 2014,Group C,pat_cagr_5yr,27.09,0.9011299435028248
HINDALCO,Mar 2015,Group C,pat_cagr_5yr,27.09,0.9011299435028248
HINDALCO,Mar 2016,Group C,pat_cagr_5yr,27.09,0.9011299435028248
HINDALCO,Mar 2017,Group C,pat_cagr_5yr,27.09,0.9011299435028248
HINDALCO,Mar 2018,Group C,pat_cagr_5yr,27.09,0.9011299435028248
HINDALCO,Mar 2019,Group C,pat_cagr_5yr,27.09,0.9011299435028248
HINDALCO,Mar 2020,Group C,pat_cagr_5yr,27.09,0.9011299435028248
HINDALCO,Mar 2021,Group C,pat_cagr_5yr,27.09,0.9011299435028248
HINDALCO,Mar 2022,Group C,pat_cagr_5yr,27.09,0.9011299435028248
HINDALCO,Mar 2023,Group C,pat_cagr_5yr,27.09,0.9011299435028248
HINDALCO,Mar 2024,Group C,pat_cagr_5yr,27.09,0.9011299435028248
HINDUNILVR,Mar 2013,Group C,pat_cagr_5yr,9.75,0.3700564971751412
HINDUNILVR,Mar 2014,Group C,pat_cagr_5yr,9.75,0.3700564971751412
HINDUNILVR,Mar 2015,Group C,pat_cagr_5yr,9.75,0.3700564971751412
HINDUNILVR,Mar 2016,Group C,pat_cagr_5yr,9.75,0.3700564971751412
HINDUNILVR,Mar 2017,Group C,pat_cagr_5yr,9.75,0.3700564971751412
HINDUNILVR,Mar 2018,Group C,pat_cagr_5yr,9.75,0.3700564971751412
HINDUNILVR,Mar 2019,Group C,pat_cagr_5yr,9.75,0.3700564971751412
HINDUNILVR,Mar 2020,Group C,pat_cagr_5yr,9.75,0.3700564971751412
HINDUNILVR,Mar 2021,Group C,pat_cagr_5yr,9.75,0.3700564971751412
HINDUNILVR,Mar 2022,Group C,pat_cagr_5yr,9.75,0.3700564971751412
HINDUNILVR,Mar 2023,Group C,pat_cagr_5yr,9.75,0.3700564971751412
HINDUNILVR,Mar 2024,Group C,pat_cagr_5yr,9.75,0.3700564971751412
ICICIBANK,Mar 2013,Group C,pat_cagr_5yr,36.1,0.9689265536723164
ICICIBANK,Mar 2014,Group C,pat_cagr_5yr,36.1,0.9689265536723164
ICICIBANK,Mar 2015,Group C,pat_cagr_5yr,36.1,0.9689265536723164
ICICIBANK,Mar 2016,Group C,pat_cagr_5yr,36.1,0.9689265536723164
ICICIBANK,Mar 2017,Group C,pat_cagr_5yr,36.1,0.9689265536723164
ICICIBANK,Mar 2018,Group C,pat_cagr_5yr,36.1,0.9689265536723164
ICICIBANK,Mar 2019,Group C,pat_cagr_5yr,36.1,0.9689265536723164
ICICIBANK,Mar 2020,Group C,pat_cagr_5yr,36.1,0.9689265536723164
ICICIBANK,Mar 2021,Group C,pat_cagr_5yr,36.1,0.9689265536723164
ICICIBANK,Mar 2022,Group C,pat_cagr_5yr,36.1,0.9689265536723164
ICICIBANK,Mar 2023,Group C,pat_cagr_5yr,36.1,0.9689265536723164
ICICIBANK,Mar 2024,Group C,pat_cagr_5yr,36.1,0.9689265536723164
ICICIGI,Mar 2013,Group C,pat_cagr_5yr,16.09,0.7090395480225988
ICICIGI,Mar 2014,Group C,pat_cagr_5yr,16.09,0.7090395480225988
ICICIGI,Mar 2015,Group C,pat_cagr_5yr,16.09,0.7090395480225988
ICICIGI,Mar 2016,Group C,pat_cagr_5yr,16.09,0.7090395480225988
ICICIGI,Mar 2017,Group C,pat_cagr_5yr,16.09,0.7090395480225988
ICICIGI,Mar 2018,Group C,pat_cagr_5yr,16.09,0.7090395480225988
ICICIGI,Mar 2019,Group C,pat_cagr_5yr,16.09,0.7090395480225988
ICICIGI,Mar 2020,Group C,pat_cagr_5yr,16.09,0.7090395480225988
ICICIGI,Mar 2021,Group C,pat_cagr_5yr,16.09,0.7090395480225988
ICICIGI,Mar 2022,Group C,pat_cagr_5yr,16.09,0.7090395480225988
ICICIGI,Mar 2023,Group C,pat_cagr_5yr,16.09,0.7090395480225988
ICICIGI,Mar 2024,Group C,pat_cagr_5yr,16.09,0.7090395480225988
ICICIPRULI,Mar 2013,Group C,pat_cagr_5yr,-1.81,0.10451977401129943
ICICIPRULI,Mar 2014,Group C,pat_cagr_5yr,-1.81,0.10451977401129943
ICICIPRULI,Mar 2015,Group C,pat_cagr_5yr,-1.81,0.10451977401129943
ICICIPRULI,Mar 2016,Group C,pat_cagr_5yr,-1.81,0.10451977401129943
ICICIPRULI,Mar 2017,Group C,pat_cagr_5yr,-1.81,0.10451977401129943
ICICIPRULI,Mar 2018,Group C,pat_cagr_5yr,-1.81,0.10451977401129943
ICICIPRULI,Mar 2019,Group C,pat_cagr_5yr,-1.81,0.10451977401129943
ICICIPRULI,Mar 2020,Group C,pat_cagr_5yr,-1.81,0.10451977401129943
ICICIPRULI,Mar 2021,Group C,pat_cagr_5yr,-1.81,0.10451977401129943
ICICIPRULI,Mar 2022,Group C,pat_cagr_5yr,-1.81,0.10451977401129943
ICICIPRULI,Mar 2023,Group C,pat_cagr_5yr,-1.81,0.10451977401129943
ICICIPRULI,Mar 2024,Group C,pat_cagr_5yr,-1.81,0.10451977401129943
INDIGO,Mar 2013,Group C,pat_cagr_5yr,,
INDIGO,Mar 2014,Group C,pat_cagr_5yr,,
INDIGO,Mar 2015,Group C,pat_cagr_5yr,,
INDIGO,Mar 2016,Group C,pat_cagr_5yr,,
INDIGO,Mar 2017,Group C,pat_cagr_5yr,,
INDIGO,Mar 2018,Group C,pat_cagr_5yr,,
INDIGO,Mar 2019,Group C,pat_cagr_5yr,,
INDIGO,Mar 2020,Group C,pat_cagr_5yr,,
INDIGO,Mar 2021,Group C,pat_cagr_5yr,,
INDIGO,Mar 2022,Group C,pat_cagr_5yr,,
INDIGO,Mar 2023,Group C,pat_cagr_5yr,,
INDIGO,Mar 2024,Group C,pat_cagr_5yr,,
INDUSINDBK,Mar 2013,Group C,pat_cagr_5yr,12.95,0.5056497175141242
INDUSINDBK,Mar 2014,Group C,pat_cagr_5yr,12.95,0.5056497175141242
INDUSINDBK,Mar 2015,Group C,pat_cagr_5yr,12.95,0.5056497175141242
INDUSINDBK,Mar 2016,Group C,pat_cagr_5yr,12.95,0.5056497175141242
INDUSINDBK,Mar 2017,Group C,pat_cagr_5yr,12.95,0.5056497175141242
INDUSINDBK,Mar 2018,Group C,pat_cagr_5yr,12.95,0.5056497175141242
INDUSINDBK,Mar 2019,Group C,pat_cagr_5yr,12.95,0.5056497175141242
INDUSINDBK,Mar 2020,Group C,pat_cagr_5yr,12.95,0.5056497175141242
INDUSINDBK,Mar 2021,Group C,pat_cagr_5yr,12.95,0.5056497175141242
INDUSINDBK,Mar 2022,Group C,pat_cagr_5yr,12.95,0.5056497175141242
INDUSINDBK,Mar 2023,Group C,pat_cagr_5yr,12.95,0.5056497175141242
INDUSINDBK,Mar 2024,Group C,pat_cagr_5yr,12.95,0.5056497175141242
INFY,Mar 2013,Group C,pat_cagr_5yr,10.72,0.4378531073446328
INFY,Mar 2014,Group C,pat_cagr_5yr,10.72,0.4378531073446328
INFY,Mar 2015,Group C,pat_cagr_5yr,10.72,0.4378531073446328
INFY,Mar 2016,Group C,pat_cagr_5yr,10.72,0.4378531073446328
INFY,Mar 2017,Group C,pat_cagr_5yr,10.72,0.4378531073446328
INFY,Mar 2018,Group C,pat_cagr_5yr,10.72,0.4378531073446328
INFY,Mar 2019,Group C,pat_cagr_5yr,10.72,0.4378531073446328
INFY,Mar 2020,Group C,pat_cagr_5yr,10.72,0.4378531073446328
INFY,Mar 2021,Group C,pat_cagr_5yr,10.72,0.4378531073446328
INFY,Mar 2022,Group C,pat_cagr_5yr,10.72,0.4378531073446328
INFY,Mar 2023,Group C,pat_cagr_5yr,10.72,0.4378531073446328
INFY,Mar 2024,Group C,pat_cagr_5yr,10.72,0.4378531073446328
IOC,Mar 2013,Group C,pat_cagr_5yr,,
IOC,Mar 2014,Group C,pat_cagr_5yr,,
IOC,Mar 2015,Group C,pat_cagr_5yr,,
IOC,Mar 2016,Group C,pat_cagr_5yr,,
IOC,Mar 2017,Group C,pat_cagr_5yr,,
IOC,Mar 2018,Group C,pat_cagr_5yr,,
IOC,Mar 2019,Group C,pat_cagr_5yr,,
IOC,Mar 2020,Group C,pat_cagr_5yr,,
IOC,Mar 2021,Group C,pat_cagr_5yr,,
IOC,Mar 2022,Group C,pat_cagr_5yr,,
IOC,Mar 2023,Group C,pat_cagr_5yr,,
IOC,Mar 2024,Group C,pat_cagr_5yr,,
IRCTC,Mar 2015,Group C,pat_cagr_5yr,18.53,0.7711864406779662
IRCTC,Mar 2016,Group C,pat_cagr_5yr,18.53,0.7711864406779662
IRCTC,Mar 2017,Group C,pat_cagr_5yr,18.53,0.7711864406779662
IRCTC,Mar 2018,Group C,pat_cagr_5yr,18.53,0.7711864406779662
IRCTC,Mar 2019,Group C,pat_cagr_5yr,18.53,0.7711864406779662
IRCTC,Mar 2020,Group C,pat_cagr_5yr,18.53,0.7711864406779662
IRCTC,Mar 2021,Group C,pat_cagr_5yr,18.53,0.7711864406779662
IRCTC,Mar 2022,Group C,pat_cagr_5yr,18.53,0.7711864406779662
IRCTC,Mar 2023,Group C,pat_cagr_5yr,18.53,0.7711864406779662
IRCTC,Mar 2024,Group C,pat_cagr_5yr,18.53,0.7711864406779662
IRFC,Mar 2013,Group C,pat_cagr_5yr,15.42,0.6412429378531074
IRFC,Mar 2014,Group C,pat_cagr_5yr,15.42,0.6412429378531074
IRFC,Mar 2015,Group C,pat_cagr_5yr,15.42,0.6412429378531074
IRFC,Mar 2016,Group C,pat_cagr_5yr,15.42,0.6412429378531074
IRFC,Mar 2017,Group C,pat_cagr_5yr,15.42,0.6412429378531074
IRFC,Mar 2018,Group C,pat_cagr_5yr,15.42,0.6412429378531074
IRFC,Mar 2019,Group C,pat_cagr_5yr,15.42,0.6412429378531074
IRFC,Mar 2020,Group C,pat_cagr_5yr,15.42,0.6412429378531074
IRFC,Mar 2021,Group C,pat_cagr_5yr,15.42,0.6412429378531074
IRFC,Mar 2022,Group C,pat_cagr_5yr,15.42,0.6412429378531074
IRFC,Mar 2023,Group C,pat_cagr_5yr,15.42,0.6412429378531074
IRFC,Mar 2024,Group C,pat_cagr_5yr,15.42,0.6412429378531074
ITC,Mar 2013,Group C,pat_cagr_5yr,5.96,0.2344632768361582
ITC,Mar 2014,Group C,pat_cagr_5yr,5.96,0.2344632768361582
ITC,Mar 2015,Group C,pat_cagr_5yr,5.96,0.2344632768361582
ITC,Mar 2016,Group C,pat_cagr_5yr,5.96,0.2344632768361582
ITC,Mar 2017,Group C,pat_cagr_5yr,5.96,0.2344632768361582
ITC,Mar 2018,Group C,pat_cagr_5yr,5.96,0.2344632768361582
ITC,Mar 2019,Group C,pat_cagr_5yr,5.96,0.2344632768361582
ITC,Mar 2020,Group C,pat_cagr_5yr,5.96,0.2344632768361582
ITC,Mar 2021,Group C,pat_cagr_5yr,5.96,0.2344632768361582
ITC,Mar 2022,Group C,pat_cagr_5yr,5.96,0.2344632768361582
ITC,Mar 2023,Group C,pat_cagr_5yr,5.96,0.2344632768361582
ITC,Mar 2024,Group C,pat_cagr_5yr,5.96,0.2344632768361582
JINDALSTEL,Mar 2013,Group C,pat_cagr_5yr,,
JINDALSTEL,Mar 2014,Group C,pat_cagr_5yr,,
JINDALSTEL,Mar 2015,Group C,pat_cagr_5yr,,
JINDALSTEL,Mar 2016,Group C,pat_cagr_5yr,,
JINDALSTEL,Mar 2017,Group C,pat_cagr_5yr,,
JINDALSTEL,Mar 2018,Group C,pat_cagr_5yr,,
JINDALSTEL,Mar 2019,Group C,pat_cagr_5yr,,
JINDALSTEL,Mar 2020,Group C,pat_cagr_5yr,,
JINDALSTEL,Mar 2021,Group C,pat_cagr_5yr,,
JINDALSTEL,Mar 2022,Group C,pat_cagr_5yr,,
JINDALSTEL,Mar 2023,Group C,pat_cagr_5yr,,
JINDALSTEL,Mar 2024,Group C,pat_cagr_5yr,,
JIOFIN,Mar 2023,Group C,pat_cagr_5yr,,
JIOFIN,Mar 2024,Group C,pat_cagr_5yr,,
JSWENERGY,Mar 2013,Group C,pat_cagr_5yr,12.96,0.5734463276836158
JSWENERGY,Mar 2014,Group C,pat_cagr_5yr,12.96,0.5734463276836158
JSWENERGY,Mar 2015,Group C,pat_cagr_5yr,12.96,0.5734463276836158
JSWENERGY,Mar 2016,Group C,pat_cagr_5yr,12.96,0.5734463276836158
JSWENERGY,Mar 2017,Group C,pat_cagr_5yr,12.96,0.5734463276836158
JSWENERGY,Mar 2018,Group C,pat_cagr_5yr,12.96,0.5734463276836158
JSWENERGY,Mar 2019,Group C,pat_cagr_5yr,12.96,0.5734463276836158
JSWENERGY,Mar 2020,Group C,pat_cagr_5yr,12.96,0.5734463276836158
JSWENERGY,Mar 2021,Group C,pat_cagr_5yr,12.96,0.5734463276836158
JSWENERGY,Mar 2022,Group C,pat_cagr_5yr,12.96,0.5734463276836158
JSWENERGY,Mar 2023,Group C,pat_cagr_5yr,12.96,0.5734463276836158
JSWENERGY,Mar 2024,Group C,pat_cagr_5yr,12.96,0.5734463276836158
JSWSTEEL,Mar 2013,Group C,pat_cagr_5yr,-3.31,0.03672316384180791
JSWSTEEL,Mar 2014,Group C,pat_cagr_5yr,-3.31,0.03672316384180791
JSWSTEEL,Mar 2015,Group C,pat_cagr_5yr,-3.31,0.03672316384180791
JSWSTEEL,Mar 2016,Group C,pat_cagr_5yr,-3.31,0.03672316384180791
JSWSTEEL,Mar 2017,Group C,pat_cagr_5yr,-3.31,0.03672316384180791
JSWSTEEL,Mar 2018,Group C,pat_cagr_5yr,-3.31,0.03672316384180791
JSWSTEEL,Mar 2019,Group C,pat_cagr_5yr,-3.31,0.03672316384180791
JSWSTEEL,Mar 2020,Group C,pat_cagr_5yr,-3.31,0.03672316384180791
JSWSTEEL,Mar 2021,Group C,pat_cagr_5yr,-3.31,0.03672316384180791
JSWSTEEL,Mar 2022,Group C,pat_cagr_5yr,-3.31,0.03672316384180791
JSWSTEEL,Mar 2023,Group C,pat_cagr_5yr,-3.31,0.03672316384180791
JSWSTEEL,Mar 2024,Group C,pat_cagr_5yr,-3.31,0.03672316384180791
HDFCBANK,Mar 2013,Group C,revenue_cagr_5yr,21.91,0.8615023474178404
HDFCBANK,Mar 2014,Group C,revenue_cagr_5yr,21.91,0.8615023474178404
HDFCBANK,Mar 2015,Group C,revenue_cagr_5yr,21.91,0.8615023474178404
HDFCBANK,Mar 2016,Group C,revenue_cagr_5yr,21.91,0.8615023474178404
HDFCBANK,Mar 2017,Group C,revenue_cagr_5yr,21.91,0.8615023474178404
HDFCBANK,Mar 2018,Group C,revenue_cagr_5yr,21.91,0.8615023474178404
HDFCBANK,Mar 2019,Group C,revenue_cagr_5yr,21.91,0.8615023474178404
HDFCBANK,Mar 2020,Group C,revenue_cagr_5yr,21.91,0.8615023474178404
HDFCBANK,Mar 2021,Group C,revenue_cagr_5yr,21.91,0.8615023474178404
HDFCBANK,Mar 2022,Group C,revenue_cagr_5yr,21.91,0.8615023474178404
HDFCBANK,Mar 2023,Group C,revenue_cagr_5yr,21.91,0.8615023474178404
HDFCBANK,Mar 2024,Group C,revenue_cagr_5yr,21.91,0.8615023474178404
HDFCLIFE,Mar 2013,Group C,revenue_cagr_5yr,27.96,0.9178403755868545
HDFCLIFE,Mar 2014,Group C,revenue_cagr_5yr,27.96,0.9178403755868545
HDFCLIFE,Mar 2015,Group C,revenue_cagr_5yr,27.96,0.9178403755868545
HDFCLIFE,Mar 2016,Group C,revenue_cagr_5yr,27.96,0.9178403755868545
HDFCLIFE,Mar 2017,Group C,revenue_cagr_5yr,27.96,0.9178403755868545
HDFCLIFE,Mar 2018,Group C,revenue_cagr_5yr,27.96,0.9178403755868545
HDFCLIFE,Mar 2019,Group C,revenue_cagr_5yr,27.96,0.9178403755868545
HDFCLIFE,Mar 2020,Group C,revenue_cagr_5yr,27.96,0.9178403755868545
HDFCLIFE,Mar 2021,Group C,revenue_cagr_5yr,27.96,0.9178403755868545
HDFCLIFE,Mar 2022,Group C,revenue_cagr_5yr,27.96,0.9178403755868545
HDFCLIFE,Mar 2023,Group C,revenue_cagr_5yr,27.96,0.9178403755868545
HDFCLIFE,Mar 2024,Group C,revenue_cagr_5yr,27.96,0.9178403755868545
HEROMOTOCO,Mar 2014,Group C,revenue_cagr_5yr,6.51,0.08450704225352113
HEROMOTOCO,Mar 2015,Group C,revenue_cagr_5yr,6.51,0.08450704225352113
HEROMOTOCO,Mar 2016,Group C,revenue_cagr_5yr,6.51,0.08450704225352113
HEROMOTOCO,Mar 2017,Group C,revenue_cagr_5yr,6.51,0.08450704225352113
HEROMOTOCO,Mar 2018,Group C,revenue_cagr_5yr,6.51,0.08450704225352113
HEROMOTOCO,Mar 2019,Group C,revenue_cagr_5yr,6.51,0.08450704225352113
HEROMOTOCO,Mar 2020,Group C,revenue_cagr_5yr,6.51,0.08450704225352113
HEROMOTOCO,Mar 2021,Group C,revenue_cagr_5yr,6.51,0.08450704225352113
HEROMOTOCO,Mar 2022,Group C,revenue_cagr_5yr,6.51,0.08450704225352113
HEROMOTOCO,Mar 2023,Group C,revenue_cagr_5yr,6.51,0.08450704225352113
HEROMOTOCO,Mar 2024,Group C,revenue_cagr_5yr,6.51,0.08450704225352113
HINDALCO,Mar 2013,Group C,revenue_cagr_5yr,13.65,0.4765258215962441
HINDALCO,Mar 2014,Group C,revenue_cagr_5yr,13.65,0.4765258215962441
HINDALCO,Mar 2015,Group C,revenue_cagr_5yr,13.65,0.4765258215962441
HINDALCO,Mar 2016,Group C,revenue_cagr_5yr,13.65,0.4765258215962441
HINDALCO,Mar 2017,Group C,revenue_cagr_5yr,13.65,0.4765258215962441
HINDALCO,Mar 2018,Group C,revenue_cagr_5yr,13.65,0.4765258215962441
HINDALCO,Mar 2019,Group C,revenue_cagr_5yr,13.65,0.4765258215962441
HINDALCO,Mar 2020,Group C,revenue_cagr_5yr,13.65,0.4765258215962441
HINDALCO,Mar 2021,Group C,revenue_cagr_5yr,13.65,0.4765258215962441
HINDALCO,Mar 2022,Group C,revenue_cagr_5yr,13.65,0.4765258215962441
HINDALCO,Mar 2023,Group C,revenue_cagr_5yr,13.65,0.4765258215962441
HINDALCO,Mar 2024,Group C,revenue_cagr_5yr,13.65,0.4765258215962441
HINDUNILVR,Mar 2013,Group C,revenue_cagr_5yr,9.51,0.3075117370892019
HINDUNILVR,Mar 2014,Group C,revenue_cagr_5yr,9.51,0.3075117370892019
HINDUNILVR,Mar 2015,Group C,revenue_cagr_5yr,9.51,0.3075117370892019
HINDUNILVR,Mar 2016,Group C,revenue_cagr_5yr,9.51,0.3075117370892019
HINDUNILVR,Mar 2017,Group C,revenue_cagr_5yr,9.51,0.3075117370892019
HINDUNILVR,Mar 2018,Group C,revenue_cagr_5yr,9.51,0.3075117370892019
HINDUNILVR,Mar 2019,Group C,revenue_cagr_5yr,9.51,0.3075117370892019
HINDUNILVR,Mar 2020,Group C,revenue_cagr_5yr,9.51,0.3075117370892019
HINDUNILVR,Mar 2021,Group C,revenue_cagr_5yr,9.51,0.3075117370892019
HINDUNILVR,Mar 2022,Group C,revenue_cagr_5yr,9.51,0.3075117370892019
HINDUNILVR,Mar 2023,Group C,revenue_cagr_5yr,9.51,0.3075117370892019
HINDUNILVR,Mar 2024,Group C,revenue_cagr_5yr,9.51,0.3075117370892019
ICICIBANK,Mar 2013,Group C,revenue_cagr_5yr,16.31,0.6924882629107981
ICICIBANK,Mar 2014,Group C,revenue_cagr_5yr,16.31,0.6924882629107981
ICICIBANK,Mar 2015,Group C,revenue_cagr_5yr,16.31,0.6924882629107981
ICICIBANK,Mar 2016,Group C,revenue_cagr_5yr,16.31,0.6924882629107981
ICICIBANK,Mar 2017,Group C,revenue_cagr_5yr,16.31,0.6924882629107981
ICICIBANK,Mar 2018,Group C,revenue_cagr_5yr,16.31,0.6924882629107981
ICICIBANK,Mar 2019,Group C,revenue_cagr_5yr,16.31,0.6924882629107981
ICICIBANK,Mar 2020,Group C,revenue_cagr_5yr,16.31,0.6924882629107981
ICICIBANK,Mar 2021,Group C,revenue_cagr_5yr,16.31,0.6924882629107981
ICICIBANK,Mar 2022,Group C,revenue_cagr_5yr,16.31,0.6924882629107981
ICICIBANK,Mar 2023,Group C,revenue_cagr_5yr,16.31,0.6924882629107981
ICICIBANK,Mar 2024,Group C,revenue_cagr_5yr,16.31,0.6924882629107981
ICICIGI,Mar 2013,Group C,revenue_cagr_5yr,15.13,0.636150234741784
ICICIGI,Mar 2014,Group C,revenue_cagr_5yr,15.13,0.636150234741784
ICICIGI,Mar 2015,Group C,revenue_cagr_5yr,15.13,0.636150234741784
ICICIGI,Mar 2016,Group C,revenue_cagr_5yr,15.13,0.636150234741784
ICICIGI,Mar 2017,Group C,revenue_cagr_5yr,15.13,0.636150234741784
ICICIGI,Mar 2018,Group C,revenue_cagr_5yr,15.13,0.636150234741784
ICICIGI,Mar 2019,Group C,revenue_cagr_5yr,15.13,0.636150234741784
ICICIGI,Mar 2020,Group C,revenue_cagr_5yr,15.13,0.636150234741784
ICICIGI,Mar 2021,Group C,revenue_cagr_5yr,15.13,0.636150234741784
ICICIGI,Mar 2022,Group C,revenue_cagr_5yr,15.13,0.636150234741784
ICICIGI,Mar 2023,Group C,revenue_cagr_5yr,15.13,0.636150234741784
ICICIGI,Mar 2024,Group C,revenue_cagr_5yr,15.13,0.636150234741784
ICICIPRULI,Mar 2013,Group C,revenue_cagr_5yr,29.84,0.9741784037558685
ICICIPRULI,Mar 2014,Group C,revenue_cagr_5yr,29.84,0.9741784037558685
ICICIPRULI,Mar 2015,Group C,revenue_cagr_5yr,29.84,0.9741784037558685
ICICIPRULI,Mar 2016,Group C,revenue_cagr_5yr,29.84,0.9741784037558685
ICICIPRULI,Mar 2017,Group C,revenue_cagr_5yr,29.84,0.9741784037558685
ICICIPRULI,Mar 2018,Group C,revenue_cagr_5yr,29.84,0.9741784037558685
ICICIPRULI,Mar 2019,Group C,revenue_cagr_5yr,29.84,0.9741784037558685
ICICIPRULI,Mar 2020,Group C,revenue_cagr_5yr,29.84,0.9741784037558685
ICICIPRULI,Mar 2021,Group C,revenue_cagr_5yr,29.84,0.9741784037558685
ICICIPRULI,Mar 2022,Group C,revenue_cagr_5yr,29.84,0.9741784037558685
ICICIPRULI,Mar 2023,Group C,revenue_cagr_5yr,29.84,0.9741784037558685
ICICIPRULI,Mar 2024,Group C,revenue_cagr_5yr,29.84,0.9741784037558685
INDIGO,Mar 2013,Group C,revenue_cagr_5yr,16.42,0.7488262910798122
INDIGO,Mar 2014,Group C,revenue_cagr_5yr,16.42,0.7488262910798122
INDIGO,Mar 2015,Group C,revenue_cagr_5yr,16.42,0.7488262910798122
INDIGO,Mar 2016,Group C,revenue_cagr_5yr,16.42,0.7488262910798122
INDIGO,Mar 2017,Group C,revenue_cagr_5yr,16.42,0.7488262910798122
INDIGO,Mar 2018,Group C,revenue_cagr_5yr,16.42,0.7488262910798122
INDIGO,Mar 2019,Group C,revenue_cagr_5yr,16.42,0.7488262910798122
INDIGO,Mar 2020,Group C,revenue_cagr_5yr,16.42,0.7488262910798122
INDIGO,Mar 2021,Group C,revenue_cagr_5yr,16.42,0.7488262910798122
INDIGO,Mar 2022,Group C,revenue_cagr_5yr,16.42,0.7488262910798122
INDIGO,Mar 2023,Group C,revenue_cagr_5yr,16.42,0.7488262910798122
INDIGO,Mar 2024,Group C,revenue_cagr_5yr,16.42,0.7488262910798122
INDUSINDBK,Mar 2013,Group C,revenue_cagr_5yr,11.23,0.36384976525821594
INDUSINDBK,Mar 2014,Group C,revenue_cagr_5yr,11.23,0.36384976525821594
INDUSINDBK,Mar 2015,Group C,revenue_cagr_5yr,11.23,0.36384976525821594
INDUSINDBK,Mar 2016,Group C,revenue_cagr_5yr,11.23,0.36384976525821594
INDUSINDBK,Mar 2017,Group C,revenue_cagr_5yr,11.23,0.36384976525821594
INDUSINDBK,Mar 2018,Group C,revenue_cagr_5yr,11.23,0.36384976525821594
INDUSINDBK,Mar 2019,Group C,revenue_cagr_5yr,11.23,0.36384976525821594
INDUSINDBK,Mar 2020,Group C,revenue_cagr_5yr,11.23,0.36384976525821594
INDUSINDBK,Mar 2021,Group C,revenue_cagr_5yr,11.23,0.36384976525821594
INDUSINDBK,Mar 2022,Group C,revenue_cagr_5yr,11.23,0.36384976525821594
INDUSINDBK,Mar 2023,Group C,revenue_cagr_5yr,11.23,0.36384976525821594
INDUSINDBK,Mar 2024,Group C,revenue_cagr_5yr,11.23,0.36384976525821594
INFY,Mar 2013,Group C,revenue_cagr_5yr,12.0,0.42018779342723006
INFY,Mar 2014,Group C,revenue_cagr_5yr,12.0,0.42018779342723006
INFY,Mar 2015,Group C,revenue_cagr_5yr,12.0,0.42018779342723006
INFY,Mar 2016,Group C,revenue_cagr_5yr,12.0,0.42018779342723006
INFY,Mar 2017,Group C,revenue_cagr_5yr,12.0,0.42018779342723006
INFY,Mar 2018,Group C,revenue_cagr_5yr,12.0,0.42018779342723006
INFY,Mar 2019,Group C,revenue_cagr_5yr,12.0,0.42018779342723006
INFY,Mar 2020,Group C,revenue_cagr_5yr,12.0,0.42018779342723006
INFY,Mar 2021,Group C,revenue_cagr_5yr,12.0,0.42018779342723006
INFY,Mar 2022,Group C,revenue_cagr_5yr,12.0,0.42018779342723006
INFY,Mar 2023,Group C,revenue_cagr_5yr,12.0,0.42018779342723006
INFY,Mar 2024,Group C,revenue_cagr_5yr,12.0,0.42018779342723006
IOC,Mar 2013,Group C,revenue_cagr_5yr,9.5,0.2511737089201878
IOC,Mar 2014,Group C,revenue_cagr_5yr,9.5,0.2511737089201878
IOC,Mar 2015,Group C,revenue_cagr_5yr,9.5,0.2511737089201878
IOC,Mar 2016,Group C,revenue_cagr_5yr,9.5,0.2511737089201878
IOC,Mar 2017,Group C,revenue_cagr_5yr,9.5,0.2511737089201878
IOC,Mar 2018,Group C,revenue_cagr_5yr,9.5,0.2511737089201878
IOC,Mar 2019,Group C,revenue_cagr_5yr,9.5,0.2511737089201878
IOC,Mar 2020,Group C,revenue_cagr_5yr,9.5,0.2511737089201878
IOC,Mar 2021,Group C,revenue_cagr_5yr,9.5,0.2511737089201878
IOC,Mar 2022,Group C,revenue_cagr_5yr,9.5,0.2511737089201878
IOC,Mar 2023,Group C,revenue_cagr_5yr,9.5,0.2511737089201878
IOC,Mar 2024,Group C,revenue_cagr_5yr,9.5,0.2511737089201878
IRCTC,Mar 2015,Group C,revenue_cagr_5yr,14.5,0.528169014084507
IRCTC,Mar 2016,Group C,revenue_cagr_5yr,14.5,0.528169014084507
IRCTC,Mar 2017,Group C,revenue_cagr_5yr,14.5,0.528169014084507
IRCTC,Mar 2018,Group C,revenue_cagr_5yr,14.5,0.528169014084507
IRCTC,Mar 2019,Group C,revenue_cagr_5yr,14.5,0.528169014084507
IRCTC,Mar 2020,Group C,revenue_cagr_5yr,14.5,0.528169014084507
IRCTC,Mar 2021,Group C,revenue_cagr_5yr,14.5,0.528169014084507
IRCTC,Mar 2022,Group C,revenue_cagr_5yr,14.5,0.528169014084507
IRCTC,Mar 2023,Group C,revenue_cagr_5yr,14.5,0.528169014084507
IRCTC,Mar 2024,Group C,revenue_cagr_5yr,14.5,0.528169014084507
IRFC,Mar 2013,Group C,revenue_cagr_5yr,14.92,0.57981220657277
IRFC,Mar 2014,Group C,revenue_cagr_5yr,14.92,0.57981220657277
IRFC,Mar 2015,Group C,revenue_cagr_5yr,14.92,0.57981220657277
IRFC,Mar 2016,Group C,revenue_cagr_5yr,14.92,0.57981220657277
IRFC,Mar 2017,Group C,revenue_cagr_5yr,14.92,0.57981220657277
IRFC,Mar 2018,Group C,revenue_cagr_5yr,14.92,0.57981220657277
IRFC,Mar 2019,Group C,revenue_cagr_5yr,14.92,0.57981220657277
IRFC,Mar 2020,Group C,revenue_cagr_5yr,14.92,0.57981220657277
IRFC,Mar 2021,Group C,revenue_cagr_5yr,14.92,0.57981220657277
IRFC,Mar 2022,Group C,revenue_cagr_5yr,14.92,0.57981220657277
IRFC,Mar 2023,Group C,revenue_cagr_5yr,14.92,0.57981220657277
IRFC,Mar 2024,Group C,revenue_cagr_5yr,14.92,0.57981220657277
ITC,Mar 2013,Group C,revenue_cagr_5yr,8.75,0.19483568075117372
ITC,Mar 2014,Group C,revenue_cagr_5yr,8.75,0.19483568075117372
ITC,Mar 2015,Group C,revenue_cagr_5yr,8.75,0.19483568075117372
ITC,Mar 2016,Group C,revenue_cagr_5yr,8.75,0.19483568075117372
ITC,Mar 2017,Group C,revenue_cagr_5yr,8.75,0.19483568075117372
ITC,Mar 2018,Group C,revenue_cagr_5yr,8.75,0.19483568075117372
ITC,Mar 2019,Group C,revenue_cagr_5yr,8.75,0.19483568075117372
ITC,Mar 2020,Group C,revenue_cagr_5yr,8.75,0.19483568075117372
ITC,Mar 2021,Group C,revenue_cagr_5yr,8.75,0.19483568075117372
ITC,Mar 2022,Group C,revenue_cagr_5yr,8.75,0.19483568075117372
ITC,Mar 2023,Group C,revenue_cagr_5yr,8.75,0.19483568075117372
ITC,Mar 2024,Group C,revenue_cagr_5yr,8.75,0.19483568075117372
JINDALSTEL,Mar 2013,Group C,revenue_cagr_5yr,5.69,0.03051643192488263
JINDALSTEL,Mar 2014,Group C,revenue_cagr_5yr,5.69,0.03051643192488263
JINDALSTEL,Mar 2015,Group C,revenue_cagr_5yr,5.69,0.03051643192488263
JINDALSTEL,Mar 2016,Group C,revenue_cagr_5yr,5.69,0.03051643192488263
JINDALSTEL,Mar 2017,Group C,revenue_cagr_5yr,5.69,0.03051643192488263
JINDALSTEL,Mar 2018,Group C,revenue_cagr_5yr,5.69,0.03051643192488263
JINDALSTEL,Mar 2019,Group C,revenue_cagr_5yr,5.69,0.03051643192488263
JINDALSTEL,Mar 2020,Group C,revenue_cagr_5yr,5.69,0.03051643192488263
JINDALSTEL,Mar 2021,Group C,revenue_cagr_5yr,5.69,0.03051643192488263
JINDALSTEL,Mar 2022,Group C,revenue_cagr_5yr,5.69,0.03051643192488263
JINDALSTEL,Mar 2023,Group C,revenue_cagr_5yr,5.69,0.03051643192488263
JINDALSTEL,Mar 2024,Group C,revenue_cagr_5yr,5.69,0.03051643192488263
JIOFIN,Mar 2023,Group C,revenue_cagr_5yr,,
JIOFIN,Mar 2024,Group C,revenue_cagr_5yr,,
JSWENERGY,Mar 2013,Group C,revenue_cagr_5yr,6.65,0.13849765258215962
JSWENERGY,Mar 2014,Group C,revenue_cagr_5yr,6.65,0.13849765258215962
JSWENERGY,Mar 2015,Group C,revenue_cagr_5yr,6.65,0.13849765258215962
JSWENERGY,Mar 2016,Group C,revenue_cagr_5yr,6.65,0.13849765258215962
JSWENERGY,Mar 2017,Group C,revenue_cagr_5yr,6.65,0.13849765258215962
JSWENERGY,Mar 2018,Group C,revenue_cagr_5yr,6.65,0.13849765258215962
JSWENERGY,Mar 2019,Group C,revenue_cagr_5yr,6.65,0.13849765258215962
JSWENERGY,Mar 2020,Group C,revenue_cagr_5yr,6.65,0.13849765258215962
JSWENERGY,Mar 2021,Group C,revenue_cagr_5yr,6.65,0.13849765258215962
JSWENERGY,Mar 2022,Group C,revenue_cagr_5yr,6.65,0.13849765258215962
JSWENERGY,Mar 2023,Group C,revenue_cagr_5yr,6.65,0.13849765258215962
JSWENERGY,Mar 2024,Group C,revenue_cagr_5yr,6.65,0.13849765258215962
JSWSTEEL,Mar 2013,Group C,revenue_cagr_5yr,18.35,0.8051643192488263
JSWSTEEL,Mar 2014,Group C,revenue_cagr_5yr,18.35,0.8051643192488263
JSWSTEEL,Mar 2015,Group C,revenue_cagr_5yr,18.35,0.8051643192488263
JSWSTEEL,Mar 2016,Group C,revenue_cagr_5yr,18.35,0.8051643192488263
JSWSTEEL,Mar 2017,Group C,revenue_cagr_5yr,18.35,0.8051643192488263
JSWSTEEL,Mar 2018,Group C,revenue_cagr_5yr,18.35,0.8051643192488263
JSWSTEEL,Mar 2019,Group C,revenue_cagr_5yr,18.35,0.8051643192488263
JSWSTEEL,Mar 2020,Group C,revenue_cagr_5yr,18.35,0.8051643192488263
JSWSTEEL,Mar 2021,Group C,revenue_cagr_5yr,18.35,0.8051643192488263
JSWSTEEL,Mar 2022,Group C,revenue_cagr_5yr,18.35,0.8051643192488263
JSWSTEEL,Mar 2023,Group C,revenue_cagr_5yr,18.35,0.8051643192488263
JSWSTEEL,Mar 2024,Group C,revenue_cagr_5yr,18.35,0.8051643192488263
HDFCBANK,Mar 2013,Group C,eps_cagr_5yr,12.72,0.7090395480225988
HDFCBANK,Mar 2014,Group C,eps_cagr_5yr,12.72,0.7090395480225988
HDFCBANK,Mar 2015,Group C,eps_cagr_5yr,12.72,0.7090395480225988
HDFCBANK,Mar 2016,Group C,eps_cagr_5yr,12.72,0.7090395480225988
HDFCBANK,Mar 2017,Group C,eps_cagr_5yr,12.72,0.7090395480225988
HDFCBANK,Mar 2018,Group C,eps_cagr_5yr,12.72,0.7090395480225988
HDFCBANK,Mar 2019,Group C,eps_cagr_5yr,12.72,0.7090395480225988
HDFCBANK,Mar 2020,Group C,eps_cagr_5yr,12.72,0.7090395480225988
HDFCBANK,Mar 2021,Group C,eps_cagr_5yr,12.72,0.7090395480225988
HDFCBANK,Mar 2022,Group C,eps_cagr_5yr,12.72,0.7090395480225988
HDFCBANK,Mar 2023,Group C,eps_cagr_5yr,12.72,0.7090395480225988
HDFCBANK,Mar 2024,Group C,eps_cagr_5yr,12.72,0.7090395480225988
HDFCLIFE,Mar 2013,Group C,eps_cagr_5yr,5.92,0.268361581920904
HDFCLIFE,Mar 2014,Group C,eps_cagr_5yr,5.92,0.268361581920904
HDFCLIFE,Mar 2015,Group C,eps_cagr_5yr,5.92,0.268361581920904
HDFCLIFE,Mar 2016,Group C,eps_cagr_5yr,5.92,0.268361581920904
HDFCLIFE,Mar 2017,Group C,eps_cagr_5yr,5.92,0.268361581920904
HDFCLIFE,Mar 2018,Group C,eps_cagr_5yr,5.92,0.268361581920904
HDFCLIFE,Mar 2019,Group C,eps_cagr_5yr,5.92,0.268361581920904
HDFCLIFE,Mar 2020,Group C,eps_cagr_5yr,5.92,0.268361581920904
HDFCLIFE,Mar 2021,Group C,eps_cagr_5yr,5.92,0.268361581920904
HDFCLIFE,Mar 2022,Group C,eps_cagr_5yr,5.92,0.268361581920904
HDFCLIFE,Mar 2023,Group C,eps_cagr_5yr,5.92,0.268361581920904
HDFCLIFE,Mar 2024,Group C,eps_cagr_5yr,5.92,0.268361581920904
HEROMOTOCO,Mar 2014,Group C,eps_cagr_5yr,2.61,0.1694915254237288
HEROMOTOCO,Mar 2015,Group C,eps_cagr_5yr,2.61,0.1694915254237288
HEROMOTOCO,Mar 2016,Group C,eps_cagr_5yr,2.61,0.1694915254237288
HEROMOTOCO,Mar 2017,Group C,eps_cagr_5yr,2.61,0.1694915254237288
HEROMOTOCO,Mar 2018,Group C,eps_cagr_5yr,2.61,0.1694915254237288
HEROMOTOCO,Mar 2019,Group C,eps_cagr_5yr,2.61,0.1694915254237288
HEROMOTOCO,Mar 2020,Group C,eps_cagr_5yr,2.61,0.1694915254237288
HEROMOTOCO,Mar 2021,Group C,eps_cagr_5yr,2.61,0.1694915254237288
HEROMOTOCO,Mar 2022,Group C,eps_cagr_5yr,2.61,0.1694915254237288
HEROMOTOCO,Mar 2023,Group C,eps_cagr_5yr,2.61,0.1694915254237288
HEROMOTOCO,Mar 2024,Group C,eps_cagr_5yr,2.61,0.1694915254237288
HINDALCO,Mar 2013,Group C,eps_cagr_5yr,26.93,0.9011299435028248
HINDALCO,Mar 2014,Group C,eps_cagr_5yr,26.93,0.9011299435028248
HINDALCO,Mar 2015,Group C,eps_cagr_5yr,26.93,0.9011299435028248
HINDALCO,Mar 2016,Group C,eps_cagr_5yr,26.93,0.9011299435028248
HINDALCO,Mar 2017,Group C,eps_cagr_5yr,26.93,0.9011299435028248
HINDALCO,Mar 2018,Group C,eps_cagr_5yr,26.93,0.9011299435028248
HINDALCO,Mar 2019,Group C,eps_cagr_5yr,26.93,0.9011299435028248
HINDALCO,Mar 2020,Group C,eps_cagr_5yr,26.93,0.9011299435028248
HINDALCO,Mar 2021,Group C,eps_cagr_5yr,26.93,0.9011299435028248
HINDALCO,Mar 2022,Group C,eps_cagr_5yr,26.93,0.9011299435028248
HINDALCO,Mar 2023,Group C,eps_cagr_5yr,26.93,0.9011299435028248
HINDALCO,Mar 2024,Group C,eps_cagr_5yr,26.93,0.9011299435028248
HINDUNILVR,Mar 2013,Group C,eps_cagr_5yr,8.21,0.3700564971751412
HINDUNILVR,Mar 2014,Group C,eps_cagr_5yr,8.21,0.3700564971751412
HINDUNILVR,Mar 2015,Group C,eps_cagr_5yr,8.21,0.3700564971751412
HINDUNILVR,Mar 2016,Group C,eps_cagr_5yr,8.21,0.3700564971751412
HINDUNILVR,Mar 2017,Group C,eps_cagr_5yr,8.21,0.3700564971751412
HINDUNILVR,Mar 2018,Group C,eps_cagr_5yr,8.21,0.3700564971751412
HINDUNILVR,Mar 2019,Group C,eps_cagr_5yr,8.21,0.3700564971751412
HINDUNILVR,Mar 2020,Group C,eps_cagr_5yr,8.21,0.3700564971751412
HINDUNILVR,Mar 2021,Group C,eps_cagr_5yr,8.21,0.3700564971751412
HINDUNILVR,Mar 2022,Group C,eps_cagr_5yr,8.21,0.3700564971751412
HINDUNILVR,Mar 2023,Group C,eps_cagr_5yr,8.21,0.3700564971751412
HINDUNILVR,Mar 2024,Group C,eps_cagr_5yr,8.21,0.3700564971751412
ICICIBANK,Mar 2013,Group C,eps_cagr_5yr,36.08,0.9689265536723164
ICICIBANK,Mar 2014,Group C,eps_cagr_5yr,36.08,0.9689265536723164
ICICIBANK,Mar 2015,Group C,eps_cagr_5yr,36.08,0.9689265536723164
ICICIBANK,Mar 2016,Group C,eps_cagr_5yr,36.08,0.9689265536723164
ICICIBANK,Mar 2017,Group C,eps_cagr_5yr,36.08,0.9689265536723164
ICICIBANK,Mar 2018,Group C,eps_cagr_5yr,36.08,0.9689265536723164
ICICIBANK,Mar 2019,Group C,eps_cagr_5yr,36.08,0.9689265536723164
ICICIBANK,Mar 2020,Group C,eps_cagr_5yr,36.08,0.9689265536723164
ICICIBANK,Mar 2021,Group C,eps_cagr_5yr,36.08,0.9689265536723164
ICICIBANK,Mar 2022,Group C,eps_cagr_5yr,36.08,0.9689265536723164
ICICIBANK,Mar 2023,Group C,eps_cagr_5yr,36.08,0.9689265536723164
ICICIBANK,Mar 2024,Group C,eps_cagr_5yr,36.08,0.9689265536723164
ICICIGI,Mar 2013,Group C,eps_cagr_5yr,14.42,0.7768361581920904
ICICIGI,Mar 2014,Group C,eps_cagr_5yr,14.42,0.7768361581920904
ICICIGI,Mar 2015,Group C,eps_cagr_5yr,14.42,0.7768361581920904
ICICIGI,Mar 2016,Group C,eps_cagr_5yr,14.42,0.7768361581920904
ICICIGI,Mar 2017,Group C,eps_cagr_5yr,14.42,0.7768361581920904
ICICIGI,Mar 2018,Group C,eps_cagr_5yr,14.42,0.7768361581920904
ICICIGI,Mar 2019,Group C,eps_cagr_5yr,14.42,0.7768361581920904
ICICIGI,Mar 2020,Group C,eps_cagr_5yr,14.42,0.7768361581920904
ICICIGI,Mar 2021,Group C,eps_cagr_5yr,14.42,0.7768361581920904
ICICIGI,Mar 2022,Group C,eps_cagr_5yr,14.42,0.7768361581920904
ICICIGI,Mar 2023,Group C,eps_cagr_5yr,14.42,0.7768361581920904
ICICIGI,Mar 2024,Group C,eps_cagr_5yr,14.42,0.7768361581920904
ICICIPRULI,Mar 2013,Group C,eps_cagr_5yr,0.0,0.10451977401129943
ICICIPRULI,Mar 2014,Group C,eps_cagr_5yr,0.0,0.10451977401129943
ICICIPRULI,Mar 2015,Group C,eps_cagr_5yr,0.0,0.10451977401129943
ICICIPRULI,Mar 2016,Group C,eps_cagr_5yr,0.0,0.10451977401129943
ICICIPRULI,Mar 2017,Group C,eps_cagr_5yr,0.0,0.10451977401129943
ICICIPRULI,Mar 2018,Group C,eps_cagr_5yr,0.0,0.10451977401129943
ICICIPRULI,Mar 2019,Group C,eps_cagr_5yr,0.0,0.10451977401129943
ICICIPRULI,Mar 2020,Group C,eps_cagr_5yr,0.0,0.10451977401129943
ICICIPRULI,Mar 2021,Group C,eps_cagr_5yr,0.0,0.10451977401129943
ICICIPRULI,Mar 2022,Group C,eps_cagr_5yr,0.0,0.10451977401129943
ICICIPRULI,Mar 2023,Group C,eps_cagr_5yr,0.0,0.10451977401129943
ICICIPRULI,Mar 2024,Group C,eps_cagr_5yr,0.0,0.10451977401129943
INDIGO,Mar 2013,Group C,eps_cagr_5yr,,
INDIGO,Mar 2014,Group C,eps_cagr_5yr,,
INDIGO,Mar 2015,Group C,eps_cagr_5yr,,
INDIGO,Mar 2016,Group C,eps_cagr_5yr,,
INDIGO,Mar 2017,Group C,eps_cagr_5yr,,
INDIGO,Mar 2018,Group C,eps_cagr_5yr,,
INDIGO,Mar 2019,Group C,eps_cagr_5yr,,
INDIGO,Mar 2020,Group C,eps_cagr_5yr,,
INDIGO,Mar 2021,Group C,eps_cagr_5yr,,
INDIGO,Mar 2022,Group C,eps_cagr_5yr,,
INDIGO,Mar 2023,Group C,eps_cagr_5yr,,
INDIGO,Mar 2024,Group C,eps_cagr_5yr,,
INDUSINDBK,Mar 2013,Group C,eps_cagr_5yr,10.2,0.5056497175141242
INDUSINDBK,Mar 2014,Group C,eps_cagr_5yr,10.2,0.5056497175141242
INDUSINDBK,Mar 2015,Group C,eps_cagr_5yr,10.2,0.5056497175141242
INDUSINDBK,Mar 2016,Group C,eps_cagr_5yr,10.2,0.5056497175141242
INDUSINDBK,Mar 2017,Group C,eps_cagr_5yr,10.2,0.5056497175141242
INDUSINDBK,Mar 2018,Group C,eps_cagr_5yr,10.2,0.5056497175141242
INDUSINDBK,Mar 2019,Group C,eps_cagr_5yr,10.2,0.5056497175141242
INDUSINDBK,Mar 2020,Group C,eps_cagr_5yr,10.2,0.5056497175141242
INDUSINDBK,Mar 2021,Group C,eps_cagr_5yr,10.2,0.5056497175141242
INDUSINDBK,Mar 2022,Group C,eps_cagr_5yr,10.2,0.5056497175141242
INDUSINDBK,Mar 2023,Group C,eps_cagr_5yr,10.2,0.5056497175141242
INDUSINDBK,Mar 2024,Group C,eps_cagr_5yr,10.2,0.5056497175141242
INFY,Mar 2013,Group C,eps_cagr_5yr,11.43,0.6412429378531074
INFY,Mar 2014,Group C,eps_cagr_5yr,11.43,0.6412429378531074
INFY,Mar 2015,Group C,eps_cagr_5yr,11.43,0.6412429378531074
INFY,Mar 2016,Group C,eps_cagr_5yr,11.43,0.6412429378531074
INFY,Mar 2017,Group C,eps_cagr_5yr,11.43,0.6412429378531074
INFY,Mar 2018,Group C,eps_cagr_5yr,11.43,0.6412429378531074
INFY,Mar 2019,Group C,eps_cagr_5yr,11.43,0.6412429378531074
INFY,Mar 2020,Group C,eps_cagr_5yr,11.43,0.6412429378531074
INFY,Mar 2021,Group C,eps_cagr_5yr,11.43,0.6412429378531074
INFY,Mar 2022,Group C,eps_cagr_5yr,11.43,0.6412429378531074
INFY,Mar 2023,Group C,eps_cagr_5yr,11.43,0.6412429378531074
INFY,Mar 2024,Group C,eps_cagr_5yr,11.43,0.6412429378531074
IOC,Mar 2013,Group C,eps_cagr_5yr,,
IOC,Mar 2014,Group C,eps_cagr_5yr,,
IOC,Mar 2015,Group C,eps_cagr_5yr,,
IOC,Mar 2016,Group C,eps_cagr_5yr,,
IOC,Mar 2017,Group C,eps_cagr_5yr,,
IOC,Mar 2018,Group C,eps_cagr_5yr,,
IOC,Mar 2019,Group C,eps_cagr_5yr,,
IOC,Mar 2020,Group C,eps_cagr_5yr,,
IOC,Mar 2021,Group C,eps_cagr_5yr,,
IOC,Mar 2022,Group C,eps_cagr_5yr,,
IOC,Mar 2023,Group C,eps_cagr_5yr,,
IOC,Mar 2024,Group C,eps_cagr_5yr,,
IRCTC,Mar 2015,Group C,eps_cagr_5yr,20.11,0.8389830508474576
IRCTC,Mar 2016,Group C,eps_cagr_5yr,20.11,0.8389830508474576
IRCTC,Mar 2017,Group C,eps_cagr_5yr,20.11,0.8389830508474576
IRCTC,Mar 2018,Group C,eps_cagr_5yr,20.11,0.8389830508474576
IRCTC,Mar 2019,Group C,eps_cagr_5yr,20.11,0.8389830508474576
IRCTC,Mar 2020,Group C,eps_cagr_5yr,20.11,0.8389830508474576
IRCTC,Mar 2021,Group C,eps_cagr_5yr,20.11,0.8389830508474576
IRCTC,Mar 2022,Group C,eps_cagr_5yr,20.11,0.8389830508474576
IRCTC,Mar 2023,Group C,eps_cagr_5yr,20.11,0.8389830508474576
IRCTC,Mar 2024,Group C,eps_cagr_5yr,20.11,0.8389830508474576
IRFC,Mar 2013,Group C,eps_cagr_5yr,10.76,0.5734463276836158
IRFC,Mar 2014,Group C,eps_cagr_5yr,10.76,0.5734463276836158
IRFC,Mar 2015,Group C,eps_cagr_5yr,10.76,0.5734463276836158
IRFC,Mar 2016,Group C,eps_cagr_5yr,10.76,0.5734463276836158
IRFC,Mar 2017,Group C,eps_cagr_5yr,10.76,0.5734463276836158
IRFC,Mar 2018,Group C,eps_cagr_5yr,10.76,0.5734463276836158
IRFC,Mar 2019,Group C,eps_cagr_5yr,10.76,0.5734463276836158
IRFC,Mar 2020,Group C,eps_cagr_5yr,10.76,0.5734463276836158
IRFC,Mar 2021,Group C,eps_cagr_5yr,10.76,0.5734463276836158
IRFC,Mar 2022,Group C,eps_cagr_5yr,10.76,0.5734463276836158
IRFC,Mar 2023,Group C,eps_cagr_5yr,10.76,0.5734463276836158
IRFC,Mar 2024,Group C,eps_cagr_5yr,10.76,0.5734463276836158
ITC,Mar 2013,Group C,eps_cagr_5yr,5.92,0.268361581920904
ITC,Mar 2014,Group C,eps_cagr_5yr,5.92,0.268361581920904
ITC,Mar 2015,Group C,eps_cagr_5yr,5.92,0.268361581920904
ITC,Mar 2016,Group C,eps_cagr_5yr,5.92,0.268361581920904
ITC,Mar 2017,Group C,eps_cagr_5yr,5.92,0.268361581920904
ITC,Mar 2018,Group C,eps_cagr_5yr,5.92,0.268361581920904
ITC,Mar 2019,Group C,eps_cagr_5yr,5.92,0.268361581920904
ITC,Mar 2020,Group C,eps_cagr_5yr,5.92,0.268361581920904
ITC,Mar 2021,Group C,eps_cagr_5yr,5.92,0.268361581920904
ITC,Mar 2022,Group C,eps_cagr_5yr,5.92,0.268361581920904
ITC,Mar 2023,Group C,eps_cagr_5yr,5.92,0.268361581920904
ITC,Mar 2024,Group C,eps_cagr_5yr,5.92,0.268361581920904
JINDALSTEL,Mar 2013,Group C,eps_cagr_5yr,,
JINDALSTEL,Mar 2014,Group C,eps_cagr_5yr,,
JINDALSTEL,Mar 2015,Group C,eps_cagr_5yr,,
JINDALSTEL,Mar 2016,Group C,eps_cagr_5yr,,
JINDALSTEL,Mar 2017,Group C,eps_cagr_5yr,,
JINDALSTEL,Mar 2018,Group C,eps_cagr_5yr,,
JINDALSTEL,Mar 2019,Group C,eps_cagr_5yr,,
JINDALSTEL,Mar 2020,Group C,eps_cagr_5yr,,
JINDALSTEL,Mar 2021,Group C,eps_cagr_5yr,,
JINDALSTEL,Mar 2022,Group C,eps_cagr_5yr,,
JINDALSTEL,Mar 2023,Group C,eps_cagr_5yr,,
JINDALSTEL,Mar 2024,Group C,eps_cagr_5yr,,
JIOFIN,Mar 2023,Group C,eps_cagr_5yr,,
JIOFIN,Mar 2024,Group C,eps_cagr_5yr,,
JSWENERGY,Mar 2013,Group C,eps_cagr_5yr,9.46,0.4378531073446328
JSWENERGY,Mar 2014,Group C,eps_cagr_5yr,9.46,0.4378531073446328
JSWENERGY,Mar 2015,Group C,eps_cagr_5yr,9.46,0.4378531073446328
JSWENERGY,Mar 2016,Group C,eps_cagr_5yr,9.46,0.4378531073446328
JSWENERGY,Mar 2017,Group C,eps_cagr_5yr,9.46,0.4378531073446328
JSWENERGY,Mar 2018,Group C,eps_cagr_5yr,9.46,0.4378531073446328
JSWENERGY,Mar 2019,Group C,eps_cagr_5yr,9.46,0.4378531073446328
JSWENERGY,Mar 2020,Group C,eps_cagr_5yr,9.46,0.4378531073446328
JSWENERGY,Mar 2021,Group C,eps_cagr_5yr,9.46,0.4378531073446328
JSWENERGY,Mar 2022,Group C,eps_cagr_5yr,9.46,0.4378531073446328
JSWENERGY,Mar 2023,Group C,eps_cagr_5yr,9.46,0.4378531073446328
JSWENERGY,Mar 2024,Group C,eps_cagr_5yr,9.46,0.4378531073446328
JSWSTEEL,Mar 2013,Group C,eps_cagr_5yr,-3.81,0.03672316384180791
JSWSTEEL,Mar 2014,Group C,eps_cagr_5yr,-3.81,0.03672316384180791
JSWSTEEL,Mar 2015,Group C,eps_cagr_5yr,-3.81,0.03672316384180791
JSWSTEEL,Mar 2016,Group C,eps_cagr_5yr,-3.81,0.03672316384180791
JSWSTEEL,Mar 2017,Group C,eps_cagr_5yr,-3.81,0.03672316384180791
JSWSTEEL,Mar 2018,Group C,eps_cagr_5yr,-3.81,0.03672316384180791
JSWSTEEL,Mar 2019,Group C,eps_cagr_5yr,-3.81,0.03672316384180791
JSWSTEEL,Mar 2020,Group C,eps_cagr_5yr,-3.81,0.03672316384180791
JSWSTEEL,Mar 2021,Group C,eps_cagr_5yr,-3.81,0.03672316384180791
JSWSTEEL,Mar 2022,Group C,eps_cagr_5yr,-3.81,0.03672316384180791
JSWSTEEL,Mar 2023,Group C,eps_cagr_5yr,-3.81,0.03672316384180791
JSWSTEEL,Mar 2024,Group C,eps_cagr_5yr,-3.81,0.03672316384180791
HDFCBANK,Mar 2013,Group C,interest_coverage,1.7721856161502874,0.22330097087378642
HDFCBANK,Mar 2014,Group C,interest_coverage,1.6294287780187997,0.2087378640776699
HDFCBANK,Mar 2015,Group C,interest_coverage,1.6947412528807877,0.21844660194174756
HDFCBANK,Mar 2016,Group C,interest_coverage,1.7899571887263646,0.23300970873786409
HDFCBANK,Mar 2017,Group C,interest_coverage,1.849825648973266,0.2621359223300971
HDFCBANK,Mar 2018,Group C,interest_coverage,1.840194307778539,0.2524271844660194
HDFCBANK,Mar 2019,Group C,interest_coverage,1.8405024542143875,0.25728155339805825
HDFCBANK,Mar 2020,Group C,interest_coverage,1.8276860002411672,0.24271844660194175
HDFCBANK,Mar 2021,Group C,interest_coverage,1.9196575567994727,0.28640776699029125
HDFCBANK,Mar 2022,Group C,interest_coverage,1.7812903428949274,0.22815533980582525
HDFCBANK,Mar 2023,Group C,interest_coverage,1.859518754423213,0.2669902912621359
HDFCBANK,Mar 2024,Group C,interest_coverage,1.4007688224792112,0.16990291262135923
HDFCLIFE,Mar 2013,Group C,interest_coverage,483.5357142857143,0.9660194174757282
HDFCLIFE,Mar 2014,Group C,interest_coverage,68.7344398340249,0.7135922330097088
HDFCLIFE,Mar 2015,Group C,interest_coverage,333.46835443037975,0.9368932038834952
HDFCLIFE,Mar 2016,Group C,interest_coverage,159.1851851851852,0.8543689320388349
HDFCLIFE,Mar 2017,Group C,interest_coverage,213.50359712230212,0.9029126213592233
HDFCLIFE,Mar 2018,Group C,interest_coverage,110.59929078014184,0.7864077669902912
HDFCLIFE,Mar 2019,Group C,interest_coverage,276.7867647058824,0.9174757281553398
HDFCLIFE,Mar 2020,Group C,interest_coverage,76.53929539295393,0.7330097087378641
HDFCLIFE,Mar 2021,Group C,interest_coverage,157.9685393258427,0.8446601941747572
HDFCLIFE,Mar 2022,Group C,interest_coverage,86.61749347258485,0.7572815533980582
HDFCLIFE,Mar 2023,Group C,interest_coverage,48.80097425191371,0.6650485436893204
HDFCLIFE,Mar 2024,Group C,interest_coverage,192.2895238095238,0.883495145631068
HEROMOTOCO,Mar 2014,Group C,interest_coverage,50.54883720930233,0.6796116504854369
HEROMOTOCO,Mar 2015,Group C,interest_coverage,73.94153846153846,0.7281553398058253
HEROMOTOCO,Mar 2016,Group C,interest_coverage,57.12351543942993,0.6941747572815534
HEROMOTOCO,Mar 2017,Group C,interest_coverage,28.96506024096385,0.5970873786407767
HEROMOTOCO,Mar 2018,Group C,interest_coverage,48.12056737588652,0.6504854368932039
HEROMOTOCO,Mar 2019,Group C,interest_coverage,39.08367071524966,0.6359223300970874
HEROMOTOCO,Mar 2020,Group C,interest_coverage,17.571827057182706,0.5242718446601942
HEROMOTOCO,Mar 2021,Group C,interest_coverage,48.67088607594937,0.6601941747572816
HEROMOTOCO,Mar 2022,Group C,interest_coverage,48.26788990825688,0.6553398058252428
HEROMOTOCO,Mar 2023,Group C,interest_coverage,53.03703703703704,0.6844660194174758
HEROMOTOCO,Mar 2024,Group C,interest_coverage,47.26850507982584,0.6456310679611651
HINDALCO,Mar 2013,Group C,interest_coverage,65.26012601260126,0.7087378640776699
HINDALCO,Mar 2014,Group C,interest_coverage,117.69571639586412,0.8009708737864077
HINDALCO,Mar 2015,Group C,interest_coverage,-114.71754807692308,0.019417475728155338
HINDALCO,Mar 2016,Group C,interest_coverage,60.659333333333336,0.7038834951456311
HINDALCO,Mar 2017,Group C,interest_coverage,73.35475792988314,0.7233009708737864
HINDALCO,Mar 2018,Group C,interest_coverage,35.2552969781174,0.6262135922330098
HINDALCO,Mar 2019,Group C,interest_coverage,102.07897071872227,0.7766990291262136
HINDALCO,Mar 2020,Group C,interest_coverage,114.62472406181016,0.7961165048543689
HINDALCO,Mar 2021,Group C,interest_coverage,-115.96960486322187,0.014563106796116505
HINDALCO,Mar 2022,Group C,interest_coverage,133.06225059856345,0.8203883495145631
HINDALCO,Mar 2023,Group C,interest_coverage,153.43993879112472,0.8349514563106796
HINDALCO,Mar 2024,Group C,interest_coverage,126.46543778801843,0.8106796116504854
HINDUNILVR,Mar 2013,Group C,interest_coverage,20.302760463045413,0.5388349514563107
HINDUNILVR,Mar 2014,Group C,interest_coverage,30.9229797979798,0.6067961165048543
HINDUNILVR,Mar 2015,Group C,interest_coverage,21.312750601443465,0.5631067961165048
HINDUNILVR,Mar 2016,Group C,interest_coverage,54.10288065843621,0.6893203883495146
HINDUNILVR,Mar 2017,Group C,interest_coverage,44.31188118811881,0.6407766990291263
HINDUNILVR,Mar 2018,Group C,interest_coverage,79.5099150141643,0.7427184466019418
HINDUNILVR,Mar 2019,Group C,interest_coverage,94.57453416149067,0.7718446601941747
HINDUNILVR,Mar 2020,Group C,interest_coverage,70.62971698113208,0.7184466019417476
HINDUNILVR,Mar 2021,Group C,interest_coverage,208.39411764705883,0.8980582524271845
HINDUNILVR,Mar 2022,Group C,interest_coverage,180.8858447488585,0.8786407766990292
HINDUNILVR,Mar 2023,Group C,interest_coverage,103.69642857142856,0.7815533980582524
HINDUNILVR,Mar 2024,Group C,interest_coverage,57.847001223990205,0.6990291262135923
ICICIBANK,Mar 2013,Group C,interest_coverage,1.079467939972715,0.02912621359223301
ICICIBANK,Mar 2014,Group C,interest_coverage,1.0911085258434436,0.03398058252427184
ICICIBANK,Mar 2015,Group C,interest_coverage,1.0988596391694088,0.038834951456310676
ICICIBANK,Mar 2016,Group C,interest_coverage,1.2400123509571992,0.05825242718446602
ICICIBANK,Mar 2017,Group C,interest_coverage,1.2158107438331618,0.043689320388349516
ICICIBANK,Mar 2018,Group C,interest_coverage,1.280370376890172,0.07766990291262135
ICICIBANK,Mar 2019,Group C,interest_coverage,1.4109397387273497,0.17475728155339806
ICICIBANK,Mar 2020,Group C,interest_coverage,1.3134411085450346,0.0970873786407767
ICICIBANK,Mar 2021,Group C,interest_coverage,1.2644304043007175,0.06796116504854369
ICICIBANK,Mar 2022,Group C,interest_coverage,1.3000370197492317,0.0825242718446602
ICICIBANK,Mar 2023,Group C,interest_coverage,1.3492136626121145,0.11650485436893204
ICICIBANK,Mar 2024,Group C,interest_coverage,1.3009461331381824,0.08737864077669903
ICICIGI,Mar 2013,Group C,interest_coverage,7.145051194539249,0.4563106796116505
ICICIGI,Mar 2014,Group C,interest_coverage,5.597307221542228,0.441747572815534
ICICIGI,Mar 2015,Group C,interest_coverage,4.486895161290323,0.4077669902912621
ICICIGI,Mar 2016,Group C,interest_coverage,,
ICICIGI,Mar 2017,Group C,interest_coverage,-3306.5,0.009708737864077669
ICICIGI,Mar 2018,Group C,interest_coverage,4.569789674952199,0.41262135922330095
ICICIGI,Mar 2019,Group C,interest_coverage,-4754.5,0.0048543689320388345
ICICIGI,Mar 2020,Group C,interest_coverage,650.6666666666666,0.9757281553398058
ICICIGI,Mar 2021,Group C,interest_coverage,842.25,0.9854368932038835
ICICIGI,Mar 2022,Group C,interest_coverage,18.56118665018541,0.5339805825242718
ICICIGI,Mar 2023,Group C,interest_coverage,16.769929364278507,0.5194174757281553
ICICIGI,Mar 2024,Group C,interest_coverage,160.02678571428572,0.8592233009708737
ICICIPRULI,Mar 2013,Group C,interest_coverage,21.426666666666662,0.5679611650485437
ICICIPRULI,Mar 2014,Group C,interest_coverage,158.06976744186048,0.8495145631067961
ICICIPRULI,Mar 2015,Group C,interest_coverage,762.8604651162791,0.9805825242718447
ICICIPRULI,Mar 2016,Group C,interest_coverage,,
ICICIPRULI,Mar 2017,Group C,interest_coverage,277.03846153846155,0.9223300970873787
ICICIPRULI,Mar 2018,Group C,interest_coverage,280.81060606060606,0.9271844660194175
ICICIPRULI,Mar 2019,Group C,interest_coverage,50.33579335793358,0.6747572815533981
ICICIPRULI,Mar 2020,Group C,interest_coverage,13.524714828897338,0.5048543689320388
ICICIPRULI,Mar 2021,Group C,interest_coverage,50.07309766327142,0.6699029126213593
ICICIPRULI,Mar 2022,Group C,interest_coverage,20.5969915387026,0.5436893203883495
ICICIPRULI,Mar 2023,Group C,interest_coverage,17.857094017094017,0.529126213592233
ICICIPRULI,Mar 2024,Group C,interest_coverage,31.021548821548823,0.6116504854368932
INDIGO,Mar 2013,Group C,interest_coverage,28.23310810810811,0.5922330097087378
INDIGO,Mar 2014,Group C,interest_coverage,27.33503836317136,0.587378640776699
INDIGO,Mar 2015,Group C,interest_coverage,30.47088607594937,0.6019417475728155
INDIGO,Mar 2016,Group C,interest_coverage,25.23495145631068,0.5825242718446602
INDIGO,Mar 2017,Group C,interest_coverage,20.75285171102661,0.5533980582524272
INDIGO,Mar 2018,Group C,interest_coverage,21.123548046462517,0.558252427184466
INDIGO,Mar 2019,Group C,interest_coverage,21.620377358490565,0.5728155339805825
INDIGO,Mar 2020,Group C,interest_coverage,20.70411495754409,0.5485436893203883
INDIGO,Mar 2021,Group C,interest_coverage,14.12934362934363,0.5097087378640777
INDIGO,Mar 2022,Group C,interest_coverage,35.0,0.6213592233009708
INDIGO,Mar 2023,Group C,interest_coverage,33.49965059399022,0.616504854368932
INDIGO,Mar 2024,Group C,interest_coverage,22.61263972484953,0.5776699029126213
INDUSINDBK,Mar 2013,Group C,interest_coverage,1.4314013206162877,0.18446601941747573
INDUSINDBK,Mar 2014,Group C,interest_coverage,1.3532522474881017,0.12135922330097088
INDUSINDBK,Mar 2015,Group C,interest_coverage,1.2307692307692308,0.04854368932038835
INDUSINDBK,Mar 2016,Group C,interest_coverage,1.2711555959963603,0.07281553398058252
INDUSINDBK,Mar 2017,Group C,interest_coverage,1.3634619995204986,0.14563106796116504
INDUSINDBK,Mar 2018,Group C,interest_coverage,1.3810526315789473,0.15048543689320387
INDUSINDBK,Mar 2019,Group C,interest_coverage,1.6435275367451745,0.21359223300970873
INDUSINDBK,Mar 2020,Group C,interest_coverage,1.813983599482089,0.23786407766990292
INDUSINDBK,Mar 2021,Group C,interest_coverage,2.4375667022411958,0.3058252427184466
INDUSINDBK,Mar 2022,Group C,interest_coverage,2.1593946004908644,0.2961165048543689
INDUSINDBK,Mar 2023,Group C,interest_coverage,1.90191036002939,0.2815533980582524
INDUSINDBK,Mar 2024,Group C,interest_coverage,1.8795270558159352,0.27184466019417475
INFY,Mar 2013,Group C,interest_coverage,2780.6,1.0
INFY,Mar 2014,Group C,interest_coverage,1783.7777777777778,0.9951456310679612
INFY,Mar 2015,Group C,interest_coverage,1526.0833333333333,0.9902912621359223
INFY,Mar 2016,Group C,interest_coverage,,
INFY,Mar 2017,Group C,interest_coverage,,
INFY,Mar 2018,Group C,interest_coverage,,
INFY,Mar 2019,Group C,interest_coverage,,
INFY,Mar 2020,Group C,interest_coverage,147.47058823529412,0.8300970873786407
INFY,Mar 2021,Group C,interest_coverage,154.30769230769232,0.8398058252427184
INFY,Mar 2022,Group C,interest_coverage,168.93,0.8689320388349514
INFY,Mar 2023,Group C,interest_coverage,133.20774647887325,0.8252427184466019
INFY,Mar 2024,Group C,interest_coverage,87.52340425531915,0.7621359223300971
IOC,Mar 2013,Group C,interest_coverage,2.4232272473478504,0.30097087378640774
IOC,Mar 2014,Group C,interest_coverage,3.7468056489576327,0.3883495145631068
IOC,Mar 2015,Group C,interest_coverage,3.912163770530826,0.3932038834951456
IOC,Mar 2016,Group C,interest_coverage,7.816747920848867,0.46601941747572817
IOC,Mar 2017,Group C,interest_coverage,10.287202778519903,0.49514563106796117
IOC,Mar 2018,Group C,interest_coverage,11.868129032258064,0.5
IOC,Mar 2019,Group C,interest_coverage,7.991675126903553,0.470873786407767
IOC,Mar 2020,Group C,interest_coverage,1.5345303867403317,0.19902912621359223
IOC,Mar 2021,Group C,interest_coverage,15.214797136038186,0.5145631067961165
IOC,Mar 2022,Group C,interest_coverage,9.550788412174551,0.4854368932038835
IOC,Mar 2023,Group C,interest_coverage,4.718898260411176,0.4223300970873786
IOC,Mar 2024,Group C,interest_coverage,10.282324578099226,0.49029126213592233
IRCTC,Mar 2015,Group C,interest_coverage,,
IRCTC,Mar 2016,Group C,interest_coverage,,
IRCTC,Mar 2017,Group C,interest_coverage,127.0,0.8155339805825242
IRCTC,Mar 2018,Group C,interest_coverage,124.33333333333331,0.8058252427184466
IRCTC,Mar 2019,Group C,interest_coverage,254.5,0.9077669902912622
IRCTC,Mar 2020,Group C,interest_coverage,78.0,0.7378640776699029
IRCTC,Mar 2021,Group C,interest_coverage,39.0,0.6310679611650486
IRCTC,Mar 2022,Group C,interest_coverage,86.0,0.7524271844660194
IRCTC,Mar 2023,Group C,interest_coverage,89.0,0.7669902912621359
IRCTC,Mar 2024,Group C,interest_coverage,82.73684210526316,0.7475728155339806
IRFC,Mar 2013,Group C,interest_coverage,1.3570552147239263,0.1407766990291262
IRFC,Mar 2014,Group C,interest_coverage,1.3412198827870632,0.11165048543689321
IRFC,Mar 2015,Group C,interest_coverage,1.3834134615384617,0.1553398058252427
IRFC,Mar 2016,Group C,interest_coverage,1.353324877695235,0.1262135922330097
IRFC,Mar 2017,Group C,interest_coverage,1.3096689895470384,0.09223300970873786
IRFC,Mar 2018,Group C,interest_coverage,1.3904790599578187,0.16019417475728157
IRFC,Mar 2019,Group C,interest_coverage,1.354637663448613,0.13592233009708737
IRFC,Mar 2020,Group C,interest_coverage,1.3140804880448689,0.10194174757281553
IRFC,Mar 2021,Group C,interest_coverage,1.3933434190620273,0.1650485436893204
IRFC,Mar 2022,Group C,interest_coverage,1.433676731793961,0.18932038834951456
IRFC,Mar 2023,Group C,interest_coverage,1.354330257350834,0.13106796116504854
IRFC,Mar 2024,Group C,interest_coverage,1.3194865927068304,0.10679611650485436
ITC,Mar 2013,Group C,interest_coverage,111.78703703703704,0.7912621359223301
ITC,Mar 2014,Group C,interest_coverage,484.3448275862069,0.970873786407767
ITC,Mar 2015,Group C,interest_coverage,170.12087912087912,0.8737864077669902
ITC,Mar 2016,Group C,interest_coverage,205.30769230769232,0.8932038834951457
ITC,Mar 2017,Group C,interest_coverage,351.6122448979592,0.9466019417475728
ITC,Mar 2018,Group C,interest_coverage,163.1391304347826,0.8640776699029126
ITC,Mar 2019,Group C,interest_coverage,290.38028169014086,0.9320388349514563
ITC,Mar 2020,Group C,interest_coverage,268.6543209876544,0.912621359223301
ITC,Mar 2021,Group C,interest_coverage,338.6551724137931,0.941747572815534
ITC,Mar 2022,Group C,interest_coverage,375.55,0.9611650485436893
ITC,Mar 2023,Group C,interest_coverage,356.43589743589746,0.9514563106796117
ITC,Mar 2024,Group C,interest_coverage,362.9625,0.9563106796116505
JINDALSTEL,Mar 2013,Group C,interest_coverage,6.034676663542643,0.44660194174757284
JINDALSTEL,Mar 2014,Group C,interest_coverage,3.4023242944106253,0.3737864077669903
JINDALSTEL,Mar 2015,Group C,interest_coverage,1.413913043478261,0.1796116504854369
JINDALSTEL,Mar 2016,Group C,interest_coverage,1.031960663798402,0.024271844660194174
JINDALSTEL,Mar 2017,Group C,interest_coverage,1.2632955536181345,0.06310679611650485
JINDALSTEL,Mar 2018,Group C,interest_coverage,1.5222452146921883,0.1941747572815534
JINDALSTEL,Mar 2019,Group C,interest_coverage,1.6280487804878048,0.20388349514563106
JINDALSTEL,Mar 2020,Group C,interest_coverage,1.8325371549893843,0.24757281553398058
JINDALSTEL,Mar 2021,Group C,interest_coverage,4.084998183799492,0.4029126213592233
JINDALSTEL,Mar 2022,Group C,interest_coverage,7.243114406779661,0.46116504854368934
JINDALSTEL,Mar 2023,Group C,interest_coverage,6.502766251728907,0.45145631067961167
JINDALSTEL,Mar 2024,Group C,interest_coverage,8.004636785162287,0.47572815533980584
JIOFIN,Mar 2023,Group C,interest_coverage,,
JIOFIN,Mar 2024,Group C,interest_coverage,198.8,0.8883495145631068
JSWENERGY,Mar 2013,Group C,interest_coverage,2.917964693665628,0.34951456310679613
JSWENERGY,Mar 2014,Group C,interest_coverage,2.5505804311774463,0.3155339805825243
JSWENERGY,Mar 2015,Group C,interest_coverage,3.3597185576077395,0.36893203883495146
JSWENERGY,Mar 2016,Group C,interest_coverage,2.916555407209613,0.3446601941747573
JSWENERGY,Mar 2017,Group C,interest_coverage,2.1038575667655786,0.2912621359223301
JSWENERGY,Mar 2018,Group C,interest_coverage,1.8956043956043955,0.2766990291262136
JSWENERGY,Mar 2019,Group C,interest_coverage,2.729026845637584,0.3300970873786408
JSWENERGY,Mar 2020,Group C,interest_coverage,3.1712654614652718,0.3592233009708738
JSWENERGY,Mar 2021,Group C,interest_coverage,3.5279017857142856,0.3786407766990291
JSWENERGY,Mar 2022,Group C,interest_coverage,5.337194337194338,0.4368932038834951
JSWENERGY,Mar 2023,Group C,interest_coverage,4.687203791469194,0.4174757281553398
JSWENERGY,Mar 2024,Group C,interest_coverage,2.8514369215781783,0.33495145631067963
JSWSTEEL,Mar 2013,Group C,interest_coverage,3.154550076258261,0.35436893203883496
JSWSTEEL,Mar 2014,Group C,interest_coverage,2.473425196850393,0.3106796116504854
JSWSTEEL,Mar 2015,Group C,interest_coverage,2.71027769825365,0.32524271844660196
JSWSTEEL,Mar 2016,Group C,interest_coverage,1.237434046098306,0.05339805825242718
JSWSTEEL,Mar 2017,Group C,interest_coverage,3.271231422505308,0.3640776699029126
JSWSTEEL,Mar 2018,Group C,interest_coverage,3.982437179140773,0.39805825242718446
JSWSTEEL,Mar 2019,Group C,interest_coverage,4.882818483533316,0.42718446601941745
JSWSTEEL,Mar 2020,Group C,interest_coverage,2.7019929660023445,0.32038834951456313
JSWSTEEL,Mar 2021,Group C,interest_coverage,5.218852666161233,0.4320388349514563
JSWSTEEL,Mar 2022,Group C,interest_coverage,8.19524959742351,0.48058252427184467
JSWSTEEL,Mar 2023,Group C,interest_coverage,2.9022022602144304,0.33980582524271846
JSWSTEEL,Mar 2024,Group C,interest_coverage,3.659099321406539,0.38349514563106796
HDFCBANK,Mar 2013,Group C,asset_turnover,0.087954321929349,0.21395348837209302
HDFCBANK,Mar 2014,Group C,asset_turnover,0.0844982327945673,0.20465116279069767
HDFCBANK,Mar 2015,Group C,asset_turnover,0.0834561857495589,0.2
HDFCBANK,Mar 2016,Group C,asset_turnover,0.0828667089995959,0.19069767441860466
HDFCBANK,Mar 2017,Group C,asset_turnover,0.0821107106676349,0.18604651162790697
HDFCBANK,Mar 2018,Group C,asset_turnover,0.0773106257693625,0.14418604651162792
HDFCBANK,Mar 2019,Group C,asset_turnover,0.0813432177759076,0.1813953488372093
HDFCBANK,Mar 2020,Group C,asset_turnover,0.0772942062081311,0.13953488372093023
HDFCBANK,Mar 2021,Group C,asset_turnover,0.0714373436724614,0.12558139534883722
HDFCBANK,Mar 2022,Group C,asset_turnover,0.064032136656156,0.07906976744186046
HDFCBANK,Mar 2023,Group C,asset_turnover,0.0674801772977894,0.10697674418604651
HDFCBANK,Mar 2024,Group C,asset_turnover,0.0703809791786698,0.12093023255813953
HDFCLIFE,Mar 2013,Group C,asset_turnover,0.3354167660670833,0.4325581395348837
HDFCLIFE,Mar 2014,Group C,asset_turnover,0.3283787661406026,0.413953488372093
HDFCLIFE,Mar 2015,Group C,asset_turnover,0.3926618476676911,0.4697674418604651
HDFCLIFE,Mar 2016,Group C,asset_turnover,0.2370009406354515,0.2744186046511628
HDFCLIFE,Mar 2017,Group C,asset_turnover,0.3222709444041347,0.4
HDFCLIFE,Mar 2018,Group C,asset_turnover,0.2919906229917725,0.3488372093023256
HDFCLIFE,Mar 2019,Group C,asset_turnover,0.2988386402091986,0.3581395348837209
HDFCLIFE,Mar 2020,Group C,asset_turnover,0.2221986931268151,0.2651162790697674
HDFCLIFE,Mar 2021,Group C,asset_turnover,0.3981408811332832,0.4744186046511628
HDFCLIFE,Mar 2022,Group C,asset_turnover,0.2909237476921477,0.3395348837209302
HDFCLIFE,Mar 2023,Group C,asset_turnover,0.2830140001370586,0.3302325581395349
HDFCLIFE,Mar 2024,Group C,asset_turnover,0.3352704278677313,0.42790697674418604
HEROMOTOCO,Mar 2014,Group C,asset_turnover,2.497036158861885,0.9395348837209302
HEROMOTOCO,Mar 2015,Group C,asset_turnover,2.584756898817345,0.9441860465116279
HEROMOTOCO,Mar 2016,Group C,asset_turnover,2.2066532258064515,0.9255813953488372
HEROMOTOCO,Mar 2017,Group C,asset_turnover,1.8684691745036568,0.8790697674418605
HEROMOTOCO,Mar 2018,Group C,asset_turnover,1.8657239753980568,0.8744186046511628
HEROMOTOCO,Mar 2019,Group C,asset_turnover,1.8358733246865544,0.8651162790697674
HEROMOTOCO,Mar 2020,Group C,asset_turnover,1.4869370743112738,0.8465116279069768
HEROMOTOCO,Mar 2021,Group C,asset_turnover,1.340448562521649,0.8186046511627907
HEROMOTOCO,Mar 2022,Group C,asset_turnover,1.314663226265682,0.813953488372093
HEROMOTOCO,Mar 2023,Group C,asset_turnover,1.4281891541581302,0.827906976744186
HEROMOTOCO,Mar 2024,Group C,asset_turnover,1.4449202768324858,0.8372093023255814
HINDALCO,Mar 2013,Group C,asset_turnover,0.665005390165022,0.5627906976744186
HINDALCO,Mar 2014,Group C,asset_turnover,0.6355539128292096,0.5395348837209303
HINDALCO,Mar 2015,Group C,asset_turnover,0.7356891905238948,0.627906976744186
HINDALCO,Mar 2016,Group C,asset_turnover,0.6996939339407422,0.6093023255813953
HINDALCO,Mar 2017,Group C,asset_turnover,0.685515655791548,0.5906976744186047
HINDALCO,Mar 2018,Group C,asset_turnover,0.7834832056810916,0.6744186046511628
HINDALCO,Mar 2019,Group C,asset_turnover,0.858987181849288,0.7255813953488373
HINDALCO,Mar 2020,Group C,asset_turnover,0.7006606649349417,0.6139534883720931
HINDALCO,Mar 2021,Group C,asset_turnover,0.6991134507631526,0.6046511627906976
HINDALCO,Mar 2022,Group C,asset_turnover,0.8792184084199139,0.7395348837209302
HINDALCO,Mar 2023,Group C,asset_turnover,0.9987158204654368,0.786046511627907
HINDALCO,Mar 2024,Group C,asset_turnover,0.9360228499109322,0.7674418604651163
HINDUNILVR,Mar 2013,Group C,asset_turnover,2.2332120410188554,0.9348837209302325
HINDUNILVR,Mar 2014,Group C,asset_turnover,2.125490766322524,0.9162790697674419
HINDUNILVR,Mar 2015,Group C,asset_turnover,2.215661815661816,0.9302325581395349
HINDUNILVR,Mar 2016,Group C,asset_turnover,2.175758804840127,0.9209302325581395
HINDUNILVR,Mar 2017,Group C,asset_turnover,2.111422386349166,0.9116279069767442
HINDUNILVR,Mar 2018,Group C,asset_turnover,1.989978725786586,0.9023255813953488
HINDUNILVR,Mar 2019,Group C,asset_turnover,2.1101508400880347,0.9069767441860465
HINDUNILVR,Mar 2020,Group C,asset_turnover,1.974048528755024,0.8976744186046511
HINDUNILVR,Mar 2021,Group C,asset_turnover,0.6841431480942682,0.586046511627907
HINDUNILVR,Mar 2022,Group C,asset_turnover,0.7438515870989703,0.6372093023255814
HINDUNILVR,Mar 2023,Group C,asset_turnover,0.8289886010646305,0.7069767441860465
HINDUNILVR,Mar 2024,Group C,asset_turnover,0.7885945801322478,0.6883720930232559
ICICIBANK,Mar 2013,Group C,asset_turnover,0.0665138362412606,0.09302325581395349
ICICIBANK,Mar 2014,Group C,asset_turnover,0.0661694496377189,0.08837209302325581
ICICIBANK,Mar 2015,Group C,asset_turnover,0.0665360092678787,0.09767441860465116
ICICIBANK,Mar 2016,Group C,asset_turnover,0.0645372656069729,0.08372093023255814
ICICIBANK,Mar 2017,Group C,asset_turnover,0.0618225164219229,0.07441860465116279
ICICIBANK,Mar 2018,Group C,asset_turnover,0.0552904478506707,0.046511627906976744
ICICIBANK,Mar 2019,Group C,asset_turnover,0.0581065132701643,0.06046511627906977
ICICIBANK,Mar 2020,Group C,asset_turnover,0.0615962337688739,0.06511627906976744
ICICIBANK,Mar 2021,Group C,asset_turnover,0.0566541619964773,0.05116279069767442
ICICIBANK,Mar 2022,Group C,asset_turnover,0.0544362580500126,0.037209302325581395
ICICIBANK,Mar 2023,Group C,asset_turnover,0.0618165014883915,0.06976744186046512
ICICIBANK,Mar 2024,Group C,asset_turnover,0.0674753591592102,0.10232558139534884
ICICIGI,Mar 2013,Group C,asset_turnover,0.3174804146553771,0.39069767441860465
ICICIGI,Mar 2014,Group C,asset_turnover,0.2951709169831796,0.35348837209302325
ICICIGI,Mar 2015,Group C,asset_turnover,0.2890891711047385,0.33488372093023255
ICICIGI,Mar 2016,Group C,asset_turnover,0.3848558305690227,0.46511627906976744
ICICIGI,Mar 2017,Group C,asset_turnover,0.3220418825746221,0.3953488372093023
ICICIGI,Mar 2018,Group C,asset_turnover,0.2323361344537815,0.26976744186046514
ICICIGI,Mar 2019,Group C,asset_turnover,0.3341915396820645,0.4232558139534884
ICICIGI,Mar 2020,Group C,asset_turnover,0.3109173370768317,0.3813953488372093
ICICIGI,Mar 2021,Group C,asset_turnover,0.3094559519568426,0.3767441860465116
ICICIGI,Mar 2022,Group C,asset_turnover,0.3151746381371932,0.386046511627907
ICICIGI,Mar 2023,Group C,asset_turnover,0.3245107649856588,0.40930232558139534
ICICIGI,Mar 2024,Group C,asset_turnover,0.3236083907247109,0.4046511627906977
ICICIPRULI,Mar 2013,Group C,asset_turnover,0.2662190906673757,0.30697674418604654
ICICIPRULI,Mar 2014,Group C,asset_turnover,0.2686501215111569,0.31627906976744186
ICICIPRULI,Mar 2015,Group C,asset_turnover,0.3403942103443165,0.4372093023255814
ICICIPRULI,Mar 2016,Group C,asset_turnover,0.1990073020569847,0.25116279069767444
ICICIPRULI,Mar 2017,Group C,asset_turnover,0.3031561395210877,0.37209302325581395
ICICIPRULI,Mar 2018,Group C,asset_turnover,0.2738138049203562,0.3209302325581395
ICICIPRULI,Mar 2019,Group C,asset_turnover,0.2542400941834369,0.28837209302325584
ICICIPRULI,Mar 2020,Group C,asset_turnover,0.1347488640077933,0.2372093023255814
ICICIPRULI,Mar 2021,Group C,asset_turnover,0.382938955897247,0.4604651162790698
ICICIPRULI,Mar 2022,Group C,asset_turnover,0.2600424649296137,0.29767441860465116
ICICIPRULI,Mar 2023,Group C,asset_turnover,0.1972945190755557,0.24186046511627907
ICICIPRULI,Mar 2024,Group C,asset_turnover,0.3020290902037117,0.3674418604651163
INDIGO,Mar 2013,Group C,asset_turnover,353.96153846153845,1.0
INDIGO,Mar 2014,Group C,asset_turnover,317.62857142857143,0.9953488372093023
INDIGO,Mar 2015,Group C,asset_turnover,228.27868852459017,0.9906976744186047
INDIGO,Mar 2016,Group C,asset_turnover,82.34693877551021,0.9767441860465116
INDIGO,Mar 2017,Group C,asset_turnover,75.52845528455285,0.9674418604651163
INDIGO,Mar 2018,Group C,asset_turnover,82.51254480286738,0.9813953488372092
INDIGO,Mar 2019,Group C,asset_turnover,76.39946380697052,0.9720930232558139
INDIGO,Mar 2020,Group C,asset_turnover,84.72985781990522,0.986046511627907
INDIGO,Mar 2021,Group C,asset_turnover,18.053020961775587,0.9488372093023256
INDIGO,Mar 2022,Group C,asset_turnover,28.18586956521739,0.9534883720930233
INDIGO,Mar 2023,Group C,asset_turnover,51.26741996233522,0.958139534883721
INDIGO,Mar 2024,Group C,asset_turnover,56.38625204582652,0.9627906976744186
INDUSINDBK,Mar 2013,Group C,asset_turnover,0.095256933171457,0.23255813953488372
INDUSINDBK,Mar 2014,Group C,asset_turnover,0.0948452186702824,0.22790697674418606
INDUSINDBK,Mar 2015,Group C,asset_turnover,0.0867006002486872,0.20930232558139536
INDUSINDBK,Mar 2016,Group C,asset_turnover,0.0830808204510941,0.19534883720930232
INDUSINDBK,Mar 2017,Group C,asset_turnover,0.0806390219873718,0.17674418604651163
INDUSINDBK,Mar 2018,Group C,asset_turnover,0.0779737034463465,0.14883720930232558
INDUSINDBK,Mar 2019,Group C,asset_turnover,0.0801277090479772,0.17209302325581396
INDUSINDBK,Mar 2020,Group C,asset_turnover,0.0937379908681747,0.22325581395348837
INDUSINDBK,Mar 2021,Group C,asset_turnover,0.079895749821612,0.16744186046511628
INDUSINDBK,Mar 2022,Group C,asset_turnover,0.0766764102245164,0.13488372093023257
INDUSINDBK,Mar 2023,Group C,asset_turnover,0.0794401097412866,0.16279069767441862
INDUSINDBK,Mar 2024,Group C,asset_turnover,0.0888422810646003,0.2186046511627907
INFY,Mar 2013,Group C,asset_turnover,0.8720043219881145,0.7348837209302326
INFY,Mar 2014,Group C,asset_turnover,0.8800512586455078,0.7441860465116279
INFY,Mar 2015,Group C,asset_turnover,0.804341595136448,0.6930232558139535
INFY,Mar 2016,Group C,asset_turnover,0.8314602253056007,0.7116279069767442
INFY,Mar 2017,Group C,asset_turnover,0.8236397748592871,0.6976744186046512
INFY,Mar 2018,Group C,asset_turnover,0.888757262221326,0.7488372093023256
INFY,Mar 2019,Group C,asset_turnover,0.9834534770299528,0.7767441860465116
INFY,Mar 2020,Group C,asset_turnover,0.98900871459695,0.7813953488372093
INFY,Mar 2021,Group C,asset_turnover,0.9345276297309112,0.7627906976744186
INFY,Mar 2022,Group C,asset_turnover,1.0420803742000702,0.7953488372093023
INFY,Mar 2023,Group C,asset_turnover,1.1779431121384314,0.8046511627906977
INFY,Mar 2024,Group C,asset_turnover,1.129760329363329,0.8
IOC,Mar 2013,Group C,asset_turnover,1.90914427934744,0.8883720930232558
IOC,Mar 2014,Group C,asset_turnover,1.8362079013961117,0.8697674418604651
IOC,Mar 2015,Group C,asset_turnover,1.9219310509955836,0.8930232558139535
IOC,Mar 2016,Group C,asset_turnover,1.4934078501607575,0.8511627906976744
IOC,Mar 2017,Group C,asset_turnover,1.29833515393524,0.8093023255813954
IOC,Mar 2018,Group C,asset_turnover,1.424633272493747,0.8232558139534883
IOC,Mar 2019,Group C,asset_turnover,1.5748845281083483,0.8558139534883721
IOC,Mar 2020,Group C,asset_turnover,1.4661173104781762,0.8418604651162791
IOC,Mar 2021,Group C,asset_turnover,1.024792690309592,0.7906976744186046
IOC,Mar 2022,Group C,asset_turnover,1.434282835461276,0.8325581395348837
IOC,Mar 2023,Group C,asset_turnover,1.9044468828832903,0.8837209302325582
IOC,Mar 2024,Group C,asset_turnover,1.6084096601703397,0.8604651162790697
IRCTC,Mar 2015,Group C,asset_turnover,0.9113597246127366,0.7581395348837209
IRCTC,Mar 2016,Group C,asset_turnover,0.9512874043145442,0.772093023255814
IRCTC,Mar 2017,Group C,asset_turnover,0.8324205914567361,0.7162790697674418
IRCTC,Mar 2018,Group C,asset_turnover,0.6321690383786115,0.5348837209302325
IRCTC,Mar 2019,Group C,asset_turnover,0.7208943716268311,0.6232558139534884
IRCTC,Mar 2020,Group C,asset_turnover,0.6985498302992903,0.6
IRCTC,Mar 2021,Group C,asset_turnover,0.2464319695528068,0.2837209302325581
IRCTC,Mar 2022,Group C,asset_turnover,0.4837796086508754,0.5023255813953489
IRCTC,Mar 2023,Group C,asset_turnover,0.6958145018667715,0.5953488372093023
IRCTC,Mar 2024,Group C,asset_turnover,0.7010343129207027,0.6186046511627907
IRFC,Mar 2013,Group C,asset_turnover,0.078439686241255,0.15348837209302327
IRFC,Mar 2014,Group C,asset_turnover,0.0738353389729536,0.13023255813953488
IRFC,Mar 2015,Group C,asset_turnover,0.0791698517918468,0.15813953488372093
IRFC,Mar 2016,Group C,asset_turnover,0.0692527675276752,0.11162790697674418
IRFC,Mar 2017,Group C,asset_turnover,0.0697801774006941,0.11627906976744186
IRFC,Mar 2018,Group C,asset_turnover,0.0573921767780612,0.05581395348837209
IRFC,Mar 2019,Group C,asset_turnover,0.0538905345491858,0.03255813953488372
IRFC,Mar 2020,Group C,asset_turnover,0.0487143562343922,0.027906976744186046
IRFC,Mar 2021,Group C,asset_turnover,0.0414500554559742,0.013953488372093023
IRFC,Mar 2022,Group C,asset_turnover,0.045110893817503,0.018604651162790697
IRFC,Mar 2023,Group C,asset_turnover,0.048376801486258,0.023255813953488372
IRFC,Mar 2024,Group C,asset_turnover,0.05492885738906,0.04186046511627907
ITC,Mar 2013,Group C,asset_turnover,0.8949588157038127,0.7534883720930232
ITC,Mar 2014,Group C,asset_turnover,0.8643262828045437,0.7302325581395349
ITC,Mar 2015,Group C,asset_turnover,0.844729282729805,0.7209302325581395
ITC,Mar 2016,Group C,asset_turnover,0.7587849218795377,0.6465116279069767
ITC,Mar 2017,Group C,asset_turnover,0.7651078750581416,0.6511627906976745
ITC,Mar 2018,Group C,asset_turnover,0.6763437679986302,0.5813953488372093
ITC,Mar 2019,Group C,asset_turnover,0.6738315281785361,0.5767441860465117
ITC,Mar 2020,Group C,asset_turnover,0.6388224185432863,0.5441860465116279
ITC,Mar 2021,Group C,asset_turnover,0.6677919225607029,0.5720930232558139
ITC,Mar 2022,Group C,asset_turnover,0.7855976993626613,0.6790697674418604
ITC,Mar 2023,Group C,asset_turnover,0.8262632382239518,0.7023255813953488
ITC,Mar 2024,Group C,asset_turnover,0.7723477995509732,0.6651162790697674
JINDALSTEL,Mar 2013,Group C,asset_turnover,0.3470467646698088,0.44651162790697674
JINDALSTEL,Mar 2014,Group C,asset_turnover,0.2798601134764122,0.32558139534883723
JINDALSTEL,Mar 2015,Group C,asset_turnover,0.2568410183089082,0.2930232558139535
JINDALSTEL,Mar 2016,Group C,asset_turnover,0.2107080239832031,0.2558139534883721
JINDALSTEL,Mar 2017,Group C,asset_turnover,0.2385095224951697,0.27906976744186046
JINDALSTEL,Mar 2018,Group C,asset_turnover,0.3730359744480556,0.4558139534883721
JINDALSTEL,Mar 2019,Group C,asset_turnover,0.5277019359333042,0.5116279069767442
JINDALSTEL,Mar 2020,Group C,asset_turnover,0.4225780570970114,0.4790697674418605
JINDALSTEL,Mar 2021,Group C,asset_turnover,0.4442317574511819,0.4883720930232558
JINDALSTEL,Mar 2022,Group C,asset_turnover,0.6675799801680496,0.5674418604651162
JINDALSTEL,Mar 2023,Group C,asset_turnover,0.7664453310671641,0.6558139534883721
JINDALSTEL,Mar 2024,Group C,asset_turnover,0.6400172860847018,0.5488372093023256
JIOFIN,Mar 2023,Group C,asset_turnover,0.0003915426781519,0.004651162790697674
JIOFIN,Mar 2024,Group C,asset_turnover,0.0128052021565202,0.009302325581395349
JSWENERGY,Mar 2013,Group C,asset_turnover,0.4352733339876337,0.48372093023255813
JSWENERGY,Mar 2014,Group C,asset_turnover,0.4493868218665558,0.4930232558139535
JSWENERGY,Mar 2015,Group C,asset_turnover,0.481307929969104,0.49767441860465117
JSWENERGY,Mar 2016,Group C,asset_turnover,0.3442307018465959,0.4418604651162791
JSWENERGY,Mar 2017,Group C,asset_turnover,0.2910634400648138,0.34418604651162793
JSWENERGY,Mar 2018,Group C,asset_turnover,0.3012237565959357,0.3627906976744186
JSWENERGY,Mar 2019,Group C,asset_turnover,0.3524647072436936,0.4511627906976744
JSWENERGY,Mar 2020,Group C,asset_turnover,0.3318358669929004,0.4186046511627907
JSWENERGY,Mar 2021,Group C,asset_turnover,0.2641279047582707,0.3023255813953488
JSWENERGY,Mar 2022,Group C,asset_turnover,0.2676476371501606,0.3116279069767442
JSWENERGY,Mar 2023,Group C,asset_turnover,0.2133961211971002,0.26046511627906976
JSWENERGY,Mar 2024,Group C,asset_turnover,0.1988332438935724,0.24651162790697675
JSWSTEEL,Mar 2013,Group C,asset_turnover,0.6643715333924504,0.5581395348837209
JSWSTEEL,Mar 2014,Group C,asset_turnover,0.6597114889232355,0.5534883720930233
JSWSTEEL,Mar 2015,Group C,asset_turnover,0.6184416372848903,0.5255813953488372
JSWSTEEL,Mar 2016,Group C,asset_turnover,0.5072338139597348,0.5069767441860465
JSWSTEEL,Mar 2017,Group C,asset_turnover,0.6318277370603943,0.5302325581395348
JSWSTEEL,Mar 2018,Group C,asset_turnover,0.7821354789605306,0.6697674418604651
JSWSTEEL,Mar 2019,Group C,asset_turnover,0.7383206878228525,0.6325581395348837
JSWSTEEL,Mar 2020,Group C,asset_turnover,0.5562585343650432,0.5209302325581395
JSWSTEEL,Mar 2021,Group C,asset_turnover,0.5382997228908352,0.5162790697674419
JSWSTEEL,Mar 2022,Group C,asset_turnover,0.7449474514593989,0.641860465116279
JSWSTEEL,Mar 2023,Group C,asset_turnover,0.7882625071839422,0.6837209302325581
JSWSTEEL,Mar 2024,Group C,asset_turnover,0.7679137157851319,0.6604651162790698
KOTAKBANK,Mar 2013,Group D,roe_calculated,14.65906857928866,0.38095238095238093
KOTAKBANK,Mar 2014,Group D,roe_calculated,13.2414588136659,0.3238095238095238
KOTAKBANK,Mar 2015,Group D,roe_calculated,14.014262502256724,0.36666666666666664
KOTAKBANK,Mar 2016,Group D,roe_calculated,10.562282699916077,0.17142857142857143
KOTAKBANK,Mar 2017,Group D,roe_calculated,13.03907305414112,0.3
KOTAKBANK,Mar 2018,Group D,roe_calculated,12.395024560291551,0.2523809523809524
KOTAKBANK,Mar 2019,Group D,roe_calculated,12.467766220729995,0.2571428571428571
KOTAKBANK,Mar 2020,Group D,roe_calculated,12.89523838107958,0.2904761904761905
KOTAKBANK,Mar 2021,Group D,roe_calculated,11.845053889659589,0.23333333333333334
KOTAKBANK,Mar 2022,Group D,roe_calculated,12.50607769099467,0.2714285714285714
KOTAKBANK,Mar 2023,Group D,roe_calculated,13.348060171356002,0.3380952380952381
KOTAKBANK,Mar 2024,Group D,roe_calculated,14.013018188532914,0.3619047619047619
LICI,Mar 2019,Group D,roe_calculated,324.32098765432096,0.9857142857142858
LICI,Mar 2020,Group D,roe_calculated,270.45908183632736,0.9761904761904762
LICI,Mar 2021,Group D,roe_calculated,43.201626961069145,0.8571428571428571
LICI,Mar 2022,Group D,roe_calculated,36.38207796789557,0.8095238095238095
LICI,Mar 2023,Group D,roe_calculated,77.85997015119071,0.9047619047619048
LICI,Mar 2024,Group D,roe_calculated,49.44710986501021,0.8714285714285714
LODHA,Mar 2011,Group D,roe_calculated,35.483870967741936,0.8
LODHA,Mar 2012,Group D,roe_calculated,33.83658969804618,0.7952380952380952
LODHA,Mar 2015,Group D,roe_calculated,24.225865209471767,0.680952380952381
LODHA,Mar 2016,Group D,roe_calculated,17.694437452806444,0.4857142857142857
LODHA,Mar 2017,Group D,roe_calculated,14.480535581453012,0.3761904761904762
LODHA,Mar 2018,Group D,roe_calculated,15.411490683229816,0.4095238095238095
LODHA,Mar 2019,Group D,roe_calculated,42.80135381411091,0.8523809523809524
LODHA,Mar 2020,Group D,roe_calculated,16.300527240773285,0.44761904761904764
LODHA,Mar 2021,Group D,roe_calculated,1.0437051532941943,0.04285714285714286
LODHA,Mar 2022,Group D,roe_calculated,9.97852304642326,0.1523809523809524
LODHA,Mar 2023,Group D,roe_calculated,3.8695411829740185,0.05714285714285714
LODHA,Mar 2024,Group D,roe_calculated,8.895758200240426,0.11428571428571428
LT,Mar 2013,Group D,roe_calculated,395.1456310679612,0.9952380952380953
LT,Mar 2014,Group D,roe_calculated,303.41614906832297,0.9809523809523809
LT,Mar 2015,Group D,roe_calculated,245.11352418558735,0.9714285714285714
LT,Mar 2016,Group D,roe_calculated,216.0941176470588,0.9619047619047619
LT,Mar 2017,Group D,roe_calculated,206.2977099236641,0.9476190476190476
LT,Mar 2018,Group D,roe_calculated,207.3575129533679,0.9523809523809523
LT,Mar 2019,Group D,roe_calculated,208.80850194154917,0.9571428571428572
LT,Mar 2020,Group D,roe_calculated,201.59141376757955,0.9428571428571428
LT,Mar 2021,Group D,roe_calculated,176.90306681270536,0.9380952380952381
LT,Mar 2022,Group D,roe_calculated,72.92133258678611,0.8857142857142857
LT,Mar 2023,Group D,roe_calculated,75.52434908389586,0.8952380952380953
LT,Mar 2024,Group D,roe_calculated,77.66510140873214,0.9
LTIM,Mar 2013,Group D,roe_calculated,41.97162061239731,0.8476190476190476
LTIM,Mar 2014,Group D,roe_calculated,61.86335403726708,0.8809523809523809
LTIM,Mar 2015,Group D,roe_calculated,37.95656465942744,0.819047619047619
LTIM,Mar 2016,Group D,roe_calculated,39.34117647058824,0.8285714285714286
LTIM,Mar 2017,Group D,roe_calculated,30.884223918575067,0.7857142857142857
LTIM,Mar 2018,Group D,roe_calculated,28.80829015544041,0.7619047619047619
LTIM,Mar 2019,Group D,roe_calculated,30.983036991620683,0.7904761904761904
LTIM,Mar 2020,Group D,roe_calculated,28.127313101406365,0.7571428571428571
LTIM,Mar 2021,Group D,roe_calculated,26.533406352683457,0.7333333333333333
LTIM,Mar 2022,Group D,roe_calculated,27.645576707726764,0.7523809523809524
LTIM,Mar 2023,Group D,roe_calculated,26.57907425265188,0.7380952380952381
LTIM,Mar 2024,Group D,roe_calculated,22.904386052552702,0.6666666666666666
M&M,Mar 2013,Group D,roe_calculated,20.685336405991684,0.6047619047619047
M&M,Mar 2014,Group D,roe_calculated,22.11352812459776,0.638095238095238
M&M,Mar 2015,Group D,roe_calculated,13.075762849518505,0.30952380952380953
M&M,Mar 2016,Group D,roe_calculated,13.41537067794051,0.34285714285714286
M&M,Mar 2017,Group D,roe_calculated,13.604002955201826,0.3523809523809524
M&M,Mar 2018,Group D,roe_calculated,21.63970088375255,0.6190476190476191
M&M,Mar 2019,Group D,roe_calculated,15.0488957807068,0.3952380952380952
M&M,Mar 2020,Group D,roe_calculated,-0.8031224198754034,0.03333333333333333
M&M,Mar 2021,Group D,roe_calculated,3.636188735510557,0.05238095238095238
M&M,Mar 2022,Group D,roe_calculated,15.391634658234832,0.40476190476190477
M&M,Mar 2023,Group D,roe_calculated,20.17883121030409,0.5904761904761905
M&M,Mar 2024,Group D,roe_calculated,18.537543435564285,0.5142857142857142
MARUTI,Mar 2013,Group D,roe_calculated,12.980870296405298,0.29523809523809524
MARUTI,Mar 2014,Group D,roe_calculated,13.276888723483438,0.3333333333333333
MARUTI,Mar 2015,Group D,roe_calculated,15.66329467883872,0.42857142857142855
MARUTI,Mar 2016,Group D,roe_calculated,17.954664227854717,0.5
MARUTI,Mar 2017,Group D,roe_calculated,20.25893459204316,0.5952380952380952
MARUTI,Mar 2018,Group D,roe_calculated,18.517822317253696,0.5047619047619047
MARUTI,Mar 2019,Group D,roe_calculated,16.24692092075087,0.44285714285714284
MARUTI,Mar 2020,Group D,roe_calculated,11.490903203610388,0.2
MARUTI,Mar 2021,Group D,roe_calculated,8.359840764937811,0.10952380952380952
MARUTI,Mar 2022,Group D,roe_calculated,7.012090434279725,0.09047619047619047
MARUTI,Mar 2023,Group D,roe_calculated,11.07774798927614,0.19523809523809524
MARUTI,Mar 2024,Group D,roe_calculated,15.750385351954783,0.4380952380952381
MOTHERSON,Mar 2013,Group D,roe_calculated,19.74661424202709,0.5714285714285714
MOTHERSON,Mar 2014,Group D,roe_calculated,37.07333558634674,0.8142857142857143
MOTHERSON,Mar 2015,Group D,roe_calculated,38.86883273164862,0.8238095238095238
MOTHERSON,Mar 2016,Group D,roe_calculated,40.34569024334774,0.8380952380952381
MOTHERSON,Mar 2017,Group D,roe_calculated,26.25725338491296,0.7238095238095238
MOTHERSON,Mar 2018,Group D,roe_calculated,22.86523674625657,0.6619047619047619
MOTHERSON,Mar 2019,Group D,roe_calculated,19.13709750980571,0.5428571428571428
MOTHERSON,Mar 2020,Group D,roe_calculated,11.490986590888909,0.20476190476190476
MOTHERSON,Mar 2021,Group D,roe_calculated,12.491043706711247,0.2619047619047619
MOTHERSON,Mar 2022,Group D,roe_calculated,5.741208470953954,0.06666666666666667
MOTHERSON,Mar 2023,Group D,roe_calculated,7.438090147871014,0.09523809523809523
MOTHERSON,Mar 2024,Group D,roe_calculated,11.546549416937488,0.21428571428571427
NAUKRI,Mar 2013,Group D,roe_calculated,12.5,0.26666666666666666
NAUKRI,Mar 2014,Group D,roe_calculated,8.928571428571429,0.11904761904761904
NAUKRI,Mar 2015,Group D,roe_calculated,-0.9893992932862192,0.02857142857142857
NAUKRI,Mar 2016,Group D,roe_calculated,7.647440051847052,0.10476190476190476
NAUKRI,Mar 2017,Group D,roe_calculated,-2.701005025125628,0.023809523809523808
NAUKRI,Mar 2018,Group D,roe_calculated,24.49877750611247,0.6857142857142857
NAUKRI,Mar 2019,Group D,roe_calculated,23.27959103421156,0.6761904761904762
NAUKRI,Mar 2020,Group D,roe_calculated,-11.20728929384966,0.01904761904761905
NAUKRI,Mar 2021,Group D,roe_calculated,26.278724981467757,0.7285714285714285
NAUKRI,Mar 2022,Group D,roe_calculated,74.71291033522793,0.8904761904761904
NAUKRI,Mar 2023,Group D,roe_calculated,-0.522466039707419,0.0380952380952381
NAUKRI,Mar 2024,Group D,roe_calculated,1.9661621835965897,0.047619047619047616
NESTLEIND,Dec 2013,Group D,roe_calculated,47.170608108108105,0.8666666666666667
NESTLEIND,Dec 2014,Group D,roe_calculated,41.76947479732112,0.8428571428571429
NESTLEIND,Dec 2015,Group D,roe_calculated,19.98580049698261,0.580952380952381
NESTLEIND,Dec 2016,Group D,roe_calculated,30.499695307739184,0.7714285714285715
NESTLEIND,Dec 2017,Group D,roe_calculated,35.8187134502924,0.8047619047619048
NESTLEIND,Dec 2018,Group D,roe_calculated,43.75170160631636,0.861904761904762
NESTLEIND,Dec 2019,Group D,roe_calculated,102.60688216892598,0.9142857142857143
NESTLEIND,Dec 2020,Group D,roe_calculated,103.12035661218424,0.919047619047619
NESTLEIND,Dec 2021,Group D,roe_calculated,108.83864337101748,0.9238095238095239
NESTLEIND,Dec 2022,Group D,roe_calculated,97.2346482309882,0.9095238095238095
NESTLEIND,Dec 2023,Group D,roe_calculated,121.96014640097602,0.9333333333333333
NESTLEIND,Mar 2024,Group D,roe_calculated,117.75449101796409,0.9285714285714286
NHPC,Mar 2013,Group D,roe_calculated,9.64255747608659,0.1380952380952381
NHPC,Mar 2014,Group D,roe_calculated,5.781349571620761,0.07142857142857142
NHPC,Mar 2015,Group D,roe_calculated,9.096820339423893,0.12380952380952381
NHPC,Mar 2016,Group D,roe_calculated,7.474006889359416,0.1
NHPC,Mar 2017,Group D,roe_calculated,11.993796312252284,0.24285714285714285
NHPC,Mar 2018,Group D,roe_calculated,9.270663426650245,0.13333333333333333
NHPC,Mar 2019,Group D,roe_calculated,9.208390155204883,0.12857142857142856
NHPC,Mar 2020,Group D,roe_calculated,10.659316146712978,0.1761904761904762
NHPC,Mar 2021,Group D,roe_calculated,10.891598342056696,0.18571428571428572
NHPC,Mar 2022,Group D,roe_calculated,10.807250651470463,0.18095238095238095
NHPC,Mar 2023,Group D,roe_calculated,11.5283677389681,0.20952380952380953
NHPC,Mar 2024,Group D,roe_calculated,10.40773086662188,0.16666666666666666
NTPC,Mar 2013,Group D,roe_calculated,15.492368291482029,0.41904761904761906
NTPC,Mar 2014,Group D,roe_calculated,13.057518121128147,0.3047619047619048
NTPC,Mar 2015,Group D,roe_calculated,12.171413257972567,0.24761904761904763
NTPC,Mar 2016,Group D,roe_calculated,11.772863772863772,0.22857142857142856
NTPC,Mar 2017,Group D,roe_calculated,10.950755330239785,0.19047619047619047
NTPC,Mar 2018,Group D,roe_calculated,10.140687311105316,0.1619047619047619
NTPC,Mar 2019,Group D,roe_calculated,12.602710202322262,0.28095238095238095
NTPC,Mar 2020,Group D,roe_calculated,10.015146415348369,0.15714285714285714
NTPC,Mar 2021,Group D,roe_calculated,11.90481871177598,0.23809523809523808
NTPC,Mar 2022,Group D,roe_calculated,12.528255056362376,0.2761904761904762
NTPC,Mar 2023,Group D,roe_calculated,11.645116750440408,0.21904761904761905
NTPC,Mar 2024,Group D,roe_calculated,13.273598407068633,0.32857142857142857
ONGC,Mar 2013,Group D,roe_calculated,15.730882198678277,0.43333333333333335
ONGC,Mar 2014,Group D,roe_calculated,15.489218829871277,0.4142857142857143
ONGC,Mar 2015,Group D,roe_calculated,9.810201989415644,0.14761904761904762
ONGC,Mar 2016,Group D,roe_calculated,6.623393693065202,0.08571428571428572
ONGC,Mar 2017,Group D,roe_calculated,15.005710287777926,0.3904761904761905
ONGC,Mar 2018,Group D,roe_calculated,12.777241335365824,0.2857142857142857
ONGC,Mar 2019,Group D,roe_calculated,15.64438953783178,0.4238095238095238
ONGC,Mar 2020,Group D,roe_calculated,5.585459084171932,0.06190476190476191
ONGC,Mar 2021,Group D,roe_calculated,9.665989383702671,0.14285714285714285
ONGC,Mar 2022,Group D,roe_calculated,18.995541477362497,0.5380952380952381
ONGC,Mar 2023,Group D,roe_calculated,11.679440720905625,0.22380952380952382
ONGC,Mar 2024,Group D,roe_calculated,16.940398136885513,0.46190476190476193
PFC,Mar 2013,Group D,roe_calculated,18.741554054054056,0.5238095238095238
PFC,Mar 2014,Group D,roe_calculated,19.845941428675243,0.5761904761904761
PFC,Mar 2015,Group D,roe_calculated,18.52457498997254,0.5095238095238095
PFC,Mar 2016,Group D,roe_calculated,17.164427667369825,0.47619047619047616
PFC,Mar 2017,Group D,roe_calculated,6.068666033383091,0.0761904761904762
PFC,Mar 2018,Group D,roe_calculated,22.08414921925993,0.6333333333333333
PFC,Mar 2019,Group D,roe_calculated,26.824558052672906,0.7428571428571429
PFC,Mar 2020,Group D,roe_calculated,19.18421052631579,0.5523809523809524
PFC,Mar 2021,Group D,roe_calculated,25.86272154294272,0.7095238095238096
PFC,Mar 2022,Group D,roe_calculated,26.18449690272895,0.719047619047619
PFC,Mar 2023,Group D,roe_calculated,25.165759642577058,0.6952380952380952
PFC,Mar 2024,Group D,roe_calculated,26.1609340860332,0.7142857142857143
PIDILITIND,Mar 2013,Group D,roe_calculated,25.681405208964264,0.7047619047619048
PIDILITIND,Mar 2014,Group D,roe_calculated,23.05327868852459,0.6714285714285714
PIDILITIND,Mar 2015,Group D,roe_calculated,22.6431718061674,0.6523809523809524
PIDILITIND,Mar 2016,Group D,roe_calculated,30.591357088703564,0.7761904761904762
PIDILITIND,Mar 2017,Group D,roe_calculated,24.863151829443964,0.6904761904761905
PIDILITIND,Mar 2018,Group D,roe_calculated,27.02853945159485,0.7476190476190476
PIDILITIND,Mar 2019,Group D,roe_calculated,22.372227579556416,0.6476190476190476
PIDILITIND,Mar 2020,Group D,roe_calculated,25.17953321364452,0.7
PIDILITIND,Mar 2021,Group D,roe_calculated,20.13230824244592,0.5857142857142857
PIDILITIND,Mar 2022,Group D,roe_calculated,18.847595252966894,0.5333333333333333
PIDILITIND,Mar 2023,Group D,roe_calculated,17.872989462007766,0.49523809523809526
PIDILITIND,Mar 2024,Group D,roe_calculated,20.780302129178065,0.6095238095238096
PNB,Mar 2013,Group D,roe_calculated,812.2977346278317,1.0
PNB,Mar 2014,Group D,roe_calculated,393.3618843683083,0.9904761904761905
PNB,Mar 2015,Group D,roe_calculated,223.2425585813806,0.9666666666666667
PNB,Mar 2016,Group D,roe_calculated,-163.56011183597388,0.009523809523809525
PNB,Mar 2017,Group D,roe_calculated,22.212262459662963,0.6428571428571429
PNB,Mar 2018,Group D,roe_calculated,-184.36596133353632,0.004761904761904762
PNB,Mar 2019,Group D,roe_calculated,-128.4465366509751,0.014285714285714285
PNB,Mar 2020,Group D,roe_calculated,6.1029319239964765,0.08095238095238096
PNB,Mar 2021,Group D,roe_calculated,30.393594225780983,0.7666666666666667
PNB,Mar 2022,Group D,roe_calculated,39.87348229772472,0.8333333333333334
PNB,Mar 2023,Group D,roe_calculated,30.667397060166163,0.780952380952381
PNB,Mar 2024,Group D,roe_calculated,61.320565191187306,0.8761904761904762
POWERGRID,Mar 2013,Group D,roe_calculated,16.3352649320153,0.4523809523809524
POWERGRID,Mar 2014,Group D,roe_calculated,13.107383710876707,0.3142857142857143
POWERGRID,Mar 2015,Group D,roe_calculated,13.127292593459766,0.319047619047619
POWERGRID,Mar 2016,Group D,roe_calculated,13.552422105981352,0.3476190476190476
POWERGRID,Mar 2017,Group D,roe_calculated,14.94204467974171,0.38571428571428573
POWERGRID,Mar 2018,Group D,roe_calculated,15.073678021533826,0.4
POWERGRID,Mar 2019,Group D,roe_calculated,16.981164006837144,0.4666666666666667
POWERGRID,Mar 2020,Group D,roe_calculated,17.0937925064919,0.4714285714285714
POWERGRID,Mar 2021,Group D,roe_calculated,17.210020590253947,0.48095238095238096
POWERGRID,Mar 2022,Group D,roe_calculated,22.06513043136124,0.6285714285714286
POWERGRID,Mar 2023,Group D,roe_calculated,18.57249536289837,0.5190476190476191
POWERGRID,Mar 2024,Group D,roe_calculated,17.870011245496066,0.49047619047619045
RECLTD,Mar 2013,Group D,roe_calculated,21.86537364517969,0.6238095238095238
RECLTD,Mar 2014,Group D,roe_calculated,22.78998221410373,0.6571428571428571
RECLTD,Mar 2015,Group D,roe_calculated,21.31461391193363,0.6142857142857143
RECLTD,Mar 2016,Group D,roe_calculated,19.69681237670024,0.5666666666666667
RECLTD,Mar 2017,Group D,roe_calculated,18.749071901636423,0.5285714285714286
RECLTD,Mar 2018,Group D,roe_calculated,13.658401865717442,0.35714285714285715
RECLTD,Mar 2019,Group D,roe_calculated,16.618421814392402,0.45714285714285713
RECLTD,Mar 2020,Group D,roe_calculated,14.046388111986891,0.37142857142857144
RECLTD,Mar 2021,Group D,roe_calculated,19.143588337446303,0.5476190476190477
RECLTD,Mar 2022,Group D,roe_calculated,19.558015356432943,0.5619047619047619
RECLTD,Mar 2023,Group D,roe_calculated,19.2136958017894,0.5571428571428572
RECLTD,Mar 2024,Group D,roe_calculated,20.39653929343908,0.6
KOTAKBANK,Mar 2013,Group D,roce_calculated,6.548776133613679,0.16666666666666666
KOTAKBANK,Mar 2014,Group D,roce_calculated,6.715799697203416,0.18181818181818182
KOTAKBANK,Mar 2015,Group D,roce_calculated,7.687439682313668,0.20202020202020202
KOTAKBANK,Mar 2016,Group D,roce_calculated,5.417216242730341,0.12121212121212122
KOTAKBANK,Mar 2017,Group D,roce_calculated,6.085622143261585,0.15656565656565657
KOTAKBANK,Mar 2018,Group D,roce_calculated,5.595548866572547,0.12626262626262627
KOTAKBANK,Mar 2019,Group D,roce_calculated,5.652507266610212,0.13131313131313133
KOTAKBANK,Mar 2020,Group D,roce_calculated,5.743372151589616,0.13636363636363635
KOTAKBANK,Mar 2021,Group D,roce_calculated,7.245612457437009,0.19696969696969696
KOTAKBANK,Mar 2022,Group D,roce_calculated,6.638884804027577,0.17676767676767677
KOTAKBANK,Mar 2023,Group D,roce_calculated,6.310530491631504,0.16161616161616163
KOTAKBANK,Mar 2024,Group D,roce_calculated,7.234918028249577,0.1919191919191919
LICI,Mar 2019,Group D,roce_calculated,2.1908804600848963,0.045454545454545456
LICI,Mar 2020,Group D,roce_calculated,-2.73056725992076,0.015151515151515152
LICI,Mar 2021,Group D,roce_calculated,-3.658536585365853,0.010101010101010102
LICI,Mar 2022,Group D,roce_calculated,29.332392627215803,0.7525252525252525
LICI,Mar 2023,Group D,roce_calculated,73.98827677200268,0.9090909090909091
LICI,Mar 2024,Group D,roce_calculated,39.61352073186944,0.8484848484848485
LODHA,Mar 2011,Group D,roce_calculated,8.04416403785489,0.21717171717171718
LODHA,Mar 2012,Group D,roce_calculated,13.444753946146704,0.48484848484848486
LODHA,Mar 2015,Group D,roce_calculated,9.6857256041199,0.32323232323232326
LODHA,Mar 2016,Group D,roce_calculated,11.938454627133872,0.45454545454545453
LODHA,Mar 2017,Group D,roce_calculated,7.98377522754254,0.20707070707070707
LODHA,Mar 2018,Group D,roce_calculated,6.057332180927687,0.14646464646464646
LODHA,Mar 2019,Group D,roce_calculated,10.782850552879724,0.3939393939393939
LODHA,Mar 2020,Group D,roce_calculated,8.343852013057672,0.24242424242424243
LODHA,Mar 2021,Group D,roce_calculated,6.067918567918568,0.15151515151515152
LODHA,Mar 2022,Group D,roce_calculated,9.245865583893751,0.2777777777777778
LODHA,Mar 2023,Group D,roce_calculated,9.50145007595636,0.31313131313131315
LODHA,Mar 2024,Group D,roce_calculated,10.589263718361346,0.3787878787878788
LT,Mar 2013,Group D,roce_calculated,724.3483788938335,0.9949494949494949
LT,Mar 2014,Group D,roce_calculated,818.9534883720929,1.0
LT,Mar 2015,Group D,roce_calculated,698.9304812834224,0.9848484848484849
LT,Mar 2016,Group D,roce_calculated,710.3669724770642,0.98989898989899
LT,Mar 2017,Group D,roce_calculated,528.6259541984733,0.9797979797979798
LT,Mar 2018,Group D,roce_calculated,521.0103626943005,0.9747474747474747
LT,Mar 2019,Group D,roce_calculated,467.3206621704476,0.9696969696969697
LT,Mar 2020,Group D,roce_calculated,388.7428752374921,0.9646464646464646
LT,Mar 2021,Group D,roce_calculated,289.5581337941249,0.9595959595959596
LT,Mar 2022,Group D,roce_calculated,167.15248178193318,0.9545454545454546
LT,Mar 2023,Group D,roce_calculated,149.81525395687422,0.9343434343434344
LT,Mar 2024,Group D,roce_calculated,135.2030422382181,0.9141414141414141
LTIM,Mar 2013,Group D,roce_calculated,55.30832803560076,0.8787878787878788
LTIM,Mar 2014,Group D,roce_calculated,66.68604651162791,0.8939393939393939
LTIM,Mar 2015,Group D,roce_calculated,44.786096256684495,0.8585858585858586
LTIM,Mar 2016,Group D,roce_calculated,47.1559633027523,0.8636363636363636
LTIM,Mar 2017,Group D,roce_calculated,39.12213740458015,0.8434343434343434
LTIM,Mar 2018,Group D,roce_calculated,30.751295336787564,0.7626262626262627
LTIM,Mar 2019,Group D,roce_calculated,38.483547925608015,0.8383838383838383
LTIM,Mar 2020,Group D,roce_calculated,32.1247625079164,0.7777777777777778
LTIM,Mar 2021,Group D,roce_calculated,33.63367069859294,0.803030303030303
LTIM,Mar 2022,Group D,roce_calculated,36.08552179293277,0.8282828282828283
LTIM,Mar 2023,Group D,roce_calculated,33.68444272872663,0.8131313131313131
LTIM,Mar 2024,Group D,roce_calculated,28.914844492733938,0.7424242424242424
M&M,Mar 2013,Group D,roce_calculated,18.729454306377384,0.6161616161616161
M&M,Mar 2014,Group D,roce_calculated,17.39234531586688,0.5858585858585859
M&M,Mar 2015,Group D,roce_calculated,13.789047798268724,0.51010101010101
M&M,Mar 2016,Group D,roce_calculated,14.81666544198692,0.5404040404040404
M&M,Mar 2017,Group D,roce_calculated,13.668194550547492,0.5
M&M,Mar 2018,Group D,roce_calculated,14.271686467471648,0.5303030303030303
M&M,Mar 2019,Group D,roce_calculated,13.72089036460918,0.5050505050505051
M&M,Mar 2020,Group D,roce_calculated,8.32206847395974,0.23737373737373738
M&M,Mar 2021,Group D,roce_calculated,9.39962522605088,0.30303030303030304
M&M,Mar 2022,Group D,roce_calculated,11.77201590661279,0.4444444444444444
M&M,Mar 2023,Group D,roce_calculated,13.649546136609851,0.494949494949495
M&M,Mar 2024,Group D,roce_calculated,14.237260991666522,0.5252525252525253
MARUTI,Mar 2013,Group D,roce_calculated,21.17298635723649,0.6616161616161617
MARUTI,Mar 2014,Group D,roce_calculated,22.595744680851062,0.6818181818181818
MARUTI,Mar 2015,Group D,roce_calculated,27.585654819084212,0.7222222222222222
MARUTI,Mar 2016,Group D,roce_calculated,29.254060362433947,0.7474747474747475
MARUTI,Mar 2017,Group D,roce_calculated,27.745680129928918,0.7272727272727273
MARUTI,Mar 2018,Group D,roce_calculated,28.39268978444236,0.7323232323232324
MARUTI,Mar 2019,Group D,roce_calculated,23.39795140946415,0.6919191919191919
MARUTI,Mar 2020,Group D,roce_calculated,14.829525979393916,0.5454545454545454
MARUTI,Mar 2021,Group D,roce_calculated,10.201349873685004,0.36363636363636365
MARUTI,Mar 2022,Group D,roce_calculated,10.315823454509584,0.37373737373737376
MARUTI,Mar 2023,Group D,roce_calculated,17.300390254192596,0.5808080808080808
MARUTI,Mar 2024,Group D,roce_calculated,21.720016325578683,0.6666666666666666
MOTHERSON,Mar 2013,Group D,roce_calculated,20.575559571805925,0.6464646464646465
MOTHERSON,Mar 2014,Group D,roce_calculated,30.734709578151044,0.7575757575757576
MOTHERSON,Mar 2015,Group D,roce_calculated,33.63690124186871,0.8080808080808081
MOTHERSON,Mar 2016,Group D,roce_calculated,33.900248423466465,0.8181818181818182
MOTHERSON,Mar 2017,Group D,roce_calculated,22.399441490789968,0.6767676767676768
MOTHERSON,Mar 2018,Group D,roce_calculated,25.313456412281564,0.7070707070707071
MOTHERSON,Mar 2019,Group D,roce_calculated,23.772058496688448,0.696969696969697
MOTHERSON,Mar 2020,Group D,roce_calculated,19.076115915891297,0.6262626262626263
MOTHERSON,Mar 2021,Group D,roce_calculated,17.8432893716059,0.5909090909090909
MOTHERSON,Mar 2022,Group D,roce_calculated,13.577971081283485,0.4898989898989899
MOTHERSON,Mar 2023,Group D,roce_calculated,17.246992605672663,0.5757575757575758
MOTHERSON,Mar 2024,Group D,roce_calculated,20.231351867526097,0.6414141414141414
NAUKRI,Mar 2013,Group D,roce_calculated,19.868637110016422,0.6363636363636364
NAUKRI,Mar 2014,Group D,roce_calculated,14.413075780089152,0.5353535353535354
NAUKRI,Mar 2015,Group D,roce_calculated,1.4830508474576272,0.03535353535353535
NAUKRI,Mar 2016,Group D,roce_calculated,5.89378238341969,0.1414141414141414
NAUKRI,Mar 2017,Group D,roce_calculated,-0.5649717514124294,0.020202020202020204
NAUKRI,Mar 2018,Group D,roce_calculated,10.703812316715542,0.3888888888888889
NAUKRI,Mar 2019,Group D,roce_calculated,0.3537735849056604,0.025252525252525252
NAUKRI,Mar 2020,Group D,roce_calculated,-15.404929577464788,0.005050505050505051
NAUKRI,Mar 2021,Group D,roce_calculated,1.3550631752426296,0.030303030303030304
NAUKRI,Mar 2022,Group D,roce_calculated,2.577140875996764,0.0707070707070707
NAUKRI,Mar 2023,Group D,roce_calculated,2.576632607729898,0.06565656565656566
NAUKRI,Mar 2024,Group D,roce_calculated,2.3305362527861546,0.05555555555555555
NESTLEIND,Dec 2013,Group D,roce_calculated,54.76525161653078,0.8686868686868687
NESTLEIND,Dec 2014,Group D,roce_calculated,71.36856842842143,0.9040404040404041
NESTLEIND,Dec 2015,Group D,roce_calculated,54.85008818342152,0.8737373737373737
NESTLEIND,Dec 2016,Group D,roce_calculated,55.80693815987934,0.8838383838383839
NESTLEIND,Dec 2017,Group D,roce_calculated,60.6946454413893,0.8888888888888888
NESTLEIND,Dec 2018,Group D,roce_calculated,70.60409924487594,0.898989898989899
NESTLEIND,Dec 2019,Group D,roce_calculated,138.8704318936877,0.9242424242424242
NESTLEIND,Dec 2020,Group D,roce_calculated,147.83010156971378,0.9292929292929293
NESTLEIND,Dec 2021,Group D,roce_calculated,161.03074141048825,0.9444444444444444
NESTLEIND,Dec 2022,Group D,roce_calculated,135.75091575091577,0.9191919191919192
NESTLEIND,Dec 2023,Group D,roce_calculated,163.77289377289378,0.9494949494949495
NESTLEIND,Mar 2024,Group D,roce_calculated,157.74762550881954,0.9393939393939394
NHPC,Mar 2013,Group D,roce_calculated,8.28163957315249,0.23232323232323232
NHPC,Mar 2014,Group D,roce_calculated,8.849485376541324,0.2676767676767677
NHPC,Mar 2015,Group D,roce_calculated,9.999610455377663,0.3484848484848485
NHPC,Mar 2016,Group D,roce_calculated,9.272794245943274,0.2828282828282828
NHPC,Mar 2017,Group D,roce_calculated,10.123958376518386,0.35353535353535354
NHPC,Mar 2018,Group D,roce_calculated,8.733013999958885,0.26262626262626265
NHPC,Mar 2019,Group D,roce_calculated,9.989170543879352,0.3434343434343434
NHPC,Mar 2020,Group D,roce_calculated,9.973080374310983,0.3383838383838384
NHPC,Mar 2021,Group D,roce_calculated,9.353397851749442,0.29797979797979796
NHPC,Mar 2022,Group D,roce_calculated,6.576855630398086,0.1717171717171717
NHPC,Mar 2023,Group D,roce_calculated,9.299108284085952,0.2878787878787879
NHPC,Mar 2024,Group D,roce_calculated,6.745435920463634,0.18686868686868688
NTPC,Mar 2013,Group D,roce_calculated,11.966978550564097,0.4595959595959596
NTPC,Mar 2014,Group D,roce_calculated,11.687719215091478,0.4393939393939394
NTPC,Mar 2015,Group D,roce_calculated,9.412734748787608,0.30808080808080807
NTPC,Mar 2016,Group D,roce_calculated,9.721516866580451,0.3282828282828283
NTPC,Mar 2017,Group D,roce_calculated,10.206463747158702,0.3686868686868687
NTPC,Mar 2018,Group D,roce_calculated,9.624933650668629,0.3181818181818182
NTPC,Mar 2019,Group D,roce_calculated,7.984810927693688,0.21212121212121213
NTPC,Mar 2020,Group D,roce_calculated,9.814681316495973,0.3333333333333333
NTPC,Mar 2021,Group D,roce_calculated,10.13374133419855,0.35858585858585856
NTPC,Mar 2022,Group D,roce_calculated,11.66258766011425,0.43434343434343436
NTPC,Mar 2023,Group D,roce_calculated,12.866009255655031,0.46464646464646464
NTPC,Mar 2024,Group D,roce_calculated,12.933810240774582,0.4696969696969697
ONGC,Mar 2013,Group D,roce_calculated,25.114020806632254,0.702020202020202
ONGC,Mar 2014,Group D,roce_calculated,22.20414435179536,0.6717171717171717
ONGC,Mar 2015,Group D,roce_calculated,18.051271549793302,0.601010101010101
ONGC,Mar 2016,Group D,roce_calculated,16.08415463146387,0.5606060606060606
ONGC,Mar 2017,Group D,roce_calculated,19.242388353406337,0.6313131313131313
ONGC,Mar 2018,Group D,roce_calculated,18.317668537426464,0.6060606060606061
ONGC,Mar 2019,Group D,roce_calculated,23.04420406805554,0.6868686868686869
ONGC,Mar 2020,Group D,roce_calculated,15.573395660789592,0.5555555555555556
ONGC,Mar 2021,Group D,roce_calculated,13.968794470420818,0.5202020202020202
ONGC,Mar 2022,Group D,roce_calculated,20.937432009835145,0.6515151515151515
ONGC,Mar 2023,Group D,roce_calculated,17.859220339463988,0.5959595959595959
ONGC,Mar 2024,Group D,roce_calculated,20.9759898500972,0.6565656565656566
PFC,Mar 2013,Group D,roce_calculated,3.669561699754218,0.10101010101010101
PFC,Mar 2014,Group D,roce_calculated,4.073643680684599,0.11616161616161616
PFC,Mar 2015,Group D,roce_calculated,3.8277794428852983,0.10606060606060606
PFC,Mar 2016,Group D,roce_calculated,3.870918677752992,0.1111111111111111
PFC,Mar 2017,Group D,roce_calculated,2.199401262518867,0.050505050505050504
PFC,Mar 2018,Group D,roce_calculated,2.44331943823612,0.06060606060606061
PFC,Mar 2019,Group D,roce_calculated,3.03149116362006,0.08080808080808081
PFC,Mar 2020,Group D,roce_calculated,2.169171203834287,0.04040404040404041
PFC,Mar 2021,Group D,roce_calculated,2.7581411036728487,0.07575757575757576
PFC,Mar 2022,Group D,roce_calculated,3.1875894622974466,0.09090909090909091
PFC,Mar 2023,Group D,roce_calculated,3.172571817132678,0.08585858585858586
PFC,Mar 2024,Group D,roce_calculated,3.4859018926226346,0.09595959595959595
PIDILITIND,Mar 2013,Group D,roce_calculated,31.66855845629966,0.7727272727272727
PIDILITIND,Mar 2014,Group D,roce_calculated,33.63363363363364,0.797979797979798
PIDILITIND,Mar 2015,Group D,roce_calculated,33.118556701030926,0.7878787878787878
PIDILITIND,Mar 2016,Group D,roce_calculated,43.15673289183223,0.8535353535353535
PIDILITIND,Mar 2017,Group D,roce_calculated,35.360044830484725,0.8232323232323232
PIDILITIND,Mar 2018,Group D,roce_calculated,36.25304136253041,0.8333333333333334
PIDILITIND,Mar 2019,Group D,roce_calculated,32.17554564656184,0.7828282828282829
PIDILITIND,Mar 2020,Group D,roce_calculated,33.22091062394604,0.7929292929292929
PIDILITIND,Mar 2021,Group D,roce_calculated,28.46049966239028,0.7373737373737373
PIDILITIND,Mar 2022,Group D,roce_calculated,27.21407624633431,0.7171717171717171
PIDILITIND,Mar 2023,Group D,roce_calculated,26.121267920557678,0.7121212121212122
PIDILITIND,Mar 2024,Group D,roce_calculated,30.81124132438275,0.7676767676767676
PNB,Mar 2013,Group D,roce_calculated,,
PNB,Mar 2014,Group D,roce_calculated,,
PNB,Mar 2015,Group D,roce_calculated,,
PNB,Mar 2016,Group D,roce_calculated,,
PNB,Mar 2017,Group D,roce_calculated,,
PNB,Mar 2018,Group D,roce_calculated,,
PNB,Mar 2019,Group D,roce_calculated,,
PNB,Mar 2020,Group D,roce_calculated,,
PNB,Mar 2021,Group D,roce_calculated,,
PNB,Mar 2022,Group D,roce_calculated,,
PNB,Mar 2023,Group D,roce_calculated,,
PNB,Mar 2024,Group D,roce_calculated,,
POWERGRID,Mar 2013,Group D,roce_calculated,11.331506963904806,0.4292929292929293
POWERGRID,Mar 2014,Group D,roce_calculated,10.904152441177954,0.398989898989899
POWERGRID,Mar 2015,Group D,roce_calculated,11.083143998455622,0.4090909090909091
POWERGRID,Mar 2016,Group D,roce_calculated,11.922761695570928,0.4494949494949495
POWERGRID,Mar 2017,Group D,roce_calculated,13.295509730299548,0.4797979797979798
POWERGRID,Mar 2018,Group D,roce_calculated,13.962856789419616,0.5151515151515151
POWERGRID,Mar 2019,Group D,roce_calculated,13.10198817316818,0.47474747474747475
POWERGRID,Mar 2020,Group D,roce_calculated,15.44190152418696,0.5505050505050505
POWERGRID,Mar 2021,Group D,roce_calculated,16.374878030473617,0.5656565656565656
POWERGRID,Mar 2022,Group D,roce_calculated,16.98373494261483,0.5707070707070707
POWERGRID,Mar 2023,Group D,roce_calculated,18.70232975757289,0.6111111111111112
POWERGRID,Mar 2024,Group D,roce_calculated,18.905165620757423,0.6212121212121212
RECLTD,Mar 2013,Group D,roce_calculated,10.591258819397886,0.3838383838383838
RECLTD,Mar 2014,Group D,roce_calculated,11.32838014369693,0.41919191919191917
RECLTD,Mar 2015,Group D,roce_calculated,11.016694026162874,0.40404040404040403
RECLTD,Mar 2016,Group D,roce_calculated,11.329850331894702,0.42424242424242425
RECLTD,Mar 2017,Group D,roce_calculated,11.140167623546692,0.41414141414141414
RECLTD,Mar 2018,Group D,roce_calculated,8.13614399358528,0.22727272727272727
RECLTD,Mar 2019,Group D,roce_calculated,8.502663247188796,0.2474747474747475
RECLTD,Mar 2020,Group D,roce_calculated,8.070292148243938,0.2222222222222222
RECLTD,Mar 2021,Group D,roce_calculated,8.638854899902809,0.25757575757575757
RECLTD,Mar 2022,Group D,roce_calculated,8.959899260323086,0.2727272727272727
RECLTD,Mar 2023,Group D,roce_calculated,8.573055979585792,0.25252525252525254
RECLTD,Mar 2024,Group D,roce_calculated,9.29915054435852,0.29292929292929293
KOTAKBANK,Mar 2013,Group D,net_profit_margin_pct,20.64956634065326,0.7238095238095238
KOTAKBANK,Mar 2014,Group D,net_profit_margin_pct,21.08293008509928,0.7285714285714285
KOTAKBANK,Mar 2015,Group D,net_profit_margin_pct,23.312561003078308,0.7571428571428571
KOTAKBANK,Mar 2016,Group D,net_profit_margin_pct,17.27281639054995,0.7
KOTAKBANK,Mar 2017,Group D,net_profit_margin_pct,22.48253001254256,0.7476190476190476
KOTAKBANK,Mar 2018,Group D,net_profit_margin_pct,24.90151605586725,0.7952380952380952
KOTAKBANK,Mar 2019,Group D,net_profit_margin_pct,24.149374811437767,0.7857142857142857
KOTAKBANK,Mar 2020,Group D,net_profit_margin_pct,25.670669773555595,0.8142857142857143
KOTAKBANK,Mar 2021,Group D,net_profit_margin_pct,30.438756855575868,0.9
KOTAKBANK,Mar 2022,Group D,net_profit_margin_pct,35.82881360955514,0.9428571428571428
KOTAKBANK,Mar 2023,Group D,net_profit_margin_pct,35.40841261180043,0.9380952380952381
KOTAKBANK,Mar 2024,Group D,net_profit_margin_pct,32.386151466116615,0.9095238095238095
LICI,Mar 2019,Group D,net_profit_margin_pct,0.4596611071061123,0.05238095238095238
LICI,Mar 2020,Group D,net_profit_margin_pct,0.43149911709867,0.047619047619047616
LICI,Mar 2021,Group D,net_profit_margin_pct,0.4304443100009552,0.04285714285714286
LICI,Mar 2022,Group D,net_profit_margin_pct,0.5700616081127022,0.05714285714285714
LICI,Mar 2023,Group D,net_profit_margin_pct,4.587779176883823,0.1523809523809524
LICI,Mar 2024,Group D,net_profit_margin_pct,4.836600998148862,0.1761904761904762
LODHA,Mar 2011,Group D,net_profit_margin_pct,12.149102623101705,0.47619047619047616
LODHA,Mar 2012,Group D,net_profit_margin_pct,12.897765741367635,0.5095238095238095
LODHA,Mar 2015,Group D,net_profit_margin_pct,12.79666452854394,0.5047619047619047
LODHA,Mar 2016,Group D,net_profit_margin_pct,8.522245120620681,0.3476190476190476
LODHA,Mar 2017,Group D,net_profit_margin_pct,7.368155437799646,0.2904761904761905
LODHA,Mar 2018,Group D,net_profit_margin_pct,8.20502221762943,0.3380952380952381
LODHA,Mar 2019,Group D,net_profit_margin_pct,13.80700428319476,0.5428571428571428
LODHA,Mar 2020,Group D,net_profit_margin_pct,5.96319215623242,0.22380952380952382
LODHA,Mar 2021,Group D,net_profit_margin_pct,0.8808955771701229,0.06190476190476191
LODHA,Mar 2022,Group D,net_profit_margin_pct,13.08350481966858,0.5238095238095238
LODHA,Mar 2023,Group D,net_profit_margin_pct,5.174234424498416,0.19047619047619047
LODHA,Mar 2024,Group D,net_profit_margin_pct,15.063978286157424,0.6095238095238096
LT,Mar 2013,Group D,net_profit_margin_pct,7.109074785693172,0.28095238095238095
LT,Mar 2014,Group D,net_profit_margin_pct,5.743410068897406,0.20952380952380953
LT,Mar 2015,Group D,net_profit_margin_pct,5.401995017894244,0.2
LT,Mar 2016,Group D,net_profit_margin_pct,4.541049425446491,0.14761904761904762
LT,Mar 2017,Group D,net_profit_margin_pct,5.933474824355972,0.21904761904761905
LT,Mar 2018,Group D,net_profit_margin_pct,6.687666585897746,0.24761904761904763
LT,Mar 2019,Group D,net_profit_margin_pct,7.555834935660405,0.30952380952380953
LT,Mar 2020,Group D,net_profit_margin_pct,7.489756070731238,0.29523809523809524
LT,Mar 2021,Group D,net_profit_margin_pct,9.502202545981364,0.37142857142857144
LT,Mar 2022,Group D,net_profit_margin_pct,6.656614767347513,0.24285714285714285
LT,Mar 2023,Group D,net_profit_margin_pct,6.834805089968965,0.2523809523809524
LT,Mar 2024,Group D,net_profit_margin_pct,7.031246466738726,0.2761904761904762
LTIM,Mar 2013,Group D,net_profit_margin_pct,14.593612048818487,0.5857142857142857
LTIM,Mar 2014,Group D,net_profit_margin_pct,20.243902439024392,0.719047619047619
LTIM,Mar 2015,Group D,net_profit_margin_pct,15.447971072719968,0.6476190476190476
LTIM,Mar 2016,Group D,net_profit_margin_pct,14.30037632569278,0.5714285714285714
LTIM,Mar 2017,Group D,net_profit_margin_pct,14.936163667128133,0.6
LTIM,Mar 2018,Group D,net_profit_margin_pct,15.22036682179031,0.6190476190476191
LTIM,Mar 2019,Group D,net_profit_margin_pct,16.049121321194157,0.680952380952381
LTIM,Mar 2020,Group D,net_profit_margin_pct,13.971872414744002,0.5476190476190477
LTIM,Mar 2021,Group D,net_profit_margin_pct,15.666936135812447,0.6571428571428571
LTIM,Mar 2022,Group D,net_profit_margin_pct,15.128882760733848,0.6142857142857143
LTIM,Mar 2023,Group D,net_profit_margin_pct,13.289937618660158,0.5333333333333333
LTIM,Mar 2024,Group D,net_profit_margin_pct,12.90931103415266,0.5142857142857142
M&M,Mar 2013,Group D,net_profit_margin_pct,6.010801682849781,0.22857142857142856
M&M,Mar 2014,Group D,net_profit_margin_pct,6.964770746341266,0.2619047619047619
M&M,Mar 2015,Group D,net_profit_margin_pct,4.732112865300638,0.1619047619047619
M&M,Mar 2016,Group D,net_profit_margin_pct,4.686119645046874,0.15714285714285714
M&M,Mar 2017,Group D,net_profit_margin_pct,4.83568691583207,0.17142857142857143
M&M,Mar 2018,Group D,net_profit_margin_pct,8.641170977479531,0.3523809523809524
M&M,Mar 2019,Group D,net_profit_margin_pct,5.745743451647711,0.21428571428571427
M&M,Mar 2020,Group D,net_profit_margin_pct,-0.4258311002626622,0.0380952380952381
M&M,Mar 2021,Group D,net_profit_margin_pct,2.035596004200436,0.08095238095238096
M&M,Mar 2022,Group D,net_profit_margin_pct,8.043606037417796,0.3142857142857143
M&M,Mar 2023,Group D,net_profit_margin_pct,9.379148834409454,0.36666666666666664
M&M,Mar 2024,Group D,net_profit_margin_pct,8.82238743726542,0.35714285714285715
MARUTI,Mar 2013,Group D,net_profit_margin_pct,5.575117370892019,0.20476190476190476
MARUTI,Mar 2014,Group D,net_profit_margin_pct,6.407435678685286,0.23809523809523808
MARUTI,Mar 2015,Group D,net_profit_margin_pct,7.49788389992323,0.3
MARUTI,Mar 2016,Group D,net_profit_margin_pct,9.54522565073191,0.38095238095238093
MARUTI,Mar 2017,Group D,net_profit_margin_pct,11.031798487185135,0.44761904761904764
MARUTI,Mar 2018,Group D,net_profit_margin_pct,9.87482614742698,0.3952380952380952
MARUTI,Mar 2019,Group D,net_profit_margin_pct,8.889482734581959,0.3619047619047619
MARUTI,Mar 2020,Group D,net_profit_margin_pct,7.504625958234206,0.3047619047619048
MARUTI,Mar 2021,Group D,net_profit_margin_pct,6.236855567555278,0.23333333333333334
MARUTI,Mar 2022,Group D,net_profit_margin_pct,4.392618589380732,0.14285714285714285
MARUTI,Mar 2023,Group D,net_profit_margin_pct,6.9791402753145855,0.26666666666666666
MARUTI,Mar 2024,Group D,net_profit_margin_pct,9.50809964894472,0.3761904761904762
MOTHERSON,Mar 2013,Group D,net_profit_margin_pct,1.7867025061269666,0.07142857142857142
MOTHERSON,Mar 2014,Group D,net_profit_margin_pct,3.6068915630959424,0.12380952380952381
MOTHERSON,Mar 2015,Group D,net_profit_margin_pct,3.7275323851014095,0.12857142857142856
MOTHERSON,Mar 2016,Group D,net_profit_margin_pct,4.766766981943251,0.16666666666666666
MOTHERSON,Mar 2017,Group D,net_profit_margin_pct,5.12554276005286,0.18095238095238095
MOTHERSON,Mar 2018,Group D,net_profit_margin_pct,4.013995701827612,0.1380952380952381
MOTHERSON,Mar 2019,Group D,net_profit_margin_pct,3.3027407395746424,0.11904761904761904
MOTHERSON,Mar 2020,Group D,net_profit_margin_pct,2.1307777174002536,0.09047619047619047
MOTHERSON,Mar 2021,Group D,net_profit_margin_pct,2.7348788565452327,0.1
MOTHERSON,Mar 2022,Group D,net_profit_margin_pct,1.8534198889829712,0.0761904761904762
MOTHERSON,Mar 2023,Group D,net_profit_margin_pct,2.119612123673656,0.08571428571428572
MOTHERSON,Mar 2024,Group D,net_profit_margin_pct,3.060025128683176,0.10952380952380952
NAUKRI,Mar 2013,Group D,net_profit_margin_pct,16.101694915254235,0.6857142857142857
NAUKRI,Mar 2014,Group D,net_profit_margin_pct,10.582010582010582,0.41904761904761906
NAUKRI,Mar 2015,Group D,net_profit_margin_pct,-1.912568306010929,0.03333333333333333
NAUKRI,Mar 2016,Group D,net_profit_margin_pct,15.775401069518717,0.6666666666666666
NAUKRI,Mar 2017,Group D,net_profit_margin_pct,-4.842342342342342,0.023809523809523808
NAUKRI,Mar 2018,Group D,net_profit_margin_pct,50.70850202429151,0.9857142857142858
NAUKRI,Mar 2019,Group D,net_profit_margin_pct,51.433536055603824,0.9904761904761905
NAUKRI,Mar 2020,Group D,net_profit_margin_pct,-18.75,0.009523809523809525
NAUKRI,Mar 2021,Group D,net_profit_margin_pct,125.70921985815602,0.9952380952380953
NAUKRI,Mar 2022,Group D,net_profit_margin_pct,810.6985525487728,1.0
NAUKRI,Mar 2023,Group D,net_profit_margin_pct,-2.9838022165387894,0.02857142857142857
NAUKRI,Mar 2024,Group D,net_profit_margin_pct,23.46214511041009,0.7666666666666667
NESTLEIND,Dec 2013,Group D,net_profit_margin_pct,12.27337655202725,0.49047619047619045
NESTLEIND,Dec 2014,Group D,net_profit_margin_pct,12.02435312024353,0.4714285714285714
NESTLEIND,Dec 2015,Group D,net_profit_margin_pct,6.886850152905198,0.2571428571428571
NESTLEIND,Dec 2016,Group D,net_profit_margin_pct,10.95066185318893,0.4380952380952381
NESTLEIND,Dec 2017,Group D,net_profit_margin_pct,12.237762237762238,0.4857142857142857
NESTLEIND,Dec 2018,Group D,net_profit_margin_pct,14.231314204746722,0.5666666666666667
NESTLEIND,Dec 2019,Group D,net_profit_margin_pct,15.910744603444094,0.6761904761904762
NESTLEIND,Dec 2020,Group D,net_profit_margin_pct,15.595505617977528,0.6523809523809524
NESTLEIND,Dec 2021,Group D,net_profit_margin_pct,14.36808900345974,0.5761904761904761
NESTLEIND,Dec 2022,Group D,net_profit_margin_pct,14.150440906669823,0.5619047619047619
NESTLEIND,Dec 2023,Group D,net_profit_margin_pct,15.680225870542715,0.6619047619047619
NESTLEIND,Mar 2024,Group D,net_profit_margin_pct,16.12281708616873,0.6904761904761905
NHPC,Mar 2013,Group D,net_profit_margin_pct,45.02429086350102,0.9809523809523809
NHPC,Mar 2014,Group D,net_profit_margin_pct,22.10041954256327,0.7380952380952381
NHPC,Mar 2015,Group D,net_profit_margin_pct,34.03478895511495,0.9333333333333333
NHPC,Mar 2016,Group D,net_profit_margin_pct,28.30979171654297,0.8523809523809524
NHPC,Mar 2017,Group D,net_profit_margin_pct,40.3571842746144,0.9619047619047619
NHPC,Mar 2018,Group D,net_profit_margin_pct,35.912314635718886,0.9476190476190476
NHPC,Mar 2019,Group D,net_profit_margin_pct,31.57074474006457,0.9047619047619048
NHPC,Mar 2020,Group D,net_profit_margin_pct,33.42326139088729,0.919047619047619
NHPC,Mar 2021,Group D,net_profit_margin_pct,37.3134328358209,0.9523809523809523
NHPC,Mar 2022,Group D,net_profit_margin_pct,41.27296587926509,0.9714285714285714
NHPC,Mar 2023,Group D,net_profit_margin_pct,40.17158480248892,0.9571428571428572
NHPC,Mar 2024,Group D,net_profit_margin_pct,41.81893687707641,0.9761904761904762
NTPC,Mar 2013,Group D,net_profit_margin_pct,17.598366844710423,0.7047619047619048
NTPC,Mar 2014,Group D,net_profit_margin_pct,14.557640750670242,0.580952380952381
NTPC,Mar 2015,Group D,net_profit_margin_pct,12.496716985379642,0.49523809523809526
NTPC,Mar 2016,Group D,net_profit_margin_pct,14.688811379366722,0.5904761904761905
NTPC,Mar 2017,Group D,net_profit_margin_pct,13.059164818020038,0.5190476190476191
NTPC,Mar 2018,Group D,net_profit_margin_pct,11.922845497996208,0.46190476190476193
NTPC,Mar 2019,Group D,net_profit_margin_pct,13.993837685841632,0.5523809523809524
NTPC,Mar 2020,Group D,net_profit_margin_pct,10.872981071402467,0.42857142857142855
NTPC,Mar 2021,Group D,net_profit_margin_pct,13.421380602702389,0.5380952380952381
NTPC,Mar 2022,Group D,net_profit_margin_pct,12.7836947591374,0.5
NTPC,Mar 2023,Group D,net_profit_margin_pct,9.716413082340656,0.3904761904761905
NTPC,Mar 2024,Group D,net_profit_margin_pct,11.950633329785267,0.4666666666666667
ONGC,Mar 2013,Group D,net_profit_margin_pct,14.812574081390755,0.5952380952380952
ONGC,Mar 2014,Group D,net_profit_margin_pct,15.314063208917936,0.6285714285714286
ONGC,Mar 2015,Group D,net_profit_margin_pct,11.000913480360172,0.44285714285714284
ONGC,Mar 2016,Group D,net_profit_margin_pct,10.563062336740945,0.4142857142857143
ONGC,Mar 2017,Group D,net_profit_margin_pct,10.325090440557014,0.40476190476190477
ONGC,Mar 2018,Group D,net_profit_margin_pct,8.077940912161534,0.3238095238095238
ONGC,Mar 2019,Group D,net_profit_margin_pct,8.049352029296244,0.319047619047619
ONGC,Mar 2020,Group D,net_profit_margin_pct,2.8876207376338447,0.10476190476190476
ONGC,Mar 2021,Group D,net_profit_margin_pct,7.029807568891126,0.2714285714285714
ONGC,Mar 2022,Group D,net_profit_margin_pct,10.03448374134344,0.4
ONGC,Mar 2023,Group D,net_profit_margin_pct,5.184005465837723,0.19523809523809524
ONGC,Mar 2024,Group D,net_profit_margin_pct,9.6552901947257,0.38571428571428573
PFC,Mar 2013,Group D,net_profit_margin_pct,25.63243617881483,0.8095238095238095
PFC,Mar 2014,Group D,net_profit_margin_pct,25.51501845190825,0.8
PFC,Mar 2015,Group D,net_profit_margin_pct,24.02753321594365,0.780952380952381
PFC,Mar 2016,Group D,net_profit_margin_pct,22.19590108036323,0.7428571428571429
PFC,Mar 2017,Group D,net_profit_margin_pct,8.107030201950618,0.32857142857142857
PFC,Mar 2018,Group D,net_profit_margin_pct,18.09188877920369,0.7095238095238096
PFC,Mar 2019,Group D,net_profit_margin_pct,23.3615495508816,0.7619047619047619
PFC,Mar 2020,Group D,net_profit_margin_pct,15.23902941034588,0.6238095238095238
PFC,Mar 2021,Group D,net_profit_margin_pct,21.932566707602994,0.7333333333333333
PFC,Mar 2022,Group D,net_profit_margin_pct,24.60989745876059,0.7904761904761904
PFC,Mar 2023,Group D,net_profit_margin_pct,27.263014262911284,0.8285714285714286
PFC,Mar 2024,Group D,net_profit_margin_pct,28.916597455960137,0.8714285714285714
PIDILITIND,Mar 2013,Group D,net_profit_margin_pct,11.52800435019032,0.4523809523809524
PIDILITIND,Mar 2014,Group D,net_profit_margin_pct,10.506654214335748,0.4095238095238095
PIDILITIND,Mar 2015,Group D,net_profit_margin_pct,10.611065235342693,0.4238095238095238
PIDILITIND,Mar 2016,Group D,net_profit_margin_pct,15.05316172355904,0.6047619047619047
PIDILITIND,Mar 2017,Group D,net_profit_margin_pct,15.364073348762686,0.6333333333333333
PIDILITIND,Mar 2018,Group D,net_profit_margin_pct,15.893385982230996,0.6714285714285714
PIDILITIND,Mar 2019,Group D,net_profit_margin_pct,13.111048318734106,0.5285714285714286
PIDILITIND,Mar 2020,Group D,net_profit_margin_pct,15.382506169454349,0.638095238095238
PIDILITIND,Mar 2021,Group D,net_profit_margin_pct,15.439462498286026,0.6428571428571429
PIDILITIND,Mar 2022,Group D,net_profit_margin_pct,12.166112287067836,0.48095238095238096
PIDILITIND,Mar 2023,Group D,net_profit_margin_pct,10.924654631748451,0.43333333333333335
PIDILITIND,Mar 2024,Group D,net_profit_margin_pct,14.108051360736493,0.5571428571428572
PNB,Mar 2013,Group D,net_profit_margin_pct,11.655174014998492,0.45714285714285713
PNB,Mar 2014,Group D,net_profit_margin_pct,8.172071711375061,0.3333333333333333
PNB,Mar 2015,Group D,net_profit_margin_pct,7.236707041675221,0.2857142857142857
PNB,Mar 2016,Group D,net_profit_margin_pct,-6.908904810644831,0.01904761904761905
PNB,Mar 2017,Group D,net_profit_margin_pct,2.578134753839111,0.09523809523809523
PNB,Mar 2018,Group D,net_profit_margin_pct,-24.85582349923037,0.004761904761904762
PNB,Mar 2019,Group D,net_profit_margin_pct,-18.31361343893225,0.014285714285714285
PNB,Mar 2020,Group D,net_profit_margin_pct,0.883134855602899,0.06666666666666667
PNB,Mar 2021,Group D,net_profit_margin_pct,3.289192652712516,0.11428571428571428
PNB,Mar 2022,Group D,net_profit_margin_pct,5.125783688780462,0.18571428571428572
PNB,Mar 2023,Group D,net_profit_margin_pct,3.8678104669238302,0.13333333333333333
PNB,Mar 2024,Group D,net_profit_margin_pct,8.395910695456838,0.34285714285714286
POWERGRID,Mar 2013,Group D,net_profit_margin_pct,32.97148536044645,0.9142857142857143
POWERGRID,Mar 2014,Group D,net_profit_margin_pct,29.23818707810993,0.8809523809523809
POWERGRID,Mar 2015,Group D,net_profit_margin_pct,28.76852907639681,0.861904761904762
POWERGRID,Mar 2016,Group D,net_profit_margin_pct,28.854348247143136,0.8666666666666667
POWERGRID,Mar 2017,Group D,net_profit_margin_pct,28.99560259952524,0.8761904761904762
POWERGRID,Mar 2018,Group D,net_profit_margin_pct,27.388662616011217,0.8333333333333334
POWERGRID,Mar 2019,Group D,net_profit_margin_pct,28.62032573661542,0.8571428571428571
POWERGRID,Mar 2020,Group D,net_profit_margin_pct,29.300021195421788,0.8857142857142857
POWERGRID,Mar 2021,Group D,net_profit_margin_pct,30.363269424823407,0.8952380952380953
POWERGRID,Mar 2022,Group D,net_profit_margin_pct,40.42093123828744,0.9666666666666667
POWERGRID,Mar 2023,Group D,net_profit_margin_pct,33.81356489704624,0.9238095238095239
POWERGRID,Mar 2024,Group D,net_profit_margin_pct,33.97028990249329,0.9285714285714286
RECLTD,Mar 2013,Group D,net_profit_margin_pct,28.11353968021124,0.8428571428571429
RECLTD,Mar 2014,Group D,net_profit_margin_pct,27.527143935435173,0.8380952380952381
RECLTD,Mar 2015,Group D,net_profit_margin_pct,26.012461059190027,0.8238095238095238
RECLTD,Mar 2016,Group D,net_profit_margin_pct,23.589637305699483,0.7761904761904762
RECLTD,Mar 2017,Group D,net_profit_margin_pct,25.938861040348428,0.819047619047619
RECLTD,Mar 2018,Group D,net_profit_margin_pct,19.6442757524936,0.7142857142857143
RECLTD,Mar 2019,Group D,net_profit_margin_pct,22.59524559193955,0.7523809523809524
RECLTD,Mar 2020,Group D,net_profit_margin_pct,16.605437178545188,0.6952380952380952
RECLTD,Mar 2021,Group D,net_profit_margin_pct,23.562167786933657,0.7714285714285715
RECLTD,Mar 2022,Group D,net_profit_margin_pct,25.55250025460841,0.8047619047619048
RECLTD,Mar 2023,Group D,net_profit_margin_pct,28.28090968951021,0.8476190476190476
RECLTD,Mar 2024,Group D,net_profit_margin_pct,29.7682934528695,0.8904761904761904
KOTAKBANK,Mar 2013,Group D,debt_to_equity,5.60430994956442,0.16190476190476188
KOTAKBANK,Mar 2014,Group D,debt_to_equity,4.503091595053448,0.21904761904761905
KOTAKBANK,Mar 2015,Group D,debt_to_equity,4.70563278570139,0.2142857142857143
KOTAKBANK,Mar 2016,Group D,debt_to_equity,5.38541541781561,0.18095238095238098
KOTAKBANK,Mar 2017,Group D,debt_to_equity,5.331757248259379,0.18571428571428572
KOTAKBANK,Mar 2018,Group D,debt_to_equity,4.948502614482649,0.19999999999999996
KOTAKBANK,Mar 2019,Group D,debt_to_equity,5.049462626122774,0.19047619047619047
KOTAKBANK,Mar 2020,Group D,debt_to_equity,4.899335204165854,0.2047619047619048
KOTAKBANK,Mar 2021,Group D,debt_to_equity,3.878514091938486,0.24761904761904763
KOTAKBANK,Mar 2022,Group D,debt_to_equity,3.783654890601562,0.2523809523809524
KOTAKBANK,Mar 2023,Group D,debt_to_equity,3.745568533457349,0.26190476190476186
KOTAKBANK,Mar 2024,Group D,debt_to_equity,4.003739266919029,0.23809523809523814
LICI,Mar 2019,Group D,debt_to_equity,332.59382716049384,0.0
LICI,Mar 2020,Group D,debt_to_equity,252.9081836327345,0.004761904761904745
LICI,Mar 2021,Group D,debt_to_equity,0.0005810575246949,0.9428571428571428
LICI,Mar 2022,Group D,debt_to_equity,8.819897689186806e-05,0.9571428571428572
LICI,Mar 2023,Group D,debt_to_equity,0.0,0.9785714285714285
LICI,Mar 2024,Group D,debt_to_equity,0.0,0.9785714285714285
LODHA,Mar 2011,Group D,debt_to_equity,7.521505376344086,0.08571428571428574
LODHA,Mar 2012,Group D,debt_to_equity,3.782415630550622,0.2571428571428571
LODHA,Mar 2015,Group D,debt_to_equity,3.5980570734669097,0.27142857142857146
LODHA,Mar 2016,Group D,debt_to_equity,3.4822552227535866,0.2761904761904762
LODHA,Mar 2017,Group D,debt_to_equity,4.012645673196132,0.23333333333333328
LODHA,Mar 2018,Group D,debt_to_equity,4.389751552795032,0.2238095238095238
LODHA,Mar 2019,Group D,debt_to_equity,6.675605311116897,0.09999999999999998
LODHA,Mar 2020,Group D,debt_to_equity,4.047231985940246,0.22857142857142854
LODHA,Mar 2021,Group D,debt_to_equity,3.9558599695586,0.24285714285714288
LODHA,Mar 2022,Group D,debt_to_equity,0.9529985131339832,0.4809523809523809
LODHA,Mar 2023,Group D,debt_to_equity,0.7154702677090736,0.5285714285714286
LODHA,Mar 2024,Group D,debt_to_equity,0.4406663232010991,0.6142857142857143
LT,Mar 2013,Group D,debt_to_equity,0.174757281553398,0.6404761904761904
LT,Mar 2014,Group D,debt_to_equity,0.0683229813664596,0.7404761904761905
LT,Mar 2015,Group D,debt_to_equity,0.1076011846001974,0.6880952380952381
LT,Mar 2016,Group D,debt_to_equity,0.0258823529411764,0.8071428571428572
LT,Mar 2017,Group D,debt_to_equity,0.0,0.9785714285714285
LT,Mar 2018,Group D,debt_to_equity,0.0,0.9785714285714285
LT,Mar 2019,Group D,debt_to_equity,0.0,0.9785714285714285
LT,Mar 2020,Group D,debt_to_equity,0.1687638786084382,0.65
LT,Mar 2021,Group D,debt_to_equity,0.1092552026286966,0.6785714285714286
LT,Mar 2022,Group D,debt_to_equity,0.018057110862262,0.8261904761904761
LT,Mar 2023,Group D,debt_to_equity,0.0928760848601735,0.7214285714285714
LT,Mar 2024,Group D,debt_to_equity,0.1034568888000799,0.6976190476190476
LTIM,Mar 2013,Group D,debt_to_equity,0.174757281553398,0.6404761904761904
LTIM,Mar 2014,Group D,debt_to_equity,0.0683229813664596,0.7404761904761905
LTIM,Mar 2015,Group D,debt_to_equity,0.1076011846001974,0.6880952380952381
LTIM,Mar 2016,Group D,debt_to_equity,0.0258823529411764,0.8071428571428572
LTIM,Mar 2017,Group D,debt_to_equity,0.0,0.9785714285714285
LTIM,Mar 2018,Group D,debt_to_equity,0.0,0.9785714285714285
LTIM,Mar 2019,Group D,debt_to_equity,0.0,0.9785714285714285
LTIM,Mar 2020,Group D,debt_to_equity,0.1687638786084382,0.65
LTIM,Mar 2021,Group D,debt_to_equity,0.1092552026286966,0.6785714285714286
LTIM,Mar 2022,Group D,debt_to_equity,0.018057110862262,0.8261904761904761
LTIM,Mar 2023,Group D,debt_to_equity,0.0928760848601735,0.7214285714285714
LTIM,Mar 2024,Group D,debt_to_equity,0.1034568888000799,0.6976190476190476
M&M,Mar 2013,Group D,debt_to_equity,1.438354791844096,0.4285714285714286
M&M,Mar 2014,Group D,debt_to_equity,1.5088599991418887,0.41428571428571426
M&M,Mar 2015,Group D,debt_to_equity,1.4661793711567468,0.42380952380952386
M&M,Mar 2016,Group D,debt_to_equity,1.5685112486788464,0.38095238095238093
M&M,Mar 2017,Group D,debt_to_equity,1.6375176304654442,0.3666666666666667
M&M,Mar 2018,Group D,debt_to_equity,1.52,0.40476190476190477
M&M,Mar 2019,Group D,debt_to_equity,1.771953080059025,0.3380952380952381
M&M,Mar 2020,Group D,debt_to_equity,2.053891766118742,0.32380952380952377
M&M,Mar 2021,Group D,debt_to_equity,1.9389399259294888,0.33333333333333337
M&M,Mar 2022,Group D,debt_to_equity,1.6468603442055896,0.3571428571428571
M&M,Mar 2023,Group D,debt_to_equity,1.6365716921548452,0.37142857142857144
M&M,Mar 2024,Group D,debt_to_equity,1.6414413053331318,0.36190476190476195
MARUTI,Mar 2013,Group D,debt_to_equity,0.0824574311540887,0.7285714285714286
MARUTI,Mar 2014,Group D,debt_to_equity,0.0932266468180126,0.7142857142857143
MARUTI,Mar 2015,Group D,debt_to_equity,0.0273871206513693,0.7952380952380953
MARUTI,Mar 2016,Group D,debt_to_equity,0.0075450744708649,0.8809523809523809
MARUTI,Mar 2017,Group D,debt_to_equity,0.0130546190155091,0.8380952380952381
MARUTI,Mar 2018,Group D,debt_to_equity,0.0028431119152235,0.9095238095238095
MARUTI,Mar 2019,Group D,debt_to_equity,0.0033976046886944,0.9047619047619048
MARUTI,Mar 2020,Group D,debt_to_equity,0.0037237164308987,0.8952380952380953
MARUTI,Mar 2021,Group D,debt_to_equity,0.0103045656273213,0.8476190476190476
MARUTI,Mar 2022,Group D,debt_to_equity,0.0076988415592865,0.8761904761904762
MARUTI,Mar 2023,Group D,debt_to_equity,0.0167292225201072,0.8333333333333334
MARUTI,Mar 2024,Group D,debt_to_equity,0.0013896025036199,0.9238095238095239
MOTHERSON,Mar 2013,Group D,debt_to_equity,2.142420270860638,0.319047619047619
MOTHERSON,Mar 2014,Group D,debt_to_equity,1.6356877323420074,0.3761904761904762
MOTHERSON,Mar 2015,Group D,debt_to_equity,1.5436221419975933,0.4
MOTHERSON,Mar 2016,Group D,debt_to_equity,1.3802592676825107,0.4380952380952381
MOTHERSON,Mar 2017,Group D,debt_to_equity,1.251088007736944,0.4476190476190476
MOTHERSON,Mar 2018,Group D,debt_to_equity,1.0495750708215297,0.47619047619047616
MOTHERSON,Mar 2019,Group D,debt_to_equity,1.0520842834990425,0.4714285714285714
MOTHERSON,Mar 2020,Group D,debt_to_equity,1.166503862889619,0.4571428571428572
MOTHERSON,Mar 2021,Group D,debt_to_equity,0.949765146087095,0.48571428571428577
MOTHERSON,Mar 2022,Group D,debt_to_equity,0.6863221293957645,0.5380952380952381
MOTHERSON,Mar 2023,Group D,debt_to_equity,0.6142882593978265,0.5761904761904761
MOTHERSON,Mar 2024,Group D,debt_to_equity,0.7616899254444657,0.5095238095238095
NAUKRI,Mar 2013,Group D,debt_to_equity,0.0016447368421052,0.9142857142857143
NAUKRI,Mar 2014,Group D,debt_to_equity,0.0014880952380952,0.919047619047619
NAUKRI,Mar 2015,Group D,debt_to_equity,0.0007067137809187,0.9285714285714286
NAUKRI,Mar 2016,Group D,debt_to_equity,0.000648088139987,0.9333333333333333
NAUKRI,Mar 2017,Group D,debt_to_equity,0.0006281407035175,0.9380952380952381
NAUKRI,Mar 2018,Group D,debt_to_equity,0.0004889975550122,0.9476190476190476
NAUKRI,Mar 2019,Group D,debt_to_equity,0.0003932363350373,0.9523809523809523
NAUKRI,Mar 2020,Group D,debt_to_equity,0.0350797266514806,0.7761904761904762
NAUKRI,Mar 2021,Group D,debt_to_equity,0.0120459599703484,0.8428571428571429
NAUKRI,Mar 2022,Group D,debt_to_equity,0.0037118663728105,0.9
NAUKRI,Mar 2023,Group D,debt_to_equity,0.0080609046126287,0.8714285714285714
NAUKRI,Mar 2024,Group D,debt_to_equity,0.008129006675038,0.8666666666666667
NESTLEIND,Dec 2013,Group D,debt_to_equity,0.5021114864864865,0.5952380952380952
NESTLEIND,Dec 2014,Group D,debt_to_equity,0.0070497003877335,0.8857142857142857
NESTLEIND,Dec 2015,Group D,debt_to_equity,0.0063897763578274,0.8904761904761904
NESTLEIND,Dec 2016,Group D,debt_to_equity,0.0100548446069469,0.8571428571428572
NESTLEIND,Dec 2017,Group D,debt_to_equity,0.0102339181286549,0.8523809523809524
NESTLEIND,Dec 2018,Group D,debt_to_equity,0.0095289953716308,0.861904761904762
NESTLEIND,Dec 2019,Group D,debt_to_equity,0.0985401459854014,0.7095238095238094
NESTLEIND,Dec 2020,Group D,debt_to_equity,0.0728083209509658,0.7333333333333334
NESTLEIND,Dec 2021,Group D,debt_to_equity,0.1366906474820144,0.6571428571428571
NESTLEIND,Dec 2022,Group D,debt_to_equity,0.1102074013826758,0.6690476190476191
NESTLEIND,Dec 2023,Group D,debt_to_equity,0.1102074013826758,0.6690476190476191
NESTLEIND,Mar 2024,Group D,debt_to_equity,0.1032934131736526,0.7047619047619047
NHPC,Mar 2013,Group D,debt_to_equity,0.6826648766571572,0.5428571428571429
NHPC,Mar 2014,Group D,debt_to_equity,0.7370601147065071,0.5238095238095238
NHPC,Mar 2015,Group D,debt_to_equity,0.669224266857403,0.5476190476190477
NHPC,Mar 2016,Group D,debt_to_equity,0.6300919634674336,0.5619047619047619
NHPC,Mar 2017,Group D,debt_to_equity,0.6626572462519387,0.5523809523809524
NHPC,Mar 2018,Group D,debt_to_equity,0.6192203987883226,0.5666666666666667
NHPC,Mar 2019,Group D,debt_to_equity,0.6190661731281252,0.5714285714285714
NHPC,Mar 2020,Group D,debt_to_equity,0.7401293776488959,0.519047619047619
NHPC,Mar 2021,Group D,debt_to_equity,0.7068949868393186,0.5333333333333333
NHPC,Mar 2022,Group D,debt_to_equity,0.7472867329114287,0.5142857142857142
NHPC,Mar 2023,Group D,debt_to_equity,0.7992208003030221,0.5047619047619047
NHPC,Mar 2024,Group D,debt_to_equity,0.8413260296625498,0.5
NTPC,Mar 2013,Group D,debt_to_equity,0.8668020679468242,0.49523809523809526
NTPC,Mar 2014,Group D,debt_to_equity,0.9327371205441491,0.4904761904761905
NTPC,Mar 2015,Group D,debt_to_equity,1.2455477866835578,0.45238095238095233
NTPC,Mar 2016,Group D,debt_to_equity,1.0857111657111658,0.4666666666666667
NTPC,Mar 2017,Group D,debt_to_equity,1.1628712770089331,0.46190476190476193
NTPC,Mar 2018,Group D,debt_to_equity,1.2557477091239149,0.44285714285714284
NTPC,Mar 2019,Group D,debt_to_equity,1.5540828147310004,0.3904761904761904
NTPC,Mar 2020,Group D,debt_to_equity,1.708044429485022,0.3476190476190476
NTPC,Mar 2021,Group D,debt_to_equity,1.671780434073756,0.35238095238095235
NTPC,Mar 2022,Group D,debt_to_equity,1.5564805649533884,0.3857142857142857
NTPC,Mar 2023,Group D,debt_to_equity,1.5161777408976826,0.4095238095238095
NTPC,Mar 2024,Group D,debt_to_equity,1.475521125007778,0.419047619047619
ONGC,Mar 2013,Group D,debt_to_equity,0.1356210007342914,0.6619047619047619
ONGC,Mar 2014,Group D,debt_to_equity,0.285288582183187,0.6285714285714286
ONGC,Mar 2015,Group D,debt_to_equity,0.2989332520572996,0.6238095238095238
ONGC,Mar 2016,Group D,debt_to_equity,0.2300140536059126,0.6333333333333333
ONGC,Mar 2017,Group D,debt_to_equity,0.4117014599816859,0.6190476190476191
ONGC,Mar 2018,Group D,debt_to_equity,0.5222552801454766,0.5857142857142856
ONGC,Mar 2019,Group D,debt_to_equity,0.4966579697050716,0.6
ONGC,Mar 2020,Group D,debt_to_equity,0.6312553631328497,0.5571428571428572
ONGC,Mar 2021,Group D,debt_to_equity,0.6027079251157339,0.5809523809523809
ONGC,Mar 2022,Group D,debt_to_equity,0.4700754904567577,0.6047619047619048
ONGC,Mar 2023,Group D,debt_to_equity,0.5068823112308345,0.5904761904761905
ONGC,Mar 2024,Group D,debt_to_equity,0.4544486308481917,0.6095238095238096
PFC,Mar 2013,Group D,debt_to_equity,5.889907094594594,0.1428571428571429
PFC,Mar 2014,Group D,debt_to_equity,5.785008356950803,0.15714285714285714
PFC,Mar 2015,Group D,debt_to_equity,5.794174817191694,0.1523809523809524
PFC,Mar 2016,Group D,debt_to_equity,5.569557011213501,0.16666666666666663
PFC,Mar 2017,Group D,debt_to_equity,5.5093771203691135,0.17142857142857137
PFC,Mar 2018,Group D,debt_to_equity,11.074735150876135,0.023809523809523836
PFC,Mar 2019,Group D,debt_to_equity,11.448993017975,0.01904761904761909
PFC,Mar 2020,Group D,debt_to_equity,12.076133603238866,0.014285714285714235
PFC,Mar 2021,Group D,debt_to_equity,10.855925090921058,0.02857142857142858
PFC,Mar 2022,Group D,debt_to_equity,9.214744126346336,0.05238095238095242
PFC,Mar 2023,Group D,debt_to_equity,8.925568573397657,0.05714285714285716
PFC,Mar 2024,Group D,debt_to_equity,8.521864217426122,0.06666666666666665
PIDILITIND,Mar 2013,Group D,debt_to_equity,0.0672319806178073,0.7476190476190476
PIDILITIND,Mar 2014,Group D,debt_to_equity,0.0235655737704918,0.819047619047619
PIDILITIND,Mar 2015,Group D,debt_to_equity,0.0255506607929515,0.8142857142857143
PIDILITIND,Mar 2016,Group D,debt_to_equity,0.0303260045489006,0.7857142857142857
PIDILITIND,Mar 2017,Group D,debt_to_equity,0.0282339383462978,0.7904761904761904
PIDILITIND,Mar 2018,Group D,debt_to_equity,0.0349748181309457,0.780952380952381
PIDILITIND,Mar 2019,Group D,debt_to_equity,0.027242044358727,0.8
PIDILITIND,Mar 2020,Group D,debt_to_equity,0.0646319569120287,0.7571428571428571
PIDILITIND,Mar 2021,Group D,debt_to_equity,0.0591811192562131,0.7619047619047619
PIDILITIND,Mar 2022,Group D,debt_to_equity,0.0649594003747657,0.7523809523809524
PIDILITIND,Mar 2023,Group D,debt_to_equity,0.0542151968940654,0.7666666666666666
PIDILITIND,Mar 2024,Group D,debt_to_equity,0.0454383252051861,0.7714285714285715
PNB,Mar 2013,Group D,debt_to_equity,10.833333333333334,0.033333333333333326
PNB,Mar 2014,Group D,debt_to_equity,10.822269807280517,0.03809523809523807
PNB,Mar 2015,Group D,debt_to_equity,10.437618746041798,0.042857142857142816
PNB,Mar 2016,Group D,debt_to_equity,12.122087604846223,0.00952380952380949
PNB,Mar 2017,Group D,debt_to_equity,6.363750448189316,0.11904761904761907
PNB,Mar 2018,Group D,debt_to_equity,8.186481960724615,0.0714285714285714
PNB,Mar 2019,Group D,debt_to_equity,9.664963012777404,0.04761904761904767
PNB,Mar 2020,Group D,debt_to_equity,8.523467975336604,0.06190476190476191
PNB,Mar 2021,Group D,debt_to_equity,6.69831961204466,0.09523809523809523
PNB,Mar 2022,Group D,debt_to_equity,5.403632282420161,0.17619047619047623
PNB,Mar 2023,Group D,debt_to_equity,4.895553729571807,0.20952380952380956
PNB,Mar 2024,Group D,debt_to_equity,3.684256345007701,0.2666666666666667
POWERGRID,Mar 2013,Group D,debt_to_equity,2.6221641480134834,0.28095238095238095
POWERGRID,Mar 2014,Group D,debt_to_equity,2.427229235114416,0.30000000000000004
POWERGRID,Mar 2015,Group D,debt_to_equity,2.503785218137829,0.2857142857142857
POWERGRID,Mar 2016,Group D,debt_to_equity,2.468614964748692,0.2952380952380952
POWERGRID,Mar 2017,Group D,debt_to_equity,2.386154895118919,0.30952380952380953
POWERGRID,Mar 2018,Group D,debt_to_equity,2.416179767023114,0.3047619047619048
POWERGRID,Mar 2019,Group D,debt_to_equity,2.477212340706392,0.29047619047619044
POWERGRID,Mar 2020,Group D,debt_to_equity,2.2917954742178805,0.3142857142857143
POWERGRID,Mar 2021,Group D,debt_to_equity,2.0480439258750858,0.3285714285714286
POWERGRID,Mar 2022,Group D,debt_to_equity,1.7665744226002336,0.34285714285714286
POWERGRID,Mar 2023,Group D,debt_to_equity,1.5487196781731023,0.3952380952380953
POWERGRID,Mar 2024,Group D,debt_to_equity,1.4173456039290386,0.43333333333333335
RECLTD,Mar 2013,Group D,debt_to_equity,6.147290359383914,0.12857142857142856
RECLTD,Mar 2014,Group D,debt_to_equity,6.065134836321684,0.1333333333333333
RECLTD,Mar 2015,Group D,debt_to_equity,6.021817166560306,0.13809523809523805
RECLTD,Mar 2016,Group D,debt_to_equity,5.856505035821825,0.14761904761904765
RECLTD,Mar 2017,Group D,debt_to_equity,4.9850613287398655,0.1952380952380952
RECLTD,Mar 2018,Group D,debt_to_equity,6.271234810359641,0.12380952380952381
RECLTD,Mar 2019,Group D,debt_to_equity,7.0702541538817805,0.09047619047619049
RECLTD,Mar 2020,Group D,debt_to_equity,8.087945306099387,0.07619047619047614
RECLTD,Mar 2021,Group D,debt_to_equity,7.534114797550498,0.080952380952381
RECLTD,Mar 2022,Group D,debt_to_equity,6.490295046186226,0.10952380952380958
RECLTD,Mar 2023,Group D,debt_to_equity,6.551789401238816,0.10476190476190472
RECLTD,Mar 2024,Group D,debt_to_equity,6.4249170872386445,0.11428571428571432
KOTAKBANK,Mar 2013,Group D,free_cash_flow,-6157.0,0.19806763285024154
KOTAKBANK,Mar 2014,Group D,free_cash_flow,7938.0,0.8502415458937198
KOTAKBANK,Mar 2015,Group D,free_cash_flow,-2165.0,0.28019323671497587
KOTAKBANK,Mar 2016,Group D,free_cash_flow,2672.0,0.714975845410628
KOTAKBANK,Mar 2017,Group D,free_cash_flow,7933.0,0.8454106280193237
KOTAKBANK,Mar 2018,Group D,free_cash_flow,-15867.0,0.10628019323671498
KOTAKBANK,Mar 2019,Group D,free_cash_flow,-1501.0,0.2995169082125604
KOTAKBANK,Mar 2020,Group D,free_cash_flow,33551.0,0.9855072463768116
KOTAKBANK,Mar 2021,Group D,free_cash_flow,-6291.0,0.1932367149758454
KOTAKBANK,Mar 2022,Group D,free_cash_flow,-2595.0,0.26570048309178745
KOTAKBANK,Mar 2023,Group D,free_cash_flow,-11623.0,0.13526570048309178
KOTAKBANK,Mar 2024,Group D,free_cash_flow,6766.0,0.8405797101449275
LICI,Mar 2019,Group D,free_cash_flow,22910.0,0.9565217391304348
LICI,Mar 2020,Group D,free_cash_flow,13952.0,0.8888888888888888
LICI,Mar 2021,Group D,free_cash_flow,229049.0,1.0
LICI,Mar 2022,Group D,free_cash_flow,8748.0,0.8695652173913043
LICI,Mar 2023,Group D,free_cash_flow,1671.0,0.6521739130434783
LICI,Mar 2024,Group D,free_cash_flow,853.0,0.5458937198067633
LODHA,Mar 2011,Group D,free_cash_flow,,
LODHA,Mar 2012,Group D,free_cash_flow,,
LODHA,Mar 2015,Group D,free_cash_flow,,
LODHA,Mar 2016,Group D,free_cash_flow,-467.0,0.34782608695652173
LODHA,Mar 2017,Group D,free_cash_flow,295.0,0.45169082125603865
LODHA,Mar 2018,Group D,free_cash_flow,45.0,0.3961352657004831
LODHA,Mar 2019,Group D,free_cash_flow,-638.0,0.33816425120772947
LODHA,Mar 2020,Group D,free_cash_flow,3954.0,0.7874396135265701
LODHA,Mar 2021,Group D,free_cash_flow,2944.0,0.7391304347826086
LODHA,Mar 2022,Group D,free_cash_flow,3137.0,0.748792270531401
LODHA,Mar 2023,Group D,free_cash_flow,4539.0,0.8019323671497585
LODHA,Mar 2024,Group D,free_cash_flow,-435.0,0.3526570048309179
LT,Mar 2013,Group D,free_cash_flow,-11277.0,0.1497584541062802
LT,Mar 2014,Group D,free_cash_flow,-12653.0,0.13043478260869565
LT,Mar 2015,Group D,free_cash_flow,-6143.0,0.2028985507246377
LT,Mar 2016,Group D,free_cash_flow,-7867.0,0.18357487922705315
LT,Mar 2017,Group D,free_cash_flow,-3141.0,0.25120772946859904
LT,Mar 2018,Group D,free_cash_flow,-6117.0,0.20772946859903382
LT,Mar 2019,Group D,free_cash_flow,-15779.0,0.1111111111111111
LT,Mar 2020,Group D,free_cash_flow,-1714.0,0.2946859903381642
LT,Mar 2021,Group D,free_cash_flow,17324.0,0.9082125603864735
LT,Mar 2022,Group D,free_cash_flow,15579.0,0.8985507246376812
LT,Mar 2023,Group D,free_cash_flow,14729.0,0.893719806763285
LT,Mar 2024,Group D,free_cash_flow,20445.0,0.9371980676328503
LTIM,Mar 2013,Group D,free_cash_flow,384.0,0.47342995169082125
LTIM,Mar 2014,Group D,free_cash_flow,808.0,0.5314009661835749
LTIM,Mar 2015,Group D,free_cash_flow,539.0,0.5072463768115942
LTIM,Mar 2016,Group D,free_cash_flow,818.0,0.5362318840579711
LTIM,Mar 2017,Group D,free_cash_flow,209.0,0.43478260869565216
LTIM,Mar 2018,Group D,free_cash_flow,392.0,0.4782608695652174
LTIM,Mar 2019,Group D,free_cash_flow,646.0,0.5169082125603864
LTIM,Mar 2020,Group D,free_cash_flow,1001.0,0.5748792270531401
LTIM,Mar 2021,Group D,free_cash_flow,743.0,0.5265700483091788
LTIM,Mar 2022,Group D,free_cash_flow,1608.0,0.6473429951690821
LTIM,Mar 2023,Group D,free_cash_flow,2824.0,0.7246376811594203
LTIM,Mar 2024,Group D,free_cash_flow,1752.0,0.6618357487922706
M&M,Mar 2013,Group D,free_cash_flow,-3825.0,0.24154589371980675
M&M,Mar 2014,Group D,free_cash_flow,-4768.0,0.2318840579710145
M&M,Mar 2015,Group D,free_cash_flow,-3302.0,0.2463768115942029
M&M,Mar 2016,Group D,free_cash_flow,-3121.0,0.2560386473429952
M&M,Mar 2017,Group D,free_cash_flow,-5692.0,0.21739130434782608
M&M,Mar 2018,Group D,free_cash_flow,-4785.0,0.22705314009661837
M&M,Mar 2019,Group D,free_cash_flow,-11521.0,0.14009661835748793
M&M,Mar 2020,Group D,free_cash_flow,-8327.0,0.178743961352657
M&M,Mar 2021,Group D,free_cash_flow,-1777.0,0.28502415458937197
M&M,Mar 2022,Group D,free_cash_flow,5996.0,0.8260869565217391
M&M,Mar 2023,Group D,free_cash_flow,-15940.0,0.10144927536231885
M&M,Mar 2024,Group D,free_cash_flow,-11245.0,0.15458937198067632
MARUTI,Mar 2013,Group D,free_cash_flow,940.0,0.5555555555555556
MARUTI,Mar 2014,Group D,free_cash_flow,-2.0,0.38164251207729466
MARUTI,Mar 2015,Group D,free_cash_flow,1958.0,0.6666666666666666
MARUTI,Mar 2016,Group D,free_cash_flow,1252.0,0.6038647342995169
MARUTI,Mar 2017,Group D,free_cash_flow,1109.0,0.5893719806763285
MARUTI,Mar 2018,Group D,free_cash_flow,3486.0,0.7681159420289855
MARUTI,Mar 2019,Group D,free_cash_flow,3061.0,0.7439613526570048
MARUTI,Mar 2020,Group D,free_cash_flow,2939.0,0.7342995169082126
MARUTI,Mar 2021,Group D,free_cash_flow,1565.0,0.6376811594202898
MARUTI,Mar 2022,Group D,free_cash_flow,1601.0,0.642512077294686
MARUTI,Mar 2023,Group D,free_cash_flow,1995.0,0.6763285024154589
MARUTI,Mar 2024,Group D,free_cash_flow,4936.0,0.8115942028985508
MOTHERSON,Mar 2013,Group D,free_cash_flow,397.0,0.4855072463768116
MOTHERSON,Mar 2014,Group D,free_cash_flow,1323.0,0.6086956521739131
MOTHERSON,Mar 2015,Group D,free_cash_flow,546.0,0.5120772946859904
MOTHERSON,Mar 2016,Group D,free_cash_flow,282.0,0.4444444444444444
MOTHERSON,Mar 2017,Group D,free_cash_flow,-2345.0,0.27053140096618356
MOTHERSON,Mar 2018,Group D,free_cash_flow,70.0,0.4057971014492754
MOTHERSON,Mar 2019,Group D,free_cash_flow,994.0,0.5700483091787439
MOTHERSON,Mar 2020,Group D,free_cash_flow,4132.0,0.7922705314009661
MOTHERSON,Mar 2021,Group D,free_cash_flow,3165.0,0.7536231884057971
MOTHERSON,Mar 2022,Group D,free_cash_flow,159.0,0.42995169082125606
MOTHERSON,Mar 2023,Group D,free_cash_flow,2395.0,0.7004830917874396
MOTHERSON,Mar 2024,Group D,free_cash_flow,925.0,0.5507246376811594
NAUKRI,Mar 2013,Group D,free_cash_flow,29.0,0.391304347826087
NAUKRI,Mar 2014,Group D,free_cash_flow,-123.0,0.3719806763285024
NAUKRI,Mar 2015,Group D,free_cash_flow,-1000.0,0.3333333333333333
NAUKRI,Mar 2016,Group D,free_cash_flow,76.0,0.4106280193236715
NAUKRI,Mar 2017,Group D,free_cash_flow,48.0,0.40096618357487923
NAUKRI,Mar 2018,Group D,free_cash_flow,104.0,0.41545893719806765
NAUKRI,Mar 2019,Group D,free_cash_flow,217.0,0.4396135265700483
NAUKRI,Mar 2020,Group D,free_cash_flow,447.0,0.4975845410628019
NAUKRI,Mar 2021,Group D,free_cash_flow,-1767.0,0.2898550724637681
NAUKRI,Mar 2022,Group D,free_cash_flow,-470.0,0.34299516908212563
NAUKRI,Mar 2023,Group D,free_cash_flow,154.0,0.4251207729468599
NAUKRI,Mar 2024,Group D,free_cash_flow,-150.0,0.3671497584541063
NESTLEIND,Dec 2013,Group D,free_cash_flow,1355.0,0.6183574879227053
NESTLEIND,Dec 2014,Group D,free_cash_flow,1212.0,0.5990338164251208
NESTLEIND,Dec 2015,Group D,free_cash_flow,1028.0,0.5845410628019324
NESTLEIND,Dec 2016,Group D,free_cash_flow,1340.0,0.6135265700483091
NESTLEIND,Dec 2017,Group D,free_cash_flow,1687.0,0.6570048309178744
NESTLEIND,Dec 2018,Group D,free_cash_flow,2000.0,0.6811594202898551
NESTLEIND,Dec 2019,Group D,free_cash_flow,2378.0,0.6956521739130435
NESTLEIND,Dec 2020,Group D,free_cash_flow,2133.0,0.6859903381642513
NESTLEIND,Dec 2021,Group D,free_cash_flow,316.0,0.45893719806763283
NESTLEIND,Dec 2022,Group D,free_cash_flow,2345.0,0.6908212560386473
NESTLEIND,Dec 2023,Group D,free_cash_flow,2465.0,0.7053140096618358
NESTLEIND,Mar 2024,Group D,free_cash_flow,2938.0,0.7294685990338164
NHPC,Mar 2013,Group D,free_cash_flow,1516.0,0.6328502415458938
NHPC,Mar 2014,Group D,free_cash_flow,2702.0,0.7198067632850241
NHPC,Mar 2015,Group D,free_cash_flow,3293.0,0.7584541062801933
NHPC,Mar 2016,Group D,free_cash_flow,5225.0,0.821256038647343
NHPC,Mar 2017,Group D,free_cash_flow,6465.0,0.8309178743961353
NHPC,Mar 2018,Group D,free_cash_flow,3810.0,0.7729468599033816
NHPC,Mar 2019,Group D,free_cash_flow,2642.0,0.7101449275362319
NHPC,Mar 2020,Group D,free_cash_flow,6.0,0.3864734299516908
NHPC,Mar 2021,Group D,free_cash_flow,3463.0,0.7632850241545893
NHPC,Mar 2022,Group D,free_cash_flow,1506.0,0.6280193236714976
NHPC,Mar 2023,Group D,free_cash_flow,514.0,0.5024154589371981
NHPC,Mar 2024,Group D,free_cash_flow,970.0,0.5652173913043478
NTPC,Mar 2013,Group D,free_cash_flow,-337.0,0.357487922705314
NTPC,Mar 2014,Group D,free_cash_flow,1022.0,0.5797101449275363
NTPC,Mar 2015,Group D,free_cash_flow,-1088.0,0.32367149758454106
NTPC,Mar 2016,Group D,free_cash_flow,4963.0,0.8164251207729468
NTPC,Mar 2017,Group D,free_cash_flow,-4313.0,0.23671497584541062
NTPC,Mar 2018,Group D,free_cash_flow,-1008.0,0.3285024154589372
NTPC,Mar 2019,Group D,free_cash_flow,-5377.0,0.2222222222222222
NTPC,Mar 2020,Group D,free_cash_flow,-5738.0,0.21256038647342995
NTPC,Mar 2021,Group D,free_cash_flow,11410.0,0.8792270531400966
NTPC,Mar 2022,Group D,free_cash_flow,18897.0,0.9227053140096618
NTPC,Mar 2023,Group D,free_cash_flow,21007.0,0.9420289855072463
NTPC,Mar 2024,Group D,free_cash_flow,8644.0,0.8647342995169082
ONGC,Mar 2013,Group D,free_cash_flow,-1346.0,0.30917874396135264
ONGC,Mar 2014,Group D,free_cash_flow,-10363.0,0.1642512077294686
ONGC,Mar 2015,Group D,free_cash_flow,3892.0,0.7777777777777778
ONGC,Mar 2016,Group D,free_cash_flow,8036.0,0.855072463768116
ONGC,Mar 2017,Group D,free_cash_flow,1965.0,0.6714975845410628
ONGC,Mar 2018,Group D,free_cash_flow,-10006.0,0.16908212560386474
ONGC,Mar 2019,Group D,free_cash_flow,24326.0,0.966183574879227
ONGC,Mar 2020,Group D,free_cash_flow,17434.0,0.9130434782608695
ONGC,Mar 2021,Group D,free_cash_flow,8044.0,0.8599033816425121
ONGC,Mar 2022,Group D,free_cash_flow,37051.0,0.9903381642512077
ONGC,Mar 2023,Group D,free_cash_flow,11372.0,0.8743961352657005
ONGC,Mar 2024,Group D,free_cash_flow,42060.0,0.9951690821256038
PFC,Mar 2013,Group D,free_cash_flow,-25080.0,0.07246376811594203
PFC,Mar 2014,Group D,free_cash_flow,-22464.0,0.0821256038647343
PFC,Mar 2015,Group D,free_cash_flow,-21946.0,0.08695652173913043
PFC,Mar 2016,Group D,free_cash_flow,-15271.0,0.11594202898550725
PFC,Mar 2017,Group D,free_cash_flow,1128.0,0.5942028985507246
PFC,Mar 2018,Group D,free_cash_flow,-55739.0,0.028985507246376812
PFC,Mar 2019,Group D,free_cash_flow,-93715.0,0.00966183574879227
PFC,Mar 2020,Group D,free_cash_flow,-42221.0,0.03864734299516908
PFC,Mar 2021,Group D,free_cash_flow,-57402.0,0.024154589371980676
PFC,Mar 2022,Group D,free_cash_flow,4357.0,0.7971014492753623
PFC,Mar 2023,Group D,free_cash_flow,-76411.0,0.014492753623188406
PFC,Mar 2024,Group D,free_cash_flow,-101229.0,0.004830917874396135
PIDILITIND,Mar 2013,Group D,free_cash_flow,328.0,0.463768115942029
PIDILITIND,Mar 2014,Group D,free_cash_flow,295.0,0.45169082125603865
PIDILITIND,Mar 2015,Group D,free_cash_flow,116.0,0.42028985507246375
PIDILITIND,Mar 2016,Group D,free_cash_flow,416.0,0.4927536231884058
PIDILITIND,Mar 2017,Group D,free_cash_flow,-85.0,0.37681159420289856
PIDILITIND,Mar 2018,Group D,free_cash_flow,835.0,0.5410628019323671
PIDILITIND,Mar 2019,Group D,free_cash_flow,332.0,0.46859903381642515
PIDILITIND,Mar 2020,Group D,free_cash_flow,1383.0,0.6231884057971014
PIDILITIND,Mar 2021,Group D,free_cash_flow,-296.0,0.36231884057971014
PIDILITIND,Mar 2022,Group D,free_cash_flow,397.0,0.4855072463768116
PIDILITIND,Mar 2023,Group D,free_cash_flow,659.0,0.5217391304347826
PIDILITIND,Mar 2024,Group D,free_cash_flow,955.0,0.5603864734299517
PNB,Mar 2013,Group D,free_cash_flow,-1292.0,0.3140096618357488
PNB,Mar 2014,Group D,free_cash_flow,16604.0,0.9033816425120773
PNB,Mar 2015,Group D,free_cash_flow,3942.0,0.782608695652174
PNB,Mar 2016,Group D,free_cash_flow,12815.0,0.8840579710144928
PNB,Mar 2017,Group D,free_cash_flow,22097.0,0.9516908212560387
PNB,Mar 2018,Group D,free_cash_flow,-1350.0,0.30434782608695654
PNB,Mar 2019,Group D,free_cash_flow,-34161.0,0.05314009661835749
PNB,Mar 2020,Group D,free_cash_flow,-13131.0,0.12560386473429952
PNB,Mar 2021,Group D,free_cash_flow,30163.0,0.9758454106280193
PNB,Mar 2022,Group D,free_cash_flow,18828.0,0.9178743961352657
PNB,Mar 2023,Group D,free_cash_flow,21860.0,0.9468599033816425
PNB,Mar 2024,Group D,free_cash_flow,-29445.0,0.06763285024154589
POWERGRID,Mar 2013,Group D,free_cash_flow,-10394.0,0.15942028985507245
POWERGRID,Mar 2014,Group D,free_cash_flow,-11416.0,0.14492753623188406
POWERGRID,Mar 2015,Group D,free_cash_flow,-8385.0,0.17391304347826086
POWERGRID,Mar 2016,Group D,free_cash_flow,-6568.0,0.18840579710144928
POWERGRID,Mar 2017,Group D,free_cash_flow,-2261.0,0.2753623188405797
POWERGRID,Mar 2018,Group D,free_cash_flow,-2991.0,0.2608695652173913
POWERGRID,Mar 2019,Group D,free_cash_flow,4544.0,0.8067632850241546
POWERGRID,Mar 2020,Group D,free_cash_flow,20006.0,0.927536231884058
POWERGRID,Mar 2021,Group D,free_cash_flow,20159.0,0.9323671497584541
POWERGRID,Mar 2022,Group D,free_cash_flow,26877.0,0.9710144927536232
POWERGRID,Mar 2023,Group D,free_cash_flow,33065.0,0.9806763285024155
POWERGRID,Mar 2024,Group D,free_cash_flow,24176.0,0.961352657004831
RECLTD,Mar 2013,Group D,free_cash_flow,-19907.0,0.09178743961352658
RECLTD,Mar 2014,Group D,free_cash_flow,-17108.0,0.0966183574879227
RECLTD,Mar 2015,Group D,free_cash_flow,-23747.0,0.07729468599033816
RECLTD,Mar 2016,Group D,free_cash_flow,-14034.0,0.12077294685990338
RECLTD,Mar 2017,Group D,free_cash_flow,6704.0,0.8357487922705314
RECLTD,Mar 2018,Group D,free_cash_flow,-32464.0,0.06280193236714976
RECLTD,Mar 2019,Group D,free_cash_flow,-35409.0,0.04830917874396135
RECLTD,Mar 2020,Group D,free_cash_flow,-32591.0,0.057971014492753624
RECLTD,Mar 2021,Group D,free_cash_flow,-42651.0,0.033816425120772944
RECLTD,Mar 2022,Group D,free_cash_flow,-1106.0,0.3188405797101449
RECLTD,Mar 2023,Group D,free_cash_flow,-38303.0,0.043478260869565216
RECLTD,Mar 2024,Group D,free_cash_flow,-59554.0,0.01932367149758454
KOTAKBANK,Mar 2013,Group D,pat_cagr_5yr,21.26,0.48655913978494625
KOTAKBANK,Mar 2014,Group D,pat_cagr_5yr,21.26,0.48655913978494625
KOTAKBANK,Mar 2015,Group D,pat_cagr_5yr,21.26,0.48655913978494625
KOTAKBANK,Mar 2016,Group D,pat_cagr_5yr,21.26,0.48655913978494625
KOTAKBANK,Mar 2017,Group D,pat_cagr_5yr,21.26,0.48655913978494625
KOTAKBANK,Mar 2018,Group D,pat_cagr_5yr,21.26,0.48655913978494625
KOTAKBANK,Mar 2019,Group D,pat_cagr_5yr,21.26,0.48655913978494625
KOTAKBANK,Mar 2020,Group D,pat_cagr_5yr,21.26,0.48655913978494625
KOTAKBANK,Mar 2021,Group D,pat_cagr_5yr,21.26,0.48655913978494625
KOTAKBANK,Mar 2022,Group D,pat_cagr_5yr,21.26,0.48655913978494625
KOTAKBANK,Mar 2023,Group D,pat_cagr_5yr,21.26,0.48655913978494625
KOTAKBANK,Mar 2024,Group D,pat_cagr_5yr,21.26,0.48655913978494625
LICI,Mar 2019,Group D,pat_cagr_5yr,72.56,0.9220430107526881
LICI,Mar 2020,Group D,pat_cagr_5yr,72.56,0.9220430107526881
LICI,Mar 2021,Group D,pat_cagr_5yr,72.56,0.9220430107526881
LICI,Mar 2022,Group D,pat_cagr_5yr,72.56,0.9220430107526881
LICI,Mar 2023,Group D,pat_cagr_5yr,72.56,0.9220430107526881
LICI,Mar 2024,Group D,pat_cagr_5yr,72.56,0.9220430107526881
LODHA,Mar 2011,Group D,pat_cagr_5yr,27.61,0.8091397849462365
LODHA,Mar 2012,Group D,pat_cagr_5yr,27.61,0.8091397849462365
LODHA,Mar 2015,Group D,pat_cagr_5yr,27.61,0.8091397849462365
LODHA,Mar 2016,Group D,pat_cagr_5yr,27.61,0.8091397849462365
LODHA,Mar 2017,Group D,pat_cagr_5yr,27.61,0.8091397849462365
LODHA,Mar 2018,Group D,pat_cagr_5yr,27.61,0.8091397849462365
LODHA,Mar 2019,Group D,pat_cagr_5yr,27.61,0.8091397849462365
LODHA,Mar 2020,Group D,pat_cagr_5yr,27.61,0.8091397849462365
LODHA,Mar 2021,Group D,pat_cagr_5yr,27.61,0.8091397849462365
LODHA,Mar 2022,Group D,pat_cagr_5yr,27.61,0.8091397849462365
LODHA,Mar 2023,Group D,pat_cagr_5yr,27.61,0.8091397849462365
LODHA,Mar 2024,Group D,pat_cagr_5yr,27.61,0.8091397849462365
LT,Mar 2013,Group D,pat_cagr_5yr,8.19,0.1639784946236559
LT,Mar 2014,Group D,pat_cagr_5yr,8.19,0.1639784946236559
LT,Mar 2015,Group D,pat_cagr_5yr,8.19,0.1639784946236559
LT,Mar 2016,Group D,pat_cagr_5yr,8.19,0.1639784946236559
LT,Mar 2017,Group D,pat_cagr_5yr,8.19,0.1639784946236559
LT,Mar 2018,Group D,pat_cagr_5yr,8.19,0.1639784946236559
LT,Mar 2019,Group D,pat_cagr_5yr,8.19,0.1639784946236559
LT,Mar 2020,Group D,pat_cagr_5yr,8.19,0.1639784946236559
LT,Mar 2021,Group D,pat_cagr_5yr,8.19,0.1639784946236559
LT,Mar 2022,Group D,pat_cagr_5yr,8.19,0.1639784946236559
LT,Mar 2023,Group D,pat_cagr_5yr,8.19,0.1639784946236559
LT,Mar 2024,Group D,pat_cagr_5yr,8.19,0.1639784946236559
LTIM,Mar 2013,Group D,pat_cagr_5yr,24.65,0.6801075268817204
LTIM,Mar 2014,Group D,pat_cagr_5yr,24.65,0.6801075268817204
LTIM,Mar 2015,Group D,pat_cagr_5yr,24.65,0.6801075268817204
LTIM,Mar 2016,Group D,pat_cagr_5yr,24.65,0.6801075268817204
LTIM,Mar 2017,Group D,pat_cagr_5yr,24.65,0.6801075268817204
LTIM,Mar 2018,Group D,pat_cagr_5yr,24.65,0.6801075268817204
LTIM,Mar 2019,Group D,pat_cagr_5yr,24.65,0.6801075268817204
LTIM,Mar 2020,Group D,pat_cagr_5yr,24.65,0.6801075268817204
LTIM,Mar 2021,Group D,pat_cagr_5yr,24.65,0.6801075268817204
LTIM,Mar 2022,Group D,pat_cagr_5yr,24.65,0.6801075268817204
LTIM,Mar 2023,Group D,pat_cagr_5yr,24.65,0.6801075268817204
LTIM,Mar 2024,Group D,pat_cagr_5yr,24.65,0.6801075268817204
M&M,Mar 2013,Group D,pat_cagr_5yr,,
M&M,Mar 2014,Group D,pat_cagr_5yr,,
M&M,Mar 2015,Group D,pat_cagr_5yr,,
M&M,Mar 2016,Group D,pat_cagr_5yr,,
M&M,Mar 2017,Group D,pat_cagr_5yr,,
M&M,Mar 2018,Group D,pat_cagr_5yr,,
M&M,Mar 2019,Group D,pat_cagr_5yr,,
M&M,Mar 2020,Group D,pat_cagr_5yr,,
M&M,Mar 2021,Group D,pat_cagr_5yr,,
M&M,Mar 2022,Group D,pat_cagr_5yr,,
M&M,Mar 2023,Group D,pat_cagr_5yr,,
M&M,Mar 2024,Group D,pat_cagr_5yr,,
MARUTI,Mar 2013,Group D,pat_cagr_5yr,19.82,0.4220430107526882
MARUTI,Mar 2014,Group D,pat_cagr_5yr,19.82,0.4220430107526882
MARUTI,Mar 2015,Group D,pat_cagr_5yr,19.82,0.4220430107526882
MARUTI,Mar 2016,Group D,pat_cagr_5yr,19.82,0.4220430107526882
MARUTI,Mar 2017,Group D,pat_cagr_5yr,19.82,0.4220430107526882
MARUTI,Mar 2018,Group D,pat_cagr_5yr,19.82,0.4220430107526882
MARUTI,Mar 2019,Group D,pat_cagr_5yr,19.82,0.4220430107526882
MARUTI,Mar 2020,Group D,pat_cagr_5yr,19.82,0.4220430107526882
MARUTI,Mar 2021,Group D,pat_cagr_5yr,19.82,0.4220430107526882
MARUTI,Mar 2022,Group D,pat_cagr_5yr,19.82,0.4220430107526882
MARUTI,Mar 2023,Group D,pat_cagr_5yr,19.82,0.4220430107526882
MARUTI,Mar 2024,Group D,pat_cagr_5yr,19.82,0.4220430107526882
MOTHERSON,Mar 2013,Group D,pat_cagr_5yr,26.08,0.7446236559139785
MOTHERSON,Mar 2014,Group D,pat_cagr_5yr,26.08,0.7446236559139785
MOTHERSON,Mar 2015,Group D,pat_cagr_5yr,26.08,0.7446236559139785
MOTHERSON,Mar 2016,Group D,pat_cagr_5yr,26.08,0.7446236559139785
MOTHERSON,Mar 2017,Group D,pat_cagr_5yr,26.08,0.7446236559139785
MOTHERSON,Mar 2018,Group D,pat_cagr_5yr,26.08,0.7446236559139785
MOTHERSON,Mar 2019,Group D,pat_cagr_5yr,26.08,0.7446236559139785
MOTHERSON,Mar 2020,Group D,pat_cagr_5yr,26.08,0.7446236559139785
MOTHERSON,Mar 2021,Group D,pat_cagr_5yr,26.08,0.7446236559139785
MOTHERSON,Mar 2022,Group D,pat_cagr_5yr,26.08,0.7446236559139785
MOTHERSON,Mar 2023,Group D,pat_cagr_5yr,26.08,0.7446236559139785
MOTHERSON,Mar 2024,Group D,pat_cagr_5yr,26.08,0.7446236559139785
NAUKRI,Mar 2013,Group D,pat_cagr_5yr,,
NAUKRI,Mar 2014,Group D,pat_cagr_5yr,,
NAUKRI,Mar 2015,Group D,pat_cagr_5yr,,
NAUKRI,Mar 2016,Group D,pat_cagr_5yr,,
NAUKRI,Mar 2017,Group D,pat_cagr_5yr,,
NAUKRI,Mar 2018,Group D,pat_cagr_5yr,,
NAUKRI,Mar 2019,Group D,pat_cagr_5yr,,
NAUKRI,Mar 2020,Group D,pat_cagr_5yr,,
NAUKRI,Mar 2021,Group D,pat_cagr_5yr,,
NAUKRI,Mar 2022,Group D,pat_cagr_5yr,,
NAUKRI,Mar 2023,Group D,pat_cagr_5yr,,
NAUKRI,Mar 2024,Group D,pat_cagr_5yr,,
NESTLEIND,Dec 2013,Group D,pat_cagr_5yr,9.8,0.22849462365591397
NESTLEIND,Dec 2014,Group D,pat_cagr_5yr,9.8,0.22849462365591397
NESTLEIND,Dec 2015,Group D,pat_cagr_5yr,9.8,0.22849462365591397
NESTLEIND,Dec 2016,Group D,pat_cagr_5yr,9.8,0.22849462365591397
NESTLEIND,Dec 2017,Group D,pat_cagr_5yr,9.8,0.22849462365591397
NESTLEIND,Dec 2018,Group D,pat_cagr_5yr,9.8,0.22849462365591397
NESTLEIND,Dec 2019,Group D,pat_cagr_5yr,9.8,0.22849462365591397
NESTLEIND,Dec 2020,Group D,pat_cagr_5yr,9.8,0.22849462365591397
NESTLEIND,Dec 2021,Group D,pat_cagr_5yr,9.8,0.22849462365591397
NESTLEIND,Dec 2022,Group D,pat_cagr_5yr,9.8,0.22849462365591397
NESTLEIND,Dec 2023,Group D,pat_cagr_5yr,9.8,0.22849462365591397
NESTLEIND,Mar 2024,Group D,pat_cagr_5yr,9.8,0.22849462365591397
NHPC,Mar 2013,Group D,pat_cagr_5yr,0.43,0.03494623655913978
NHPC,Mar 2014,Group D,pat_cagr_5yr,0.43,0.03494623655913978
NHPC,Mar 2015,Group D,pat_cagr_5yr,0.43,0.03494623655913978
NHPC,Mar 2016,Group D,pat_cagr_5yr,0.43,0.03494623655913978
NHPC,Mar 2017,Group D,pat_cagr_5yr,0.43,0.03494623655913978
NHPC,Mar 2018,Group D,pat_cagr_5yr,0.43,0.03494623655913978
NHPC,Mar 2019,Group D,pat_cagr_5yr,0.43,0.03494623655913978
NHPC,Mar 2020,Group D,pat_cagr_5yr,0.43,0.03494623655913978
NHPC,Mar 2021,Group D,pat_cagr_5yr,0.43,0.03494623655913978
NHPC,Mar 2022,Group D,pat_cagr_5yr,0.43,0.03494623655913978
NHPC,Mar 2023,Group D,pat_cagr_5yr,0.43,0.03494623655913978
NHPC,Mar 2024,Group D,pat_cagr_5yr,0.43,0.03494623655913978
NTPC,Mar 2013,Group D,pat_cagr_5yr,13.63,0.3575268817204301
NTPC,Mar 2014,Group D,pat_cagr_5yr,13.63,0.3575268817204301
NTPC,Mar 2015,Group D,pat_cagr_5yr,13.63,0.3575268817204301
NTPC,Mar 2016,Group D,pat_cagr_5yr,13.63,0.3575268817204301
NTPC,Mar 2017,Group D,pat_cagr_5yr,13.63,0.3575268817204301
NTPC,Mar 2018,Group D,pat_cagr_5yr,13.63,0.3575268817204301
NTPC,Mar 2019,Group D,pat_cagr_5yr,13.63,0.3575268817204301
NTPC,Mar 2020,Group D,pat_cagr_5yr,13.63,0.3575268817204301
NTPC,Mar 2021,Group D,pat_cagr_5yr,13.63,0.3575268817204301
NTPC,Mar 2022,Group D,pat_cagr_5yr,13.63,0.3575268817204301
NTPC,Mar 2023,Group D,pat_cagr_5yr,13.63,0.3575268817204301
NTPC,Mar 2024,Group D,pat_cagr_5yr,13.63,0.3575268817204301
ONGC,Mar 2013,Group D,pat_cagr_5yr,29.87,0.8736559139784946
ONGC,Mar 2014,Group D,pat_cagr_5yr,29.87,0.8736559139784946
ONGC,Mar 2015,Group D,pat_cagr_5yr,29.87,0.8736559139784946
ONGC,Mar 2016,Group D,pat_cagr_5yr,29.87,0.8736559139784946
ONGC,Mar 2017,Group D,pat_cagr_5yr,29.87,0.8736559139784946
ONGC,Mar 2018,Group D,pat_cagr_5yr,29.87,0.8736559139784946
ONGC,Mar 2019,Group D,pat_cagr_5yr,29.87,0.8736559139784946
ONGC,Mar 2020,Group D,pat_cagr_5yr,29.87,0.8736559139784946
ONGC,Mar 2021,Group D,pat_cagr_5yr,29.87,0.8736559139784946
ONGC,Mar 2022,Group D,pat_cagr_5yr,29.87,0.8736559139784946
ONGC,Mar 2023,Group D,pat_cagr_5yr,29.87,0.8736559139784946
ONGC,Mar 2024,Group D,pat_cagr_5yr,29.87,0.8736559139784946
PFC,Mar 2013,Group D,pat_cagr_5yr,24.41,0.5510752688172043
PFC,Mar 2014,Group D,pat_cagr_5yr,24.41,0.5510752688172043
PFC,Mar 2015,Group D,pat_cagr_5yr,24.41,0.5510752688172043
PFC,Mar 2016,Group D,pat_cagr_5yr,24.41,0.5510752688172043
PFC,Mar 2017,Group D,pat_cagr_5yr,24.41,0.5510752688172043
PFC,Mar 2018,Group D,pat_cagr_5yr,24.41,0.5510752688172043
PFC,Mar 2019,Group D,pat_cagr_5yr,24.41,0.5510752688172043
PFC,Mar 2020,Group D,pat_cagr_5yr,24.41,0.5510752688172043
PFC,Mar 2021,Group D,pat_cagr_5yr,24.41,0.5510752688172043
PFC,Mar 2022,Group D,pat_cagr_5yr,24.41,0.5510752688172043
PFC,Mar 2023,Group D,pat_cagr_5yr,24.41,0.5510752688172043
PFC,Mar 2024,Group D,pat_cagr_5yr,24.41,0.5510752688172043
PIDILITIND,Mar 2013,Group D,pat_cagr_5yr,11.95,0.29301075268817206
PIDILITIND,Mar 2014,Group D,pat_cagr_5yr,11.95,0.29301075268817206
PIDILITIND,Mar 2015,Group D,pat_cagr_5yr,11.95,0.29301075268817206
PIDILITIND,Mar 2016,Group D,pat_cagr_5yr,11.95,0.29301075268817206
PIDILITIND,Mar 2017,Group D,pat_cagr_5yr,11.95,0.29301075268817206
PIDILITIND,Mar 2018,Group D,pat_cagr_5yr,11.95,0.29301075268817206
PIDILITIND,Mar 2019,Group D,pat_cagr_5yr,11.95,0.29301075268817206
PIDILITIND,Mar 2020,Group D,pat_cagr_5yr,11.95,0.29301075268817206
PIDILITIND,Mar 2021,Group D,pat_cagr_5yr,11.95,0.29301075268817206
PIDILITIND,Mar 2022,Group D,pat_cagr_5yr,11.95,0.29301075268817206
PIDILITIND,Mar 2023,Group D,pat_cagr_5yr,11.95,0.29301075268817206
PIDILITIND,Mar 2024,Group D,pat_cagr_5yr,11.95,0.29301075268817206
PNB,Mar 2013,Group D,pat_cagr_5yr,97.39,0.9704301075268817
PNB,Mar 2014,Group D,pat_cagr_5yr,97.39,0.9704301075268817
PNB,Mar 2015,Group D,pat_cagr_5yr,97.39,0.9704301075268817
PNB,Mar 2016,Group D,pat_cagr_5yr,97.39,0.9704301075268817
PNB,Mar 2017,Group D,pat_cagr_5yr,97.39,0.9704301075268817
PNB,Mar 2018,Group D,pat_cagr_5yr,97.39,0.9704301075268817
PNB,Mar 2019,Group D,pat_cagr_5yr,97.39,0.9704301075268817
PNB,Mar 2020,Group D,pat_cagr_5yr,97.39,0.9704301075268817
PNB,Mar 2021,Group D,pat_cagr_5yr,97.39,0.9704301075268817
PNB,Mar 2022,Group D,pat_cagr_5yr,97.39,0.9704301075268817
PNB,Mar 2023,Group D,pat_cagr_5yr,97.39,0.9704301075268817
PNB,Mar 2024,Group D,pat_cagr_5yr,97.39,0.9704301075268817
POWERGRID,Mar 2013,Group D,pat_cagr_5yr,7.28,0.09946236559139784
POWERGRID,Mar 2014,Group D,pat_cagr_5yr,7.28,0.09946236559139784
POWERGRID,Mar 2015,Group D,pat_cagr_5yr,7.28,0.09946236559139784
POWERGRID,Mar 2016,Group D,pat_cagr_5yr,7.28,0.09946236559139784
POWERGRID,Mar 2017,Group D,pat_cagr_5yr,7.28,0.09946236559139784
POWERGRID,Mar 2018,Group D,pat_cagr_5yr,7.28,0.09946236559139784
POWERGRID,Mar 2019,Group D,pat_cagr_5yr,7.28,0.09946236559139784
POWERGRID,Mar 2020,Group D,pat_cagr_5yr,7.28,0.09946236559139784
POWERGRID,Mar 2021,Group D,pat_cagr_5yr,7.28,0.09946236559139784
POWERGRID,Mar 2022,Group D,pat_cagr_5yr,7.28,0.09946236559139784
POWERGRID,Mar 2023,Group D,pat_cagr_5yr,7.28,0.09946236559139784
POWERGRID,Mar 2024,Group D,pat_cagr_5yr,7.28,0.09946236559139784
RECLTD,Mar 2013,Group D,pat_cagr_5yr,24.52,0.6155913978494624
RECLTD,Mar 2014,Group D,pat_cagr_5yr,24.52,0.6155913978494624
RECLTD,Mar 2015,Group D,pat_cagr_5yr,24.52,0.6155913978494624
RECLTD,Mar 2016,Group D,pat_cagr_5yr,24.52,0.6155913978494624
RECLTD,Mar 2017,Group D,pat_cagr_5yr,24.52,0.6155913978494624
RECLTD,Mar 2018,Group D,pat_cagr_5yr,24.52,0.6155913978494624
RECLTD,Mar 2019,Group D,pat_cagr_5yr,24.52,0.6155913978494624
RECLTD,Mar 2020,Group D,pat_cagr_5yr,24.52,0.6155913978494624
RECLTD,Mar 2021,Group D,pat_cagr_5yr,24.52,0.6155913978494624
RECLTD,Mar 2022,Group D,pat_cagr_5yr,24.52,0.6155913978494624
RECLTD,Mar 2023,Group D,pat_cagr_5yr,24.52,0.6155913978494624
RECLTD,Mar 2024,Group D,pat_cagr_5yr,24.52,0.6155913978494624
KOTAKBANK,Mar 2013,Group D,revenue_cagr_5yr,13.86,0.6880952380952381
KOTAKBANK,Mar 2014,Group D,revenue_cagr_5yr,13.86,0.6880952380952381
KOTAKBANK,Mar 2015,Group D,revenue_cagr_5yr,13.86,0.6880952380952381
KOTAKBANK,Mar 2016,Group D,revenue_cagr_5yr,13.86,0.6880952380952381
KOTAKBANK,Mar 2017,Group D,revenue_cagr_5yr,13.86,0.6880952380952381
KOTAKBANK,Mar 2018,Group D,revenue_cagr_5yr,13.86,0.6880952380952381
KOTAKBANK,Mar 2019,Group D,revenue_cagr_5yr,13.86,0.6880952380952381
KOTAKBANK,Mar 2020,Group D,revenue_cagr_5yr,13.86,0.6880952380952381
KOTAKBANK,Mar 2021,Group D,revenue_cagr_5yr,13.86,0.6880952380952381
KOTAKBANK,Mar 2022,Group D,revenue_cagr_5yr,13.86,0.6880952380952381
KOTAKBANK,Mar 2023,Group D,revenue_cagr_5yr,13.86,0.6880952380952381
KOTAKBANK,Mar 2024,Group D,revenue_cagr_5yr,13.86,0.6880952380952381
LICI,Mar 2019,Group D,revenue_cagr_5yr,7.37,0.1880952380952381
LICI,Mar 2020,Group D,revenue_cagr_5yr,7.37,0.1880952380952381
LICI,Mar 2021,Group D,revenue_cagr_5yr,7.37,0.1880952380952381
LICI,Mar 2022,Group D,revenue_cagr_5yr,7.37,0.1880952380952381
LICI,Mar 2023,Group D,revenue_cagr_5yr,7.37,0.1880952380952381
LICI,Mar 2024,Group D,revenue_cagr_5yr,7.37,0.1880952380952381
LODHA,Mar 2011,Group D,revenue_cagr_5yr,1.76,0.0880952380952381
LODHA,Mar 2012,Group D,revenue_cagr_5yr,1.76,0.0880952380952381
LODHA,Mar 2015,Group D,revenue_cagr_5yr,1.76,0.0880952380952381
LODHA,Mar 2016,Group D,revenue_cagr_5yr,1.76,0.0880952380952381
LODHA,Mar 2017,Group D,revenue_cagr_5yr,1.76,0.0880952380952381
LODHA,Mar 2018,Group D,revenue_cagr_5yr,1.76,0.0880952380952381
LODHA,Mar 2019,Group D,revenue_cagr_5yr,1.76,0.0880952380952381
LODHA,Mar 2020,Group D,revenue_cagr_5yr,1.76,0.0880952380952381
LODHA,Mar 2021,Group D,revenue_cagr_5yr,1.76,0.0880952380952381
LODHA,Mar 2022,Group D,revenue_cagr_5yr,1.76,0.0880952380952381
LODHA,Mar 2023,Group D,revenue_cagr_5yr,1.76,0.0880952380952381
LODHA,Mar 2024,Group D,revenue_cagr_5yr,1.76,0.0880952380952381
LT,Mar 2013,Group D,revenue_cagr_5yr,10.43,0.34523809523809523
LT,Mar 2014,Group D,revenue_cagr_5yr,10.43,0.34523809523809523
LT,Mar 2015,Group D,revenue_cagr_5yr,10.43,0.34523809523809523
LT,Mar 2016,Group D,revenue_cagr_5yr,10.43,0.34523809523809523
LT,Mar 2017,Group D,revenue_cagr_5yr,10.43,0.34523809523809523
LT,Mar 2018,Group D,revenue_cagr_5yr,10.43,0.34523809523809523
LT,Mar 2019,Group D,revenue_cagr_5yr,10.43,0.34523809523809523
LT,Mar 2020,Group D,revenue_cagr_5yr,10.43,0.34523809523809523
LT,Mar 2021,Group D,revenue_cagr_5yr,10.43,0.34523809523809523
LT,Mar 2022,Group D,revenue_cagr_5yr,10.43,0.34523809523809523
LT,Mar 2023,Group D,revenue_cagr_5yr,10.43,0.34523809523809523
LT,Mar 2024,Group D,revenue_cagr_5yr,10.43,0.34523809523809523
LTIM,Mar 2013,Group D,revenue_cagr_5yr,27.83,0.9738095238095238
LTIM,Mar 2014,Group D,revenue_cagr_5yr,27.83,0.9738095238095238
LTIM,Mar 2015,Group D,revenue_cagr_5yr,27.83,0.9738095238095238
LTIM,Mar 2016,Group D,revenue_cagr_5yr,27.83,0.9738095238095238
LTIM,Mar 2017,Group D,revenue_cagr_5yr,27.83,0.9738095238095238
LTIM,Mar 2018,Group D,revenue_cagr_5yr,27.83,0.9738095238095238
LTIM,Mar 2019,Group D,revenue_cagr_5yr,27.83,0.9738095238095238
LTIM,Mar 2020,Group D,revenue_cagr_5yr,27.83,0.9738095238095238
LTIM,Mar 2021,Group D,revenue_cagr_5yr,27.83,0.9738095238095238
LTIM,Mar 2022,Group D,revenue_cagr_5yr,27.83,0.9738095238095238
LTIM,Mar 2023,Group D,revenue_cagr_5yr,27.83,0.9738095238095238
LTIM,Mar 2024,Group D,revenue_cagr_5yr,27.83,0.9738095238095238
M&M,Mar 2013,Group D,revenue_cagr_5yr,14.12,0.8023809523809524
M&M,Mar 2014,Group D,revenue_cagr_5yr,14.12,0.8023809523809524
M&M,Mar 2015,Group D,revenue_cagr_5yr,14.12,0.8023809523809524
M&M,Mar 2016,Group D,revenue_cagr_5yr,14.12,0.8023809523809524
M&M,Mar 2017,Group D,revenue_cagr_5yr,14.12,0.8023809523809524
M&M,Mar 2018,Group D,revenue_cagr_5yr,14.12,0.8023809523809524
M&M,Mar 2019,Group D,revenue_cagr_5yr,14.12,0.8023809523809524
M&M,Mar 2020,Group D,revenue_cagr_5yr,14.12,0.8023809523809524
M&M,Mar 2021,Group D,revenue_cagr_5yr,14.12,0.8023809523809524
M&M,Mar 2022,Group D,revenue_cagr_5yr,14.12,0.8023809523809524
M&M,Mar 2023,Group D,revenue_cagr_5yr,14.12,0.8023809523809524
M&M,Mar 2024,Group D,revenue_cagr_5yr,14.12,0.8023809523809524
MARUTI,Mar 2013,Group D,revenue_cagr_5yr,13.93,0.7452380952380953
MARUTI,Mar 2014,Group D,revenue_cagr_5yr,13.93,0.7452380952380953
MARUTI,Mar 2015,Group D,revenue_cagr_5yr,13.93,0.7452380952380953
MARUTI,Mar 2016,Group D,revenue_cagr_5yr,13.93,0.7452380952380953
MARUTI,Mar 2017,Group D,revenue_cagr_5yr,13.93,0.7452380952380953
MARUTI,Mar 2018,Group D,revenue_cagr_5yr,13.93,0.7452380952380953
MARUTI,Mar 2019,Group D,revenue_cagr_5yr,13.93,0.7452380952380953
MARUTI,Mar 2020,Group D,revenue_cagr_5yr,13.93,0.7452380952380953
MARUTI,Mar 2021,Group D,revenue_cagr_5yr,13.93,0.7452380952380953
MARUTI,Mar 2022,Group D,revenue_cagr_5yr,13.93,0.7452380952380953
MARUTI,Mar 2023,Group D,revenue_cagr_5yr,13.93,0.7452380952380953
MARUTI,Mar 2024,Group D,revenue_cagr_5yr,13.93,0.7452380952380953
MOTHERSON,Mar 2013,Group D,revenue_cagr_5yr,12.49,0.6309523809523809
MOTHERSON,Mar 2014,Group D,revenue_cagr_5yr,12.49,0.6309523809523809
MOTHERSON,Mar 2015,Group D,revenue_cagr_5yr,12.49,0.6309523809523809
MOTHERSON,Mar 2016,Group D,revenue_cagr_5yr,12.49,0.6309523809523809
MOTHERSON,Mar 2017,Group D,revenue_cagr_5yr,12.49,0.6309523809523809
MOTHERSON,Mar 2018,Group D,revenue_cagr_5yr,12.49,0.6309523809523809
MOTHERSON,Mar 2019,Group D,revenue_cagr_5yr,12.49,0.6309523809523809
MOTHERSON,Mar 2020,Group D,revenue_cagr_5yr,12.49,0.6309523809523809
MOTHERSON,Mar 2021,Group D,revenue_cagr_5yr,12.49,0.6309523809523809
MOTHERSON,Mar 2022,Group D,revenue_cagr_5yr,12.49,0.6309523809523809
MOTHERSON,Mar 2023,Group D,revenue_cagr_5yr,12.49,0.6309523809523809
MOTHERSON,Mar 2024,Group D,revenue_cagr_5yr,12.49,0.6309523809523809
NAUKRI,Mar 2013,Group D,revenue_cagr_5yr,15.2,0.8595238095238096
NAUKRI,Mar 2014,Group D,revenue_cagr_5yr,15.2,0.8595238095238096
NAUKRI,Mar 2015,Group D,revenue_cagr_5yr,15.2,0.8595238095238096
NAUKRI,Mar 2016,Group D,revenue_cagr_5yr,15.2,0.8595238095238096
NAUKRI,Mar 2017,Group D,revenue_cagr_5yr,15.2,0.8595238095238096
NAUKRI,Mar 2018,Group D,revenue_cagr_5yr,15.2,0.8595238095238096
NAUKRI,Mar 2019,Group D,revenue_cagr_5yr,15.2,0.8595238095238096
NAUKRI,Mar 2020,Group D,revenue_cagr_5yr,15.2,0.8595238095238096
NAUKRI,Mar 2021,Group D,revenue_cagr_5yr,15.2,0.8595238095238096
NAUKRI,Mar 2022,Group D,revenue_cagr_5yr,15.2,0.8595238095238096
NAUKRI,Mar 2023,Group D,revenue_cagr_5yr,15.2,0.8595238095238096
NAUKRI,Mar 2024,Group D,revenue_cagr_5yr,15.2,0.8595238095238096
NESTLEIND,Dec 2013,Group D,revenue_cagr_5yr,8.19,0.23095238095238096
NESTLEIND,Dec 2014,Group D,revenue_cagr_5yr,8.19,0.23095238095238096
NESTLEIND,Dec 2015,Group D,revenue_cagr_5yr,8.19,0.23095238095238096
NESTLEIND,Dec 2016,Group D,revenue_cagr_5yr,8.19,0.23095238095238096
NESTLEIND,Dec 2017,Group D,revenue_cagr_5yr,8.19,0.23095238095238096
NESTLEIND,Dec 2018,Group D,revenue_cagr_5yr,8.19,0.23095238095238096
NESTLEIND,Dec 2019,Group D,revenue_cagr_5yr,8.19,0.23095238095238096
NESTLEIND,Dec 2020,Group D,revenue_cagr_5yr,8.19,0.23095238095238096
NESTLEIND,Dec 2021,Group D,revenue_cagr_5yr,8.19,0.23095238095238096
NESTLEIND,Dec 2022,Group D,revenue_cagr_5yr,8.19,0.23095238095238096
NESTLEIND,Dec 2023,Group D,revenue_cagr_5yr,8.19,0.23095238095238096
NESTLEIND,Mar 2024,Group D,revenue_cagr_5yr,8.19,0.23095238095238096
NHPC,Mar 2013,Group D,revenue_cagr_5yr,-0.64,0.030952380952380953
NHPC,Mar 2014,Group D,revenue_cagr_5yr,-0.64,0.030952380952380953
NHPC,Mar 2015,Group D,revenue_cagr_5yr,-0.64,0.030952380952380953
NHPC,Mar 2016,Group D,revenue_cagr_5yr,-0.64,0.030952380952380953
NHPC,Mar 2017,Group D,revenue_cagr_5yr,-0.64,0.030952380952380953
NHPC,Mar 2018,Group D,revenue_cagr_5yr,-0.64,0.030952380952380953
NHPC,Mar 2019,Group D,revenue_cagr_5yr,-0.64,0.030952380952380953
NHPC,Mar 2020,Group D,revenue_cagr_5yr,-0.64,0.030952380952380953
NHPC,Mar 2021,Group D,revenue_cagr_5yr,-0.64,0.030952380952380953
NHPC,Mar 2022,Group D,revenue_cagr_5yr,-0.64,0.030952380952380953
NHPC,Mar 2023,Group D,revenue_cagr_5yr,-0.64,0.030952380952380953
NHPC,Mar 2024,Group D,revenue_cagr_5yr,-0.64,0.030952380952380953
NTPC,Mar 2013,Group D,revenue_cagr_5yr,11.17,0.4595238095238095
NTPC,Mar 2014,Group D,revenue_cagr_5yr,11.17,0.4595238095238095
NTPC,Mar 2015,Group D,revenue_cagr_5yr,11.17,0.4595238095238095
NTPC,Mar 2016,Group D,revenue_cagr_5yr,11.17,0.4595238095238095
NTPC,Mar 2017,Group D,revenue_cagr_5yr,11.17,0.4595238095238095
NTPC,Mar 2018,Group D,revenue_cagr_5yr,11.17,0.4595238095238095
NTPC,Mar 2019,Group D,revenue_cagr_5yr,11.17,0.4595238095238095
NTPC,Mar 2020,Group D,revenue_cagr_5yr,11.17,0.4595238095238095
NTPC,Mar 2021,Group D,revenue_cagr_5yr,11.17,0.4595238095238095
NTPC,Mar 2022,Group D,revenue_cagr_5yr,11.17,0.4595238095238095
NTPC,Mar 2023,Group D,revenue_cagr_5yr,11.17,0.4595238095238095
NTPC,Mar 2024,Group D,revenue_cagr_5yr,11.17,0.4595238095238095
ONGC,Mar 2013,Group D,revenue_cagr_5yr,10.67,0.4023809523809524
ONGC,Mar 2014,Group D,revenue_cagr_5yr,10.67,0.4023809523809524
ONGC,Mar 2015,Group D,revenue_cagr_5yr,10.67,0.4023809523809524
ONGC,Mar 2016,Group D,revenue_cagr_5yr,10.67,0.4023809523809524
ONGC,Mar 2017,Group D,revenue_cagr_5yr,10.67,0.4023809523809524
ONGC,Mar 2018,Group D,revenue_cagr_5yr,10.67,0.4023809523809524
ONGC,Mar 2019,Group D,revenue_cagr_5yr,10.67,0.4023809523809524
ONGC,Mar 2020,Group D,revenue_cagr_5yr,10.67,0.4023809523809524
ONGC,Mar 2021,Group D,revenue_cagr_5yr,10.67,0.4023809523809524
ONGC,Mar 2022,Group D,revenue_cagr_5yr,10.67,0.4023809523809524
ONGC,Mar 2023,Group D,revenue_cagr_5yr,10.67,0.4023809523809524
ONGC,Mar 2024,Group D,revenue_cagr_5yr,10.67,0.4023809523809524
PFC,Mar 2013,Group D,revenue_cagr_5yr,9.56,0.28809523809523807
PFC,Mar 2014,Group D,revenue_cagr_5yr,9.56,0.28809523809523807
PFC,Mar 2015,Group D,revenue_cagr_5yr,9.56,0.28809523809523807
PFC,Mar 2016,Group D,revenue_cagr_5yr,9.56,0.28809523809523807
PFC,Mar 2017,Group D,revenue_cagr_5yr,9.56,0.28809523809523807
PFC,Mar 2018,Group D,revenue_cagr_5yr,9.56,0.28809523809523807
PFC,Mar 2019,Group D,revenue_cagr_5yr,9.56,0.28809523809523807
PFC,Mar 2020,Group D,revenue_cagr_5yr,9.56,0.28809523809523807
PFC,Mar 2021,Group D,revenue_cagr_5yr,9.56,0.28809523809523807
PFC,Mar 2022,Group D,revenue_cagr_5yr,9.56,0.28809523809523807
PFC,Mar 2023,Group D,revenue_cagr_5yr,9.56,0.28809523809523807
PFC,Mar 2024,Group D,revenue_cagr_5yr,9.56,0.28809523809523807
PIDILITIND,Mar 2013,Group D,revenue_cagr_5yr,12.08,0.5738095238095238
PIDILITIND,Mar 2014,Group D,revenue_cagr_5yr,12.08,0.5738095238095238
PIDILITIND,Mar 2015,Group D,revenue_cagr_5yr,12.08,0.5738095238095238
PIDILITIND,Mar 2016,Group D,revenue_cagr_5yr,12.08,0.5738095238095238
PIDILITIND,Mar 2017,Group D,revenue_cagr_5yr,12.08,0.5738095238095238
PIDILITIND,Mar 2018,Group D,revenue_cagr_5yr,12.08,0.5738095238095238
PIDILITIND,Mar 2019,Group D,revenue_cagr_5yr,12.08,0.5738095238095238
PIDILITIND,Mar 2020,Group D,revenue_cagr_5yr,12.08,0.5738095238095238
PIDILITIND,Mar 2021,Group D,revenue_cagr_5yr,12.08,0.5738095238095238
PIDILITIND,Mar 2022,Group D,revenue_cagr_5yr,12.08,0.5738095238095238
PIDILITIND,Mar 2023,Group D,revenue_cagr_5yr,12.08,0.5738095238095238
PIDILITIND,Mar 2024,Group D,revenue_cagr_5yr,12.08,0.5738095238095238
PNB,Mar 2013,Group D,revenue_cagr_5yr,16.16,0.9166666666666666
PNB,Mar 2014,Group D,revenue_cagr_5yr,16.16,0.9166666666666666
PNB,Mar 2015,Group D,revenue_cagr_5yr,16.16,0.9166666666666666
PNB,Mar 2016,Group D,revenue_cagr_5yr,16.16,0.9166666666666666
PNB,Mar 2017,Group D,revenue_cagr_5yr,16.16,0.9166666666666666
PNB,Mar 2018,Group D,revenue_cagr_5yr,16.16,0.9166666666666666
PNB,Mar 2019,Group D,revenue_cagr_5yr,16.16,0.9166666666666666
PNB,Mar 2020,Group D,revenue_cagr_5yr,16.16,0.9166666666666666
PNB,Mar 2021,Group D,revenue_cagr_5yr,16.16,0.9166666666666666
PNB,Mar 2022,Group D,revenue_cagr_5yr,16.16,0.9166666666666666
PNB,Mar 2023,Group D,revenue_cagr_5yr,16.16,0.9166666666666666
PNB,Mar 2024,Group D,revenue_cagr_5yr,16.16,0.9166666666666666
POWERGRID,Mar 2013,Group D,revenue_cagr_5yr,3.95,0.14523809523809525
POWERGRID,Mar 2014,Group D,revenue_cagr_5yr,3.95,0.14523809523809525
POWERGRID,Mar 2015,Group D,revenue_cagr_5yr,3.95,0.14523809523809525
POWERGRID,Mar 2016,Group D,revenue_cagr_5yr,3.95,0.14523809523809525
POWERGRID,Mar 2017,Group D,revenue_cagr_5yr,3.95,0.14523809523809525
POWERGRID,Mar 2018,Group D,revenue_cagr_5yr,3.95,0.14523809523809525
POWERGRID,Mar 2019,Group D,revenue_cagr_5yr,3.95,0.14523809523809525
POWERGRID,Mar 2020,Group D,revenue_cagr_5yr,3.95,0.14523809523809525
POWERGRID,Mar 2021,Group D,revenue_cagr_5yr,3.95,0.14523809523809525
POWERGRID,Mar 2022,Group D,revenue_cagr_5yr,3.95,0.14523809523809525
POWERGRID,Mar 2023,Group D,revenue_cagr_5yr,3.95,0.14523809523809525
POWERGRID,Mar 2024,Group D,revenue_cagr_5yr,3.95,0.14523809523809525
RECLTD,Mar 2013,Group D,revenue_cagr_5yr,11.45,0.5166666666666667
RECLTD,Mar 2014,Group D,revenue_cagr_5yr,11.45,0.5166666666666667
RECLTD,Mar 2015,Group D,revenue_cagr_5yr,11.45,0.5166666666666667
RECLTD,Mar 2016,Group D,revenue_cagr_5yr,11.45,0.5166666666666667
RECLTD,Mar 2017,Group D,revenue_cagr_5yr,11.45,0.5166666666666667
RECLTD,Mar 2018,Group D,revenue_cagr_5yr,11.45,0.5166666666666667
RECLTD,Mar 2019,Group D,revenue_cagr_5yr,11.45,0.5166666666666667
RECLTD,Mar 2020,Group D,revenue_cagr_5yr,11.45,0.5166666666666667
RECLTD,Mar 2021,Group D,revenue_cagr_5yr,11.45,0.5166666666666667
RECLTD,Mar 2022,Group D,revenue_cagr_5yr,11.45,0.5166666666666667
RECLTD,Mar 2023,Group D,revenue_cagr_5yr,11.45,0.5166666666666667
RECLTD,Mar 2024,Group D,revenue_cagr_5yr,11.45,0.5166666666666667
KOTAKBANK,Mar 2013,Group D,eps_cagr_5yr,20.22,0.5338541666666666
KOTAKBANK,Mar 2014,Group D,eps_cagr_5yr,20.22,0.5338541666666666
KOTAKBANK,Mar 2015,Group D,eps_cagr_5yr,20.22,0.5338541666666666
KOTAKBANK,Mar 2016,Group D,eps_cagr_5yr,20.22,0.5338541666666666
KOTAKBANK,Mar 2017,Group D,eps_cagr_5yr,20.22,0.5338541666666666
KOTAKBANK,Mar 2018,Group D,eps_cagr_5yr,20.22,0.5338541666666666
KOTAKBANK,Mar 2019,Group D,eps_cagr_5yr,20.22,0.5338541666666666
KOTAKBANK,Mar 2020,Group D,eps_cagr_5yr,20.22,0.5338541666666666
KOTAKBANK,Mar 2021,Group D,eps_cagr_5yr,20.22,0.5338541666666666
KOTAKBANK,Mar 2022,Group D,eps_cagr_5yr,20.22,0.5338541666666666
KOTAKBANK,Mar 2023,Group D,eps_cagr_5yr,20.22,0.5338541666666666
KOTAKBANK,Mar 2024,Group D,eps_cagr_5yr,20.22,0.5338541666666666
LICI,Mar 2019,Group D,eps_cagr_5yr,,
LICI,Mar 2020,Group D,eps_cagr_5yr,,
LICI,Mar 2021,Group D,eps_cagr_5yr,,
LICI,Mar 2022,Group D,eps_cagr_5yr,,
LICI,Mar 2023,Group D,eps_cagr_5yr,,
LICI,Mar 2024,Group D,eps_cagr_5yr,,
LODHA,Mar 2011,Group D,eps_cagr_5yr,22.67,0.5963541666666666
LODHA,Mar 2012,Group D,eps_cagr_5yr,22.67,0.5963541666666666
LODHA,Mar 2015,Group D,eps_cagr_5yr,22.67,0.5963541666666666
LODHA,Mar 2016,Group D,eps_cagr_5yr,22.67,0.5963541666666666
LODHA,Mar 2017,Group D,eps_cagr_5yr,22.67,0.5963541666666666
LODHA,Mar 2018,Group D,eps_cagr_5yr,22.67,0.5963541666666666
LODHA,Mar 2019,Group D,eps_cagr_5yr,22.67,0.5963541666666666
LODHA,Mar 2020,Group D,eps_cagr_5yr,22.67,0.5963541666666666
LODHA,Mar 2021,Group D,eps_cagr_5yr,22.67,0.5963541666666666
LODHA,Mar 2022,Group D,eps_cagr_5yr,22.67,0.5963541666666666
LODHA,Mar 2023,Group D,eps_cagr_5yr,22.67,0.5963541666666666
LODHA,Mar 2024,Group D,eps_cagr_5yr,22.67,0.5963541666666666
LT,Mar 2013,Group D,eps_cagr_5yr,7.58,0.15885416666666666
LT,Mar 2014,Group D,eps_cagr_5yr,7.58,0.15885416666666666
LT,Mar 2015,Group D,eps_cagr_5yr,7.58,0.15885416666666666
LT,Mar 2016,Group D,eps_cagr_5yr,7.58,0.15885416666666666
LT,Mar 2017,Group D,eps_cagr_5yr,7.58,0.15885416666666666
LT,Mar 2018,Group D,eps_cagr_5yr,7.58,0.15885416666666666
LT,Mar 2019,Group D,eps_cagr_5yr,7.58,0.15885416666666666
LT,Mar 2020,Group D,eps_cagr_5yr,7.58,0.15885416666666666
LT,Mar 2021,Group D,eps_cagr_5yr,7.58,0.15885416666666666
LT,Mar 2022,Group D,eps_cagr_5yr,7.58,0.15885416666666666
LT,Mar 2023,Group D,eps_cagr_5yr,7.58,0.15885416666666666
LT,Mar 2024,Group D,eps_cagr_5yr,7.58,0.15885416666666666
LTIM,Mar 2013,Group D,eps_cagr_5yr,12.1,0.3463541666666667
LTIM,Mar 2014,Group D,eps_cagr_5yr,12.1,0.3463541666666667
LTIM,Mar 2015,Group D,eps_cagr_5yr,12.1,0.3463541666666667
LTIM,Mar 2016,Group D,eps_cagr_5yr,12.1,0.3463541666666667
LTIM,Mar 2017,Group D,eps_cagr_5yr,12.1,0.3463541666666667
LTIM,Mar 2018,Group D,eps_cagr_5yr,12.1,0.3463541666666667
LTIM,Mar 2019,Group D,eps_cagr_5yr,12.1,0.3463541666666667
LTIM,Mar 2020,Group D,eps_cagr_5yr,12.1,0.3463541666666667
LTIM,Mar 2021,Group D,eps_cagr_5yr,12.1,0.3463541666666667
LTIM,Mar 2022,Group D,eps_cagr_5yr,12.1,0.3463541666666667
LTIM,Mar 2023,Group D,eps_cagr_5yr,12.1,0.3463541666666667
LTIM,Mar 2024,Group D,eps_cagr_5yr,12.1,0.3463541666666667
M&M,Mar 2013,Group D,eps_cagr_5yr,148.62,0.9713541666666666
M&M,Mar 2014,Group D,eps_cagr_5yr,148.62,0.9713541666666666
M&M,Mar 2015,Group D,eps_cagr_5yr,148.62,0.9713541666666666
M&M,Mar 2016,Group D,eps_cagr_5yr,148.62,0.9713541666666666
M&M,Mar 2017,Group D,eps_cagr_5yr,148.62,0.9713541666666666
M&M,Mar 2018,Group D,eps_cagr_5yr,148.62,0.9713541666666666
M&M,Mar 2019,Group D,eps_cagr_5yr,148.62,0.9713541666666666
M&M,Mar 2020,Group D,eps_cagr_5yr,148.62,0.9713541666666666
M&M,Mar 2021,Group D,eps_cagr_5yr,148.62,0.9713541666666666
M&M,Mar 2022,Group D,eps_cagr_5yr,148.62,0.9713541666666666
M&M,Mar 2023,Group D,eps_cagr_5yr,148.62,0.9713541666666666
M&M,Mar 2024,Group D,eps_cagr_5yr,148.62,0.9713541666666666
MARUTI,Mar 2013,Group D,eps_cagr_5yr,18.86,0.4713541666666667
MARUTI,Mar 2014,Group D,eps_cagr_5yr,18.86,0.4713541666666667
MARUTI,Mar 2015,Group D,eps_cagr_5yr,18.86,0.4713541666666667
MARUTI,Mar 2016,Group D,eps_cagr_5yr,18.86,0.4713541666666667
MARUTI,Mar 2017,Group D,eps_cagr_5yr,18.86,0.4713541666666667
MARUTI,Mar 2018,Group D,eps_cagr_5yr,18.86,0.4713541666666667
MARUTI,Mar 2019,Group D,eps_cagr_5yr,18.86,0.4713541666666667
MARUTI,Mar 2020,Group D,eps_cagr_5yr,18.86,0.4713541666666667
MARUTI,Mar 2021,Group D,eps_cagr_5yr,18.86,0.4713541666666667
MARUTI,Mar 2022,Group D,eps_cagr_5yr,18.86,0.4713541666666667
MARUTI,Mar 2023,Group D,eps_cagr_5yr,18.86,0.4713541666666667
MARUTI,Mar 2024,Group D,eps_cagr_5yr,18.86,0.4713541666666667
MOTHERSON,Mar 2013,Group D,eps_cagr_5yr,24.57,0.7526041666666666
MOTHERSON,Mar 2014,Group D,eps_cagr_5yr,24.57,0.7526041666666666
MOTHERSON,Mar 2015,Group D,eps_cagr_5yr,24.57,0.7526041666666666
MOTHERSON,Mar 2016,Group D,eps_cagr_5yr,24.57,0.7526041666666666
MOTHERSON,Mar 2017,Group D,eps_cagr_5yr,24.57,0.7526041666666666
MOTHERSON,Mar 2018,Group D,eps_cagr_5yr,24.57,0.7526041666666666
MOTHERSON,Mar 2019,Group D,eps_cagr_5yr,24.57,0.7526041666666666
MOTHERSON,Mar 2020,Group D,eps_cagr_5yr,24.57,0.7526041666666666
MOTHERSON,Mar 2021,Group D,eps_cagr_5yr,24.57,0.7526041666666666
MOTHERSON,Mar 2022,Group D,eps_cagr_5yr,24.57,0.7526041666666666
MOTHERSON,Mar 2023,Group D,eps_cagr_5yr,24.57,0.7526041666666666
MOTHERSON,Mar 2024,Group D,eps_cagr_5yr,24.57,0.7526041666666666
NAUKRI,Mar 2013,Group D,eps_cagr_5yr,,
NAUKRI,Mar 2014,Group D,eps_cagr_5yr,,
NAUKRI,Mar 2015,Group D,eps_cagr_5yr,,
NAUKRI,Mar 2016,Group D,eps_cagr_5yr,,
NAUKRI,Mar 2017,Group D,eps_cagr_5yr,,
NAUKRI,Mar 2018,Group D,eps_cagr_5yr,,
NAUKRI,Mar 2019,Group D,eps_cagr_5yr,,
NAUKRI,Mar 2020,Group D,eps_cagr_5yr,,
NAUKRI,Mar 2021,Group D,eps_cagr_5yr,,
NAUKRI,Mar 2022,Group D,eps_cagr_5yr,,
NAUKRI,Mar 2023,Group D,eps_cagr_5yr,,
NAUKRI,Mar 2024,Group D,eps_cagr_5yr,,
NESTLEIND,Dec 2013,Group D,eps_cagr_5yr,9.1,0.22135416666666666
NESTLEIND,Dec 2014,Group D,eps_cagr_5yr,9.1,0.22135416666666666
NESTLEIND,Dec 2015,Group D,eps_cagr_5yr,9.1,0.22135416666666666
NESTLEIND,Dec 2016,Group D,eps_cagr_5yr,9.1,0.22135416666666666
NESTLEIND,Dec 2017,Group D,eps_cagr_5yr,9.1,0.22135416666666666
NESTLEIND,Dec 2018,Group D,eps_cagr_5yr,9.1,0.22135416666666666
NESTLEIND,Dec 2019,Group D,eps_cagr_5yr,9.1,0.22135416666666666
NESTLEIND,Dec 2020,Group D,eps_cagr_5yr,9.1,0.22135416666666666
NESTLEIND,Dec 2021,Group D,eps_cagr_5yr,9.1,0.22135416666666666
NESTLEIND,Dec 2022,Group D,eps_cagr_5yr,9.1,0.22135416666666666
NESTLEIND,Dec 2023,Group D,eps_cagr_5yr,9.1,0.22135416666666666
NESTLEIND,Mar 2024,Group D,eps_cagr_5yr,9.1,0.22135416666666666
NHPC,Mar 2013,Group D,eps_cagr_5yr,0.0,0.033854166666666664
NHPC,Mar 2014,Group D,eps_cagr_5yr,0.0,0.033854166666666664
NHPC,Mar 2015,Group D,eps_cagr_5yr,0.0,0.033854166666666664
NHPC,Mar 2016,Group D,eps_cagr_5yr,0.0,0.033854166666666664
NHPC,Mar 2017,Group D,eps_cagr_5yr,0.0,0.033854166666666664
NHPC,Mar 2018,Group D,eps_cagr_5yr,0.0,0.033854166666666664
NHPC,Mar 2019,Group D,eps_cagr_5yr,0.0,0.033854166666666664
NHPC,Mar 2020,Group D,eps_cagr_5yr,0.0,0.033854166666666664
NHPC,Mar 2021,Group D,eps_cagr_5yr,0.0,0.033854166666666664
NHPC,Mar 2022,Group D,eps_cagr_5yr,0.0,0.033854166666666664
NHPC,Mar 2023,Group D,eps_cagr_5yr,0.0,0.033854166666666664
NHPC,Mar 2024,Group D,eps_cagr_5yr,0.0,0.033854166666666664
NTPC,Mar 2013,Group D,eps_cagr_5yr,13.9,0.4088541666666667
NTPC,Mar 2014,Group D,eps_cagr_5yr,13.9,0.4088541666666667
NTPC,Mar 2015,Group D,eps_cagr_5yr,13.9,0.4088541666666667
NTPC,Mar 2016,Group D,eps_cagr_5yr,13.9,0.4088541666666667
NTPC,Mar 2017,Group D,eps_cagr_5yr,13.9,0.4088541666666667
NTPC,Mar 2018,Group D,eps_cagr_5yr,13.9,0.4088541666666667
NTPC,Mar 2019,Group D,eps_cagr_5yr,13.9,0.4088541666666667
NTPC,Mar 2020,Group D,eps_cagr_5yr,13.9,0.4088541666666667
NTPC,Mar 2021,Group D,eps_cagr_5yr,13.9,0.4088541666666667
NTPC,Mar 2022,Group D,eps_cagr_5yr,13.9,0.4088541666666667
NTPC,Mar 2023,Group D,eps_cagr_5yr,13.9,0.4088541666666667
NTPC,Mar 2024,Group D,eps_cagr_5yr,13.9,0.4088541666666667
ONGC,Mar 2013,Group D,eps_cagr_5yr,29.67,0.8463541666666666
ONGC,Mar 2014,Group D,eps_cagr_5yr,29.67,0.8463541666666666
ONGC,Mar 2015,Group D,eps_cagr_5yr,29.67,0.8463541666666666
ONGC,Mar 2016,Group D,eps_cagr_5yr,29.67,0.8463541666666666
ONGC,Mar 2017,Group D,eps_cagr_5yr,29.67,0.8463541666666666
ONGC,Mar 2018,Group D,eps_cagr_5yr,29.67,0.8463541666666666
ONGC,Mar 2019,Group D,eps_cagr_5yr,29.67,0.8463541666666666
ONGC,Mar 2020,Group D,eps_cagr_5yr,29.67,0.8463541666666666
ONGC,Mar 2021,Group D,eps_cagr_5yr,29.67,0.8463541666666666
ONGC,Mar 2022,Group D,eps_cagr_5yr,29.67,0.8463541666666666
ONGC,Mar 2023,Group D,eps_cagr_5yr,29.67,0.8463541666666666
ONGC,Mar 2024,Group D,eps_cagr_5yr,29.67,0.8463541666666666
PFC,Mar 2013,Group D,eps_cagr_5yr,23.81,0.6588541666666666
PFC,Mar 2014,Group D,eps_cagr_5yr,23.81,0.6588541666666666
PFC,Mar 2015,Group D,eps_cagr_5yr,23.81,0.6588541666666666
PFC,Mar 2016,Group D,eps_cagr_5yr,23.81,0.6588541666666666
PFC,Mar 2017,Group D,eps_cagr_5yr,23.81,0.6588541666666666
PFC,Mar 2018,Group D,eps_cagr_5yr,23.81,0.6588541666666666
PFC,Mar 2019,Group D,eps_cagr_5yr,23.81,0.6588541666666666
PFC,Mar 2020,Group D,eps_cagr_5yr,23.81,0.6588541666666666
PFC,Mar 2021,Group D,eps_cagr_5yr,23.81,0.6588541666666666
PFC,Mar 2022,Group D,eps_cagr_5yr,23.81,0.6588541666666666
PFC,Mar 2023,Group D,eps_cagr_5yr,23.81,0.6588541666666666
PFC,Mar 2024,Group D,eps_cagr_5yr,23.81,0.6588541666666666
PIDILITIND,Mar 2013,Group D,eps_cagr_5yr,11.55,0.2838541666666667
PIDILITIND,Mar 2014,Group D,eps_cagr_5yr,11.55,0.2838541666666667
PIDILITIND,Mar 2015,Group D,eps_cagr_5yr,11.55,0.2838541666666667
PIDILITIND,Mar 2016,Group D,eps_cagr_5yr,11.55,0.2838541666666667
PIDILITIND,Mar 2017,Group D,eps_cagr_5yr,11.55,0.2838541666666667
PIDILITIND,Mar 2018,Group D,eps_cagr_5yr,11.55,0.2838541666666667
PIDILITIND,Mar 2019,Group D,eps_cagr_5yr,11.55,0.2838541666666667
PIDILITIND,Mar 2020,Group D,eps_cagr_5yr,11.55,0.2838541666666667
PIDILITIND,Mar 2021,Group D,eps_cagr_5yr,11.55,0.2838541666666667
PIDILITIND,Mar 2022,Group D,eps_cagr_5yr,11.55,0.2838541666666667
PIDILITIND,Mar 2023,Group D,eps_cagr_5yr,11.55,0.2838541666666667
PIDILITIND,Mar 2024,Group D,eps_cagr_5yr,11.55,0.2838541666666667
PNB,Mar 2013,Group D,eps_cagr_5yr,67.03,0.9088541666666666
PNB,Mar 2014,Group D,eps_cagr_5yr,67.03,0.9088541666666666
PNB,Mar 2015,Group D,eps_cagr_5yr,67.03,0.9088541666666666
PNB,Mar 2016,Group D,eps_cagr_5yr,67.03,0.9088541666666666
PNB,Mar 2017,Group D,eps_cagr_5yr,67.03,0.9088541666666666
PNB,Mar 2018,Group D,eps_cagr_5yr,67.03,0.9088541666666666
PNB,Mar 2019,Group D,eps_cagr_5yr,67.03,0.9088541666666666
PNB,Mar 2020,Group D,eps_cagr_5yr,67.03,0.9088541666666666
PNB,Mar 2021,Group D,eps_cagr_5yr,67.03,0.9088541666666666
PNB,Mar 2022,Group D,eps_cagr_5yr,67.03,0.9088541666666666
PNB,Mar 2023,Group D,eps_cagr_5yr,67.03,0.9088541666666666
PNB,Mar 2024,Group D,eps_cagr_5yr,67.03,0.9088541666666666
POWERGRID,Mar 2013,Group D,eps_cagr_5yr,7.21,0.09635416666666667
POWERGRID,Mar 2014,Group D,eps_cagr_5yr,7.21,0.09635416666666667
POWERGRID,Mar 2015,Group D,eps_cagr_5yr,7.21,0.09635416666666667
POWERGRID,Mar 2016,Group D,eps_cagr_5yr,7.21,0.09635416666666667
POWERGRID,Mar 2017,Group D,eps_cagr_5yr,7.21,0.09635416666666667
POWERGRID,Mar 2018,Group D,eps_cagr_5yr,7.21,0.09635416666666667
POWERGRID,Mar 2019,Group D,eps_cagr_5yr,7.21,0.09635416666666667
POWERGRID,Mar 2020,Group D,eps_cagr_5yr,7.21,0.09635416666666667
POWERGRID,Mar 2021,Group D,eps_cagr_5yr,7.21,0.09635416666666667
POWERGRID,Mar 2022,Group D,eps_cagr_5yr,7.21,0.09635416666666667
POWERGRID,Mar 2023,Group D,eps_cagr_5yr,7.21,0.09635416666666667
POWERGRID,Mar 2024,Group D,eps_cagr_5yr,7.21,0.09635416666666667
RECLTD,Mar 2013,Group D,eps_cagr_5yr,24.57,0.7526041666666666
RECLTD,Mar 2014,Group D,eps_cagr_5yr,24.57,0.7526041666666666
RECLTD,Mar 2015,Group D,eps_cagr_5yr,24.57,0.7526041666666666
RECLTD,Mar 2016,Group D,eps_cagr_5yr,24.57,0.7526041666666666
RECLTD,Mar 2017,Group D,eps_cagr_5yr,24.57,0.7526041666666666
RECLTD,Mar 2018,Group D,eps_cagr_5yr,24.57,0.7526041666666666
RECLTD,Mar 2019,Group D,eps_cagr_5yr,24.57,0.7526041666666666
RECLTD,Mar 2020,Group D,eps_cagr_5yr,24.57,0.7526041666666666
RECLTD,Mar 2021,Group D,eps_cagr_5yr,24.57,0.7526041666666666
RECLTD,Mar 2022,Group D,eps_cagr_5yr,24.57,0.7526041666666666
RECLTD,Mar 2023,Group D,eps_cagr_5yr,24.57,0.7526041666666666
RECLTD,Mar 2024,Group D,eps_cagr_5yr,24.57,0.7526041666666666
KOTAKBANK,Mar 2013,Group D,interest_coverage,1.288341158059468,0.11855670103092783
KOTAKBANK,Mar 2014,Group D,interest_coverage,1.3330177962892844,0.12371134020618557
KOTAKBANK,Mar 2015,Group D,interest_coverage,1.1890333660451422,0.07731958762886598
KOTAKBANK,Mar 2016,Group D,interest_coverage,1.5109422094089895,0.14948453608247422
KOTAKBANK,Mar 2017,Group D,interest_coverage,1.2704974271012006,0.10824742268041238
KOTAKBANK,Mar 2018,Group D,interest_coverage,1.2270866832334455,0.08762886597938144
KOTAKBANK,Mar 2019,Group D,interest_coverage,1.2225043349021552,0.08247422680412371
KOTAKBANK,Mar 2020,Group D,interest_coverage,1.335721051385271,0.12886597938144329
KOTAKBANK,Mar 2021,Group D,interest_coverage,1.262591148041377,0.10309278350515463
KOTAKBANK,Mar 2022,Group D,interest_coverage,1.2298624754420433,0.09278350515463918
KOTAKBANK,Mar 2023,Group D,interest_coverage,1.2877919279750685,0.1134020618556701
KOTAKBANK,Mar 2024,Group D,interest_coverage,1.2363751084470385,0.0979381443298969
LICI,Mar 2019,Group D,interest_coverage,,
LICI,Mar 2020,Group D,interest_coverage,,
LICI,Mar 2021,Group D,interest_coverage,,
LICI,Mar 2022,Group D,interest_coverage,,
LICI,Mar 2023,Group D,interest_coverage,545.5454545454545,0.9948453608247423
LICI,Mar 2024,Group D,interest_coverage,371.9375,0.979381443298969
LODHA,Mar 2011,Group D,interest_coverage,2.314487632508834,0.21649484536082475
LODHA,Mar 2012,Group D,interest_coverage,3.338582677165354,0.30412371134020616
LODHA,Mar 2015,Group D,interest_coverage,3.841463414634146,0.3711340206185567
LODHA,Mar 2016,Group D,interest_coverage,2.668016194331984,0.24742268041237114
LODHA,Mar 2017,Group D,interest_coverage,2.9864130434782608,0.27835051546391754
LODHA,Mar 2018,Group D,interest_coverage,5.043589743589743,0.4639175257731959
LODHA,Mar 2019,Group D,interest_coverage,5.723591549295775,0.4948453608247423
LODHA,Mar 2020,Group D,interest_coverage,2.7513513513513512,0.26288659793814434
LODHA,Mar 2021,Group D,interest_coverage,1.0941901408450705,0.07216494845360824
LODHA,Mar 2022,Group D,interest_coverage,3.6031976744186047,0.33505154639175255
LODHA,Mar 2023,Group D,interest_coverage,2.130705394190872,0.211340206185567
LODHA,Mar 2024,Group D,interest_coverage,5.628630705394191,0.4896907216494845
LT,Mar 2013,Group D,interest_coverage,2.998061180525636,0.28350515463917525
LT,Mar 2014,Group D,interest_coverage,2.374961502925778,0.2268041237113402
LT,Mar 2015,Group D,interest_coverage,2.3542526837324527,0.22164948453608246
LT,Mar 2016,Group D,interest_coverage,2.4213654152775765,0.23195876288659795
LT,Mar 2017,Group D,interest_coverage,2.648411187582369,0.2422680412371134
LT,Mar 2018,Group D,interest_coverage,2.796992481203008,0.26804123711340205
LT,Mar 2019,Group D,interest_coverage,2.737659278295321,0.25773195876288657
LT,Mar 2020,Group D,interest_coverage,2.501406405952273,0.23711340206185566
LT,Mar 2021,Group D,interest_coverage,2.6868936170212767,0.25257731958762886
LT,Mar 2022,Group D,interest_coverage,2.8887926367081755,0.27319587628865977
LT,Mar 2023,Group D,interest_coverage,3.1823186871360507,0.29381443298969073
LT,Mar 2024,Group D,interest_coverage,3.5441547518923464,0.31958762886597936
LTIM,Mar 2013,Group D,interest_coverage,42.47619047619048,0.788659793814433
LTIM,Mar 2014,Group D,interest_coverage,44.0,0.7989690721649485
LTIM,Mar 2015,Group D,interest_coverage,110.4,0.9278350515463918
LTIM,Mar 2016,Group D,interest_coverage,202.5,0.9742268041237113
LTIM,Mar 2017,Group D,interest_coverage,472.3333333333333,0.9896907216494846
LTIM,Mar 2018,Group D,interest_coverage,100.8125,0.9123711340206185
LTIM,Mar 2019,Group D,interest_coverage,198.63636363636363,0.9690721649484536
LTIM,Mar 2020,Group D,interest_coverage,28.40963855421687,0.7371134020618557
LTIM,Mar 2021,Group D,interest_coverage,37.962025316455694,0.7628865979381443
LTIM,Mar 2022,Group D,interest_coverage,48.90243902439025,0.8350515463917526
LTIM,Mar 2023,Group D,interest_coverage,44.43333333333333,0.8092783505154639
LTIM,Mar 2024,Group D,interest_coverage,31.93243243243243,0.7474226804123711
M&M,Mar 2013,Group D,interest_coverage,4.334784501523727,0.4020618556701031
M&M,Mar 2014,Group D,interest_coverage,3.7044685172647256,0.34536082474226804
M&M,Mar 2015,Group D,interest_coverage,3.0386442825467217,0.28865979381443296
M&M,Mar 2016,Group D,interest_coverage,3.4088479809976246,0.30927835051546393
M&M,Mar 2017,Group D,interest_coverage,3.513024403619413,0.31443298969072164
M&M,Mar 2018,Group D,interest_coverage,4.412340105342363,0.422680412371134
M&M,Mar 2019,Group D,interest_coverage,3.5616411073491334,0.3247422680412371
M&M,Mar 2020,Group D,interest_coverage,1.8340807174887888,0.20103092783505155
M&M,Mar 2021,Group D,interest_coverage,2.071288102261553,0.20618556701030927
M&M,Mar 2022,Group D,interest_coverage,3.564567556795536,0.32989690721649484
M&M,Mar 2023,Group D,interest_coverage,4.158833619210978,0.38144329896907214
M&M,Mar 2024,Group D,interest_coverage,3.7646901709401703,0.3556701030927835
MARUTI,Mar 2013,Group D,interest_coverage,26.05050505050505,0.7268041237113402
MARUTI,Mar 2014,Group D,interest_coverage,32.79347826086956,0.7525773195876289
MARUTI,Mar 2015,Group D,interest_coverage,35.36238532110092,0.7577319587628866
MARUTI,Mar 2016,Group D,interest_coverage,127.90243902439023,0.9432989690721649
MARUTI,Mar 2017,Group D,interest_coverage,144.04494382022472,0.9484536082474226
MARUTI,Mar 2018,Group D,interest_coverage,41.2514450867052,0.7783505154639175
MARUTI,Mar 2019,Group D,interest_coverage,180.52631578947367,0.9639175257731959
MARUTI,Mar 2020,Group D,interest_coverage,80.33582089552239,0.8814432989690721
MARUTI,Mar 2021,Group D,interest_coverage,82.91176470588235,0.8865979381443299
MARUTI,Mar 2022,Group D,interest_coverage,59.94488188976378,0.865979381443299
MARUTI,Mar 2023,Group D,interest_coverage,61.65476190476191,0.8711340206185567
MARUTI,Mar 2024,Group D,interest_coverage,117.90721649484536,0.9329896907216495
MOTHERSON,Mar 2013,Group D,interest_coverage,7.192,0.5412371134020618
MOTHERSON,Mar 2014,Group D,interest_coverage,9.210884353741497,0.5721649484536082
MOTHERSON,Mar 2015,Group D,interest_coverage,9.61006289308176,0.5876288659793815
MOTHERSON,Mar 2016,Group D,interest_coverage,10.797101449275363,0.6134020618556701
MOTHERSON,Mar 2017,Group D,interest_coverage,12.045333333333334,0.6391752577319587
MOTHERSON,Mar 2018,Group D,interest_coverage,12.781021897810218,0.6443298969072165
MOTHERSON,Mar 2019,Group D,interest_coverage,13.430260047281324,0.654639175257732
MOTHERSON,Mar 2020,Group D,interest_coverage,8.930860033726812,0.5618556701030928
MOTHERSON,Mar 2021,Group D,interest_coverage,9.64453125,0.5927835051546392
MOTHERSON,Mar 2022,Group D,interest_coverage,9.740331491712707,0.5979381443298969
MOTHERSON,Mar 2023,Group D,interest_coverage,8.093469910371319,0.5515463917525774
MOTHERSON,Mar 2024,Group D,interest_coverage,5.224737713970182,0.4793814432989691
NAUKRI,Mar 2013,Group D,interest_coverage,48.333333333333336,0.8273195876288659
NAUKRI,Mar 2014,Group D,interest_coverage,48.333333333333336,0.8273195876288659
NAUKRI,Mar 2015,Group D,interest_coverage,27.5,0.7319587628865979
NAUKRI,Mar 2016,Group D,interest_coverage,67.33333333333333,0.8762886597938144
NAUKRI,Mar 2017,Group D,interest_coverage,10.25,0.6030927835051546
NAUKRI,Mar 2018,Group D,interest_coverage,124.0,0.9381443298969072
NAUKRI,Mar 2019,Group D,interest_coverage,106.57142857142856,0.9226804123711341
NAUKRI,Mar 2020,Group D,interest_coverage,-4.571428571428571,0.005154639175257732
NAUKRI,Mar 2021,Group D,interest_coverage,150.72727272727272,0.9536082474226805
NAUKRI,Mar 2022,Group D,interest_coverage,1296.0,1.0
NAUKRI,Mar 2023,Group D,interest_coverage,12.88888888888889,0.6494845360824743
NAUKRI,Mar 2024,Group D,interest_coverage,28.97142857142857,0.7422680412371134
NESTLEIND,Dec 2013,Group D,interest_coverage,55.270270270270274,0.8556701030927835
NESTLEIND,Dec 2014,Group D,interest_coverage,151.85714285714286,0.9587628865979382
NESTLEIND,Dec 2015,Group D,interest_coverage,388.0,0.9845360824742269
NESTLEIND,Dec 2016,Group D,interest_coverage,21.86813186813187,0.7010309278350515
NESTLEIND,Dec 2017,Group D,interest_coverage,24.717391304347824,0.7164948453608248
NESTLEIND,Dec 2018,Group D,interest_coverage,25.6875,0.7216494845360825
NESTLEIND,Dec 2019,Group D,interest_coverage,24.5968992248062,0.7061855670103093
NESTLEIND,Dec 2020,Group D,interest_coverage,20.414634146341463,0.6958762886597938
NESTLEIND,Dec 2021,Group D,interest_coverage,17.07920792079208,0.6855670103092784
NESTLEIND,Dec 2022,Group D,interest_coverage,24.6,0.711340206185567
NESTLEIND,Dec 2023,Group D,interest_coverage,38.54621848739496,0.7680412371134021
NESTLEIND,Mar 2024,Group D,interest_coverage,41.18620689655173,0.7731958762886598
NHPC,Mar 2013,Group D,interest_coverage,9.405891980360066,0.5773195876288659
NHPC,Mar 2014,Group D,interest_coverage,4.348295926849543,0.4072164948453608
NHPC,Mar 2015,Group D,interest_coverage,5.193672839506172,0.4742268041237113
NHPC,Mar 2016,Group D,interest_coverage,5.135344827586207,0.4690721649484536
NHPC,Mar 2017,Group D,interest_coverage,6.292144748455428,0.5154639175257731
NHPC,Mar 2018,Group D,interest_coverage,5.87987012987013,0.5051546391752577
NHPC,Mar 2019,Group D,interest_coverage,7.493303571428571,0.5463917525773195
NHPC,Mar 2020,Group D,interest_coverage,6.56442417331813,0.5257731958762887
NHPC,Mar 2021,Group D,interest_coverage,11.02946273830156,0.6185567010309279
NHPC,Mar 2022,Group D,interest_coverage,8.522184300341298,0.5567010309278351
NHPC,Mar 2023,Group D,interest_coverage,14.583157894736845,0.6701030927835051
NHPC,Mar 2024,Group D,interest_coverage,11.24342105263158,0.6237113402061856
NTPC,Mar 2013,Group D,interest_coverage,9.203532717784022,0.5670103092783505
NTPC,Mar 2014,Group D,interest_coverage,6.901317805700276,0.5309278350515464
NTPC,Mar 2015,Group D,interest_coverage,5.366584900517852,0.4845360824742268
NTPC,Mar 2016,Group D,interest_coverage,5.869281045751634,0.5
NTPC,Mar 2017,Group D,interest_coverage,6.179056754596323,0.5103092783505154
NTPC,Mar 2018,Group D,interest_coverage,6.31009669440072,0.520618556701031
NTPC,Mar 2019,Group D,interest_coverage,4.554504906333631,0.4329896907216495
NTPC,Mar 2020,Group D,interest_coverage,4.859567712785444,0.4536082474226804
NTPC,Mar 2021,Group D,interest_coverage,4.235147441457069,0.39690721649484534
NTPC,Mar 2022,Group D,interest_coverage,4.817726109215017,0.4484536082474227
NTPC,Mar 2023,Group D,interest_coverage,4.381672053813226,0.41237113402061853
NTPC,Mar 2024,Group D,interest_coverage,4.604991464108609,0.44329896907216493
ONGC,Mar 2013,Group D,interest_coverage,101.21694214876032,0.9175257731958762
ONGC,Mar 2014,Group D,interest_coverage,90.22435897435898,0.8917525773195877
ONGC,Mar 2015,Group D,interest_coverage,16.85300279329609,0.6804123711340206
ONGC,Mar 2016,Group D,interest_coverage,10.67498672331386,0.6082474226804123
ONGC,Mar 2017,Group D,interest_coverage,18.247841826789195,0.6907216494845361
ONGC,Mar 2018,Group D,interest_coverage,13.46629325865173,0.6597938144329897
ONGC,Mar 2019,Group D,interest_coverage,14.457084118554052,0.6649484536082474
ONGC,Mar 2020,Group D,interest_coverage,7.088663372946989,0.5360824742268041
ONGC,Mar 2021,Group D,interest_coverage,11.959834613112818,0.634020618556701
ONGC,Mar 2022,Group D,interest_coverage,15.216116573033707,0.6752577319587629
ONGC,Mar 2023,Group D,interest_coverage,9.569907466092026,0.5824742268041238
ONGC,Mar 2024,Group D,interest_coverage,11.361290955463998,0.6288659793814433
PFC,Mar 2013,Group D,interest_coverage,0.5456116416552979,0.041237113402061855
PFC,Mar 2014,Group D,interest_coverage,0.5845399525013407,0.06701030927835051
PFC,Mar 2015,Group D,interest_coverage,0.546972049689441,0.04639175257731959
PFC,Mar 2016,Group D,interest_coverage,0.5515398931380201,0.05154639175257732
PFC,Mar 2017,Group D,interest_coverage,0.3163764312977099,0.010309278350515464
PFC,Mar 2018,Group D,interest_coverage,0.3893822839974908,0.020618556701030927
PFC,Mar 2019,Group D,interest_coverage,0.5162734282496317,0.030927835051546393
PFC,Mar 2020,Group D,interest_coverage,0.3456236993512058,0.015463917525773196
PFC,Mar 2021,Group D,interest_coverage,0.4457300152179751,0.02577319587628866
PFC,Mar 2022,Group D,interest_coverage,0.523764790087007,0.03608247422680412
PFC,Mar 2023,Group D,interest_coverage,0.564646829870047,0.05670103092783505
PFC,Mar 2024,Group D,interest_coverage,0.5804147544943239,0.061855670103092786
PIDILITIND,Mar 2013,Group D,interest_coverage,41.5625,0.7835051546391752
PIDILITIND,Mar 2014,Group D,interest_coverage,44.375,0.8041237113402062
PIDILITIND,Mar 2015,Group D,interest_coverage,50.6875,0.845360824742268
PIDILITIND,Mar 2016,Group D,interest_coverage,96.46153846153848,0.9020618556701031
PIDILITIND,Mar 2017,Group D,interest_coverage,98.35714285714286,0.9072164948453608
PIDILITIND,Mar 2018,Group D,interest_coverage,93.375,0.8969072164948454
PIDILITIND,Mar 2019,Group D,interest_coverage,57.73076923076923,0.8608247422680413
PIDILITIND,Mar 2020,Group D,interest_coverage,49.20588235294117,0.8402061855670103
PIDILITIND,Mar 2021,Group D,interest_coverage,47.567567567567565,0.8195876288659794
PIDILITIND,Mar 2022,Group D,interest_coverage,45.11904761904762,0.8144329896907216
PIDILITIND,Mar 2023,Group D,interest_coverage,42.520833333333336,0.7938144329896907
PIDILITIND,Mar 2024,Group D,interest_coverage,54.333333333333336,0.8505154639175257
PNB,Mar 2013,Group D,interest_coverage,,
PNB,Mar 2014,Group D,interest_coverage,,
PNB,Mar 2015,Group D,interest_coverage,,
PNB,Mar 2016,Group D,interest_coverage,,
PNB,Mar 2017,Group D,interest_coverage,,
PNB,Mar 2018,Group D,interest_coverage,,
PNB,Mar 2019,Group D,interest_coverage,,
PNB,Mar 2020,Group D,interest_coverage,,
PNB,Mar 2021,Group D,interest_coverage,,
PNB,Mar 2022,Group D,interest_coverage,,
PNB,Mar 2023,Group D,interest_coverage,,
PNB,Mar 2024,Group D,interest_coverage,,
POWERGRID,Mar 2013,Group D,interest_coverage,4.541362062331666,0.42783505154639173
POWERGRID,Mar 2014,Group D,interest_coverage,4.207744314689613,0.3865979381443299
POWERGRID,Mar 2015,Group D,interest_coverage,3.836804704729233,0.36597938144329895
POWERGRID,Mar 2016,Group D,interest_coverage,3.7042862760519073,0.3402061855670103
POWERGRID,Mar 2017,Group D,interest_coverage,3.769019987105093,0.36082474226804123
POWERGRID,Mar 2018,Group D,interest_coverage,4.099672310212998,0.37628865979381443
POWERGRID,Mar 2019,Group D,interest_coverage,3.253405058944718,0.29896907216494845
POWERGRID,Mar 2020,Group D,interest_coverage,3.75496897675886,0.35051546391752575
POWERGRID,Mar 2021,Group D,interest_coverage,4.385371850030731,0.4175257731958763
POWERGRID,Mar 2022,Group D,interest_coverage,5.042060726729717,0.4587628865979381
POWERGRID,Mar 2023,Group D,interest_coverage,4.22140336308906,0.3917525773195876
POWERGRID,Mar 2024,Group D,interest_coverage,4.60298643565485,0.4381443298969072
RECLTD,Mar 2013,Group D,interest_coverage,1.6422120499814423,0.18556701030927836
RECLTD,Mar 2014,Group D,interest_coverage,1.6597907324364722,0.19072164948453607
RECLTD,Mar 2015,Group D,interest_coverage,1.638597972972973,0.18041237113402062
RECLTD,Mar 2016,Group D,interest_coverage,1.5718386780562947,0.16494845360824742
RECLTD,Mar 2017,Group D,interest_coverage,1.6694399049175457,0.1958762886597938
RECLTD,Mar 2018,Group D,interest_coverage,1.4473111827795695,0.13917525773195877
RECLTD,Mar 2019,Group D,interest_coverage,1.5178719866999169,0.15463917525773196
RECLTD,Mar 2020,Group D,interest_coverage,1.3708072244747511,0.13402061855670103
RECLTD,Mar 2021,Group D,interest_coverage,1.5021638978081808,0.14432989690721648
RECLTD,Mar 2022,Group D,interest_coverage,1.5645548954695931,0.15979381443298968
RECLTD,Mar 2023,Group D,interest_coverage,1.5866514979142965,0.17010309278350516
RECLTD,Mar 2024,Group D,interest_coverage,1.6004741552023507,0.17525773195876287
KOTAKBANK,Mar 2013,Group D,asset_turnover,0.0935641213795484,0.11904761904761904
KOTAKBANK,Mar 2014,Group D,asset_turnover,0.098087514423431,0.13333333333333333
KOTAKBANK,Mar 2015,Group D,asset_turnover,0.0897119840500053,0.1
KOTAKBANK,Mar 2016,Group D,asset_turnover,0.0847245062374379,0.05238095238095238
KOTAKBANK,Mar 2017,Group D,asset_turnover,0.0808290005358668,0.047619047619047616
KOTAKBANK,Mar 2018,Group D,asset_turnover,0.0744137155039677,0.02857142857142857
KOTAKBANK,Mar 2019,Group D,asset_turnover,0.0754888390089353,0.03333333333333333
KOTAKBANK,Mar 2020,Group D,asset_turnover,0.0755325798277422,0.0380952380952381
KOTAKBANK,Mar 2021,Group D,asset_turnover,0.0685386359934343,0.014285714285714285
KOTAKBANK,Mar 2022,Group D,asset_turnover,0.0617403906327196,0.004761904761904762
KOTAKBANK,Mar 2023,Group D,asset_turnover,0.067938365327273,0.009523809523809525
KOTAKBANK,Mar 2024,Group D,asset_turnover,0.0732570242045053,0.023809523809523808
LICI,Mar 2019,Group D,asset_turnover,0.1667541517993002,0.3047619047619048
LICI,Mar 2020,Group D,asset_turnover,0.1794493681700332,0.3238095238095238
LICI,Mar 2021,Group D,asset_turnover,0.1804177229337118,0.32857142857142857
LICI,Mar 2022,Group D,asset_turnover,0.1700977819066449,0.30952380952380953
LICI,Mar 2023,Group D,asset_turnover,0.171372620367715,0.3142857142857143
LICI,Mar 2024,Group D,asset_turnover,0.1591344094587576,0.29523809523809524
LODHA,Mar 2011,Group D,asset_turnover,0.2292677780122388,0.3523809523809524
LODHA,Mar 2012,Group D,asset_turnover,0.3187311178247734,0.4095238095238095
LODHA,Mar 2015,Group D,asset_turnover,0.2227301950139295,0.3476190476190476
LODHA,Mar 2016,Group D,asset_turnover,0.2662599657854814,0.38095238095238093
LODHA,Mar 2017,Group D,asset_turnover,0.2335917008045739,0.35714285714285715
LODHA,Mar 2018,Group D,asset_turnover,0.2404163871705051,0.36666666666666664
LODHA,Mar 2019,Group D,asset_turnover,0.2387895074602919,0.3619047619047619
LODHA,Mar 2020,Group D,asset_turnover,0.3057774064335389,0.4
LODHA,Mar 2021,Group D,asset_turnover,0.138623181031851,0.2619047619047619
LODHA,Mar 2022,Group D,asset_turnover,0.2404176648265805,0.37142857142857144
LODHA,Mar 2023,Group D,asset_turnover,0.2420632891978937,0.3761904761904762
LODHA,Mar 2024,Group D,asset_turnover,0.2185685834145514,0.34285714285714286
LT,Mar 2013,Group D,asset_turnover,31.969931271477662,0.9952380952380953
LT,Mar 2014,Group D,asset_turnover,31.90322580645161,0.9904761904761905
LT,Mar 2015,Group D,asset_turnover,30.869375419744795,0.9857142857142858
LT,Mar 2016,Group D,asset_turnover,32.23525661459993,1.0
LT,Mar 2017,Group D,asset_turnover,24.748019017432647,0.9809523809523809
LT,Mar 2018,Group D,asset_turnover,22.42514521266629,0.9761904761904762
LT,Mar 2019,Group D,asset_turnover,20.29111644657863,0.9714285714285714
LT,Mar 2020,Group D,asset_turnover,16.500510493477027,0.9666666666666667
LT,Mar 2021,Group D,asset_turnover,12.70119559125724,0.9619047619047619
LT,Mar 2022,Group D,asset_turnover,7.608448376433988,0.9476190476190476
LT,Mar 2023,Group D,asset_turnover,7.8080575784676975,0.9523809523809523
LT,Mar 2024,Group D,asset_turnover,8.027628521638107,0.9571428571428572
LTIM,Mar 2013,Group D,asset_turnover,1.654209621993127,0.8571428571428571
LTIM,Mar 2014,Group D,asset_turnover,1.8454613653413356,0.8904761904761904
LTIM,Mar 2015,Group D,asset_turnover,1.671591672263264,0.861904761904762
LTIM,Mar 2016,Group D,asset_turnover,1.8635639145680587,0.8952380952380953
LTIM,Mar 2017,Group D,asset_turnover,1.4718134480416571,0.8285714285714286
LTIM,Mar 2018,Group D,asset_turnover,1.3689338579726438,0.780952380952381
LTIM,Mar 2019,Group D,asset_turnover,1.4174669867947178,0.8047619047619048
LTIM,Mar 2020,Group D,asset_turnover,1.2341463414634146,0.7142857142857143
LTIM,Mar 2021,Group D,asset_turnover,1.1554268634410612,0.6619047619047619
LTIM,Mar 2022,Group D,asset_turnover,1.2691522457709508,0.719047619047619
LTIM,Mar 2023,Group D,asset_turnover,1.4131851284016863,0.7952380952380952
LTIM,Mar 2024,Group D,asset_turnover,1.289464130119082,0.7285714285714285
M&M,Mar 2013,Group D,asset_turnover,0.90229998292417,0.6142857142857143
M&M,Mar 2014,Group D,asset_turnover,0.8419825006542343,0.6
M&M,Mar 2015,Group D,asset_turnover,0.7570568788675087,0.5714285714285714
M&M,Mar 2016,Group D,asset_turnover,0.7595341104835156,0.5761904761904761
M&M,Mar 2017,Group D,asset_turnover,0.7359160187991391,0.5666666666666667
M&M,Mar 2018,Group D,asset_turnover,0.675329437042143,0.5523809523809524
M&M,Mar 2019,Group D,asset_turnover,0.6468691510850026,0.5476190476190477
M&M,Mar 2020,Group D,asset_turnover,0.4548866735861353,0.49047619047619045
M&M,Mar 2021,Group D,asset_turnover,0.4502570195431841,0.48095238095238096
M&M,Mar 2022,Group D,asset_turnover,0.5230700512796714,0.5
M&M,Mar 2023,Group D,asset_turnover,0.5936323629474797,0.5285714285714286
M&M,Mar 2024,Group D,asset_turnover,0.5925222177725139,0.5238095238095238
MARUTI,Mar 2013,Group D,asset_turnover,1.6100592361085877,0.8523809523809524
MARUTI,Mar 2014,Group D,asset_turnover,1.4151099250222392,0.8
MARUTI,Mar 2015,Group D,asset_turnover,1.4734750703367463,0.8333333333333334
MARUTI,Mar 2016,Group D,asset_turnover,1.347867808828348,0.7666666666666667
MARUTI,Mar 2017,Group D,asset_turnover,1.3103348729792148,0.7380952380952381
MARUTI,Mar 2018,Group D,asset_turnover,1.32467467799761,0.7428571428571429
MARUTI,Mar 2019,Group D,asset_turnover,1.345464209226344,0.7619047619047619
MARUTI,Mar 2020,Group D,asset_turnover,1.1890991387439491,0.6952380952380952
MARUTI,Mar 2021,Group D,asset_turnover,0.985933647164313,0.6190476190476191
MARUTI,Mar 2022,Group D,asset_turnover,1.1831600942991856,0.6904761904761905
MARUTI,Mar 2023,Group D,asset_turnover,1.1828461830459711,0.6857142857142857
MARUTI,Mar 2024,Group D,asset_turnover,1.230295566502463,0.7095238095238096
MOTHERSON,Mar 2013,Group D,asset_turnover,1.9858701624931316,0.9095238095238095
MOTHERSON,Mar 2014,Group D,asset_turnover,1.9951456310679607,0.919047619047619
MOTHERSON,Mar 2015,Group D,asset_turnover,1.9891535150645625,0.9142857142857143
MOTHERSON,Mar 2016,Group D,asset_turnover,1.8924993643529116,0.9047619047619048
MOTHERSON,Mar 2017,Group D,asset_turnover,1.3265715001252192,0.7476190476190476
MOTHERSON,Mar 2018,Group D,asset_turnover,1.52277275923622,0.8476190476190476
MOTHERSON,Mar 2019,Group D,asset_turnover,1.4857791083875194,0.8380952380952381
MOTHERSON,Mar 2020,Group D,asset_turnover,1.3485444007727667,0.7714285714285715
MOTHERSON,Mar 2021,Group D,asset_turnover,1.201491130704308,0.7047619047619048
MOTHERSON,Mar 2022,Group D,asset_turnover,1.144420916627786,0.6523809523809524
MOTHERSON,Mar 2023,Group D,asset_turnover,1.2846567748247186,0.7238095238095238
MOTHERSON,Mar 2024,Group D,asset_turnover,1.1724203473591674,0.6761904761904762
NAUKRI,Mar 2013,Group D,asset_turnover,0.5721212121212121,0.5190476190476191
NAUKRI,Mar 2014,Group D,asset_turnover,0.5349056603773585,0.5047619047619047
NAUKRI,Mar 2015,Group D,asset_turnover,0.3301759133964817,0.42857142857142855
NAUKRI,Mar 2016,Group D,asset_turnover,0.3885714285714285,0.45714285714285713
NAUKRI,Mar 2017,Group D,asset_turnover,0.4325377496346809,0.47619047619047616
NAUKRI,Mar 2018,Group D,asset_turnover,0.3805855161787365,0.4523809523809524
NAUKRI,Mar 2019,Group D,asset_turnover,0.3609281906553778,0.43333333333333335
NAUKRI,Mar 2020,Group D,asset_turnover,0.4535084687175942,0.4857142857142857
NAUKRI,Mar 2021,Group D,asset_turnover,0.1792752701843611,0.319047619047619
NAUKRI,Mar 2022,Group D,asset_turnover,0.0775765268759459,0.04285714285714286
NAUKRI,Mar 2023,Group D,asset_turnover,0.1408332332813062,0.2714285714285714
NAUKRI,Mar 2024,Group D,asset_turnover,0.0702707196098534,0.01904761904761905
NESTLEIND,Dec 2013,Group D,asset_turnover,1.441400063351283,0.8095238095238095
NESTLEIND,Dec 2014,Group D,asset_turnover,1.693298969072165,0.8714285714285714
NESTLEIND,Dec 2015,Group D,asset_turnover,1.343246795925074,0.7571428571428571
NESTLEIND,Dec 2016,Group D,asset_turnover,1.3422907488986784,0.7523809523809524
NESTLEIND,Dec 2017,Group D,asset_turnover,1.3595002037213093,0.7761904761904762
NESTLEIND,Dec 2018,Group D,asset_turnover,1.3961424332344214,0.7857142857142857
NESTLEIND,Dec 2019,Group D,asset_turnover,1.7243831033040569,0.8809523809523809
NESTLEIND,Dec 2020,Group D,asset_turnover,1.6898734177215189,0.8666666666666667
NESTLEIND,Dec 2021,Group D,asset_turnover,1.790259897983969,0.8857142857142857
NESTLEIND,Dec 2022,Group D,asset_turnover,1.8818353936964027,0.9
NESTLEIND,Dec 2023,Group D,asset_turnover,2.130081300813008,0.9238095238095239
NESTLEIND,Mar 2024,Group D,asset_turnover,2.318160220469448,0.9285714285714286
NHPC,Mar 2013,Group D,asset_turnover,0.1023235676143743,0.14285714285714285
NHPC,Mar 2014,Group D,asset_turnover,0.1202891236752568,0.21904761904761905
NHPC,Mar 2015,Group D,asset_turnover,0.1338140503939058,0.2523809523809524
NHPC,Mar 2016,Group D,asset_turnover,0.1329767760215207,0.24761904761904763
NHPC,Mar 2017,Group D,asset_turnover,0.1432701413926595,0.28095238095238095
NHPC,Mar 2018,Group D,asset_turnover,0.1232262882748319,0.22857142857142856
NHPC,Mar 2019,Group D,asset_turnover,0.1346090448646866,0.2571428571428571
NHPC,Mar 2020,Group D,asset_turnover,0.1404099499137169,0.26666666666666666
NHPC,Mar 2021,Group D,asset_turnover,0.1319186173703784,0.23809523809523808
NHPC,Mar 2022,Group D,asset_turnover,0.1183107338784804,0.21428571428571427
NHPC,Mar 2023,Group D,asset_turnover,0.1230353435176485,0.22380952380952382
NHPC,Mar 2024,Group D,asset_turnover,0.1032401899310803,0.14761904761904762
NTPC,Mar 2013,Group D,asset_turnover,0.4000425112990558,0.4714285714285714
NTPC,Mar 2014,Group D,asset_turnover,0.3914190627529757,0.46190476190476193
NTPC,Mar 2015,Group D,asset_turnover,0.3639173099330032,0.44285714285714284
NTPC,Mar 2016,Group D,asset_turnover,0.3266908508223354,0.41904761904761906
NTPC,Mar 2017,Group D,asset_turnover,0.3300147626115743,0.4238095238095238
NTPC,Mar 2018,Group D,asset_turnover,0.3118070600229387,0.40476190476190477
NTPC,Mar 2019,Group D,asset_turnover,0.2890756738526993,0.3904761904761905
NTPC,Mar 2020,Group D,asset_turnover,0.2899178693166017,0.3952380952380952
NTPC,Mar 2021,Group D,asset_turnover,0.2802131540467612,0.38571428571428573
NTPC,Mar 2022,Group D,asset_turnover,0.3190454776098944,0.4142857142857143
NTPC,Mar 2023,Group D,asset_turnover,0.3940325007994382,0.4666666666666667
NTPC,Mar 2024,Group D,asset_turnover,0.3724372910920175,0.44761904761904764
ONGC,Mar 2013,Group D,asset_turnover,0.6391817665256645,0.5428571428571428
ONGC,Mar 2014,Group D,asset_turnover,0.5357964895869234,0.5095238095238095
ONGC,Mar 2015,Group D,asset_turnover,0.4763191622243204,0.49523809523809526
ONGC,Mar 2016,Group D,asset_turnover,0.3629203094460634,0.4380952380952381
ONGC,Mar 2017,Group D,asset_turnover,0.6355233113998088,0.5380952380952381
ONGC,Mar 2018,Group D,asset_turnover,0.7027079994425476,0.5619047619047619
ONGC,Mar 2019,Group D,asset_turnover,0.8563623327639471,0.6095238095238096
ONGC,Mar 2020,Group D,asset_turnover,0.7804014446341597,0.5857142857142857
ONGC,Mar 2021,Group D,asset_turnover,0.5608677835451169,0.5142857142857142
ONGC,Mar 2022,Group D,asset_turnover,0.8422418818365738,0.6047619047619047
ONGC,Mar 2023,Group D,asset_turnover,1.0312763510923726,0.6285714285714286
ONGC,Mar 2024,Group D,asset_turnover,0.8332173339682772,0.5952380952380952
PFC,Mar 2013,Group D,asset_turnover,0.1022500442922104,0.1380952380952381
PFC,Mar 2014,Group D,asset_turnover,0.1101636475916014,0.1761904761904762
PFC,Mar 2015,Group D,asset_turnover,0.109159851820787,0.16666666666666666
PFC,Mar 2016,Group D,asset_turnover,0.1126971927837553,0.19047619047619047
PFC,Mar 2017,Group D,asset_turnover,0.1062700115975756,0.15714285714285714
PFC,Mar 2018,Group D,asset_turnover,0.0930547661287081,0.10952380952380952
PFC,Mar 2019,Group D,asset_turnover,0.0860369965763934,0.06666666666666667
PFC,Mar 2020,Group D,asset_turnover,0.0895422888580762,0.09523809523809523
PFC,Mar 2021,Group D,asset_turnover,0.0923750849225287,0.10476190476190476
PFC,Mar 2022,Group D,asset_turnover,0.0964121365360303,0.12857142857142856
PFC,Mar 2023,Group D,asset_turnover,0.0866900566000678,0.08095238095238096
PFC,Mar 2024,Group D,asset_turnover,0.0880835748601615,0.08571428571428572
PIDILITIND,Mar 2013,Group D,asset_turnover,1.4059633027522935,0.7904761904761904
PIDILITIND,Mar 2014,Group D,asset_turnover,1.462773224043716,0.8238095238095238
PIDILITIND,Mar 2015,Group D,asset_turnover,1.461236802413273,0.819047619047619
PIDILITIND,Mar 2016,Group D,asset_turnover,1.4434571890145396,0.8142857142857143
PIDILITIND,Mar 2017,Group D,asset_turnover,1.1775681341719078,0.680952380952381
PIDILITIND,Mar 2018,Group D,asset_turnover,1.169070975187536,0.6714285714285714
PIDILITIND,Mar 2019,Group D,asset_turnover,1.1988482384823849,0.7
PIDILITIND,Mar 2020,Group D,asset_turnover,1.11819714855128,0.638095238095238
PIDILITIND,Mar 2021,Group D,asset_turnover,0.827433628318584,0.5904761904761905
PIDILITIND,Mar 2022,Group D,asset_turnover,1.044975774173162,0.6333333333333333
PIDILITIND,Mar 2023,Group D,asset_turnover,1.1231794383626843,0.6476190476190476
PIDILITIND,Mar 2024,Group D,asset_turnover,1.0254223252732693,0.6238095238095238
PNB,Mar 2013,Group D,asset_turnover,5.626518615284128,0.9428571428571428
PNB,Mar 2014,Group D,asset_turnover,3.895840554592721,0.9380952380952381
PNB,Mar 2015,Group D,asset_turnover,2.5589703178355663,0.9333333333333333
PNB,Mar 2016,Group D,asset_turnover,1.7122442789255503,0.8761904761904762
PNB,Mar 2017,Group D,asset_turnover,1.1186685288640597,0.6428571428571429
PNB,Mar 2018,Group D,asset_turnover,0.7731917864737059,0.580952380952381
PNB,Mar 2019,Group D,asset_turnover,0.6226507462686567,0.5333333333333333
PNB,Mar 2020,Group D,asset_turnover,0.6962750716332379,0.5571428571428572
PNB,Mar 2021,Group D,asset_turnover,1.1486268627423493,0.6571428571428571
PNB,Mar 2022,Group D,asset_turnover,1.161358131883197,0.6666666666666666
PNB,Mar 2023,Group D,asset_turnover,1.299977546590824,0.7333333333333333
PNB,Mar 2024,Group D,asset_turnover,1.5070262950629396,0.8428571428571429
POWERGRID,Mar 2013,Group D,asset_turnover,0.1153690115007408,0.2
POWERGRID,Mar 2014,Group D,asset_turnover,0.1099448685326548,0.17142857142857143
POWERGRID,Mar 2015,Group D,asset_turnover,0.1090904567618668,0.1619047619047619
POWERGRID,Mar 2016,Group D,asset_turnover,0.1151735522441331,0.19523809523809524
POWERGRID,Mar 2017,Group D,asset_turnover,0.1313336263556541,0.23333333333333334
POWERGRID,Mar 2018,Group D,asset_turnover,0.1329197617969949,0.24285714285714285
POWERGRID,Mar 2019,Group D,asset_turnover,0.1417212385803217,0.2761904761904762
POWERGRID,Mar 2020,Group D,asset_turnover,0.147052062757382,0.2857142857142857
POWERGRID,Mar 2021,Group D,asset_turnover,0.1550205703380418,0.2904761904761905
POWERGRID,Mar 2022,Group D,asset_turnover,0.165857740585774,0.3
POWERGRID,Mar 2023,Group D,asset_turnover,0.1808028545941124,0.3333333333333333
POWERGRID,Mar 2024,Group D,asset_turnover,0.1827659481160471,0.3380952380952381
RECLTD,Mar 2013,Group D,asset_turnover,0.1044190855479819,0.1523809523809524
RECLTD,Mar 2014,Group D,asset_turnover,0.1126098441259546,0.18571428571428572
RECLTD,Mar 2015,Group D,asset_turnover,0.1119832548403977,0.18095238095238095
RECLTD,Mar 2016,Group D,asset_turnover,0.1165768682500181,0.20952380952380953
RECLTD,Mar 2017,Group D,asset_turnover,0.1157601845466003,0.20476190476190476
RECLTD,Mar 2018,Group D,asset_turnover,0.0934851673061847,0.11428571428571428
RECLTD,Mar 2019,Group D,asset_turnover,0.0851320471496445,0.06190476190476191
RECLTD,Mar 2020,Group D,asset_turnover,0.0862807250093651,0.07142857142857142
RECLTD,Mar 2021,Group D,asset_turnover,0.0887002422249773,0.09047619047619047
RECLTD,Mar 2022,Group D,asset_turnover,0.095594606435282,0.12380952380952381
RECLTD,Mar 2023,Group D,asset_turnover,0.084824372775256,0.05714285714285714
RECLTD,Mar 2024,Group D,asset_turnover,0.0866796426792851,0.0761904761904762
RELIANCE,Mar 2013,Group E,roe_calculated,11.472357254675783,0.40930232558139534
RELIANCE,Mar 2014,Group E,roe_calculated,11.348502921680836,0.4046511627906977
RELIANCE,Mar 2015,Group E,roe_calculated,10.81927148408002,0.3627906976744186
RELIANCE,Mar 2016,Group E,roe_calculated,12.89580058387604,0.46511627906976744
RELIANCE,Mar 2017,Group E,roe_calculated,11.31284863239404,0.4
RELIANCE,Mar 2018,Group E,roe_calculated,12.292764032081116,0.4372093023255814
RELIANCE,Mar 2019,Group E,roe_calculated,10.290820227737708,0.33488372093023255
RELIANCE,Mar 2020,Group E,roe_calculated,8.878677370949715,0.2744186046511628
RELIANCE,Mar 2021,Group E,roe_calculated,7.675114114817502,0.2186046511627907
RELIANCE,Mar 2022,Group E,roe_calculated,8.703823678454365,0.2651162790697674
RELIANCE,Mar 2023,Group E,roe_calculated,10.349336194179966,0.3395348837209302
RELIANCE,Mar 2024,Group E,roe_calculated,9.958650553699458,0.3302325581395349
SBILIFE,Mar 2013,Group E,roe_calculated,23.026315789473685,0.8186046511627907
SBILIFE,Mar 2014,Group E,roe_calculated,21.69249106078665,0.7767441860465116
SBILIFE,Mar 2015,Group E,roe_calculated,20.09368836291913,0.7209302325581395
SBILIFE,Mar 2016,Group E,roe_calculated,17.832241707162478,0.6837209302325581
SBILIFE,Mar 2017,Group E,roe_calculated,17.201008645533143,0.641860465116279
SBILIFE,Mar 2018,Group E,roe_calculated,17.61642156862745,0.6697674418604651
SBILIFE,Mar 2019,Group E,roe_calculated,17.51583949313622,0.6651162790697674
SBILIFE,Mar 2020,Group E,roe_calculated,16.264440123527393,0.6186046511627907
SBILIFE,Mar 2021,Group E,roe_calculated,14.000000000000002,0.5255813953488372
SBILIFE,Mar 2022,Group E,roe_calculated,12.958182756840475,0.4697674418604651
SBILIFE,Mar 2023,Group E,roe_calculated,13.220156706099248,0.4883720930232558
SBILIFE,Mar 2024,Group E,roe_calculated,12.704588140595655,0.4511627906976744
SHREECEM,Jun 2013,Group E,roe_calculated,26.11862643080125,0.8651162790697674
SHREECEM,Jun 2014,Group E,roe_calculated,16.705582678836763,0.6325581395348837
SHREECEM,Jun 2015,Group E,roe_calculated,8.074298711144806,0.2372093023255814
SHREECEM,Mar 2017,Group E,roe_calculated,17.394128345024683,0.6558139534883721
SHREECEM,Mar 2018,Group E,roe_calculated,15.55580532763853,0.5906976744186047
SHREECEM,Mar 2019,Group E,roe_calculated,10.495295212490952,0.3488372093023256
SHREECEM,Mar 2020,Group E,roe_calculated,11.72450451818665,0.42790697674418604
SHREECEM,Mar 2021,Group E,roe_calculated,15.17828148340586,0.5813953488372093
SHREECEM,Mar 2022,Group E,roe_calculated,7.268041237113403,0.20465116279069767
SHREECEM,Mar 2023,Group E,roe_calculated,12.711955355226442,0.4558139534883721
SHREECEM,Mar 2024,Group E,roe_calculated,8.370767521615225,0.2558139534883721
SHRIRAMFIN,Mar 2013,Group E,roe_calculated,19.937312619242302,0.7069767441860465
SHRIRAMFIN,Mar 2014,Group E,roe_calculated,15.957696827262044,0.6046511627906976
SHRIRAMFIN,Mar 2015,Group E,roe_calculated,11.094323332613858,0.3813953488372093
SHRIRAMFIN,Mar 2016,Group E,roe_calculated,11.635220125786164,0.4232558139534884
SHRIRAMFIN,Mar 2017,Group E,roe_calculated,11.17190257677374,0.39069767441860465
SHRIRAMFIN,Mar 2018,Group E,roe_calculated,18.619430241051862,0.6930232558139535
SHRIRAMFIN,Mar 2019,Group E,roe_calculated,16.13731754682704,0.6139534883720931
SHRIRAMFIN,Mar 2020,Group E,roe_calculated,13.84632344835189,0.5209302325581395
SHRIRAMFIN,Mar 2021,Group E,roe_calculated,11.50711424229866,0.413953488372093
SHRIRAMFIN,Mar 2022,Group E,roe_calculated,10.427284920482853,0.34418604651162793
SHRIRAMFIN,Mar 2023,Group E,roe_calculated,13.835263835263836,0.5162790697674419
SHRIRAMFIN,Mar 2024,Group E,roe_calculated,15.116350338120824,0.5720930232558139
SIEMENS,Sep 2011,Group E,roe_calculated,22.746331236897277,0.7953488372093023
SIEMENS,Sep 2014,Group E,roe_calculated,13.782857142857145,0.5116279069767442
SIEMENS,Sep 2015,Group E,roe_calculated,22.94313074066836,0.8093023255813954
SIEMENS,Sep 2016,Group E,roe_calculated,42.83404380420402,0.9813953488372092
SIEMENS,Sep 2017,Group E,roe_calculated,14.785435630689204,0.5534883720930233
SIEMENS,Sep 2018,Group E,roe_calculated,10.85672972647307,0.3674418604651163
SIEMENS,Sep 2019,Group E,roe_calculated,12.144988396507902,0.4325581395348837
SIEMENS,Sep 2020,Group E,roe_calculated,8.1015592077539,0.24186046511627907
SIEMENS,Sep 2021,Group E,roe_calculated,10.52478979414323,0.35348837209302325
SIEMENS,Sep 2022,Group E,roe_calculated,13.290267011197244,0.5069767441860465
SIEMENS,Sep 2023,Group E,roe_calculated,14.991976770841292,0.5627906976744186
SIEMENS,Sep 2024,Group E,roe_calculated,17.698769290877124,0.6790697674418604
SUNPHARMA,Mar 2013,Group E,roe_calculated,23.14209472981988,0.8232558139534883
SUNPHARMA,Mar 2014,Group E,roe_calculated,20.939271255060728,0.7302325581395349
SUNPHARMA,Mar 2015,Group E,roe_calculated,21.358920352601608,0.7488372093023256
SUNPHARMA,Mar 2016,Group E,roe_calculated,17.154291604766094,0.6372093023255814
SUNPHARMA,Mar 2017,Group E,roe_calculated,21.413755458515286,0.7534883720930232
SUNPHARMA,Mar 2018,Group E,roe_calculated,6.634650519392389,0.17209302325581396
SUNPHARMA,Mar 2019,Group E,roe_calculated,7.747108116593012,0.22325581395348837
SUNPHARMA,Mar 2020,Group E,roe_calculated,9.216834198608195,0.3023255813953488
SUNPHARMA,Mar 2021,Group E,roe_calculated,4.889912403417773,0.12558139534883722
SUNPHARMA,Mar 2022,Group E,roe_calculated,7.0587990252233865,0.19069767441860466
SUNPHARMA,Mar 2023,Group E,roe_calculated,15.20314313778016,0.586046511627907
SUNPHARMA,Mar 2024,Group E,roe_calculated,15.094161810671148,0.5674418604651162
TATACONSUM,Mar 2013,Group E,roe_calculated,9.251559251559252,0.3116279069767442
TATACONSUM,Mar 2014,Group E,roe_calculated,8.719439220379552,0.26976744186046514
TATACONSUM,Mar 2015,Group E,roe_calculated,4.96996176952485,0.13023255813953488
TATACONSUM,Mar 2016,Group E,roe_calculated,-0.5922842964623019,0.07441860465116279
TATACONSUM,Mar 2017,Group E,roe_calculated,7.262569832402235,0.2
TATACONSUM,Mar 2018,Group E,roe_calculated,7.907836723083488,0.23255813953488372
TATACONSUM,Mar 2019,Group E,roe_calculated,6.232951445717403,0.15813953488372093
TATACONSUM,Mar 2020,Group E,roe_calculated,3.329714078899747,0.10697674418604651
TATACONSUM,Mar 2021,Group E,roe_calculated,6.398789046374019,0.16279069767441862
TATACONSUM,Mar 2022,Group E,roe_calculated,6.703209615638621,0.17674418604651163
TATACONSUM,Mar 2023,Group E,roe_calculated,8.109602506604412,0.24651162790697675
TATACONSUM,Mar 2024,Group E,roe_calculated,7.566793298872766,0.21395348837209302
TATAMOTORS,Mar 2013,Group E,roe_calculated,26.505832026994717,0.8790697674418605
TATAMOTORS,Mar 2014,Group E,roe_calculated,21.416377050179864,0.7581395348837209
TATAMOTORS,Mar 2015,Group E,roe_calculated,25.013330489495573,0.8604651162790697
TATAMOTORS,Mar 2016,Group E,roe_calculated,14.791265579086026,0.5581395348837209
TATAMOTORS,Mar 2017,Group E,roe_calculated,13.015397333884469,0.4790697674418605
TATAMOTORS,Mar 2018,Group E,roe_calculated,9.526554051221863,0.3209302325581395
TATAMOTORS,Mar 2019,Group E,roe_calculated,-47.73093604081158,0.004651162790697674
TATAMOTORS,Mar 2020,Group E,roe_calculated,-18.984131010320397,0.027906976744186046
TATAMOTORS,Mar 2021,Group E,roe_calculated,-24.245660397849655,0.013953488372093023
TATAMOTORS,Mar 2022,Group E,roe_calculated,-25.378694374004173,0.009302325581395349
TATAMOTORS,Mar 2023,Group E,roe_calculated,5.935307356250828,0.15348837209302327
TATAMOTORS,Mar 2024,Group E,roe_calculated,37.45613415294755,0.958139534883721
TATAPOWER,Mar 2013,Group E,roe_calculated,0.9971625456019456,0.08372093023255814
TATAPOWER,Mar 2014,Group E,roe_calculated,0.0967663898072736,0.07906976744186046
TATAPOWER,Mar 2015,Group E,roe_calculated,3.1917865623690456,0.10232558139534884
TATAPOWER,Mar 2016,Group E,roe_calculated,6.7566405914209575,0.18604651162790697
TATAPOWER,Mar 2017,Group E,roe_calculated,8.32450431360678,0.25116279069767444
TATAPOWER,Mar 2018,Group E,roe_calculated,15.92170254283798,0.6
TATAPOWER,Mar 2019,Group E,roe_calculated,14.236547391423109,0.5348837209302325
TATAPOWER,Mar 2020,Group E,roe_calculated,6.725953184094859,0.1813953488372093
TATAPOWER,Mar 2021,Group E,roe_calculated,6.446266182860727,0.16744186046511628
TATAPOWER,Mar 2022,Group E,roe_calculated,9.60698689956332,0.32558139534883723
TATAPOWER,Mar 2023,Group E,roe_calculated,13.23468111713214,0.5023255813953489
TATAPOWER,Mar 2024,Group E,roe_calculated,13.227840276919272,0.4930232558139535
TATASTEEL,Mar 2013,Group E,roe_calculated,-21.280580592297788,0.018604651162790697
TATASTEEL,Mar 2014,Group E,roe_calculated,9.042238231520772,0.28837209302325584
TATASTEEL,Mar 2015,Group E,roe_calculated,-12.564994098695331,0.03255813953488372
TATASTEEL,Mar 2016,Group E,roe_calculated,-1.136467575230952,0.06976744186046512
TATASTEEL,Mar 2017,Group E,roe_calculated,-11.023559586451254,0.037209302325581395
TATASTEEL,Mar 2018,Group E,roe_calculated,29.14852721328712,0.8930232558139535
TATASTEEL,Mar 2019,Group E,roe_calculated,13.234675371780922,0.49767441860465117
TATASTEEL,Mar 2020,Group E,roe_calculated,1.5956290094596066,0.09302325581395349
TATASTEEL,Mar 2021,Group E,roe_calculated,11.031937391398053,0.37209302325581395
TATASTEEL,Mar 2022,Group E,roe_calculated,36.48016916718366,0.9395348837209302
TATASTEEL,Mar 2023,Group E,roe_calculated,7.833569391358336,0.22790697674418606
TATASTEEL,Mar 2024,Group E,roe_calculated,-5.334926929972293,0.05581395348837209
TCS,Mar 2013,Group E,roe_calculated,36.51740777253152,0.9441860465116279
TCS,Mar 2014,Group E,roe_calculated,39.29667649151337,0.9720930232558139
TCS,Mar 2015,Group E,roe_calculated,39.61686580428557,0.9767441860465116
TCS,Mar 2016,Group E,roe_calculated,34.2441467807294,0.9209302325581395
TCS,Mar 2017,Group E,roe_calculated,30.571600900085837,0.9069767441860465
TCS,Mar 2018,Group E,roe_calculated,30.40127807536885,0.9023255813953488
TCS,Mar 2019,Group E,roe_calculated,35.28609440332715,0.9302325581395349
TCS,Mar 2020,Group E,roe_calculated,38.56952666238737,0.9674418604651163
TCS,Mar 2021,Group E,roe_calculated,37.67311096456215,0.9627906976744186
TCS,Mar 2022,Group E,roe_calculated,43.13375739014349,0.986046511627907
TCS,Mar 2023,Group E,roe_calculated,46.7829337344068,0.9906976744186047
TCS,Mar 2024,Group E,roe_calculated,50.944313673485176,1.0
TECHM,Mar 2013,Group E,roe_calculated,24.087725764835973,0.8418604651162791
TECHM,Mar 2014,Group E,roe_calculated,33.34785449793073,0.9162790697674419
TECHM,Mar 2015,Group E,roe_calculated,21.70966688438929,0.7813953488372093
TECHM,Mar 2016,Group E,roe_calculated,20.745665136042764,0.7255813953488373
TECHM,Mar 2017,Group E,roe_calculated,17.34501429701284,0.6465116279069767
TECHM,Mar 2018,Group E,roe_calculated,20.092341983760548,0.7162790697674418
TECHM,Mar 2019,Group E,roe_calculated,21.143702243036728,0.7395348837209302
TECHM,Mar 2020,Group E,roe_calculated,17.865493054600467,0.6883720930232559
TECHM,Mar 2021,Group E,roe_calculated,17.506535290569072,0.6604651162790698
TECHM,Mar 2022,Group E,roe_calculated,20.940266309603512,0.7348837209302326
TECHM,Mar 2023,Group E,roe_calculated,17.3936398796734,0.6511627906976745
TECHM,Mar 2024,Group E,roe_calculated,8.987963553189097,0.2837209302325581
TITAN,Mar 2013,Group E,roe_calculated,36.80203045685279,0.9488372093023256
TITAN,Mar 2014,Group E,roe_calculated,29.131985731272295,0.8883720930232558
TITAN,Mar 2015,Group E,roe_calculated,26.4591439688716,0.8744186046511628
TITAN,Mar 2016,Group E,roe_calculated,19.24721984602224,0.6976744186046512
TITAN,Mar 2017,Group E,roe_calculated,16.46586345381526,0.6232558139534884
TITAN,Mar 2018,Group E,roe_calculated,21.650294695481332,0.772093023255814
TITAN,Mar 2019,Group E,roe_calculated,22.8830313014827,0.8046511627906977
TITAN,Mar 2020,Group E,roe_calculated,22.38716449242765,0.7906976744186046
TITAN,Mar 2021,Group E,roe_calculated,12.99186341203148,0.4744186046511628
TITAN,Mar 2022,Group E,roe_calculated,23.6267870579383,0.8325581395348837
TITAN,Mar 2023,Group E,roe_calculated,27.626360644671337,0.8837209302325582
TITAN,Mar 2024,Group E,roe_calculated,37.2192057915469,0.9534883720930233
TORNTPHARM,Mar 2013,Group E,roe_calculated,30.590717299578056,0.9116279069767442
TORNTPHARM,Mar 2014,Group E,roe_calculated,34.8922753547031,0.9255813953488372
TORNTPHARM,Mar 2015,Group E,roe_calculated,30.148534725010038,0.8976744186046511
TORNTPHARM,Mar 2016,Group E,roe_calculated,49.59931310818546,0.9953488372093023
TORNTPHARM,Mar 2017,Group E,roe_calculated,21.466329579407034,0.7674418604651163
TORNTPHARM,Mar 2018,Group E,roe_calculated,14.665801427644388,0.5441860465116279
TORNTPHARM,Mar 2019,Group E,roe_calculated,9.227513227513228,0.30697674418604654
TORNTPHARM,Mar 2020,Group E,roe_calculated,21.24792703150912,0.7441860465116279
TORNTPHARM,Mar 2021,Group E,roe_calculated,21.44570058239123,0.7627906976744186
TORNTPHARM,Mar 2022,Group E,roe_calculated,13.052242566773057,0.48372093023255813
TORNTPHARM,Mar 2023,Group E,roe_calculated,20.087124878993222,0.7116279069767442
TORNTPHARM,Mar 2024,Group E,roe_calculated,24.15402567094516,0.8465116279069768
TRENT,Mar 2013,Group E,roe_calculated,-2.1933387489845653,0.06046511627906977
TRENT,Mar 2014,Group E,roe_calculated,-1.917255297679112,0.06511627906976744
TRENT,Mar 2015,Group E,roe_calculated,9.071729957805909,0.29767441860465116
TRENT,Mar 2016,Group E,roe_calculated,3.756830601092896,0.11162790697674418
TRENT,Mar 2017,Group E,roe_calculated,5.494505494505495,0.13953488372093023
TRENT,Mar 2018,Group E,roe_calculated,5.454545454545454,0.13488372093023257
TRENT,Mar 2019,Group E,roe_calculated,5.771567436208992,0.14418604651162792
TRENT,Mar 2020,Group E,roe_calculated,4.438860971524288,0.12093023255813953
TRENT,Mar 2021,Group E,roe_calculated,-7.825335062689148,0.05116279069767442
TRENT,Mar 2022,Group E,roe_calculated,1.4805414551607443,0.08837209302325581
TRENT,Mar 2023,Group E,roe_calculated,15.17719568567026,0.5767441860465117
TRENT,Mar 2024,Group E,roe_calculated,36.30776794493609,0.9348837209302325
TVSMOTOR,Mar 2013,Group E,roe_calculated,22.024471635150167,0.786046511627907
TVSMOTOR,Mar 2014,Group E,roe_calculated,16.1068044788975,0.6093023255813953
TVSMOTOR,Mar 2015,Group E,roe_calculated,24.754716981132077,0.8511627906976744
TVSMOTOR,Mar 2016,Group E,roe_calculated,23.58438702583837,0.827906976744186
TVSMOTOR,Mar 2017,Group E,roe_calculated,22.95895354082093,0.813953488372093
TVSMOTOR,Mar 2018,Group E,roe_calculated,24.8319641523525,0.8558139534883721
TVSMOTOR,Mar 2019,Group E,roe_calculated,22.863450015767896,0.8
TVSMOTOR,Mar 2020,Group E,roe_calculated,19.70758452634785,0.7023255813953488
TVSMOTOR,Mar 2021,Group E,roe_calculated,15.88711784687745,0.5953488372093023
TVSMOTOR,Mar 2022,Group E,roe_calculated,16.613636363636363,0.627906976744186
TVSMOTOR,Mar 2023,Group E,roe_calculated,23.77838328792007,0.8372093023255814
TVSMOTOR,Mar 2024,Group E,roe_calculated,26.22346698113208,0.8697674418604651
ULTRACEMCO,Mar 2013,Group E,roe_calculated,17.650535163175523,0.6744186046511628
ULTRACEMCO,Mar 2014,Group E,roe_calculated,12.879757886159934,0.4604651162790698
ULTRACEMCO,Mar 2015,Group E,roe_calculated,11.03933616931884,0.3767441860465116
ULTRACEMCO,Mar 2016,Group E,roe_calculated,11.300979722032354,0.3953488372093023
ULTRACEMCO,Mar 2017,Group E,roe_calculated,11.126598884880288,0.386046511627907
ULTRACEMCO,Mar 2018,Group E,roe_calculated,8.429990144795694,0.26046511627906976
ULTRACEMCO,Mar 2019,Group E,roe_calculated,7.110900417765399,0.19534883720930232
ULTRACEMCO,Mar 2020,Group E,roe_calculated,14.729535908206126,0.5488372093023256
ULTRACEMCO,Mar 2021,Group E,roe_calculated,12.364459535936616,0.4418604651162791
ULTRACEMCO,Mar 2022,Group E,roe_calculated,14.54120072963756,0.5395348837209303
ULTRACEMCO,Mar 2023,Group E,roe_calculated,9.3382420616659,0.31627906976744186
ULTRACEMCO,Mar 2024,Group E,roe_calculated,11.629142591485689,0.4186046511627907
UNIONBANK,Mar 2013,Group E,roe_calculated,12.391015647554708,0.44651162790697674
UNIONBANK,Mar 2014,Group E,roe_calculated,9.053343350864012,0.2930232558139535
UNIONBANK,Mar 2015,Group E,roe_calculated,8.899944720840242,0.27906976744186046
UNIONBANK,Mar 2016,Group E,roe_calculated,5.844324887191947,0.14883720930232558
UNIONBANK,Mar 2017,Group E,roe_calculated,2.378284148922924,0.09767441860465116
UNIONBANK,Mar 2018,Group E,roe_calculated,-20.639949310945667,0.023255813953488372
UNIONBANK,Mar 2019,Group E,roe_calculated,-10.888358920852587,0.04186046511627907
UNIONBANK,Mar 2020,Group E,roe_calculated,-9.182112385995882,0.046511627906976744
UNIONBANK,Mar 2021,Group E,roe_calculated,4.422441224628503,0.11627906976744186
UNIONBANK,Mar 2022,Group E,roe_calculated,7.430039090614018,0.20930232558139536
UNIONBANK,Mar 2023,Group E,roe_calculated,10.801482158266078,0.3581395348837209
UNIONBANK,Mar 2024,Group E,roe_calculated,14.136560175413432,0.5302325581395348
RELIANCE,Mar 2013,Group E,roce_calculated,11.461451772368063,0.3302325581395349
RELIANCE,Mar 2014,Group E,roce_calculated,10.352706194732225,0.27906976744186046
RELIANCE,Mar 2015,Group E,roce_calculated,9.682999353587588,0.2558139534883721
RELIANCE,Mar 2016,Group E,roce_calculated,9.801534238862692,0.26046511627906976
RELIANCE,Mar 2017,Group E,roce_calculated,9.623553567865931,0.25116279069767444
RELIANCE,Mar 2018,Group E,roce_calculated,12.05870827544441,0.35348837209302325
RELIANCE,Mar 2019,Group E,roce_calculated,12.125337854369295,0.3581395348837209
RELIANCE,Mar 2020,Group E,roce_calculated,11.098608850688612,0.3116279069767442
RELIANCE,Mar 2021,Group E,roce_calculated,8.251168890059992,0.19534883720930232
RELIANCE,Mar 2022,Group E,roce_calculated,9.883192265367368,0.2651162790697674
RELIANCE,Mar 2023,Group E,roce_calculated,12.189602718888326,0.3674418604651163
RELIANCE,Mar 2024,Group E,roce_calculated,12.974182257168223,0.4
SBILIFE,Mar 2013,Group E,roce_calculated,15.60672514619883,0.5023255813953489
SBILIFE,Mar 2014,Group E,roce_calculated,15.226460071513706,0.48372093023255813
SBILIFE,Mar 2015,Group E,roce_calculated,19.57593688362919,0.6511627906976745
SBILIFE,Mar 2016,Group E,roce_calculated,19.437988590745828,0.6325581395348837
SBILIFE,Mar 2017,Group E,roce_calculated,19.23631123919308,0.6232558139534884
SBILIFE,Mar 2018,Group E,roce_calculated,20.40441176470588,0.6883720930232559
SBILIFE,Mar 2019,Group E,roce_calculated,19.456177402323124,0.641860465116279
SBILIFE,Mar 2020,Group E,roce_calculated,15.452361889511607,0.49767441860465117
SBILIFE,Mar 2021,Group E,roce_calculated,8.384615384615385,0.2
SBILIFE,Mar 2022,Group E,roce_calculated,6.281190844949235,0.18604651162790697
SBILIFE,Mar 2023,Group E,roce_calculated,0.937163926870487,0.07441860465116279
SBILIFE,Mar 2024,Group E,roce_calculated,1.650120740541991,0.07906976744186046
SHREECEM,Jun 2013,Group E,roce_calculated,30.416991426344502,0.8744186046511628
SHREECEM,Jun 2014,Group E,roce_calculated,23.515479614278465,0.7767441860465116
SHREECEM,Jun 2015,Group E,roce_calculated,21.701921524301632,0.7255813953488373
SHREECEM,Mar 2017,Group E,roce_calculated,27.95017239461684,0.8558139534883721
SHREECEM,Mar 2018,Group E,roce_calculated,20.10569105691057,0.6744186046511628
SHREECEM,Mar 2019,Group E,roce_calculated,22.42263908930576,0.7441860465116279
SHREECEM,Mar 2020,Group E,roce_calculated,23.113699049954032,0.7581395348837209
SHREECEM,Mar 2021,Group E,roce_calculated,23.20871390480513,0.7674418604651163
SHREECEM,Mar 2022,Group E,roce_calculated,18.939200571749453,0.6139534883720931
SHREECEM,Mar 2023,Group E,roce_calculated,13.857029165301247,0.4372093023255814
SHREECEM,Mar 2024,Group E,roce_calculated,20.206628203408023,0.6837209302325581
SHRIRAMFIN,Mar 2013,Group E,roce_calculated,5.350653177487477,0.1813953488372093
SHRIRAMFIN,Mar 2014,Group E,roce_calculated,4.240560033941451,0.14883720930232558
SHRIRAMFIN,Mar 2015,Group E,roce_calculated,3.02174728829006,0.09767441860465116
SHRIRAMFIN,Mar 2016,Group E,roce_calculated,3.0417236433979253,0.10232558139534884
SHRIRAMFIN,Mar 2017,Group E,roce_calculated,3.0615413277029124,0.11162790697674418
SHRIRAMFIN,Mar 2018,Group E,roce_calculated,3.970945826071529,0.13488372093023257
SHRIRAMFIN,Mar 2019,Group E,roce_calculated,3.6591353235076096,0.12558139534883722
SHRIRAMFIN,Mar 2020,Group E,roce_calculated,3.1583050577176928,0.11627906976744186
SHRIRAMFIN,Mar 2021,Group E,roce_calculated,2.652362723466627,0.08837209302325581
SHRIRAMFIN,Mar 2022,Group E,roce_calculated,2.601088398691651,0.08372093023255814
SHRIRAMFIN,Mar 2023,Group E,roce_calculated,4.236113117074439,0.14418604651162792
SHRIRAMFIN,Mar 2024,Group E,roce_calculated,4.304889074344531,0.15348837209302327
SIEMENS,Sep 2011,Group E,roce_calculated,30.68658280922432,0.8790697674418605
SIEMENS,Sep 2014,Group E,roce_calculated,2.72,0.09302325581395349
SIEMENS,Sep 2015,Group E,roce_calculated,19.40879035394788,0.627906976744186
SIEMENS,Sep 2016,Group E,roce_calculated,14.953134153485648,0.4697674418604651
SIEMENS,Sep 2017,Group E,roce_calculated,13.732119635890768,0.4325581395348837
SIEMENS,Sep 2018,Group E,roce_calculated,15.98987829859019,0.5209302325581395
SIEMENS,Sep 2019,Group E,roce_calculated,16.465907835119904,0.5441860465116279
SIEMENS,Sep 2020,Group E,roce_calculated,10.566793088916985,0.3023255813953488
SIEMENS,Sep 2021,Group E,roce_calculated,14.027630180658871,0.4511627906976744
SIEMENS,Sep 2022,Group E,roce_calculated,15.773405698778834,0.5069767441860465
SIEMENS,Sep 2023,Group E,roce_calculated,18.752827627808777,0.6093023255813953
SIEMENS,Sep 2024,Group E,roce_calculated,19.85162445638271,0.6651162790697674
SUNPHARMA,Mar 2013,Group E,roce_calculated,31.37049180327869,0.8930232558139535
SUNPHARMA,Mar 2014,Group E,roce_calculated,33.21160959878593,0.9162790697674419
SUNPHARMA,Mar 2015,Group E,roce_calculated,22.792631518161343,0.7488372093023256
SUNPHARMA,Mar 2016,Group E,roce_calculated,19.705882352941178,0.6604651162790698
SUNPHARMA,Mar 2017,Group E,roce_calculated,21.737820623170943,0.7302325581395349
SUNPHARMA,Mar 2018,Group E,roce_calculated,11.562865767264215,0.3395348837209302
SUNPHARMA,Mar 2019,Group E,roce_calculated,12.281647824663445,0.37209302325581395
SUNPHARMA,Mar 2020,Group E,roce_calculated,13.03284807764091,0.4046511627906977
SUNPHARMA,Mar 2021,Group E,roce_calculated,16.82826035126758,0.5534883720930233
SUNPHARMA,Mar 2022,Group E,roce_calculated,20.806880184986102,0.6976744186046512
SUNPHARMA,Mar 2023,Group E,roce_calculated,18.527059048043128,0.5953488372093023
SUNPHARMA,Mar 2024,Group E,roce_calculated,19.446975695015013,0.6372093023255814
TATACONSUM,Mar 2013,Group E,roce_calculated,12.421358283594127,0.3813953488372093
TATACONSUM,Mar 2014,Group E,roce_calculated,10.319747495540003,0.2744186046511628
TATACONSUM,Mar 2015,Group E,roce_calculated,11.61801378905677,0.34418604651162793
TATACONSUM,Mar 2016,Group E,roce_calculated,4.815155900539403,0.16744186046511628
TATACONSUM,Mar 2017,Group E,roce_calculated,11.216676120249575,0.3209302325581395
TATACONSUM,Mar 2018,Group E,roce_calculated,10.359303617730584,0.2837209302325581
TATACONSUM,Mar 2019,Group E,roce_calculated,9.276525433730674,0.22325581395348837
TATACONSUM,Mar 2020,Group E,roce_calculated,8.389065645087982,0.20465116279069767
TATACONSUM,Mar 2021,Group E,roce_calculated,9.549727857496288,0.24186046511627907
TATACONSUM,Mar 2022,Group E,roce_calculated,10.384197172888728,0.2930232558139535
TATACONSUM,Mar 2023,Group E,roce_calculated,10.38205515466801,0.28837209302325584
TATACONSUM,Mar 2024,Group E,roce_calculated,11.692433705334288,0.3488372093023256
TATAMOTORS,Mar 2013,Group E,roce_calculated,26.924129475769814,0.8372093023255814
TATAMOTORS,Mar 2014,Group E,roce_calculated,27.607211317586295,0.8511627906976744
TATAMOTORS,Mar 2015,Group E,roce_calculated,30.21359492423309,0.8697674418604651
TATAMOTORS,Mar 2016,Group E,roce_calculated,25.88799287987486,0.8232558139534883
TATAMOTORS,Mar 2017,Group E,roce_calculated,21.650593417528867,0.7209302325581395
TATAMOTORS,Mar 2018,Group E,roce_calculated,17.06168848778054,0.5581395348837209
TATAMOTORS,Mar 2019,Group E,roce_calculated,14.826213977421643,0.4604651162790698
TATAMOTORS,Mar 2020,Group E,roce_calculated,9.574326518228322,0.24651162790697675
TATAMOTORS,Mar 2021,Group E,roce_calculated,16.357952760692683,0.5348837209302325
TATAMOTORS,Mar 2022,Group E,roce_calculated,12.941730799434584,0.3953488372093023
TATAMOTORS,Mar 2023,Group E,roce_calculated,17.73121185944771,0.5813953488372093
TATAMOTORS,Mar 2024,Group E,roce_calculated,30.98033093974399,0.8883720930232558
TATAPOWER,Mar 2013,Group E,roce_calculated,11.141645259573451,0.31627906976744186
TATAPOWER,Mar 2014,Group E,roce_calculated,13.15479134172785,0.413953488372093
TATAPOWER,Mar 2015,Group E,roce_calculated,11.47200728265817,0.33488372093023255
TATAPOWER,Mar 2016,Group E,roce_calculated,4.169803098133988,0.13953488372093023
TATAPOWER,Mar 2017,Group E,roce_calculated,8.823292331006465,0.21395348837209302
TATAPOWER,Mar 2018,Group E,roce_calculated,3.5314211854496214,0.12093023255813953
TATAPOWER,Mar 2019,Group E,roce_calculated,4.595051713041266,0.16279069767441862
TATAPOWER,Mar 2020,Group E,roce_calculated,9.517216301641913,0.23255813953488372
TATAPOWER,Mar 2021,Group E,roce_calculated,10.02593037910504,0.26976744186046514
TATAPOWER,Mar 2022,Group E,roce_calculated,9.548189089723916,0.2372093023255814
TATAPOWER,Mar 2023,Group E,roce_calculated,9.457722950398354,0.22790697674418606
TATAPOWER,Mar 2024,Group E,roce_calculated,12.476029984310536,0.39069767441860465
TATASTEEL,Mar 2013,Group E,roce_calculated,3.86072190144205,0.13023255813953488
TATASTEEL,Mar 2014,Group E,roce_calculated,13.24809063449055,0.4186046511627907
TATASTEEL,Mar 2015,Group E,roce_calculated,3.0423917893797414,0.10697674418604651
TATASTEEL,Mar 2016,Group E,roce_calculated,-0.4971404481422856,0.03255813953488372
TATASTEEL,Mar 2017,Group E,roce_calculated,10.87782311123617,0.30697674418604654
TATASTEEL,Mar 2018,Group E,roce_calculated,14.006848867453504,0.44651162790697674
TATASTEEL,Mar 2019,Group E,roce_calculated,17.272197053157456,0.5674418604651162
TATASTEEL,Mar 2020,Group E,roce_calculated,9.19569887943382,0.2186046511627907
TATASTEEL,Mar 2021,Group E,roce_calculated,18.74400884846995,0.6046511627906976
TATASTEEL,Mar 2022,Group E,roce_calculated,33.41508599818951,0.9209302325581395
TATASTEEL,Mar 2023,Group E,roce_calculated,17.183136055326507,0.5627906976744186
TATASTEEL,Mar 2024,Group E,roce_calculated,12.42093156986774,0.3767441860465116
TCS,Mar 2013,Group E,roce_calculated,46.40156386645404,0.9627906976744186
TCS,Mar 2014,Group E,roce_calculated,50.82235512810151,0.9813953488372092
TCS,Mar 2015,Group E,roce_calculated,48.0105112466417,0.9720930232558139
TCS,Mar 2016,Group E,roce_calculated,43.01498941346383,0.9441860465116279
TCS,Mar 2017,Group E,roce_calculated,37.35246176433187,0.9348837209302325
TCS,Mar 2018,Group E,roce_calculated,38.08609077598828,0.9395348837209302
TCS,Mar 2019,Group E,roce_calculated,44.136836930777136,0.9534883720930233
TCS,Mar 2020,Group E,roce_calculated,45.62188515709643,0.958139534883721
TCS,Mar 2021,Group E,roce_calculated,49.39720677505625,0.9767441860465116
TCS,Mar 2022,Group E,roce_calculated,54.72219643759605,0.9906976744186047
TCS,Mar 2023,Group E,roce_calculated,60.39933953033268,0.9953488372093023
TCS,Mar 2024,Group E,roce_calculated,65.26850065983149,1.0
TECHM,Mar 2013,Group E,roce_calculated,20.893329415221864,0.7023255813953488
TECHM,Mar 2014,Group E,roce_calculated,43.70874803562074,0.9488372093023256
TECHM,Mar 2015,Group E,roce_calculated,32.3833796725363,0.9069767441860465
TECHM,Mar 2016,Group E,roce_calculated,27.164902435913785,0.8418604651162791
TECHM,Mar 2017,Group E,roce_calculated,23.50165702409706,0.772093023255814
TECHM,Mar 2018,Group E,roce_calculated,22.17514124293785,0.7348837209302326
TECHM,Mar 2019,Group E,roce_calculated,28.14505632601768,0.8651162790697674
TECHM,Mar 2020,Group E,roce_calculated,21.594788682651178,0.7162790697674418
TECHM,Mar 2021,Group E,roce_calculated,24.47597781459339,0.8
TECHM,Mar 2022,Group E,roce_calculated,27.182754880694144,0.8465116279069768
TECHM,Mar 2023,Group E,roce_calculated,25.316331854943908,0.8186046511627907
TECHM,Mar 2024,Group E,roce_calculated,15.428336643155516,0.4930232558139535
TITAN,Mar 2013,Group E,roce_calculated,51.47208121827411,0.986046511627907
TITAN,Mar 2014,Group E,roce_calculated,31.44144144144144,0.8976744186046511
TITAN,Mar 2015,Group E,roce_calculated,36.212311557788944,0.9302325581395349
TITAN,Mar 2016,Group E,roce_calculated,25.939226519337016,0.827906976744186
TITAN,Mar 2017,Group E,roce_calculated,19.03515944399019,0.6186046511627907
TITAN,Mar 2018,Group E,roce_calculated,24.244211768175784,0.7906976744186046
TITAN,Mar 2019,Group E,roce_calculated,23.56138485170743,0.7813953488372093
TITAN,Mar 2020,Group E,roce_calculated,24.073893070081127,0.786046511627907
TITAN,Mar 2021,Group E,roce_calculated,13.132851161020175,0.40930232558139534
TITAN,Mar 2022,Group E,roce_calculated,20.1713113765231,0.6790697674418604
TITAN,Mar 2023,Group E,roce_calculated,23.008766141954943,0.7534883720930232
TITAN,Mar 2024,Group E,roce_calculated,21.23510292524377,0.7069767441860465
TORNTPHARM,Mar 2013,Group E,roce_calculated,32.95508274231678,0.9116279069767442
TORNTPHARM,Mar 2014,Group E,roce_calculated,31.4662273476112,0.9023255813953488
TORNTPHARM,Mar 2015,Group E,roce_calculated,19.49913974383483,0.6465116279069767
TORNTPHARM,Mar 2016,Group E,roce_calculated,46.749914471433456,0.9674418604651163
TORNTPHARM,Mar 2017,Group E,roce_calculated,20.069960647135986,0.6697674418604651
TORNTPHARM,Mar 2018,Group E,roce_calculated,12.169598556608028,0.3627906976744186
TORNTPHARM,Mar 2019,Group E,roce_calculated,18.42423116231534,0.5906976744186047
TORNTPHARM,Mar 2020,Group E,roce_calculated,20.456259426847662,0.6930232558139535
TORNTPHARM,Mar 2021,Group E,roce_calculated,23.15160567587752,0.7627906976744186
TORNTPHARM,Mar 2022,Group E,roce_calculated,24.25421530479896,0.7953488372093023
TORNTPHARM,Mar 2023,Group E,roce_calculated,24.56989712112043,0.8046511627906977
TORNTPHARM,Mar 2024,Group E,roce_calculated,30.96157381871668,0.8837209302325582
TRENT,Mar 2013,Group E,roce_calculated,0.3176620076238882,0.06511627906976744
TRENT,Mar 2014,Group E,roce_calculated,-0.7558578987150416,0.027906976744186046
TRENT,Mar 2015,Group E,roce_calculated,5.210183540556542,0.17674418604651163
TRENT,Mar 2016,Group E,roce_calculated,4.828326180257511,0.17209302325581396
TRENT,Mar 2017,Group E,roce_calculated,6.910778751933987,0.19069767441860466
TRENT,Mar 2018,Group E,roce_calculated,10.473313192346426,0.29767441860465116
TRENT,Mar 2019,Group E,roce_calculated,11.261682242990654,0.32558139534883723
TRENT,Mar 2020,Group E,roce_calculated,19.68005952380952,0.6558139534883721
TRENT,Mar 2021,Group E,roce_calculated,4.362801377726751,0.15813953488372093
TRENT,Mar 2022,Group E,roce_calculated,8.393285371702639,0.20930232558139536
TRENT,Mar 2023,Group E,roce_calculated,15.779036827195467,0.5116279069767442
TRENT,Mar 2024,Group E,roce_calculated,33.86016148428105,0.9255813953488372
TVSMOTOR,Mar 2013,Group E,roce_calculated,22.26741230299949,0.7395348837209302
TVSMOTOR,Mar 2014,Group E,roce_calculated,26.045526733721548,0.8325581395348837
TVSMOTOR,Mar 2015,Group E,roce_calculated,24.754500818330605,0.813953488372093
TVSMOTOR,Mar 2016,Group E,roce_calculated,28.144329896907216,0.8604651162790697
TVSMOTOR,Mar 2017,Group E,roce_calculated,24.688208616780045,0.8093023255813954
TVSMOTOR,Mar 2018,Group E,roce_calculated,16.3543618571726,0.5302325581395348
TVSMOTOR,Mar 2019,Group E,roce_calculated,17.347020611115564,0.5720930232558139
TVSMOTOR,Mar 2020,Group E,roce_calculated,15.221191340594324,0.4790697674418605
TVSMOTOR,Mar 2021,Group E,roce_calculated,13.94477071098338,0.4418604651162791
TVSMOTOR,Mar 2022,Group E,roce_calculated,13.620408365056608,0.42790697674418604
TVSMOTOR,Mar 2023,Group E,roce_calculated,14.443527850507516,0.4558139534883721
TVSMOTOR,Mar 2024,Group E,roce_calculated,16.773406526379993,0.5488372093023256
ULTRACEMCO,Mar 2013,Group E,roce_calculated,21.43901466483541,0.7116279069767442
ULTRACEMCO,Mar 2014,Group E,roce_calculated,16.459982051072856,0.5395348837209303
ULTRACEMCO,Mar 2015,Group E,roce_calculated,15.327329407689644,0.4883720930232558
ULTRACEMCO,Mar 2016,Group E,roce_calculated,15.051749024907096,0.4744186046511628
ULTRACEMCO,Mar 2017,Group E,roce_calculated,15.858333840443011,0.5162790697674419
ULTRACEMCO,Mar 2018,Group E,roce_calculated,13.398892329161397,0.4232558139534884
ULTRACEMCO,Mar 2019,Group E,roce_calculated,12.43399675060926,0.386046511627907
ULTRACEMCO,Mar 2020,Group E,roce_calculated,14.897765174097287,0.46511627906976744
ULTRACEMCO,Mar 2021,Group E,roce_calculated,17.55546787264394,0.5767441860465117
ULTRACEMCO,Mar 2022,Group E,roce_calculated,18.65068437677169,0.6
ULTRACEMCO,Mar 2023,Group E,roce_calculated,16.242754232751633,0.5255813953488372
ULTRACEMCO,Mar 2024,Group E,roce_calculated,18.105289609247396,0.586046511627907
UNIONBANK,Mar 2013,Group E,roce_calculated,0.1065895286447059,0.06046511627906977
UNIONBANK,Mar 2014,Group E,roce_calculated,-0.2609108159392789,0.05116279069767442
UNIONBANK,Mar 2015,Group E,roce_calculated,-0.2611961333308278,0.046511627906976744
UNIONBANK,Mar 2016,Group E,roce_calculated,-0.4846632244181779,0.037209302325581395
UNIONBANK,Mar 2017,Group E,roce_calculated,-1.091493357257301,0.018604651162790697
UNIONBANK,Mar 2018,Group E,roce_calculated,-2.431315341599805,0.004651162790697674
UNIONBANK,Mar 2019,Group E,roce_calculated,-1.7638879774248588,0.013953488372093023
UNIONBANK,Mar 2020,Group E,roce_calculated,-1.7663315650851354,0.009302325581395349
UNIONBANK,Mar 2021,Group E,roce_calculated,-1.0621559338164892,0.023255813953488372
UNIONBANK,Mar 2022,Group E,roce_calculated,-0.3642969924096867,0.04186046511627907
UNIONBANK,Mar 2023,Group E,roce_calculated,-0.24350512093524,0.05581395348837209
UNIONBANK,Mar 2024,Group E,roce_calculated,0.3402101742854474,0.06976744186046512
RELIANCE,Mar 2013,Group E,net_profit_margin_pct,5.274815194579209,0.3395348837209302
RELIANCE,Mar 2014,Group E,net_profit_margin_pct,5.201132125087367,0.32558139534883723
RELIANCE,Mar 2015,Group E,net_profit_margin_pct,6.314574807945039,0.4046511627906977
RELIANCE,Mar 2016,Group E,net_profit_margin_pct,10.954828437576811,0.6744186046511628
RELIANCE,Mar 2017,Group E,net_profit_margin_pct,9.81497200234246,0.6325581395348837
RELIANCE,Mar 2018,Group E,net_profit_margin_pct,9.231800584919515,0.6
RELIANCE,Mar 2019,Group E,net_profit_margin_pct,7.00939759332931,0.4604651162790698
RELIANCE,Mar 2020,Group E,net_profit_margin_pct,6.683660728800578,0.413953488372093
RELIANCE,Mar 2021,Group E,net_profit_margin_pct,11.524382005845936,0.7116279069767442
RELIANCE,Mar 2022,Group E,net_profit_margin_pct,9.76646566082171,0.6232558139534884
RELIANCE,Mar 2023,Group E,net_profit_margin_pct,8.45371270521545,0.5581395348837209
RELIANCE,Mar 2024,Group E,net_profit_margin_pct,8.789365557299389,0.5813953488372093
SBILIFE,Mar 2013,Group E,net_profit_margin_pct,4.236718224613315,0.26976744186046514
SBILIFE,Mar 2014,Group E,net_profit_margin_pct,4.218333526480473,0.2651162790697674
SBILIFE,Mar 2015,Group E,net_profit_margin_pct,3.4830548314030514,0.21395348837209302
SBILIFE,Mar 2016,Group E,net_profit_margin_pct,4.367625750362244,0.27906976744186046
SBILIFE,Mar 2017,Group E,net_profit_margin_pct,3.126227576273405,0.17209302325581396
SBILIFE,Mar 2018,Group E,net_profit_margin_pct,3.3756017377010687,0.2
SBILIFE,Mar 2019,Group E,net_profit_margin_pct,2.975069500493229,0.15348837209302327
SBILIFE,Mar 2020,Group E,net_profit_margin_pct,3.246723594684689,0.18604651162790697
SBILIFE,Mar 2021,Group E,net_profit_margin_pct,1.7774956356133946,0.11627906976744186
SBILIFE,Mar 2022,Group E,net_profit_margin_pct,1.8148295434004555,0.12093023255813953
SBILIFE,Mar 2023,Group E,net_profit_margin_pct,2.1342824544868297,0.12558139534883722
SBILIFE,Mar 2024,Group E,net_profit_margin_pct,1.4349789374791648,0.10697674418604651
SHREECEM,Jun 2013,Group E,net_profit_margin_pct,18.530823181985973,0.8790697674418605
SHREECEM,Jun 2014,Group E,net_profit_margin_pct,13.770778652668415,0.7953488372093023
SHREECEM,Jun 2015,Group E,net_profit_margin_pct,6.806199073334398,0.4325581395348837
SHREECEM,Mar 2017,Group E,net_profit_margin_pct,15.580637654177332,0.8325581395348837
SHREECEM,Mar 2018,Group E,net_profit_margin_pct,14.075053391640392,0.8046511627906977
SHREECEM,Mar 2019,Group E,net_profit_margin_pct,8.084428514536041,0.5302325581395348
SHREECEM,Mar 2020,Group E,net_profit_margin_pct,11.998756605533105,0.7302325581395349
SHREECEM,Mar 2021,Group E,net_profit_margin_pct,17.234513274336283,0.8744186046511628
SHREECEM,Mar 2022,Group E,net_profit_margin_pct,8.454363757495004,0.5627906976744186
SHREECEM,Mar 2023,Group E,net_profit_margin_pct,13.270221823885278,0.7767441860465116
SHREECEM,Mar 2024,Group E,net_profit_margin_pct,8.445007553238145,0.5534883720930233
SHRIRAMFIN,Mar 2013,Group E,net_profit_margin_pct,20.873163076045085,0.9441860465116279
SHRIRAMFIN,Mar 2014,Group E,net_profit_margin_pct,16.021708352996697,0.8465116279069768
SHRIRAMFIN,Mar 2015,Group E,net_profit_margin_pct,11.201917838073443,0.6883720930232559
SHRIRAMFIN,Mar 2016,Group E,net_profit_margin_pct,11.429674679023073,0.7023255813953488
SHRIRAMFIN,Mar 2017,Group E,net_profit_margin_pct,11.611483078051911,0.7162790697674418
SHRIRAMFIN,Mar 2018,Group E,net_profit_margin_pct,18.87868463931269,0.8883720930232558
SHRIRAMFIN,Mar 2019,Group E,net_profit_margin_pct,16.580844490216272,0.8651162790697674
SHRIRAMFIN,Mar 2020,Group E,net_profit_margin_pct,15.168166173540246,0.8232558139534883
SHRIRAMFIN,Mar 2021,Group E,net_profit_margin_pct,14.343932958328551,0.813953488372093
SHRIRAMFIN,Mar 2022,Group E,net_profit_margin_pct,14.13139444300182,0.8093023255813954
SHRIRAMFIN,Mar 2023,Group E,net_profit_margin_pct,19.74288337924701,0.9069767441860465
SHRIRAMFIN,Mar 2024,Group E,net_profit_margin_pct,20.333626470264925,0.9348837209302325
SIEMENS,Sep 2011,Group E,net_profit_margin_pct,7.26056043496445,0.4883720930232558
SIEMENS,Sep 2014,Group E,net_profit_margin_pct,5.647124929762128,0.3581395348837209
SIEMENS,Sep 2015,Group E,net_profit_margin_pct,11.114266780270755,0.6837209302325581
SIEMENS,Sep 2016,Group E,net_profit_margin_pct,26.889360524130296,0.9953488372093023
SIEMENS,Sep 2017,Group E,net_profit_margin_pct,10.275643922277451,0.6511627906976745
SIEMENS,Sep 2018,Group E,net_profit_margin_pct,7.041813208284486,0.4697674418604651
SIEMENS,Sep 2019,Group E,net_profit_margin_pct,8.399571996331396,0.5488372093023256
SIEMENS,Sep 2020,Group E,net_profit_margin_pct,7.731751457872511,0.5069767441860465
SIEMENS,Sep 2021,Group E,net_profit_margin_pct,8.25125018942264,0.5441860465116279
SIEMENS,Sep 2022,Group E,net_profit_margin_pct,9.561283926137069,0.6046511627906976
SIEMENS,Sep 2023,Group E,net_profit_margin_pct,10.03375268487266,0.6465116279069767
SIEMENS,Sep 2024,Group E,net_profit_margin_pct,12.221223021582734,0.7395348837209302
SUNPHARMA,Mar 2013,Group E,net_profit_margin_pct,31.165214266463032,1.0
SUNPHARMA,Mar 2014,Group E,net_profit_margin_pct,24.12313432835821,0.9813953488372092
SUNPHARMA,Mar 2015,Group E,net_profit_margin_pct,19.99123831775701,0.9255813953488372
SUNPHARMA,Mar 2016,Group E,net_profit_margin_pct,19.861691297784954,0.9209302325581395
SUNPHARMA,Mar 2017,Group E,net_profit_margin_pct,24.84641205902844,0.986046511627907
SUNPHARMA,Mar 2018,Group E,net_profit_margin_pct,9.596436256559326,0.6139534883720931
SUNPHARMA,Mar 2019,Group E,net_profit_margin_pct,11.036950388770386,0.6790697674418604
SUNPHARMA,Mar 2020,Group E,net_profit_margin_pct,12.704793227358548,0.7581395348837209
SUNPHARMA,Mar 2021,Group E,net_profit_margin_pct,6.782494477282226,0.42790697674418604
SUNPHARMA,Mar 2022,Group E,net_profit_margin_pct,8.767527293423708,0.5767441860465117
SUNPHARMA,Mar 2023,Group E,net_profit_margin_pct,19.39798569019733,0.9023255813953488
SUNPHARMA,Mar 2024,Group E,net_profit_margin_pct,19.815658700538176,0.9116279069767442
TATACONSUM,Mar 2013,Group E,net_profit_margin_pct,6.0535981499115765,0.3953488372093023
TATACONSUM,Mar 2014,Group E,net_profit_margin_pct,6.590850348927371,0.40930232558139534
TATACONSUM,Mar 2015,Group E,net_profit_margin_pct,3.415488552483423,0.20465116279069767
TATACONSUM,Mar 2016,Group E,net_profit_margin_pct,-0.5574807895133344,0.06976744186046512
TATACONSUM,Mar 2017,Group E,net_profit_margin_pct,6.710914454277287,0.4186046511627907
TATACONSUM,Mar 2018,Group E,net_profit_margin_pct,8.158473954512106,0.5348837209302325
TATACONSUM,Mar 2019,Group E,net_profit_margin_pct,6.301709873138445,0.4
TATACONSUM,Mar 2020,Group E,net_profit_margin_pct,4.77326968973747,0.3116279069767442
TATACONSUM,Mar 2021,Group E,net_profit_margin_pct,8.015859334597483,0.5162790697674419
TATACONSUM,Mar 2022,Group E,net_profit_margin_pct,8.169014084507042,0.5395348837209303
TATACONSUM,Mar 2023,Group E,net_profit_margin_pct,9.577015163607342,0.6093023255813953
TATACONSUM,Mar 2024,Group E,net_profit_margin_pct,7.990266999868472,0.5116279069767442
TATAMOTORS,Mar 2013,Group E,net_profit_margin_pct,5.284094219595007,0.34418604651162793
TATAMOTORS,Mar 2014,Group E,net_profit_margin_pct,6.034342063444342,0.39069767441860465
TATAMOTORS,Mar 2015,Group E,net_profit_margin_pct,5.347717539586334,0.3488372093023256
TATAMOTORS,Mar 2016,Group E,net_profit_margin_pct,4.276935021937695,0.2744186046511628
TATAMOTORS,Mar 2017,Group E,net_profit_margin_pct,2.802074951889741,0.14883720930232558
TATAMOTORS,Mar 2018,Group E,net_profit_margin_pct,3.11816155033442,0.16744186046511628
TATAMOTORS,Mar 2019,Group E,net_profit_margin_pct,-9.513211321529583,0.009302325581395349
TATAMOTORS,Mar 2020,Group E,net_profit_margin_pct,-4.586927543781696,0.037209302325581395
TATAMOTORS,Mar 2021,Group E,net_profit_margin_pct,-5.362397165675854,0.03255813953488372
TATAMOTORS,Mar 2022,Group E,net_profit_margin_pct,-4.061353042154179,0.04186046511627907
TATAMOTORS,Mar 2023,Group E,net_profit_margin_pct,0.7775308049611668,0.08837209302325581
TATAMOTORS,Mar 2024,Group E,net_profit_margin_pct,7.263066074788551,0.4930232558139535
TATAPOWER,Mar 2013,Group E,net_profit_margin_pct,0.3707387648069445,0.08372093023255814
TATAPOWER,Mar 2014,Group E,net_profit_margin_pct,0.0335889828136371,0.07906976744186046
TATAPOWER,Mar 2015,Group E,net_profit_margin_pct,1.360402464799214,0.10232558139534884
TATAPOWER,Mar 2016,Group E,net_profit_margin_pct,2.664948803146403,0.14418604651162792
TATAPOWER,Mar 2017,Group E,net_profit_margin_pct,3.9872408293460926,0.23255813953488372
TATAPOWER,Mar 2018,Group E,net_profit_margin_pct,9.728017883755587,0.6186046511627907
TATAPOWER,Mar 2019,Group E,net_profit_margin_pct,8.721261001974499,0.5720930232558139
TATAPOWER,Mar 2020,Group E,net_profit_margin_pct,4.516749038989566,0.2930232558139535
TATAPOWER,Mar 2021,Group E,net_profit_margin_pct,4.400207931994006,0.2837209302325581
TATAPOWER,Mar 2022,Group E,net_profit_margin_pct,5.035500747384155,0.3209302325581395
TATAPOWER,Mar 2023,Group E,net_profit_margin_pct,6.913571285996843,0.4511627906976744
TATAPOWER,Mar 2024,Group E,net_profit_margin_pct,6.965125551270159,0.4558139534883721
TATASTEEL,Mar 2013,Group E,net_profit_margin_pct,-5.398182789951898,0.027906976744186046
TATASTEEL,Mar 2014,Group E,net_profit_margin_pct,2.466120284764558,0.13488372093023257
TATASTEEL,Mar 2015,Group E,net_profit_margin_pct,-2.8235749512558783,0.05116279069767442
TATASTEEL,Mar 2016,Group E,net_profit_margin_pct,-0.4874221546609131,0.07441860465116279
TATASTEEL,Mar 2017,Group E,net_profit_margin_pct,-3.712410618082084,0.046511627906976744
TATASTEEL,Mar 2018,Group E,net_profit_margin_pct,14.396060008600475,0.8186046511627907
TATASTEEL,Mar 2019,Group E,net_profit_margin_pct,5.785538057576315,0.3767441860465116
TATASTEEL,Mar 2020,Group E,net_profit_margin_pct,0.8396689959017859,0.09767441860465116
TATASTEEL,Mar 2021,Group E,net_profit_margin_pct,5.240124380974318,0.3302325581395349
TATASTEEL,Mar 2022,Group E,net_profit_margin_pct,17.113121467131773,0.8697674418604651
TATASTEEL,Mar 2023,Group E,net_profit_margin_pct,3.3182249653795104,0.19534883720930232
TATASTEEL,Mar 2024,Group E,net_profit_margin_pct,-2.1425049417247384,0.05581395348837209
TCS,Mar 2013,Group E,net_profit_margin_pct,22.346758957913288,0.9674418604651163
TCS,Mar 2014,Group E,net_profit_margin_pct,23.630651884267014,0.9767441860465116
TCS,Mar 2015,Group E,net_profit_margin_pct,21.19432000676189,0.9534883720930233
TCS,Mar 2016,Group E,net_profit_margin_pct,22.40119286490069,0.9720930232558139
TCS,Mar 2017,Group E,net_profit_margin_pct,22.342878456504412,0.9627906976744186
TCS,Mar 2018,Group E,net_profit_margin_pct,21.02287496750715,0.9488372093023256
TCS,Mar 2019,Group E,net_profit_margin_pct,21.549469831971216,0.958139534883721
TCS,Mar 2020,Group E,net_profit_margin_pct,20.673594607165384,0.9395348837209302
TCS,Mar 2021,Group E,net_profit_margin_pct,19.833472410873632,0.9162790697674419
TCS,Mar 2022,Group E,net_profit_margin_pct,20.051211448001087,0.9302325581395349
TCS,Mar 2023,Group E,net_profit_margin_pct,18.763139919630262,0.8837209302325582
TCS,Mar 2024,Group E,net_profit_margin_pct,19.136712150207767,0.8976744186046511
TECHM,Mar 2013,Group E,net_profit_margin_pct,19.01644114651535,0.8930232558139535
TECHM,Mar 2014,Group E,net_profit_margin_pct,16.28550154238911,0.8604651162790697
TECHM,Mar 2015,Group E,net_profit_margin_pct,11.754564342867248,0.7209302325581395
TECHM,Mar 2016,Group E,net_profit_margin_pct,11.425228353589493,0.6976744186046512
TECHM,Mar 2017,Group E,net_profit_margin_pct,9.783466593459387,0.627906976744186
TECHM,Mar 2018,Group E,net_profit_margin_pct,12.302992883371786,0.7441860465116279
TECHM,Mar 2019,Group E,net_profit_margin_pct,12.345288123884636,0.7488372093023256
TECHM,Mar 2020,Group E,net_profit_margin_pct,10.570142128675274,0.6604651162790698
TECHM,Mar 2021,Group E,net_profit_margin_pct,11.499141460837404,0.7069767441860465
TECHM,Mar 2022,Group E,net_profit_margin_pct,12.610312234018725,0.7534883720930232
TECHM,Mar 2023,Group E,net_profit_margin_pct,9.11428035278664,0.5906976744186047
TECHM,Mar 2024,Group E,net_profit_margin_pct,4.60996999769213,0.3023255813953488
TITAN,Mar 2013,Group E,net_profit_margin_pct,7.161908525140769,0.4790697674418605
TITAN,Mar 2014,Group E,net_profit_margin_pct,6.726457399103139,0.4232558139534884
TITAN,Mar 2015,Group E,net_profit_margin_pct,6.849660035255603,0.44651162790697674
TITAN,Mar 2016,Group E,net_profit_margin_pct,5.9861653068464,0.386046511627907
TITAN,Mar 2017,Group E,net_profit_margin_pct,5.256013875273358,0.33488372093023255
TITAN,Mar 2018,Group E,net_profit_margin_pct,6.836228287841191,0.4372093023255814
TITAN,Mar 2019,Group E,net_profit_margin_pct,7.022599726983164,0.46511627906976744
TITAN,Mar 2020,Group E,net_profit_margin_pct,7.091962758882767,0.4744186046511628
TITAN,Mar 2021,Group E,net_profit_margin_pct,4.500092404361486,0.28837209302325584
TITAN,Mar 2022,Group E,net_profit_margin_pct,7.632209451717073,0.49767441860465117
TITAN,Mar 2023,Group E,net_profit_margin_pct,8.069008009858287,0.5255813953488372
TITAN,Mar 2024,Group E,net_profit_margin_pct,6.843630099444054,0.4418604651162791
TORNTPHARM,Mar 2013,Group E,net_profit_margin_pct,13.581017795816422,0.786046511627907
TORNTPHARM,Mar 2014,Group E,net_profit_margin_pct,15.915627996164908,0.8418604651162791
TORNTPHARM,Mar 2015,Group E,net_profit_margin_pct,16.199309749784298,0.8558139534883721
TORNTPHARM,Mar 2016,Group E,net_profit_margin_pct,25.915956333183782,0.9906976744186047
TORNTPHARM,Mar 2017,Group E,net_profit_margin_pct,16.059147180192575,0.8511627906976744
TORNTPHARM,Mar 2018,Group E,net_profit_margin_pct,11.394957983193276,0.6930232558139535
TORNTPHARM,Mar 2019,Group E,net_profit_margin_pct,5.682262478821843,0.3674418604651163
TORNTPHARM,Mar 2020,Group E,net_profit_margin_pct,12.910945962967627,0.7627906976744186
TORNTPHARM,Mar 2021,Group E,net_profit_margin_pct,15.640224859462837,0.8372093023255814
TORNTPHARM,Mar 2022,Group E,net_profit_margin_pct,9.132581100141044,0.5953488372093023
TORNTPHARM,Mar 2023,Group E,net_profit_margin_pct,12.941787941787942,0.7674418604651163
TORNTPHARM,Mar 2024,Group E,net_profit_margin_pct,15.436241610738255,0.827906976744186
TRENT,Mar 2013,Group E,net_profit_margin_pct,-1.2664165103189493,0.06046511627906977
TRENT,Mar 2014,Group E,net_profit_margin_pct,-0.8144020574367767,0.06511627906976744
TRENT,Mar 2015,Group E,net_profit_margin_pct,5.64798598949212,0.3627906976744186
TRENT,Mar 2016,Group E,net_profit_margin_pct,3.262158956109134,0.19069767441860466
TRENT,Mar 2017,Group E,net_profit_margin_pct,4.690949227373068,0.30697674418604654
TRENT,Mar 2018,Group E,net_profit_margin_pct,4.033379694019471,0.2372093023255814
TRENT,Mar 2019,Group E,net_profit_margin_pct,3.612167300380228,0.22325581395348837
TRENT,Mar 2020,Group E,net_profit_margin_pct,3.040734366035571,0.16279069767441862
TRENT,Mar 2021,Group E,net_profit_margin_pct,-6.980331662167373,0.023255813953488372
TRENT,Mar 2022,Group E,net_profit_margin_pct,0.7781236104935527,0.09302325581395349
TRENT,Mar 2023,Group E,net_profit_margin_pct,4.780393108468818,0.31627906976744186
TRENT,Mar 2024,Group E,net_profit_margin_pct,11.935353535353537,0.7255813953488373
TVSMOTOR,Mar 2013,Group E,net_profit_margin_pct,2.6364846870838883,0.13953488372093023
TVSMOTOR,Mar 2014,Group E,net_profit_margin_pct,2.23043893129771,0.13023255813953488
TVSMOTOR,Mar 2015,Group E,net_profit_margin_pct,3.1981279251170043,0.1813953488372093
TVSMOTOR,Mar 2016,Group E,net_profit_margin_pct,3.7707655796782986,0.22790697674418606
TVSMOTOR,Mar 2017,Group E,net_profit_margin_pct,4.084088903153334,0.24651162790697675
TVSMOTOR,Mar 2018,Group E,net_profit_margin_pct,4.069767441860465,0.24186046511627907
TVSMOTOR,Mar 2019,Group E,net_profit_margin_pct,3.5962301587301586,0.2186046511627907
TVSMOTOR,Mar 2020,Group E,net_profit_margin_pct,3.4325428404689906,0.20930232558139536
TVSMOTOR,Mar 2021,Group E,net_profit_margin_pct,3.130631790330056,0.17674418604651163
TVSMOTOR,Mar 2022,Group E,net_profit_margin_pct,3.001437076575652,0.15813953488372093
TVSMOTOR,Mar 2023,Group E,net_profit_margin_pct,4.093951335460061,0.25116279069767444
TVSMOTOR,Mar 2024,Group E,net_profit_margin_pct,4.544641716694342,0.29767441860465116
ULTRACEMCO,Mar 2013,Group E,net_profit_margin_pct,13.10324656332261,0.772093023255814
ULTRACEMCO,Mar 2014,Group E,net_profit_margin_pct,10.675349734684032,0.6651162790697674
ULTRACEMCO,Mar 2015,Group E,net_profit_margin_pct,9.019136702994937,0.586046511627907
ULTRACEMCO,Mar 2016,Group E,net_profit_margin_pct,9.85965888760784,0.6372093023255814
ULTRACEMCO,Mar 2017,Group E,net_profit_margin_pct,10.695566502463054,0.6697674418604651
ULTRACEMCO,Mar 2018,Group E,net_profit_margin_pct,7.179056780399626,0.48372093023255813
ULTRACEMCO,Mar 2019,Group E,net_profit_margin_pct,5.788432781824321,0.3813953488372093
ULTRACEMCO,Mar 2020,Group E,net_profit_margin_pct,13.5540890879095,0.7813953488372093
ULTRACEMCO,Mar 2021,Group E,net_profit_margin_pct,12.212136117694406,0.7348837209302326
ULTRACEMCO,Mar 2022,Group E,net_profit_margin_pct,13.94323085990228,0.8
ULTRACEMCO,Mar 2023,Group E,net_profit_margin_pct,8.021821631878558,0.5209302325581395
ULTRACEMCO,Mar 2024,Group E,net_profit_margin_pct,9.877587860326056,0.641860465116279
UNIONBANK,Mar 2013,Group E,net_profit_margin_pct,8.52636179427073,0.5674418604651162
UNIONBANK,Mar 2014,Group E,net_profit_margin_pct,5.739266516976254,0.37209302325581395
UNIONBANK,Mar 2015,Group E,net_profit_margin_pct,5.506155950752394,0.35348837209302325
UNIONBANK,Mar 2016,Group E,net_profit_margin_pct,4.168213887857409,0.26046511627906976
UNIONBANK,Mar 2017,Group E,net_profit_margin_pct,1.7460462565133923,0.11162790697674418
UNIONBANK,Mar 2018,Group E,net_profit_margin_pct,-15.816945860645786,0.004651162790697674
UNIONBANK,Mar 2019,Group E,net_profit_margin_pct,-8.515474733344991,0.013953488372093023
UNIONBANK,Mar 2020,Group E,net_profit_margin_pct,-8.327329971450679,0.018604651162790697
UNIONBANK,Mar 2021,Group E,net_profit_margin_pct,4.130657471397036,0.2558139534883721
UNIONBANK,Mar 2022,Group E,net_profit_margin_pct,7.71654697347208,0.5023255813953489
UNIONBANK,Mar 2023,Group E,net_profit_margin_pct,10.48753742468859,0.6558139534883721
UNIONBANK,Mar 2024,Group E,net_profit_margin_pct,13.745317605802184,0.7906976744186046
RELIANCE,Mar 2013,Group E,debt_to_equity,0.5889374090247452,0.45581395348837206
RELIANCE,Mar 2014,Group E,debt_to_equity,0.698389929889726,0.40930232558139534
RELIANCE,Mar 2015,Group E,debt_to_equity,0.7700309841234971,0.3906976744186047
RELIANCE,Mar 2016,Group E,debt_to_equity,0.8408937794745116,0.34883720930232553
RELIANCE,Mar 2017,Group E,debt_to_equity,0.8246779594173881,0.35813953488372097
RELIANCE,Mar 2018,Group E,debt_to_equity,0.8171655775350418,0.3674418604651163
RELIANCE,Mar 2019,Group E,debt_to_equity,0.7948965674016822,0.37209302325581395
RELIANCE,Mar 2020,Group E,debt_to_equity,0.7906497820404929,0.3767441860465116
RELIANCE,Mar 2021,Group E,debt_to_equity,0.398419245556806,0.5209302325581395
RELIANCE,Mar 2022,Group E,debt_to_equity,0.4094472632571505,0.5162790697674419
RELIANCE,Mar 2023,Group E,debt_to_equity,0.6309284341334763,0.4279069767441861
RELIANCE,Mar 2024,Group E,debt_to_equity,0.5784524141094746,0.4651162790697675
SBILIFE,Mar 2013,Group E,debt_to_equity,0.0,0.9534883720930233
SBILIFE,Mar 2014,Group E,debt_to_equity,0.0,0.9534883720930233
SBILIFE,Mar 2015,Group E,debt_to_equity,0.0,0.9534883720930233
SBILIFE,Mar 2016,Group E,debt_to_equity,0.0,0.9534883720930233
SBILIFE,Mar 2017,Group E,debt_to_equity,0.0,0.9534883720930233
SBILIFE,Mar 2018,Group E,debt_to_equity,0.0,0.9534883720930233
SBILIFE,Mar 2019,Group E,debt_to_equity,0.0,0.9534883720930233
SBILIFE,Mar 2020,Group E,debt_to_equity,0.0,0.9534883720930233
SBILIFE,Mar 2021,Group E,debt_to_equity,0.0,0.9534883720930233
SBILIFE,Mar 2022,Group E,debt_to_equity,0.0,0.9534883720930233
SBILIFE,Mar 2023,Group E,debt_to_equity,0.0,0.9534883720930233
SBILIFE,Mar 2024,Group E,debt_to_equity,0.0,0.9534883720930233
SHREECEM,Jun 2013,Group E,debt_to_equity,0.3350676378772112,0.5441860465116279
SHREECEM,Jun 2014,Group E,debt_to_equity,0.2547229887497346,0.6
SHREECEM,Jun 2015,Group E,debt_to_equity,0.173805913570887,0.6697674418604651
SHREECEM,Mar 2017,Group E,debt_to_equity,0.1679657053780202,0.6790697674418604
SHREECEM,Mar 2018,Group E,debt_to_equity,0.3824884792626728,0.5302325581395348
SHREECEM,Mar 2019,Group E,debt_to_equity,0.2898355909419915,0.5674418604651164
SHREECEM,Mar 2020,Group E,debt_to_equity,0.2388943731490622,0.6325581395348837
SHREECEM,Mar 2021,Group E,debt_to_equity,0.1448334091056699,0.6976744186046512
SHREECEM,Mar 2022,Group E,debt_to_equity,0.1219358533791523,0.7302325581395348
SHREECEM,Mar 2023,Group E,debt_to_equity,0.1462223653144451,0.6930232558139535
SHREECEM,Mar 2024,Group E,debt_to_equity,0.0799884074771772,0.8093023255813954
SHRIRAMFIN,Mar 2013,Group E,debt_to_equity,4.549741073862088,0.08837209302325577
SHRIRAMFIN,Mar 2014,Group E,debt_to_equity,4.539365452408931,0.09302325581395354
SHRIRAMFIN,Mar 2015,Group E,debt_to_equity,5.039391323116771,0.06976744186046513
SHRIRAMFIN,Mar 2016,Group E,debt_to_equity,4.892885220125786,0.07906976744186045
SHRIRAMFIN,Mar 2017,Group E,debt_to_equity,4.684080480056477,0.08372093023255811
SHRIRAMFIN,Mar 2018,Group E,debt_to_equity,5.999342585829072,0.05581395348837215
SHRIRAMFIN,Mar 2019,Group E,debt_to_equity,5.507360771784752,0.06046511627906981
SHRIRAMFIN,Mar 2020,Group E,debt_to_equity,5.221860875316944,0.06511627906976747
SHRIRAMFIN,Mar 2021,Group E,debt_to_equity,4.906110420407975,0.07441860465116279
SHRIRAMFIN,Mar 2022,Group E,debt_to_equity,4.401073002490898,0.0976744186046512
SHRIRAMFIN,Mar 2023,Group E,debt_to_equity,3.773717595146167,0.11627906976744184
SHRIRAMFIN,Mar 2024,Group E,debt_to_equity,3.994034363699512,0.10697674418604652
SIEMENS,Sep 2011,Group E,debt_to_equity,0.0,0.9534883720930233
SIEMENS,Sep 2014,Group E,debt_to_equity,0.0,0.9534883720930233
SIEMENS,Sep 2015,Group E,debt_to_equity,0.0048856752003126,0.8790697674418605
SIEMENS,Sep 2016,Group E,debt_to_equity,0.0036748493311774,0.8837209302325582
SIEMENS,Sep 2017,Group E,debt_to_equity,0.0,0.9534883720930233
SIEMENS,Sep 2018,Group E,debt_to_equity,0.0,0.9534883720930233
SIEMENS,Sep 2019,Group E,debt_to_equity,0.0,0.9534883720930233
SIEMENS,Sep 2020,Group E,debt_to_equity,0.0,0.9534883720930233
SIEMENS,Sep 2021,Group E,debt_to_equity,0.000386585483715,0.9069767441860466
SIEMENS,Sep 2022,Group E,debt_to_equity,0.0156761412575366,0.8558139534883721
SIEMENS,Sep 2023,Group E,debt_to_equity,0.0133720485978451,0.8604651162790697
SIEMENS,Sep 2024,Group E,debt_to_equity,0.0181676108614963,0.8465116279069768
SUNPHARMA,Mar 2013,Group E,debt_to_equity,0.0173448965977318,0.8511627906976744
SUNPHARMA,Mar 2014,Group E,debt_to_equity,0.1382456140350877,0.7023255813953488
SUNPHARMA,Mar 2015,Group E,debt_to_equity,0.3508854044777283,0.5348837209302326
SUNPHARMA,Mar 2016,Group E,debt_to_equity,0.2576175605615013,0.5953488372093023
SUNPHARMA,Mar 2017,Group E,debt_to_equity,0.2683406113537118,0.5906976744186047
SUNPHARMA,Mar 2018,Group E,debt_to_equity,0.2710497468288354,0.586046511627907
SUNPHARMA,Mar 2019,Group E,debt_to_equity,0.2539061556666425,0.6093023255813954
SUNPHARMA,Mar 2020,Group E,debt_to_equity,0.1836960123715895,0.6651162790697674
SUNPHARMA,Mar 2021,Group E,debt_to_equity,0.0832705593698211,0.8
SUNPHARMA,Mar 2022,Group E,debt_to_equity,0.026868842556914,0.8418604651162791
SUNPHARMA,Mar 2023,Group E,debt_to_equity,0.1229752656487186,0.7255813953488373
SUNPHARMA,Mar 2024,Group E,debt_to_equity,0.0514238145350024,0.8232558139534883
TATACONSUM,Mar 2013,Group E,debt_to_equity,0.2887733887733887,0.5720930232558139
TATACONSUM,Mar 2014,Group E,debt_to_equity,0.2458539921354077,0.6186046511627907
TATACONSUM,Mar 2015,Group E,debt_to_equity,0.2410340433278718,0.627906976744186
TATACONSUM,Mar 2016,Group E,debt_to_equity,0.2167440371378261,0.6418604651162791
TATACONSUM,Mar 2017,Group E,debt_to_equity,0.1256185155626496,0.7209302325581395
TATACONSUM,Mar 2018,Group E,debt_to_equity,0.1518987341772152,0.6883720930232557
TATACONSUM,Mar 2019,Group E,debt_to_equity,0.1556192034915439,0.6837209302325582
TATACONSUM,Mar 2020,Group E,debt_to_equity,0.1148027506333695,0.7395348837209302
TATACONSUM,Mar 2021,Group E,debt_to_equity,0.1124260355029585,0.7441860465116279
TATACONSUM,Mar 2022,Group E,debt_to_equity,0.0932505613525293,0.7767441860465116
TATACONSUM,Mar 2023,Group E,debt_to_equity,0.0982982122012655,0.7534883720930232
TATACONSUM,Mar 2024,Group E,debt_to_equity,0.21654107242947,0.6465116279069767
TATAMOTORS,Mar 2013,Group E,debt_to_equity,1.427212583362117,0.27441860465116275
TATAMOTORS,Mar 2014,Group E,debt_to_equity,0.9243643680263398,0.3302325581395349
TATAMOTORS,Mar 2015,Group E,debt_to_equity,1.30834310902563,0.28837209302325584
TATAMOTORS,Mar 2016,Group E,debt_to_equity,0.8785084608369642,0.33488372093023255
TATAMOTORS,Mar 2017,Group E,debt_to_equity,1.3537942199717543,0.2837209302325582
TATAMOTORS,Mar 2018,Group E,debt_to_equity,0.9321163599782034,0.32558139534883723
TATAMOTORS,Mar 2019,Group E,debt_to_equity,1.7643197793250136,0.24186046511627912
TATAMOTORS,Mar 2020,Group E,debt_to_equity,1.9782812029360008,0.22790697674418603
TATAMOTORS,Mar 2021,Group E,debt_to_equity,2.572646478541821,0.1953488372093023
TATAMOTORS,Mar 2022,Group E,debt_to_equity,3.286483696505913,0.13953488372093026
TATAMOTORS,Mar 2023,Group E,debt_to_equity,2.9591147786946737,0.16279069767441856
TATAMOTORS,Mar 2024,Group E,debt_to_equity,1.2631244259167669,0.29767441860465116
TATAPOWER,Mar 2013,Group E,debt_to_equity,3.0710985002026754,0.15348837209302324
TATAPOWER,Mar 2014,Group E,debt_to_equity,3.2394968147730023,0.14418604651162792
TATAPOWER,Mar 2015,Group E,debt_to_equity,2.836080458164548,0.172093023255814
TATAPOWER,Mar 2016,Group E,debt_to_equity,3.3395512765408752,0.1348837209302326
TATAPOWER,Mar 2017,Group E,debt_to_equity,3.694187982442864,0.1209302325581395
TATAPOWER,Mar 2018,Group E,debt_to_equity,2.962924568571254,0.1581395348837209
TATAPOWER,Mar 2019,Group E,debt_to_equity,2.649877082764272,0.1813953488372093
TATAPOWER,Mar 2020,Group E,debt_to_equity,2.6544004906470406,0.17674418604651165
TATAPOWER,Mar 2021,Group E,debt_to_equity,2.092371097074766,0.2093023255813954
TATAPOWER,Mar 2022,Group E,debt_to_equity,2.281213795561893,0.19999999999999996
TATAPOWER,Mar 2023,Group E,debt_to_equity,1.8383701542309296,0.23720930232558135
TATAPOWER,Mar 2024,Group E,debt_to_equity,1.659321300531586,0.25116279069767444
TATASTEEL,Mar 2013,Group E,debt_to_equity,2.0054137890670725,0.2186046511627907
TATASTEEL,Mar 2014,Group E,debt_to_equity,2.013939603276424,0.21395348837209305
TATASTEEL,Mar 2015,Group E,debt_to_equity,2.574276691441513,0.19069767441860463
TATASTEEL,Mar 2016,Group E,debt_to_equity,1.8747599012165008,0.2325581395348837
TATASTEEL,Mar 2017,Group E,debt_to_equity,2.195034242047648,0.20465116279069773
TATASTEEL,Mar 2018,Group E,debt_to_equity,1.5138078888140494,0.2651162790697674
TATASTEEL,Mar 2019,Group E,debt_to_equity,1.4626913311570549,0.2697674418604651
TATASTEEL,Mar 2020,Group E,debt_to_equity,1.5810590409916276,0.26046511627906976
TATASTEEL,Mar 2021,Group E,debt_to_equity,1.19210926871321,0.3069767441860465
TATASTEEL,Mar 2022,Group E,debt_to_equity,0.6602500808262629,0.4232558139534883
TATASTEEL,Mar 2023,Group E,debt_to_equity,0.8235482431462331,0.3627906976744186
TATASTEEL,Mar 2024,Group E,debt_to_equity,0.9461835171402184,0.32093023255813957
TCS,Mar 2013,Group E,debt_to_equity,0.0086130856638821,0.8651162790697674
TCS,Mar 2014,Group E,debt_to_equity,0.0060371989023274,0.8744186046511628
TCS,Mar 2015,Group E,debt_to_equity,0.0070702083539054,0.8697674418604651
TCS,Mar 2016,Group E,debt_to_equity,0.0034472084646555,0.8883720930232558
TCS,Mar 2017,Group E,debt_to_equity,0.0033521237850001,0.8930232558139535
TCS,Mar 2018,Group E,debt_to_equity,0.002901513015694,0.8976744186046511
TCS,Mar 2019,Group E,debt_to_equity,0.0006931556469825,0.9023255813953488
TCS,Mar 2020,Group E,debt_to_equity,0.0971637781423103,0.7674418604651163
TCS,Mar 2021,Group E,debt_to_equity,0.0901854615713905,0.7813953488372093
TCS,Mar 2022,Group E,debt_to_equity,0.0877057180358765,0.7906976744186046
TCS,Mar 2023,Group E,debt_to_equity,0.0850216756613288,0.7953488372093023
TCS,Mar 2024,Group E,debt_to_equity,0.0886406082507266,0.786046511627907
TECHM,Mar 2013,Group E,debt_to_equity,0.254330998894213,0.6046511627906976
TECHM,Mar 2014,Group E,debt_to_equity,0.0395338706164234,0.827906976744186
TECHM,Mar 2015,Group E,debt_to_equity,0.0571521881123448,0.8186046511627907
TECHM,Mar 2016,Group E,debt_to_equity,0.0747721197998766,0.813953488372093
TECHM,Mar 2017,Group E,debt_to_equity,0.083105189511468,0.8046511627906977
TECHM,Mar 2018,Group E,debt_to_equity,0.1272090431459958,0.7116279069767442
TECHM,Mar 2019,Group E,debt_to_equity,0.098397830909539,0.7488372093023256
TECHM,Mar 2020,Group E,debt_to_equity,0.1682482923027552,0.6744186046511628
TECHM,Mar 2021,Group E,debt_to_equity,0.1166700180977277,0.7348837209302326
TECHM,Mar 2022,Group E,debt_to_equity,0.0973740980435914,0.7627906976744185
TECHM,Mar 2023,Group E,debt_to_equity,0.0981234780117461,0.758139534883721
TECHM,Mar 2024,Group E,debt_to_equity,0.0951291761970827,0.772093023255814
TITAN,Mar 2013,Group E,debt_to_equity,0.0,0.9534883720930233
TITAN,Mar 2014,Group E,debt_to_equity,0.3198573127229488,0.5581395348837209
TITAN,Mar 2015,Group E,debt_to_equity,0.0324254215304799,0.8325581395348838
TITAN,Mar 2016,Group E,debt_to_equity,0.0322212717422298,0.8372093023255813
TITAN,Mar 2017,Group E,debt_to_equity,0.4446019371604063,0.5023255813953489
TITAN,Mar 2018,Group E,debt_to_equity,0.3322200392927308,0.5534883720930233
TITAN,Mar 2019,Group E,debt_to_equity,0.3942339373970346,0.5255813953488372
TITAN,Mar 2020,Group E,debt_to_equity,0.5341130604288499,0.4744186046511628
TITAN,Mar 2021,Group E,debt_to_equity,0.7520341469921302,0.39534883720930236
TITAN,Mar 2022,Group E,debt_to_equity,0.782005804579168,0.38604651162790693
TITAN,Mar 2023,Group E,debt_to_equity,0.7903974348156274,0.38139534883720927
TITAN,Mar 2024,Group E,debt_to_equity,1.653145959757266,0.2558139534883721
TORNTPHARM,Mar 2013,Group E,debt_to_equity,0.4873417721518987,0.4883720930232558
TORNTPHARM,Mar 2014,Group E,debt_to_equity,0.5948502364687336,0.4418604651162791
TORNTPHARM,Mar 2015,Group E,debt_to_equity,1.099959855479727,0.3162790697674419
TORNTPHARM,Mar 2016,Group E,debt_to_equity,0.6731539782484258,0.41860465116279066
TORNTPHARM,Mar 2017,Group E,debt_to_equity,0.5768788784187543,0.46976744186046515
TORNTPHARM,Mar 2018,Group E,debt_to_equity,1.3977936404931863,0.2790697674418605
TORNTPHARM,Mar 2019,Group E,debt_to_equity,1.2778835978835978,0.2930232558139535
TORNTPHARM,Mar 2020,Group E,debt_to_equity,1.199004975124378,0.3023255813953488
TORNTPHARM,Mar 2021,Group E,debt_to_equity,0.8348749571771155,0.3534883720930233
TORNTPHARM,Mar 2022,Group E,debt_to_equity,0.6836888963547791,0.413953488372093
TORNTPHARM,Mar 2023,Group E,debt_to_equity,0.8662471765085511,0.3395348837209302
TORNTPHARM,Mar 2024,Group E,debt_to_equity,0.5866394399066511,0.4604651162790697
TRENT,Mar 2013,Group E,debt_to_equity,0.2786352558895207,0.5767441860465117
TRENT,Mar 2014,Group E,debt_to_equity,0.3350151362260343,0.5488372093023256
TRENT,Mar 2015,Group E,debt_to_equity,0.1877637130801688,0.6604651162790698
TRENT,Mar 2016,Group E,debt_to_equity,0.273224043715847,0.5813953488372092
TRENT,Mar 2017,Group E,debt_to_equity,0.253393665158371,0.613953488372093
TRENT,Mar 2018,Group E,debt_to_equity,0.245141065830721,0.6232558139534884
TRENT,Mar 2019,Group E,debt_to_equity,0.3001215066828676,0.5627906976744186
TRENT,Mar 2020,Group E,debt_to_equity,0.1256281407035175,0.7162790697674419
TRENT,Mar 2021,Group E,debt_to_equity,0.1297016861219196,0.7069767441860465
TRENT,Mar 2022,Group E,debt_to_equity,1.998730964467005,0.22325581395348837
TRENT,Mar 2023,Group E,debt_to_equity,1.7195685670261942,0.24651162790697678
TRENT,Mar 2024,Group E,debt_to_equity,0.4309242871189774,0.5069767441860464
TVSMOTOR,Mar 2013,Group E,debt_to_equity,1.1879866518353726,0.31162790697674414
TVSMOTOR,Mar 2014,Group E,debt_to_equity,0.6270456503014643,0.43255813953488376
TVSMOTOR,Mar 2015,Group E,debt_to_equity,0.8445283018867924,0.3441860465116279
TVSMOTOR,Mar 2016,Group E,debt_to_equity,0.59978009895547,0.4372093023255814
TVSMOTOR,Mar 2017,Group E,debt_to_equity,0.591339648173207,0.44651162790697674
TVSMOTOR,Mar 2018,Group E,debt_to_equity,2.5870052277819267,0.18604651162790697
TVSMOTOR,Mar 2019,Group E,debt_to_equity,2.9321980447808262,0.16744186046511633
TVSMOTOR,Mar 2020,Group E,debt_to_equity,3.5306122448979598,0.13023255813953494
TVSMOTOR,Mar 2021,Group E,debt_to_equity,3.182388293702639,0.14883720930232558
TVSMOTOR,Mar 2022,Group E,debt_to_equity,3.5970454545454547,0.12558139534883717
TVSMOTOR,Mar 2023,Group E,debt_to_equity,4.064668483197093,0.10232558139534886
TVSMOTOR,Mar 2024,Group E,debt_to_equity,3.833431603773585,0.11162790697674418
ULTRACEMCO,Mar 2013,Group E,debt_to_equity,0.4821065073215576,0.4976744186046511
ULTRACEMCO,Mar 2014,Group E,debt_to_equity,0.4267256431148877,0.5116279069767442
ULTRACEMCO,Mar 2015,Group E,debt_to_equity,0.5162018801533533,0.4790697674418605
ULTRACEMCO,Mar 2016,Group E,debt_to_equity,0.4837548416495785,0.49302325581395345
ULTRACEMCO,Mar 2017,Group E,debt_to_equity,0.3474089865529682,0.5395348837209302
ULTRACEMCO,Mar 2018,Group E,debt_to_equity,0.7383822303085437,0.4046511627906977
ULTRACEMCO,Mar 2019,Group E,debt_to_equity,0.7507036828538414,0.4
ULTRACEMCO,Mar 2020,Group E,debt_to_equity,0.5895656182768159,0.4511627906976744
ULTRACEMCO,Mar 2021,Group E,debt_to_equity,0.4916581777023203,0.48372093023255813
ULTRACEMCO,Mar 2022,Group E,debt_to_equity,0.2240264890157823,0.6372093023255814
ULTRACEMCO,Mar 2023,Group E,debt_to_equity,0.2035526921306948,0.6511627906976745
ULTRACEMCO,Mar 2024,Group E,debt_to_equity,0.1893305439330544,0.655813953488372
UNIONBANK,Mar 2013,Group E,debt_to_equity,16.605404469080202,0.023255813953488413
UNIONBANK,Mar 2014,Group E,debt_to_equity,17.552753032091875,0.009302325581395321
UNIONBANK,Mar 2015,Group E,debt_to_equity,17.72038795919393,0.0046511627906976605
UNIONBANK,Mar 2016,Group E,debt_to_equity,16.259718847622352,0.027906976744186074
UNIONBANK,Mar 2017,Group E,debt_to_equity,17.366870045241356,0.013953488372092981
UNIONBANK,Mar 2018,Group E,debt_to_equity,18.05674798035799,0.0
UNIONBANK,Mar 2019,Group E,debt_to_equity,17.17021910866001,0.018604651162790753
UNIONBANK,Mar 2020,Group E,debt_to_equity,14.861724036481318,0.041860465116279055
UNIONBANK,Mar 2021,Group E,debt_to_equity,15.100497389477589,0.037209302325581395
UNIONBANK,Mar 2022,Group E,debt_to_equity,15.32031724079536,0.032558139534883734
UNIONBANK,Mar 2023,Group E,debt_to_equity,14.75888279782752,0.046511627906976716
UNIONBANK,Mar 2024,Group E,debt_to_equity,12.823705403799256,0.051162790697674376
RELIANCE,Mar 2013,Group E,free_cash_flow,9317.0,0.8930232558139535
RELIANCE,Mar 2014,Group E,free_cash_flow,-29809.0,0.023255813953488372
RELIANCE,Mar 2015,Group E,free_cash_flow,-30332.0,0.018604651162790697
RELIANCE,Mar 2016,Group E,free_cash_flow,1948.0,0.6837209302325581
RELIANCE,Mar 2017,Group E,free_cash_flow,-16651.0,0.027906976744186046
RELIANCE,Mar 2018,Group E,free_cash_flow,3267.0,0.7581395348837209
RELIANCE,Mar 2019,Group E,free_cash_flow,-52161.0,0.009302325581395349
RELIANCE,Mar 2020,Group E,free_cash_flow,22380.0,0.9441860465116279
RELIANCE,Mar 2021,Group E,free_cash_flow,-115427.0,0.004651162790697674
RELIANCE,Mar 2022,Group E,free_cash_flow,1492.0,0.6093023255813953
RELIANCE,Mar 2023,Group E,free_cash_flow,22031.0,0.9395348837209302
RELIANCE,Mar 2024,Group E,free_cash_flow,45207.0,0.9953488372093023
SBILIFE,Mar 2013,Group E,free_cash_flow,903.0,0.5395348837209303
SBILIFE,Mar 2014,Group E,free_cash_flow,-542.0,0.22790697674418606
SBILIFE,Mar 2015,Group E,free_cash_flow,2533.0,0.7209302325581395
SBILIFE,Mar 2016,Group E,free_cash_flow,-1426.0,0.17674418604651163
SBILIFE,Mar 2017,Group E,free_cash_flow,-507.0,0.23255813953488372
SBILIFE,Mar 2018,Group E,free_cash_flow,1485.0,0.6046511627906976
SBILIFE,Mar 2019,Group E,free_cash_flow,-79.0,0.28837209302325584
SBILIFE,Mar 2020,Group E,free_cash_flow,2313.0,0.7069767441860465
SBILIFE,Mar 2021,Group E,free_cash_flow,4675.0,0.8046511627906977
SBILIFE,Mar 2022,Group E,free_cash_flow,241.0,0.4
SBILIFE,Mar 2023,Group E,free_cash_flow,-1547.0,0.17209302325581396
SBILIFE,Mar 2024,Group E,free_cash_flow,-2099.0,0.14883720930232558
SHREECEM,Jun 2013,Group E,free_cash_flow,990.0,0.5581395348837209
SHREECEM,Jun 2014,Group E,free_cash_flow,167.0,0.3581395348837209
SHREECEM,Jun 2015,Group E,free_cash_flow,249.0,0.4046511627906977
SHREECEM,Mar 2017,Group E,free_cash_flow,154.0,0.3488372093023256
SHREECEM,Mar 2018,Group E,free_cash_flow,-1716.0,0.16279069767441862
SHREECEM,Mar 2019,Group E,free_cash_flow,1360.0,0.6
SHREECEM,Mar 2020,Group E,free_cash_flow,-1617.0,0.16744186046511628
SHREECEM,Mar 2021,Group E,free_cash_flow,1603.0,0.6325581395348837
SHREECEM,Mar 2022,Group E,free_cash_flow,525.0,0.4883720930232558
SHREECEM,Mar 2023,Group E,free_cash_flow,164.0,0.35348837209302325
SHREECEM,Mar 2024,Group E,free_cash_flow,1929.0,0.6790697674418604
SHRIRAMFIN,Mar 2013,Group E,free_cash_flow,-8400.0,0.05581395348837209
SHRIRAMFIN,Mar 2014,Group E,free_cash_flow,-4167.0,0.09767441860465116
SHRIRAMFIN,Mar 2015,Group E,free_cash_flow,-9656.0,0.04186046511627907
SHRIRAMFIN,Mar 2016,Group E,free_cash_flow,-5543.0,0.08372093023255814
SHRIRAMFIN,Mar 2017,Group E,free_cash_flow,-2679.0,0.12558139534883722
SHRIRAMFIN,Mar 2018,Group E,free_cash_flow,-13056.0,0.03255813953488372
SHRIRAMFIN,Mar 2019,Group E,free_cash_flow,-5611.0,0.07906976744186046
SHRIRAMFIN,Mar 2020,Group E,free_cash_flow,-2519.0,0.13023255813953488
SHRIRAMFIN,Mar 2021,Group E,free_cash_flow,-4264.0,0.09302325581395349
SHRIRAMFIN,Mar 2022,Group E,free_cash_flow,-8893.0,0.05116279069767442
SHRIRAMFIN,Mar 2023,Group E,free_cash_flow,-12549.0,0.037209302325581395
SHRIRAMFIN,Mar 2024,Group E,free_cash_flow,-31359.0,0.013953488372093023
SIEMENS,Sep 2011,Group E,free_cash_flow,267.0,0.4186046511627907
SIEMENS,Sep 2014,Group E,free_cash_flow,738.0,0.5069767441860465
SIEMENS,Sep 2015,Group E,free_cash_flow,1220.0,0.5813953488372093
SIEMENS,Sep 2016,Group E,free_cash_flow,750.0,0.5116279069767442
SIEMENS,Sep 2017,Group E,free_cash_flow,1894.0,0.6744186046511628
SIEMENS,Sep 2018,Group E,free_cash_flow,-74.0,0.2930232558139535
SIEMENS,Sep 2019,Group E,free_cash_flow,138.0,0.34418604651162793
SIEMENS,Sep 2020,Group E,free_cash_flow,1591.0,0.627906976744186
SIEMENS,Sep 2021,Group E,free_cash_flow,-967.0,0.19069767441860466
SIEMENS,Sep 2022,Group E,free_cash_flow,944.0,0.5488372093023256
SIEMENS,Sep 2023,Group E,free_cash_flow,641.0,0.5023255813953489
SIEMENS,Sep 2024,Group E,free_cash_flow,1168.0,0.5674418604651162
SUNPHARMA,Mar 2013,Group E,free_cash_flow,982.0,0.5534883720930233
SUNPHARMA,Mar 2014,Group E,free_cash_flow,1783.0,0.6511627906976745
SUNPHARMA,Mar 2015,Group E,free_cash_flow,4114.0,0.7906976744186046
SUNPHARMA,Mar 2016,Group E,free_cash_flow,2737.0,0.7348837209302326
SUNPHARMA,Mar 2017,Group E,free_cash_flow,2896.0,0.7488372093023256
SUNPHARMA,Mar 2018,Group E,free_cash_flow,803.0,0.5209302325581395
SUNPHARMA,Mar 2019,Group E,free_cash_flow,1886.0,0.6651162790697674
SUNPHARMA,Mar 2020,Group E,free_cash_flow,4330.0,0.8
SUNPHARMA,Mar 2021,Group E,free_cash_flow,6577.0,0.8697674418604651
SUNPHARMA,Mar 2022,Group E,free_cash_flow,3429.0,0.7674418604651163
SUNPHARMA,Mar 2023,Group E,free_cash_flow,-2261.0,0.13488372093023257
SUNPHARMA,Mar 2024,Group E,free_cash_flow,11372.0,0.9069767441860465
TATACONSUM,Mar 2013,Group E,free_cash_flow,197.0,0.3674418604651163
TATACONSUM,Mar 2014,Group E,free_cash_flow,421.0,0.4604651162790698
TATACONSUM,Mar 2015,Group E,free_cash_flow,211.0,0.37906976744186044
TATACONSUM,Mar 2016,Group E,free_cash_flow,261.0,0.40930232558139534
TATACONSUM,Mar 2017,Group E,free_cash_flow,886.0,0.5348837209302325
TATACONSUM,Mar 2018,Group E,free_cash_flow,325.0,0.4325581395348837
TATACONSUM,Mar 2019,Group E,free_cash_flow,263.0,0.413953488372093
TATACONSUM,Mar 2020,Group E,free_cash_flow,460.0,0.4790697674418605
TATACONSUM,Mar 2021,Group E,free_cash_flow,1310.0,0.586046511627907
TATACONSUM,Mar 2022,Group E,free_cash_flow,199.0,0.37209302325581395
TATACONSUM,Mar 2023,Group E,free_cash_flow,627.0,0.49767441860465117
TATACONSUM,Mar 2024,Group E,free_cash_flow,26.0,0.3116279069767442
TATAMOTORS,Mar 2013,Group E,free_cash_flow,-806.0,0.2
TATAMOTORS,Mar 2014,Group E,free_cash_flow,8160.0,0.8837209302325582
TATAMOTORS,Mar 2015,Group E,free_cash_flow,-701.0,0.22325581395348837
TATAMOTORS,Mar 2016,Group E,free_cash_flow,1206.0,0.5767441860465117
TATAMOTORS,Mar 2017,Group E,free_cash_flow,-9372.0,0.046511627906976744
TATAMOTORS,Mar 2018,Group E,free_cash_flow,-1282.0,0.18604651162790697
TATAMOTORS,Mar 2019,Group E,free_cash_flow,-1987.0,0.15813953488372093
TATAMOTORS,Mar 2020,Group E,free_cash_flow,-6482.0,0.06976744186046512
TATAMOTORS,Mar 2021,Group E,free_cash_flow,3329.0,0.7627906976744186
TATAMOTORS,Mar 2022,Group E,free_cash_flow,9839.0,0.9023255813953488
TATAMOTORS,Mar 2023,Group E,free_cash_flow,19971.0,0.9348837209302325
TATAMOTORS,Mar 2024,Group E,free_cash_flow,45133.0,0.9906976744186047
TATAPOWER,Mar 2013,Group E,free_cash_flow,-740.0,0.21395348837209302
TATAPOWER,Mar 2014,Group E,free_cash_flow,2874.0,0.7441860465116279
TATAPOWER,Mar 2015,Group E,free_cash_flow,2116.0,0.6976744186046512
TATAPOWER,Mar 2016,Group E,free_cash_flow,5610.0,0.8418604651162791
TATAPOWER,Mar 2017,Group E,free_cash_flow,-359.0,0.24651162790697675
TATAPOWER,Mar 2018,Group E,free_cash_flow,4852.0,0.813953488372093
TATAPOWER,Mar 2019,Group E,free_cash_flow,4302.0,0.7953488372093023
TATAPOWER,Mar 2020,Group E,free_cash_flow,6882.0,0.8744186046511628
TATAPOWER,Mar 2021,Group E,free_cash_flow,9338.0,0.8976744186046511
TATAPOWER,Mar 2022,Group E,free_cash_flow,443.0,0.4697674418604651
TATAPOWER,Mar 2023,Group E,free_cash_flow,-97.0,0.26976744186046514
TATAPOWER,Mar 2024,Group E,free_cash_flow,3569.0,0.7813953488372093
TATASTEEL,Mar 2013,Group E,free_cash_flow,936.0,0.5441860465116279
TATASTEEL,Mar 2014,Group E,free_cash_flow,-2232.0,0.14418604651162792
TATASTEEL,Mar 2015,Group E,free_cash_flow,2859.0,0.7395348837209302
TATASTEEL,Mar 2016,Group E,free_cash_flow,2661.0,0.727906976744186
TATASTEEL,Mar 2017,Group E,free_cash_flow,1334.0,0.5906976744186047
TATASTEEL,Mar 2018,Group E,free_cash_flow,-3707.0,0.11627906976744186
TATASTEEL,Mar 2019,Group E,free_cash_flow,-3840.0,0.10697674418604651
TATASTEEL,Mar 2020,Group E,free_cash_flow,6157.0,0.8651162790697674
TATASTEEL,Mar 2021,Group E,free_cash_flow,34890.0,0.9674418604651163
TATASTEEL,Mar 2022,Group E,free_cash_flow,33476.0,0.9627906976744186
TATASTEEL,Mar 2023,Group E,free_cash_flow,3504.0,0.7767441860465116
TATASTEEL,Mar 2024,Group E,free_cash_flow,6048.0,0.8604651162790697
TCS,Mar 2013,Group E,free_cash_flow,5577.0,0.8372093023255814
TCS,Mar 2014,Group E,free_cash_flow,5299.0,0.8232558139534883
TCS,Mar 2015,Group E,free_cash_flow,17562.0,0.9209302325581395
TCS,Mar 2016,Group E,free_cash_flow,14099.0,0.9162790697674419
TCS,Mar 2017,Group E,free_cash_flow,8328.0,0.8883720930232558
TCS,Mar 2018,Group E,free_cash_flow,28171.0,0.9488372093023256
TCS,Mar 2019,Group E,free_cash_flow,30238.0,0.9534883720930233
TCS,Mar 2020,Group E,free_cash_flow,41337.0,0.9813953488372092
TCS,Mar 2021,Group E,free_cash_flow,30846.0,0.958139534883721
TCS,Mar 2022,Group E,free_cash_flow,39211.0,0.9767441860465116
TCS,Mar 2023,Group E,free_cash_flow,42513.0,0.986046511627907
TCS,Mar 2024,Group E,free_cash_flow,50429.0,1.0
TECHM,Mar 2013,Group E,free_cash_flow,233.0,0.386046511627907
TECHM,Mar 2014,Group E,free_cash_flow,1887.0,0.6697674418604651
TECHM,Mar 2015,Group E,free_cash_flow,583.0,0.4930232558139535
TECHM,Mar 2016,Group E,free_cash_flow,1684.0,0.6465116279069767
TECHM,Mar 2017,Group E,free_cash_flow,1178.0,0.5720930232558139
TECHM,Mar 2018,Group E,free_cash_flow,235.0,0.3930232558139535
TECHM,Mar 2019,Group E,free_cash_flow,2328.0,0.7116279069767442
TECHM,Mar 2020,Group E,free_cash_flow,5439.0,0.8325581395348837
TECHM,Mar 2021,Group E,free_cash_flow,2661.0,0.727906976744186
TECHM,Mar 2022,Group E,free_cash_flow,5765.0,0.8511627906976744
TECHM,Mar 2023,Group E,free_cash_flow,5346.0,0.827906976744186
TECHM,Mar 2024,Group E,free_cash_flow,5058.0,0.8186046511627907
TITAN,Mar 2013,Group E,free_cash_flow,411.0,0.4511627906976744
TITAN,Mar 2014,Group E,free_cash_flow,-826.0,0.19534883720930232
TITAN,Mar 2015,Group E,free_cash_flow,385.0,0.44651162790697674
TITAN,Mar 2016,Group E,free_cash_flow,417.0,0.4558139534883721
TITAN,Mar 2017,Group E,free_cash_flow,759.0,0.5162790697674419
TITAN,Mar 2018,Group E,free_cash_flow,47.0,0.3209302325581395
TITAN,Mar 2019,Group E,free_cash_flow,446.0,0.4744186046511628
TITAN,Mar 2020,Group E,free_cash_flow,-113.0,0.2651162790697674
TITAN,Mar 2021,Group E,free_cash_flow,1340.0,0.5953488372093023
TITAN,Mar 2022,Group E,free_cash_flow,441.0,0.46511627906976744
TITAN,Mar 2023,Group E,free_cash_flow,-444.0,0.24186046511627907
TITAN,Mar 2024,Group E,free_cash_flow,1506.0,0.6139534883720931
TORNTPHARM,Mar 2013,Group E,free_cash_flow,-94.0,0.27674418604651163
TORNTPHARM,Mar 2014,Group E,free_cash_flow,181.0,0.3627906976744186
TORNTPHARM,Mar 2015,Group E,free_cash_flow,-1303.0,0.1813953488372093
TORNTPHARM,Mar 2016,Group E,free_cash_flow,1873.0,0.6558139534883721
TORNTPHARM,Mar 2017,Group E,free_cash_flow,211.0,0.37906976744186044
TORNTPHARM,Mar 2018,Group E,free_cash_flow,-3783.0,0.11162790697674418
TORNTPHARM,Mar 2019,Group E,free_cash_flow,1552.0,0.6186046511627907
TORNTPHARM,Mar 2020,Group E,free_cash_flow,1622.0,0.641860465116279
TORNTPHARM,Mar 2021,Group E,free_cash_flow,1561.0,0.6232558139534884
TORNTPHARM,Mar 2022,Group E,free_cash_flow,1607.0,0.6372093023255814
TORNTPHARM,Mar 2023,Group E,free_cash_flow,33.0,0.31627906976744186
TORNTPHARM,Mar 2024,Group E,free_cash_flow,3106.0,0.7534883720930232
TRENT,Mar 2013,Group E,free_cash_flow,-245.0,0.26046511627906976
TRENT,Mar 2014,Group E,free_cash_flow,-94.0,0.27674418604651163
TRENT,Mar 2015,Group E,free_cash_flow,-316.0,0.2558139534883721
TRENT,Mar 2016,Group E,free_cash_flow,11.0,0.30697674418604654
TRENT,Mar 2017,Group E,free_cash_flow,58.0,0.32558139534883723
TRENT,Mar 2018,Group E,free_cash_flow,73.0,0.33488372093023255
TRENT,Mar 2019,Group E,free_cash_flow,-16.0,0.3023255813953488
TRENT,Mar 2020,Group E,free_cash_flow,-448.0,0.2372093023255814
TRENT,Mar 2021,Group E,free_cash_flow,303.0,0.42790697674418604
TRENT,Mar 2022,Group E,free_cash_flow,114.0,0.3395348837209302
TRENT,Mar 2023,Group E,free_cash_flow,492.0,0.48372093023255813
TRENT,Mar 2024,Group E,free_cash_flow,841.0,0.5255813953488372
TVSMOTOR,Mar 2013,Group E,free_cash_flow,344.0,0.4418604651162791
TVSMOTOR,Mar 2014,Group E,free_cash_flow,235.0,0.3930232558139535
TVSMOTOR,Mar 2015,Group E,free_cash_flow,-332.0,0.25116279069767444
TVSMOTOR,Mar 2016,Group E,free_cash_flow,331.0,0.4372093023255814
TVSMOTOR,Mar 2017,Group E,free_cash_flow,-20.0,0.29767441860465116
TVSMOTOR,Mar 2018,Group E,free_cash_flow,-741.0,0.20930232558139536
TVSMOTOR,Mar 2019,Group E,free_cash_flow,-2022.0,0.15348837209302327
TVSMOTOR,Mar 2020,Group E,free_cash_flow,-717.0,0.2186046511627907
TVSMOTOR,Mar 2021,Group E,free_cash_flow,269.0,0.4232558139534884
TVSMOTOR,Mar 2022,Group E,free_cash_flow,-3046.0,0.12093023255813953
TVSMOTOR,Mar 2023,Group E,free_cash_flow,-5713.0,0.07441860465116279
TVSMOTOR,Mar 2024,Group E,free_cash_flow,-2254.0,0.13953488372093023
ULTRACEMCO,Mar 2013,Group E,free_cash_flow,-744.0,0.20465116279069767
ULTRACEMCO,Mar 2014,Group E,free_cash_flow,1113.0,0.5627906976744186
ULTRACEMCO,Mar 2015,Group E,free_cash_flow,2046.0,0.6883720930232559
ULTRACEMCO,Mar 2016,Group E,free_cash_flow,853.0,0.5302325581395348
ULTRACEMCO,Mar 2017,Group E,free_cash_flow,2504.0,0.7162790697674418
ULTRACEMCO,Mar 2018,Group E,free_cash_flow,5754.0,0.8465116279069768
ULTRACEMCO,Mar 2019,Group E,free_cash_flow,7121.0,0.8790697674418605
ULTRACEMCO,Mar 2020,Group E,free_cash_flow,4780.0,0.8093023255813954
ULTRACEMCO,Mar 2021,Group E,free_cash_flow,3644.0,0.786046511627907
ULTRACEMCO,Mar 2022,Group E,free_cash_flow,11540.0,0.9116279069767442
ULTRACEMCO,Mar 2023,Group E,free_cash_flow,1881.0,0.6604651162790698
ULTRACEMCO,Mar 2024,Group E,free_cash_flow,2109.0,0.6930232558139535
UNIONBANK,Mar 2013,Group E,free_cash_flow,-4588.0,0.08837209302325581
UNIONBANK,Mar 2014,Group E,free_cash_flow,2207.0,0.7023255813953488
UNIONBANK,Mar 2015,Group E,free_cash_flow,-3885.0,0.10232558139534884
UNIONBANK,Mar 2016,Group E,free_cash_flow,72.0,0.3302325581395349
UNIONBANK,Mar 2017,Group E,free_cash_flow,-6904.0,0.06511627906976744
UNIONBANK,Mar 2018,Group E,free_cash_flow,5782.0,0.8558139534883721
UNIONBANK,Mar 2019,Group E,free_cash_flow,-8075.0,0.06046511627906977
UNIONBANK,Mar 2020,Group E,free_cash_flow,-81.0,0.2837209302325581
UNIONBANK,Mar 2021,Group E,free_cash_flow,19926.0,0.9302325581395349
UNIONBANK,Mar 2022,Group E,free_cash_flow,35781.0,0.9720930232558139
UNIONBANK,Mar 2023,Group E,free_cash_flow,3495.0,0.772093023255814
UNIONBANK,Mar 2024,Group E,free_cash_flow,18536.0,0.9255813953488372
RELIANCE,Mar 2013,Group E,pat_cagr_5yr,14.92,0.40575916230366493
RELIANCE,Mar 2014,Group E,pat_cagr_5yr,14.92,0.40575916230366493
RELIANCE,Mar 2015,Group E,pat_cagr_5yr,14.92,0.40575916230366493
RELIANCE,Mar 2016,Group E,pat_cagr_5yr,14.92,0.40575916230366493
RELIANCE,Mar 2017,Group E,pat_cagr_5yr,14.92,0.40575916230366493
RELIANCE,Mar 2018,Group E,pat_cagr_5yr,14.92,0.40575916230366493
RELIANCE,Mar 2019,Group E,pat_cagr_5yr,14.92,0.40575916230366493
RELIANCE,Mar 2020,Group E,pat_cagr_5yr,14.92,0.40575916230366493
RELIANCE,Mar 2021,Group E,pat_cagr_5yr,14.92,0.40575916230366493
RELIANCE,Mar 2022,Group E,pat_cagr_5yr,14.92,0.40575916230366493
RELIANCE,Mar 2023,Group E,pat_cagr_5yr,14.92,0.40575916230366493
RELIANCE,Mar 2024,Group E,pat_cagr_5yr,14.92,0.40575916230366493
SBILIFE,Mar 2013,Group E,pat_cagr_5yr,11.14,0.2801047120418848
SBILIFE,Mar 2014,Group E,pat_cagr_5yr,11.14,0.2801047120418848
SBILIFE,Mar 2015,Group E,pat_cagr_5yr,11.14,0.2801047120418848
SBILIFE,Mar 2016,Group E,pat_cagr_5yr,11.14,0.2801047120418848
SBILIFE,Mar 2017,Group E,pat_cagr_5yr,11.14,0.2801047120418848
SBILIFE,Mar 2018,Group E,pat_cagr_5yr,11.14,0.2801047120418848
SBILIFE,Mar 2019,Group E,pat_cagr_5yr,11.14,0.2801047120418848
SBILIFE,Mar 2020,Group E,pat_cagr_5yr,11.14,0.2801047120418848
SBILIFE,Mar 2021,Group E,pat_cagr_5yr,11.14,0.2801047120418848
SBILIFE,Mar 2022,Group E,pat_cagr_5yr,11.14,0.2801047120418848
SBILIFE,Mar 2023,Group E,pat_cagr_5yr,11.14,0.2801047120418848
SBILIFE,Mar 2024,Group E,pat_cagr_5yr,11.14,0.2801047120418848
SHREECEM,Jun 2013,Group E,pat_cagr_5yr,2.34,0.15706806282722513
SHREECEM,Jun 2014,Group E,pat_cagr_5yr,2.34,0.15706806282722513
SHREECEM,Jun 2015,Group E,pat_cagr_5yr,2.34,0.15706806282722513
SHREECEM,Mar 2017,Group E,pat_cagr_5yr,2.34,0.15706806282722513
SHREECEM,Mar 2018,Group E,pat_cagr_5yr,2.34,0.15706806282722513
SHREECEM,Mar 2019,Group E,pat_cagr_5yr,2.34,0.15706806282722513
SHREECEM,Mar 2020,Group E,pat_cagr_5yr,2.34,0.15706806282722513
SHREECEM,Mar 2021,Group E,pat_cagr_5yr,2.34,0.15706806282722513
SHREECEM,Mar 2022,Group E,pat_cagr_5yr,2.34,0.15706806282722513
SHREECEM,Mar 2023,Group E,pat_cagr_5yr,2.34,0.15706806282722513
SHREECEM,Mar 2024,Group E,pat_cagr_5yr,2.34,0.15706806282722513
SHRIRAMFIN,Mar 2013,Group E,pat_cagr_5yr,30.35,0.9083769633507853
SHRIRAMFIN,Mar 2014,Group E,pat_cagr_5yr,30.35,0.9083769633507853
SHRIRAMFIN,Mar 2015,Group E,pat_cagr_5yr,30.35,0.9083769633507853
SHRIRAMFIN,Mar 2016,Group E,pat_cagr_5yr,30.35,0.9083769633507853
SHRIRAMFIN,Mar 2017,Group E,pat_cagr_5yr,30.35,0.9083769633507853
SHRIRAMFIN,Mar 2018,Group E,pat_cagr_5yr,30.35,0.9083769633507853
SHRIRAMFIN,Mar 2019,Group E,pat_cagr_5yr,30.35,0.9083769633507853
SHRIRAMFIN,Mar 2020,Group E,pat_cagr_5yr,30.35,0.9083769633507853
SHRIRAMFIN,Mar 2021,Group E,pat_cagr_5yr,30.35,0.9083769633507853
SHRIRAMFIN,Mar 2022,Group E,pat_cagr_5yr,30.35,0.9083769633507853
SHRIRAMFIN,Mar 2023,Group E,pat_cagr_5yr,30.35,0.9083769633507853
SHRIRAMFIN,Mar 2024,Group E,pat_cagr_5yr,30.35,0.9083769633507853
SIEMENS,Sep 2011,Group E,pat_cagr_5yr,19.85,0.5942408376963351
SIEMENS,Sep 2014,Group E,pat_cagr_5yr,19.85,0.5942408376963351
SIEMENS,Sep 2015,Group E,pat_cagr_5yr,19.85,0.5942408376963351
SIEMENS,Sep 2016,Group E,pat_cagr_5yr,19.85,0.5942408376963351
SIEMENS,Sep 2017,Group E,pat_cagr_5yr,19.85,0.5942408376963351
SIEMENS,Sep 2018,Group E,pat_cagr_5yr,19.85,0.5942408376963351
SIEMENS,Sep 2019,Group E,pat_cagr_5yr,19.85,0.5942408376963351
SIEMENS,Sep 2020,Group E,pat_cagr_5yr,19.85,0.5942408376963351
SIEMENS,Sep 2021,Group E,pat_cagr_5yr,19.85,0.5942408376963351
SIEMENS,Sep 2022,Group E,pat_cagr_5yr,19.85,0.5942408376963351
SIEMENS,Sep 2023,Group E,pat_cagr_5yr,19.85,0.5942408376963351
SIEMENS,Sep 2024,Group E,pat_cagr_5yr,19.85,0.5942408376963351
SUNPHARMA,Mar 2013,Group E,pat_cagr_5yr,21.65,0.7198952879581152
SUNPHARMA,Mar 2014,Group E,pat_cagr_5yr,21.65,0.7198952879581152
SUNPHARMA,Mar 2015,Group E,pat_cagr_5yr,21.65,0.7198952879581152
SUNPHARMA,Mar 2016,Group E,pat_cagr_5yr,21.65,0.7198952879581152
SUNPHARMA,Mar 2017,Group E,pat_cagr_5yr,21.65,0.7198952879581152
SUNPHARMA,Mar 2018,Group E,pat_cagr_5yr,21.65,0.7198952879581152
SUNPHARMA,Mar 2019,Group E,pat_cagr_5yr,21.65,0.7198952879581152
SUNPHARMA,Mar 2020,Group E,pat_cagr_5yr,21.65,0.7198952879581152
SUNPHARMA,Mar 2021,Group E,pat_cagr_5yr,21.65,0.7198952879581152
SUNPHARMA,Mar 2022,Group E,pat_cagr_5yr,21.65,0.7198952879581152
SUNPHARMA,Mar 2023,Group E,pat_cagr_5yr,21.65,0.7198952879581152
SUNPHARMA,Mar 2024,Group E,pat_cagr_5yr,21.65,0.7198952879581152
TATACONSUM,Mar 2013,Group E,pat_cagr_5yr,20.53,0.6570680628272252
TATACONSUM,Mar 2014,Group E,pat_cagr_5yr,20.53,0.6570680628272252
TATACONSUM,Mar 2015,Group E,pat_cagr_5yr,20.53,0.6570680628272252
TATACONSUM,Mar 2016,Group E,pat_cagr_5yr,20.53,0.6570680628272252
TATACONSUM,Mar 2017,Group E,pat_cagr_5yr,20.53,0.6570680628272252
TATACONSUM,Mar 2018,Group E,pat_cagr_5yr,20.53,0.6570680628272252
TATACONSUM,Mar 2019,Group E,pat_cagr_5yr,20.53,0.6570680628272252
TATACONSUM,Mar 2020,Group E,pat_cagr_5yr,20.53,0.6570680628272252
TATACONSUM,Mar 2021,Group E,pat_cagr_5yr,20.53,0.6570680628272252
TATACONSUM,Mar 2022,Group E,pat_cagr_5yr,20.53,0.6570680628272252
TATACONSUM,Mar 2023,Group E,pat_cagr_5yr,20.53,0.6570680628272252
TATACONSUM,Mar 2024,Group E,pat_cagr_5yr,20.53,0.6570680628272252
TATAMOTORS,Mar 2013,Group E,pat_cagr_5yr,,
TATAMOTORS,Mar 2014,Group E,pat_cagr_5yr,,
TATAMOTORS,Mar 2015,Group E,pat_cagr_5yr,,
TATAMOTORS,Mar 2016,Group E,pat_cagr_5yr,,
TATAMOTORS,Mar 2017,Group E,pat_cagr_5yr,,
TATAMOTORS,Mar 2018,Group E,pat_cagr_5yr,,
TATAMOTORS,Mar 2019,Group E,pat_cagr_5yr,,
TATAMOTORS,Mar 2020,Group E,pat_cagr_5yr,,
TATAMOTORS,Mar 2021,Group E,pat_cagr_5yr,,
TATAMOTORS,Mar 2022,Group E,pat_cagr_5yr,,
TATAMOTORS,Mar 2023,Group E,pat_cagr_5yr,,
TATAMOTORS,Mar 2024,Group E,pat_cagr_5yr,,
TATAPOWER,Mar 2013,Group E,pat_cagr_5yr,27.32,0.8455497382198953
TATAPOWER,Mar 2014,Group E,pat_cagr_5yr,27.32,0.8455497382198953
TATAPOWER,Mar 2015,Group E,pat_cagr_5yr,27.32,0.8455497382198953
TATAPOWER,Mar 2016,Group E,pat_cagr_5yr,27.32,0.8455497382198953
TATAPOWER,Mar 2017,Group E,pat_cagr_5yr,27.32,0.8455497382198953
TATAPOWER,Mar 2018,Group E,pat_cagr_5yr,27.32,0.8455497382198953
TATAPOWER,Mar 2019,Group E,pat_cagr_5yr,27.32,0.8455497382198953
TATAPOWER,Mar 2020,Group E,pat_cagr_5yr,27.32,0.8455497382198953
TATAPOWER,Mar 2021,Group E,pat_cagr_5yr,27.32,0.8455497382198953
TATAPOWER,Mar 2022,Group E,pat_cagr_5yr,27.32,0.8455497382198953
TATAPOWER,Mar 2023,Group E,pat_cagr_5yr,27.32,0.8455497382198953
TATAPOWER,Mar 2024,Group E,pat_cagr_5yr,27.32,0.8455497382198953
TATASTEEL,Mar 2013,Group E,pat_cagr_5yr,16.57,0.468586387434555
TATASTEEL,Mar 2014,Group E,pat_cagr_5yr,16.57,0.468586387434555
TATASTEEL,Mar 2015,Group E,pat_cagr_5yr,16.57,0.468586387434555
TATASTEEL,Mar 2016,Group E,pat_cagr_5yr,16.57,0.468586387434555
TATASTEEL,Mar 2017,Group E,pat_cagr_5yr,16.57,0.468586387434555
TATASTEEL,Mar 2018,Group E,pat_cagr_5yr,16.57,0.468586387434555
TATASTEEL,Mar 2019,Group E,pat_cagr_5yr,16.57,0.468586387434555
TATASTEEL,Mar 2020,Group E,pat_cagr_5yr,16.57,0.468586387434555
TATASTEEL,Mar 2021,Group E,pat_cagr_5yr,16.57,0.468586387434555
TATASTEEL,Mar 2022,Group E,pat_cagr_5yr,16.57,0.468586387434555
TATASTEEL,Mar 2023,Group E,pat_cagr_5yr,16.57,0.468586387434555
TATASTEEL,Mar 2024,Group E,pat_cagr_5yr,16.57,0.468586387434555
TCS,Mar 2013,Group E,pat_cagr_5yr,8.6,0.21727748691099477
TCS,Mar 2014,Group E,pat_cagr_5yr,8.6,0.21727748691099477
TCS,Mar 2015,Group E,pat_cagr_5yr,8.6,0.21727748691099477
TCS,Mar 2016,Group E,pat_cagr_5yr,8.6,0.21727748691099477
TCS,Mar 2017,Group E,pat_cagr_5yr,8.6,0.21727748691099477
TCS,Mar 2018,Group E,pat_cagr_5yr,8.6,0.21727748691099477
TCS,Mar 2019,Group E,pat_cagr_5yr,8.6,0.21727748691099477
TCS,Mar 2020,Group E,pat_cagr_5yr,8.6,0.21727748691099477
TCS,Mar 2021,Group E,pat_cagr_5yr,8.6,0.21727748691099477
TCS,Mar 2022,Group E,pat_cagr_5yr,8.6,0.21727748691099477
TCS,Mar 2023,Group E,pat_cagr_5yr,8.6,0.21727748691099477
TCS,Mar 2024,Group E,pat_cagr_5yr,8.6,0.21727748691099477
TECHM,Mar 2013,Group E,pat_cagr_5yr,-0.63,0.034031413612565446
TECHM,Mar 2014,Group E,pat_cagr_5yr,-0.63,0.034031413612565446
TECHM,Mar 2015,Group E,pat_cagr_5yr,-0.63,0.034031413612565446
TECHM,Mar 2016,Group E,pat_cagr_5yr,-0.63,0.034031413612565446
TECHM,Mar 2017,Group E,pat_cagr_5yr,-0.63,0.034031413612565446
TECHM,Mar 2018,Group E,pat_cagr_5yr,-0.63,0.034031413612565446
TECHM,Mar 2019,Group E,pat_cagr_5yr,-0.63,0.034031413612565446
TECHM,Mar 2020,Group E,pat_cagr_5yr,-0.63,0.034031413612565446
TECHM,Mar 2021,Group E,pat_cagr_5yr,-0.63,0.034031413612565446
TECHM,Mar 2022,Group E,pat_cagr_5yr,-0.63,0.034031413612565446
TECHM,Mar 2023,Group E,pat_cagr_5yr,-0.63,0.034031413612565446
TECHM,Mar 2024,Group E,pat_cagr_5yr,-0.63,0.034031413612565446
TITAN,Mar 2013,Group E,pat_cagr_5yr,16.78,0.5314136125654451
TITAN,Mar 2014,Group E,pat_cagr_5yr,16.78,0.5314136125654451
TITAN,Mar 2015,Group E,pat_cagr_5yr,16.78,0.5314136125654451
TITAN,Mar 2016,Group E,pat_cagr_5yr,16.78,0.5314136125654451
TITAN,Mar 2017,Group E,pat_cagr_5yr,16.78,0.5314136125654451
TITAN,Mar 2018,Group E,pat_cagr_5yr,16.78,0.5314136125654451
TITAN,Mar 2019,Group E,pat_cagr_5yr,16.78,0.5314136125654451
TITAN,Mar 2020,Group E,pat_cagr_5yr,16.78,0.5314136125654451
TITAN,Mar 2021,Group E,pat_cagr_5yr,16.78,0.5314136125654451
TITAN,Mar 2022,Group E,pat_cagr_5yr,16.78,0.5314136125654451
TITAN,Mar 2023,Group E,pat_cagr_5yr,16.78,0.5314136125654451
TITAN,Mar 2024,Group E,pat_cagr_5yr,16.78,0.5314136125654451
TORNTPHARM,Mar 2013,Group E,pat_cagr_5yr,12.68,0.34293193717277487
TORNTPHARM,Mar 2014,Group E,pat_cagr_5yr,12.68,0.34293193717277487
TORNTPHARM,Mar 2015,Group E,pat_cagr_5yr,12.68,0.34293193717277487
TORNTPHARM,Mar 2016,Group E,pat_cagr_5yr,12.68,0.34293193717277487
TORNTPHARM,Mar 2017,Group E,pat_cagr_5yr,12.68,0.34293193717277487
TORNTPHARM,Mar 2018,Group E,pat_cagr_5yr,12.68,0.34293193717277487
TORNTPHARM,Mar 2019,Group E,pat_cagr_5yr,12.68,0.34293193717277487
TORNTPHARM,Mar 2020,Group E,pat_cagr_5yr,12.68,0.34293193717277487
TORNTPHARM,Mar 2021,Group E,pat_cagr_5yr,12.68,0.34293193717277487
TORNTPHARM,Mar 2022,Group E,pat_cagr_5yr,12.68,0.34293193717277487
TORNTPHARM,Mar 2023,Group E,pat_cagr_5yr,12.68,0.34293193717277487
TORNTPHARM,Mar 2024,Group E,pat_cagr_5yr,12.68,0.34293193717277487
TRENT,Mar 2013,Group E,pat_cagr_5yr,76.37,0.9712041884816754
TRENT,Mar 2014,Group E,pat_cagr_5yr,76.37,0.9712041884816754
TRENT,Mar 2015,Group E,pat_cagr_5yr,76.37,0.9712041884816754
TRENT,Mar 2016,Group E,pat_cagr_5yr,76.37,0.9712041884816754
TRENT,Mar 2017,Group E,pat_cagr_5yr,76.37,0.9712041884816754
TRENT,Mar 2018,Group E,pat_cagr_5yr,76.37,0.9712041884816754
TRENT,Mar 2019,Group E,pat_cagr_5yr,76.37,0.9712041884816754
TRENT,Mar 2020,Group E,pat_cagr_5yr,76.37,0.9712041884816754
TRENT,Mar 2021,Group E,pat_cagr_5yr,76.37,0.9712041884816754
TRENT,Mar 2022,Group E,pat_cagr_5yr,76.37,0.9712041884816754
TRENT,Mar 2023,Group E,pat_cagr_5yr,76.37,0.9712041884816754
TRENT,Mar 2024,Group E,pat_cagr_5yr,76.37,0.9712041884816754
TVSMOTOR,Mar 2013,Group E,pat_cagr_5yr,26.48,0.7827225130890052
TVSMOTOR,Mar 2014,Group E,pat_cagr_5yr,26.48,0.7827225130890052
TVSMOTOR,Mar 2015,Group E,pat_cagr_5yr,26.48,0.7827225130890052
TVSMOTOR,Mar 2016,Group E,pat_cagr_5yr,26.48,0.7827225130890052
TVSMOTOR,Mar 2017,Group E,pat_cagr_5yr,26.48,0.7827225130890052
TVSMOTOR,Mar 2018,Group E,pat_cagr_5yr,26.48,0.7827225130890052
TVSMOTOR,Mar 2019,Group E,pat_cagr_5yr,26.48,0.7827225130890052
TVSMOTOR,Mar 2020,Group E,pat_cagr_5yr,26.48,0.7827225130890052
TVSMOTOR,Mar 2021,Group E,pat_cagr_5yr,26.48,0.7827225130890052
TVSMOTOR,Mar 2022,Group E,pat_cagr_5yr,26.48,0.7827225130890052
TVSMOTOR,Mar 2023,Group E,pat_cagr_5yr,26.48,0.7827225130890052
TVSMOTOR,Mar 2024,Group E,pat_cagr_5yr,26.48,0.7827225130890052
ULTRACEMCO,Mar 2013,Group E,pat_cagr_5yr,1.68,0.0968586387434555
ULTRACEMCO,Mar 2014,Group E,pat_cagr_5yr,1.68,0.0968586387434555
ULTRACEMCO,Mar 2015,Group E,pat_cagr_5yr,1.68,0.0968586387434555
ULTRACEMCO,Mar 2016,Group E,pat_cagr_5yr,1.68,0.0968586387434555
ULTRACEMCO,Mar 2017,Group E,pat_cagr_5yr,1.68,0.0968586387434555
ULTRACEMCO,Mar 2018,Group E,pat_cagr_5yr,1.68,0.0968586387434555
ULTRACEMCO,Mar 2019,Group E,pat_cagr_5yr,1.68,0.0968586387434555
ULTRACEMCO,Mar 2020,Group E,pat_cagr_5yr,1.68,0.0968586387434555
ULTRACEMCO,Mar 2021,Group E,pat_cagr_5yr,1.68,0.0968586387434555
ULTRACEMCO,Mar 2022,Group E,pat_cagr_5yr,1.68,0.0968586387434555
ULTRACEMCO,Mar 2023,Group E,pat_cagr_5yr,1.68,0.0968586387434555
ULTRACEMCO,Mar 2024,Group E,pat_cagr_5yr,1.68,0.0968586387434555
UNIONBANK,Mar 2013,Group E,pat_cagr_5yr,,
UNIONBANK,Mar 2014,Group E,pat_cagr_5yr,,
UNIONBANK,Mar 2015,Group E,pat_cagr_5yr,,
UNIONBANK,Mar 2016,Group E,pat_cagr_5yr,,
UNIONBANK,Mar 2017,Group E,pat_cagr_5yr,,
UNIONBANK,Mar 2018,Group E,pat_cagr_5yr,,
UNIONBANK,Mar 2019,Group E,pat_cagr_5yr,,
UNIONBANK,Mar 2020,Group E,pat_cagr_5yr,,
UNIONBANK,Mar 2021,Group E,pat_cagr_5yr,,
UNIONBANK,Mar 2022,Group E,pat_cagr_5yr,,
UNIONBANK,Mar 2023,Group E,pat_cagr_5yr,,
UNIONBANK,Mar 2024,Group E,pat_cagr_5yr,,
RELIANCE,Mar 2013,Group E,revenue_cagr_5yr,9.51,0.24883720930232558
RELIANCE,Mar 2014,Group E,revenue_cagr_5yr,9.51,0.24883720930232558
RELIANCE,Mar 2015,Group E,revenue_cagr_5yr,9.51,0.24883720930232558
RELIANCE,Mar 2016,Group E,revenue_cagr_5yr,9.51,0.24883720930232558
RELIANCE,Mar 2017,Group E,revenue_cagr_5yr,9.51,0.24883720930232558
RELIANCE,Mar 2018,Group E,revenue_cagr_5yr,9.51,0.24883720930232558
RELIANCE,Mar 2019,Group E,revenue_cagr_5yr,9.51,0.24883720930232558
RELIANCE,Mar 2020,Group E,revenue_cagr_5yr,9.51,0.24883720930232558
RELIANCE,Mar 2021,Group E,revenue_cagr_5yr,9.51,0.24883720930232558
RELIANCE,Mar 2022,Group E,revenue_cagr_5yr,9.51,0.24883720930232558
RELIANCE,Mar 2023,Group E,revenue_cagr_5yr,9.51,0.24883720930232558
RELIANCE,Mar 2024,Group E,revenue_cagr_5yr,9.51,0.24883720930232558
SBILIFE,Mar 2013,Group E,revenue_cagr_5yr,24.32,0.9186046511627907
SBILIFE,Mar 2014,Group E,revenue_cagr_5yr,24.32,0.9186046511627907
SBILIFE,Mar 2015,Group E,revenue_cagr_5yr,24.32,0.9186046511627907
SBILIFE,Mar 2016,Group E,revenue_cagr_5yr,24.32,0.9186046511627907
SBILIFE,Mar 2017,Group E,revenue_cagr_5yr,24.32,0.9186046511627907
SBILIFE,Mar 2018,Group E,revenue_cagr_5yr,24.32,0.9186046511627907
SBILIFE,Mar 2019,Group E,revenue_cagr_5yr,24.32,0.9186046511627907
SBILIFE,Mar 2020,Group E,revenue_cagr_5yr,24.32,0.9186046511627907
SBILIFE,Mar 2021,Group E,revenue_cagr_5yr,24.32,0.9186046511627907
SBILIFE,Mar 2022,Group E,revenue_cagr_5yr,24.32,0.9186046511627907
SBILIFE,Mar 2023,Group E,revenue_cagr_5yr,24.32,0.9186046511627907
SBILIFE,Mar 2024,Group E,revenue_cagr_5yr,24.32,0.9186046511627907
SHREECEM,Jun 2013,Group E,revenue_cagr_5yr,9.0,0.19534883720930232
SHREECEM,Jun 2014,Group E,revenue_cagr_5yr,9.0,0.19534883720930232
SHREECEM,Jun 2015,Group E,revenue_cagr_5yr,9.0,0.19534883720930232
SHREECEM,Mar 2017,Group E,revenue_cagr_5yr,9.0,0.19534883720930232
SHREECEM,Mar 2018,Group E,revenue_cagr_5yr,9.0,0.19534883720930232
SHREECEM,Mar 2019,Group E,revenue_cagr_5yr,9.0,0.19534883720930232
SHREECEM,Mar 2020,Group E,revenue_cagr_5yr,9.0,0.19534883720930232
SHREECEM,Mar 2021,Group E,revenue_cagr_5yr,9.0,0.19534883720930232
SHREECEM,Mar 2022,Group E,revenue_cagr_5yr,9.0,0.19534883720930232
SHREECEM,Mar 2023,Group E,revenue_cagr_5yr,9.0,0.19534883720930232
SHREECEM,Mar 2024,Group E,revenue_cagr_5yr,9.0,0.19534883720930232
SHRIRAMFIN,Mar 2013,Group E,revenue_cagr_5yr,19.21,0.7511627906976744
SHRIRAMFIN,Mar 2014,Group E,revenue_cagr_5yr,19.21,0.7511627906976744
SHRIRAMFIN,Mar 2015,Group E,revenue_cagr_5yr,19.21,0.7511627906976744
SHRIRAMFIN,Mar 2016,Group E,revenue_cagr_5yr,19.21,0.7511627906976744
SHRIRAMFIN,Mar 2017,Group E,revenue_cagr_5yr,19.21,0.7511627906976744
SHRIRAMFIN,Mar 2018,Group E,revenue_cagr_5yr,19.21,0.7511627906976744
SHRIRAMFIN,Mar 2019,Group E,revenue_cagr_5yr,19.21,0.7511627906976744
SHRIRAMFIN,Mar 2020,Group E,revenue_cagr_5yr,19.21,0.7511627906976744
SHRIRAMFIN,Mar 2021,Group E,revenue_cagr_5yr,19.21,0.7511627906976744
SHRIRAMFIN,Mar 2022,Group E,revenue_cagr_5yr,19.21,0.7511627906976744
SHRIRAMFIN,Mar 2023,Group E,revenue_cagr_5yr,19.21,0.7511627906976744
SHRIRAMFIN,Mar 2024,Group E,revenue_cagr_5yr,19.21,0.7511627906976744
SIEMENS,Sep 2011,Group E,revenue_cagr_5yr,11.19,0.5837209302325581
SIEMENS,Sep 2014,Group E,revenue_cagr_5yr,11.19,0.5837209302325581
SIEMENS,Sep 2015,Group E,revenue_cagr_5yr,11.19,0.5837209302325581
SIEMENS,Sep 2016,Group E,revenue_cagr_5yr,11.19,0.5837209302325581
SIEMENS,Sep 2017,Group E,revenue_cagr_5yr,11.19,0.5837209302325581
SIEMENS,Sep 2018,Group E,revenue_cagr_5yr,11.19,0.5837209302325581
SIEMENS,Sep 2019,Group E,revenue_cagr_5yr,11.19,0.5837209302325581
SIEMENS,Sep 2020,Group E,revenue_cagr_5yr,11.19,0.5837209302325581
SIEMENS,Sep 2021,Group E,revenue_cagr_5yr,11.19,0.5837209302325581
SIEMENS,Sep 2022,Group E,revenue_cagr_5yr,11.19,0.5837209302325581
SIEMENS,Sep 2023,Group E,revenue_cagr_5yr,11.19,0.5837209302325581
SIEMENS,Sep 2024,Group E,revenue_cagr_5yr,11.19,0.5837209302325581
SUNPHARMA,Mar 2013,Group E,revenue_cagr_5yr,8.91,0.14186046511627906
SUNPHARMA,Mar 2014,Group E,revenue_cagr_5yr,8.91,0.14186046511627906
SUNPHARMA,Mar 2015,Group E,revenue_cagr_5yr,8.91,0.14186046511627906
SUNPHARMA,Mar 2016,Group E,revenue_cagr_5yr,8.91,0.14186046511627906
SUNPHARMA,Mar 2017,Group E,revenue_cagr_5yr,8.91,0.14186046511627906
SUNPHARMA,Mar 2018,Group E,revenue_cagr_5yr,8.91,0.14186046511627906
SUNPHARMA,Mar 2019,Group E,revenue_cagr_5yr,8.91,0.14186046511627906
SUNPHARMA,Mar 2020,Group E,revenue_cagr_5yr,8.91,0.14186046511627906
SUNPHARMA,Mar 2021,Group E,revenue_cagr_5yr,8.91,0.14186046511627906
SUNPHARMA,Mar 2022,Group E,revenue_cagr_5yr,8.91,0.14186046511627906
SUNPHARMA,Mar 2023,Group E,revenue_cagr_5yr,8.91,0.14186046511627906
SUNPHARMA,Mar 2024,Group E,revenue_cagr_5yr,8.91,0.14186046511627906
TATACONSUM,Mar 2013,Group E,revenue_cagr_5yr,11.08,0.5279069767441861
TATACONSUM,Mar 2014,Group E,revenue_cagr_5yr,11.08,0.5279069767441861
TATACONSUM,Mar 2015,Group E,revenue_cagr_5yr,11.08,0.5279069767441861
TATACONSUM,Mar 2016,Group E,revenue_cagr_5yr,11.08,0.5279069767441861
TATACONSUM,Mar 2017,Group E,revenue_cagr_5yr,11.08,0.5279069767441861
TATACONSUM,Mar 2018,Group E,revenue_cagr_5yr,11.08,0.5279069767441861
TATACONSUM,Mar 2019,Group E,revenue_cagr_5yr,11.08,0.5279069767441861
TATACONSUM,Mar 2020,Group E,revenue_cagr_5yr,11.08,0.5279069767441861
TATACONSUM,Mar 2021,Group E,revenue_cagr_5yr,11.08,0.5279069767441861
TATACONSUM,Mar 2022,Group E,revenue_cagr_5yr,11.08,0.5279069767441861
TATACONSUM,Mar 2023,Group E,revenue_cagr_5yr,11.08,0.5279069767441861
TATACONSUM,Mar 2024,Group E,revenue_cagr_5yr,11.08,0.5279069767441861
TATAMOTORS,Mar 2013,Group E,revenue_cagr_5yr,11.01,0.4720930232558139
TATAMOTORS,Mar 2014,Group E,revenue_cagr_5yr,11.01,0.4720930232558139
TATAMOTORS,Mar 2015,Group E,revenue_cagr_5yr,11.01,0.4720930232558139
TATAMOTORS,Mar 2016,Group E,revenue_cagr_5yr,11.01,0.4720930232558139
TATAMOTORS,Mar 2017,Group E,revenue_cagr_5yr,11.01,0.4720930232558139
TATAMOTORS,Mar 2018,Group E,revenue_cagr_5yr,11.01,0.4720930232558139
TATAMOTORS,Mar 2019,Group E,revenue_cagr_5yr,11.01,0.4720930232558139
TATAMOTORS,Mar 2020,Group E,revenue_cagr_5yr,11.01,0.4720930232558139
TATAMOTORS,Mar 2021,Group E,revenue_cagr_5yr,11.01,0.4720930232558139
TATAMOTORS,Mar 2022,Group E,revenue_cagr_5yr,11.01,0.4720930232558139
TATAMOTORS,Mar 2023,Group E,revenue_cagr_5yr,11.01,0.4720930232558139
TATAMOTORS,Mar 2024,Group E,revenue_cagr_5yr,11.01,0.4720930232558139
TATAPOWER,Mar 2013,Group E,revenue_cagr_5yr,16.86,0.6395348837209303
TATAPOWER,Mar 2014,Group E,revenue_cagr_5yr,16.86,0.6395348837209303
TATAPOWER,Mar 2015,Group E,revenue_cagr_5yr,16.86,0.6395348837209303
TATAPOWER,Mar 2016,Group E,revenue_cagr_5yr,16.86,0.6395348837209303
TATAPOWER,Mar 2017,Group E,revenue_cagr_5yr,16.86,0.6395348837209303
TATAPOWER,Mar 2018,Group E,revenue_cagr_5yr,16.86,0.6395348837209303
TATAPOWER,Mar 2019,Group E,revenue_cagr_5yr,16.86,0.6395348837209303
TATAPOWER,Mar 2020,Group E,revenue_cagr_5yr,16.86,0.6395348837209303
TATAPOWER,Mar 2021,Group E,revenue_cagr_5yr,16.86,0.6395348837209303
TATAPOWER,Mar 2022,Group E,revenue_cagr_5yr,16.86,0.6395348837209303
TATAPOWER,Mar 2023,Group E,revenue_cagr_5yr,16.86,0.6395348837209303
TATAPOWER,Mar 2024,Group E,revenue_cagr_5yr,16.86,0.6395348837209303
TATASTEEL,Mar 2013,Group E,revenue_cagr_5yr,9.59,0.30465116279069765
TATASTEEL,Mar 2014,Group E,revenue_cagr_5yr,9.59,0.30465116279069765
TATASTEEL,Mar 2015,Group E,revenue_cagr_5yr,9.59,0.30465116279069765
TATASTEEL,Mar 2016,Group E,revenue_cagr_5yr,9.59,0.30465116279069765
TATASTEEL,Mar 2017,Group E,revenue_cagr_5yr,9.59,0.30465116279069765
TATASTEEL,Mar 2018,Group E,revenue_cagr_5yr,9.59,0.30465116279069765
TATASTEEL,Mar 2019,Group E,revenue_cagr_5yr,9.59,0.30465116279069765
TATASTEEL,Mar 2020,Group E,revenue_cagr_5yr,9.59,0.30465116279069765
TATASTEEL,Mar 2021,Group E,revenue_cagr_5yr,9.59,0.30465116279069765
TATASTEEL,Mar 2022,Group E,revenue_cagr_5yr,9.59,0.30465116279069765
TATASTEEL,Mar 2023,Group E,revenue_cagr_5yr,9.59,0.30465116279069765
TATASTEEL,Mar 2024,Group E,revenue_cagr_5yr,9.59,0.30465116279069765
TCS,Mar 2013,Group E,revenue_cagr_5yr,9.94,0.36046511627906974
TCS,Mar 2014,Group E,revenue_cagr_5yr,9.94,0.36046511627906974
TCS,Mar 2015,Group E,revenue_cagr_5yr,9.94,0.36046511627906974
TCS,Mar 2016,Group E,revenue_cagr_5yr,9.94,0.36046511627906974
TCS,Mar 2017,Group E,revenue_cagr_5yr,9.94,0.36046511627906974
TCS,Mar 2018,Group E,revenue_cagr_5yr,9.94,0.36046511627906974
TCS,Mar 2019,Group E,revenue_cagr_5yr,9.94,0.36046511627906974
TCS,Mar 2020,Group E,revenue_cagr_5yr,9.94,0.36046511627906974
TCS,Mar 2021,Group E,revenue_cagr_5yr,9.94,0.36046511627906974
TCS,Mar 2022,Group E,revenue_cagr_5yr,9.94,0.36046511627906974
TCS,Mar 2023,Group E,revenue_cagr_5yr,9.94,0.36046511627906974
TCS,Mar 2024,Group E,revenue_cagr_5yr,9.94,0.36046511627906974
TECHM,Mar 2013,Group E,revenue_cagr_5yr,7.32,0.05813953488372093
TECHM,Mar 2014,Group E,revenue_cagr_5yr,7.32,0.05813953488372093
TECHM,Mar 2015,Group E,revenue_cagr_5yr,7.32,0.05813953488372093
TECHM,Mar 2016,Group E,revenue_cagr_5yr,7.32,0.05813953488372093
TECHM,Mar 2017,Group E,revenue_cagr_5yr,7.32,0.05813953488372093
TECHM,Mar 2018,Group E,revenue_cagr_5yr,7.32,0.05813953488372093
TECHM,Mar 2019,Group E,revenue_cagr_5yr,7.32,0.05813953488372093
TECHM,Mar 2020,Group E,revenue_cagr_5yr,7.32,0.05813953488372093
TECHM,Mar 2021,Group E,revenue_cagr_5yr,7.32,0.05813953488372093
TECHM,Mar 2022,Group E,revenue_cagr_5yr,7.32,0.05813953488372093
TECHM,Mar 2023,Group E,revenue_cagr_5yr,7.32,0.05813953488372093
TECHM,Mar 2024,Group E,revenue_cagr_5yr,7.32,0.05813953488372093
TITAN,Mar 2013,Group E,revenue_cagr_5yr,20.94,0.8069767441860465
TITAN,Mar 2014,Group E,revenue_cagr_5yr,20.94,0.8069767441860465
TITAN,Mar 2015,Group E,revenue_cagr_5yr,20.94,0.8069767441860465
TITAN,Mar 2016,Group E,revenue_cagr_5yr,20.94,0.8069767441860465
TITAN,Mar 2017,Group E,revenue_cagr_5yr,20.94,0.8069767441860465
TITAN,Mar 2018,Group E,revenue_cagr_5yr,20.94,0.8069767441860465
TITAN,Mar 2019,Group E,revenue_cagr_5yr,20.94,0.8069767441860465
TITAN,Mar 2020,Group E,revenue_cagr_5yr,20.94,0.8069767441860465
TITAN,Mar 2021,Group E,revenue_cagr_5yr,20.94,0.8069767441860465
TITAN,Mar 2022,Group E,revenue_cagr_5yr,20.94,0.8069767441860465
TITAN,Mar 2023,Group E,revenue_cagr_5yr,20.94,0.8069767441860465
TITAN,Mar 2024,Group E,revenue_cagr_5yr,20.94,0.8069767441860465
TORNTPHARM,Mar 2013,Group E,revenue_cagr_5yr,7.32,0.05813953488372093
TORNTPHARM,Mar 2014,Group E,revenue_cagr_5yr,7.32,0.05813953488372093
TORNTPHARM,Mar 2015,Group E,revenue_cagr_5yr,7.32,0.05813953488372093
TORNTPHARM,Mar 2016,Group E,revenue_cagr_5yr,7.32,0.05813953488372093
TORNTPHARM,Mar 2017,Group E,revenue_cagr_5yr,7.32,0.05813953488372093
TORNTPHARM,Mar 2018,Group E,revenue_cagr_5yr,7.32,0.05813953488372093
TORNTPHARM,Mar 2019,Group E,revenue_cagr_5yr,7.32,0.05813953488372093
TORNTPHARM,Mar 2020,Group E,revenue_cagr_5yr,7.32,0.05813953488372093
TORNTPHARM,Mar 2021,Group E,revenue_cagr_5yr,7.32,0.05813953488372093
TORNTPHARM,Mar 2022,Group E,revenue_cagr_5yr,7.32,0.05813953488372093
TORNTPHARM,Mar 2023,Group E,revenue_cagr_5yr,7.32,0.05813953488372093
TORNTPHARM,Mar 2024,Group E,revenue_cagr_5yr,7.32,0.05813953488372093
TRENT,Mar 2013,Group E,revenue_cagr_5yr,33.94,0.9744186046511628
TRENT,Mar 2014,Group E,revenue_cagr_5yr,33.94,0.9744186046511628
TRENT,Mar 2015,Group E,revenue_cagr_5yr,33.94,0.9744186046511628
TRENT,Mar 2016,Group E,revenue_cagr_5yr,33.94,0.9744186046511628
TRENT,Mar 2017,Group E,revenue_cagr_5yr,33.94,0.9744186046511628
TRENT,Mar 2018,Group E,revenue_cagr_5yr,33.94,0.9744186046511628
TRENT,Mar 2019,Group E,revenue_cagr_5yr,33.94,0.9744186046511628
TRENT,Mar 2020,Group E,revenue_cagr_5yr,33.94,0.9744186046511628
TRENT,Mar 2021,Group E,revenue_cagr_5yr,33.94,0.9744186046511628
TRENT,Mar 2022,Group E,revenue_cagr_5yr,33.94,0.9744186046511628
TRENT,Mar 2023,Group E,revenue_cagr_5yr,33.94,0.9744186046511628
TRENT,Mar 2024,Group E,revenue_cagr_5yr,33.94,0.9744186046511628
TVSMOTOR,Mar 2013,Group E,revenue_cagr_5yr,17.87,0.6953488372093023
TVSMOTOR,Mar 2014,Group E,revenue_cagr_5yr,17.87,0.6953488372093023
TVSMOTOR,Mar 2015,Group E,revenue_cagr_5yr,17.87,0.6953488372093023
TVSMOTOR,Mar 2016,Group E,revenue_cagr_5yr,17.87,0.6953488372093023
TVSMOTOR,Mar 2017,Group E,revenue_cagr_5yr,17.87,0.6953488372093023
TVSMOTOR,Mar 2018,Group E,revenue_cagr_5yr,17.87,0.6953488372093023
TVSMOTOR,Mar 2019,Group E,revenue_cagr_5yr,17.87,0.6953488372093023
TVSMOTOR,Mar 2020,Group E,revenue_cagr_5yr,17.87,0.6953488372093023
TVSMOTOR,Mar 2021,Group E,revenue_cagr_5yr,17.87,0.6953488372093023
TVSMOTOR,Mar 2022,Group E,revenue_cagr_5yr,17.87,0.6953488372093023
TVSMOTOR,Mar 2023,Group E,revenue_cagr_5yr,17.87,0.6953488372093023
TVSMOTOR,Mar 2024,Group E,revenue_cagr_5yr,17.87,0.6953488372093023
ULTRACEMCO,Mar 2013,Group E,revenue_cagr_5yr,10.94,0.41627906976744183
ULTRACEMCO,Mar 2014,Group E,revenue_cagr_5yr,10.94,0.41627906976744183
ULTRACEMCO,Mar 2015,Group E,revenue_cagr_5yr,10.94,0.41627906976744183
ULTRACEMCO,Mar 2016,Group E,revenue_cagr_5yr,10.94,0.41627906976744183
ULTRACEMCO,Mar 2017,Group E,revenue_cagr_5yr,10.94,0.41627906976744183
ULTRACEMCO,Mar 2018,Group E,revenue_cagr_5yr,10.94,0.41627906976744183
ULTRACEMCO,Mar 2019,Group E,revenue_cagr_5yr,10.94,0.41627906976744183
ULTRACEMCO,Mar 2020,Group E,revenue_cagr_5yr,10.94,0.41627906976744183
ULTRACEMCO,Mar 2021,Group E,revenue_cagr_5yr,10.94,0.41627906976744183
ULTRACEMCO,Mar 2022,Group E,revenue_cagr_5yr,10.94,0.41627906976744183
ULTRACEMCO,Mar 2023,Group E,revenue_cagr_5yr,10.94,0.41627906976744183
ULTRACEMCO,Mar 2024,Group E,revenue_cagr_5yr,10.94,0.41627906976744183
UNIONBANK,Mar 2013,Group E,revenue_cagr_5yr,23.36,0.8627906976744186
UNIONBANK,Mar 2014,Group E,revenue_cagr_5yr,23.36,0.8627906976744186
UNIONBANK,Mar 2015,Group E,revenue_cagr_5yr,23.36,0.8627906976744186
UNIONBANK,Mar 2016,Group E,revenue_cagr_5yr,23.36,0.8627906976744186
UNIONBANK,Mar 2017,Group E,revenue_cagr_5yr,23.36,0.8627906976744186
UNIONBANK,Mar 2018,Group E,revenue_cagr_5yr,23.36,0.8627906976744186
UNIONBANK,Mar 2019,Group E,revenue_cagr_5yr,23.36,0.8627906976744186
UNIONBANK,Mar 2020,Group E,revenue_cagr_5yr,23.36,0.8627906976744186
UNIONBANK,Mar 2021,Group E,revenue_cagr_5yr,23.36,0.8627906976744186
UNIONBANK,Mar 2022,Group E,revenue_cagr_5yr,23.36,0.8627906976744186
UNIONBANK,Mar 2023,Group E,revenue_cagr_5yr,23.36,0.8627906976744186
UNIONBANK,Mar 2024,Group E,revenue_cagr_5yr,23.36,0.8627906976744186
RELIANCE,Mar 2013,Group E,eps_cagr_5yr,11.95,0.34293193717277487
RELIANCE,Mar 2014,Group E,eps_cagr_5yr,11.95,0.34293193717277487
RELIANCE,Mar 2015,Group E,eps_cagr_5yr,11.95,0.34293193717277487
RELIANCE,Mar 2016,Group E,eps_cagr_5yr,11.95,0.34293193717277487
RELIANCE,Mar 2017,Group E,eps_cagr_5yr,11.95,0.34293193717277487
RELIANCE,Mar 2018,Group E,eps_cagr_5yr,11.95,0.34293193717277487
RELIANCE,Mar 2019,Group E,eps_cagr_5yr,11.95,0.34293193717277487
RELIANCE,Mar 2020,Group E,eps_cagr_5yr,11.95,0.34293193717277487
RELIANCE,Mar 2021,Group E,eps_cagr_5yr,11.95,0.34293193717277487
RELIANCE,Mar 2022,Group E,eps_cagr_5yr,11.95,0.34293193717277487
RELIANCE,Mar 2023,Group E,eps_cagr_5yr,11.95,0.34293193717277487
RELIANCE,Mar 2024,Group E,eps_cagr_5yr,11.95,0.34293193717277487
SBILIFE,Mar 2013,Group E,eps_cagr_5yr,11.38,0.2801047120418848
SBILIFE,Mar 2014,Group E,eps_cagr_5yr,11.38,0.2801047120418848
SBILIFE,Mar 2015,Group E,eps_cagr_5yr,11.38,0.2801047120418848
SBILIFE,Mar 2016,Group E,eps_cagr_5yr,11.38,0.2801047120418848
SBILIFE,Mar 2017,Group E,eps_cagr_5yr,11.38,0.2801047120418848
SBILIFE,Mar 2018,Group E,eps_cagr_5yr,11.38,0.2801047120418848
SBILIFE,Mar 2019,Group E,eps_cagr_5yr,11.38,0.2801047120418848
SBILIFE,Mar 2020,Group E,eps_cagr_5yr,11.38,0.2801047120418848
SBILIFE,Mar 2021,Group E,eps_cagr_5yr,11.38,0.2801047120418848
SBILIFE,Mar 2022,Group E,eps_cagr_5yr,11.38,0.2801047120418848
SBILIFE,Mar 2023,Group E,eps_cagr_5yr,11.38,0.2801047120418848
SBILIFE,Mar 2024,Group E,eps_cagr_5yr,11.38,0.2801047120418848
SHREECEM,Jun 2013,Group E,eps_cagr_5yr,2.42,0.15706806282722513
SHREECEM,Jun 2014,Group E,eps_cagr_5yr,2.42,0.15706806282722513
SHREECEM,Jun 2015,Group E,eps_cagr_5yr,2.42,0.15706806282722513
SHREECEM,Mar 2017,Group E,eps_cagr_5yr,2.42,0.15706806282722513
SHREECEM,Mar 2018,Group E,eps_cagr_5yr,2.42,0.15706806282722513
SHREECEM,Mar 2019,Group E,eps_cagr_5yr,2.42,0.15706806282722513
SHREECEM,Mar 2020,Group E,eps_cagr_5yr,2.42,0.15706806282722513
SHREECEM,Mar 2021,Group E,eps_cagr_5yr,2.42,0.15706806282722513
SHREECEM,Mar 2022,Group E,eps_cagr_5yr,2.42,0.15706806282722513
SHREECEM,Mar 2023,Group E,eps_cagr_5yr,2.42,0.15706806282722513
SHREECEM,Mar 2024,Group E,eps_cagr_5yr,2.42,0.15706806282722513
SHRIRAMFIN,Mar 2013,Group E,eps_cagr_5yr,20.11,0.7198952879581152
SHRIRAMFIN,Mar 2014,Group E,eps_cagr_5yr,20.11,0.7198952879581152
SHRIRAMFIN,Mar 2015,Group E,eps_cagr_5yr,20.11,0.7198952879581152
SHRIRAMFIN,Mar 2016,Group E,eps_cagr_5yr,20.11,0.7198952879581152
SHRIRAMFIN,Mar 2017,Group E,eps_cagr_5yr,20.11,0.7198952879581152
SHRIRAMFIN,Mar 2018,Group E,eps_cagr_5yr,20.11,0.7198952879581152
SHRIRAMFIN,Mar 2019,Group E,eps_cagr_5yr,20.11,0.7198952879581152
SHRIRAMFIN,Mar 2020,Group E,eps_cagr_5yr,20.11,0.7198952879581152
SHRIRAMFIN,Mar 2021,Group E,eps_cagr_5yr,20.11,0.7198952879581152
SHRIRAMFIN,Mar 2022,Group E,eps_cagr_5yr,20.11,0.7198952879581152
SHRIRAMFIN,Mar 2023,Group E,eps_cagr_5yr,20.11,0.7198952879581152
SHRIRAMFIN,Mar 2024,Group E,eps_cagr_5yr,20.11,0.7198952879581152
SIEMENS,Sep 2011,Group E,eps_cagr_5yr,19.64,0.6570680628272252
SIEMENS,Sep 2014,Group E,eps_cagr_5yr,19.64,0.6570680628272252
SIEMENS,Sep 2015,Group E,eps_cagr_5yr,19.64,0.6570680628272252
SIEMENS,Sep 2016,Group E,eps_cagr_5yr,19.64,0.6570680628272252
SIEMENS,Sep 2017,Group E,eps_cagr_5yr,19.64,0.6570680628272252
SIEMENS,Sep 2018,Group E,eps_cagr_5yr,19.64,0.6570680628272252
SIEMENS,Sep 2019,Group E,eps_cagr_5yr,19.64,0.6570680628272252
SIEMENS,Sep 2020,Group E,eps_cagr_5yr,19.64,0.6570680628272252
SIEMENS,Sep 2021,Group E,eps_cagr_5yr,19.64,0.6570680628272252
SIEMENS,Sep 2022,Group E,eps_cagr_5yr,19.64,0.6570680628272252
SIEMENS,Sep 2023,Group E,eps_cagr_5yr,19.64,0.6570680628272252
SIEMENS,Sep 2024,Group E,eps_cagr_5yr,19.64,0.6570680628272252
SUNPHARMA,Mar 2013,Group E,eps_cagr_5yr,23.52,0.7827225130890052
SUNPHARMA,Mar 2014,Group E,eps_cagr_5yr,23.52,0.7827225130890052
SUNPHARMA,Mar 2015,Group E,eps_cagr_5yr,23.52,0.7827225130890052
SUNPHARMA,Mar 2016,Group E,eps_cagr_5yr,23.52,0.7827225130890052
SUNPHARMA,Mar 2017,Group E,eps_cagr_5yr,23.52,0.7827225130890052
SUNPHARMA,Mar 2018,Group E,eps_cagr_5yr,23.52,0.7827225130890052
SUNPHARMA,Mar 2019,Group E,eps_cagr_5yr,23.52,0.7827225130890052
SUNPHARMA,Mar 2020,Group E,eps_cagr_5yr,23.52,0.7827225130890052
SUNPHARMA,Mar 2021,Group E,eps_cagr_5yr,23.52,0.7827225130890052
SUNPHARMA,Mar 2022,Group E,eps_cagr_5yr,23.52,0.7827225130890052
SUNPHARMA,Mar 2023,Group E,eps_cagr_5yr,23.52,0.7827225130890052
SUNPHARMA,Mar 2024,Group E,eps_cagr_5yr,23.52,0.7827225130890052
TATACONSUM,Mar 2013,Group E,eps_cagr_5yr,19.14,0.5942408376963351
TATACONSUM,Mar 2014,Group E,eps_cagr_5yr,19.14,0.5942408376963351
TATACONSUM,Mar 2015,Group E,eps_cagr_5yr,19.14,0.5942408376963351
TATACONSUM,Mar 2016,Group E,eps_cagr_5yr,19.14,0.5942408376963351
TATACONSUM,Mar 2017,Group E,eps_cagr_5yr,19.14,0.5942408376963351
TATACONSUM,Mar 2018,Group E,eps_cagr_5yr,19.14,0.5942408376963351
TATACONSUM,Mar 2019,Group E,eps_cagr_5yr,19.14,0.5942408376963351
TATACONSUM,Mar 2020,Group E,eps_cagr_5yr,19.14,0.5942408376963351
TATACONSUM,Mar 2021,Group E,eps_cagr_5yr,19.14,0.5942408376963351
TATACONSUM,Mar 2022,Group E,eps_cagr_5yr,19.14,0.5942408376963351
TATACONSUM,Mar 2023,Group E,eps_cagr_5yr,19.14,0.5942408376963351
TATACONSUM,Mar 2024,Group E,eps_cagr_5yr,19.14,0.5942408376963351
TATAMOTORS,Mar 2013,Group E,eps_cagr_5yr,,
TATAMOTORS,Mar 2014,Group E,eps_cagr_5yr,,
TATAMOTORS,Mar 2015,Group E,eps_cagr_5yr,,
TATAMOTORS,Mar 2016,Group E,eps_cagr_5yr,,
TATAMOTORS,Mar 2017,Group E,eps_cagr_5yr,,
TATAMOTORS,Mar 2018,Group E,eps_cagr_5yr,,
TATAMOTORS,Mar 2019,Group E,eps_cagr_5yr,,
TATAMOTORS,Mar 2020,Group E,eps_cagr_5yr,,
TATAMOTORS,Mar 2021,Group E,eps_cagr_5yr,,
TATAMOTORS,Mar 2022,Group E,eps_cagr_5yr,,
TATAMOTORS,Mar 2023,Group E,eps_cagr_5yr,,
TATAMOTORS,Mar 2024,Group E,eps_cagr_5yr,,
TATAPOWER,Mar 2013,Group E,eps_cagr_5yr,24.57,0.8455497382198953
TATAPOWER,Mar 2014,Group E,eps_cagr_5yr,24.57,0.8455497382198953
TATAPOWER,Mar 2015,Group E,eps_cagr_5yr,24.57,0.8455497382198953
TATAPOWER,Mar 2016,Group E,eps_cagr_5yr,24.57,0.8455497382198953
TATAPOWER,Mar 2017,Group E,eps_cagr_5yr,24.57,0.8455497382198953
TATAPOWER,Mar 2018,Group E,eps_cagr_5yr,24.57,0.8455497382198953
TATAPOWER,Mar 2019,Group E,eps_cagr_5yr,24.57,0.8455497382198953
TATAPOWER,Mar 2020,Group E,eps_cagr_5yr,24.57,0.8455497382198953
TATAPOWER,Mar 2021,Group E,eps_cagr_5yr,24.57,0.8455497382198953
TATAPOWER,Mar 2022,Group E,eps_cagr_5yr,24.57,0.8455497382198953
TATAPOWER,Mar 2023,Group E,eps_cagr_5yr,24.57,0.8455497382198953
TATAPOWER,Mar 2024,Group E,eps_cagr_5yr,24.57,0.8455497382198953
TATASTEEL,Mar 2013,Group E,eps_cagr_5yr,14.87,0.468586387434555
TATASTEEL,Mar 2014,Group E,eps_cagr_5yr,14.87,0.468586387434555
TATASTEEL,Mar 2015,Group E,eps_cagr_5yr,14.87,0.468586387434555
TATASTEEL,Mar 2016,Group E,eps_cagr_5yr,14.87,0.468586387434555
TATASTEEL,Mar 2017,Group E,eps_cagr_5yr,14.87,0.468586387434555
TATASTEEL,Mar 2018,Group E,eps_cagr_5yr,14.87,0.468586387434555
TATASTEEL,Mar 2019,Group E,eps_cagr_5yr,14.87,0.468586387434555
TATASTEEL,Mar 2020,Group E,eps_cagr_5yr,14.87,0.468586387434555
TATASTEEL,Mar 2021,Group E,eps_cagr_5yr,14.87,0.468586387434555
TATASTEEL,Mar 2022,Group E,eps_cagr_5yr,14.87,0.468586387434555
TATASTEEL,Mar 2023,Group E,eps_cagr_5yr,14.87,0.468586387434555
TATASTEEL,Mar 2024,Group E,eps_cagr_5yr,14.87,0.468586387434555
TCS,Mar 2013,Group E,eps_cagr_5yr,9.44,0.21727748691099477
TCS,Mar 2014,Group E,eps_cagr_5yr,9.44,0.21727748691099477
TCS,Mar 2015,Group E,eps_cagr_5yr,9.44,0.21727748691099477
TCS,Mar 2016,Group E,eps_cagr_5yr,9.44,0.21727748691099477
TCS,Mar 2017,Group E,eps_cagr_5yr,9.44,0.21727748691099477
TCS,Mar 2018,Group E,eps_cagr_5yr,9.44,0.21727748691099477
TCS,Mar 2019,Group E,eps_cagr_5yr,9.44,0.21727748691099477
TCS,Mar 2020,Group E,eps_cagr_5yr,9.44,0.21727748691099477
TCS,Mar 2021,Group E,eps_cagr_5yr,9.44,0.21727748691099477
TCS,Mar 2022,Group E,eps_cagr_5yr,9.44,0.21727748691099477
TCS,Mar 2023,Group E,eps_cagr_5yr,9.44,0.21727748691099477
TCS,Mar 2024,Group E,eps_cagr_5yr,9.44,0.21727748691099477
TECHM,Mar 2013,Group E,eps_cagr_5yr,-1.98,0.034031413612565446
TECHM,Mar 2014,Group E,eps_cagr_5yr,-1.98,0.034031413612565446
TECHM,Mar 2015,Group E,eps_cagr_5yr,-1.98,0.034031413612565446
TECHM,Mar 2016,Group E,eps_cagr_5yr,-1.98,0.034031413612565446
TECHM,Mar 2017,Group E,eps_cagr_5yr,-1.98,0.034031413612565446
TECHM,Mar 2018,Group E,eps_cagr_5yr,-1.98,0.034031413612565446
TECHM,Mar 2019,Group E,eps_cagr_5yr,-1.98,0.034031413612565446
TECHM,Mar 2020,Group E,eps_cagr_5yr,-1.98,0.034031413612565446
TECHM,Mar 2021,Group E,eps_cagr_5yr,-1.98,0.034031413612565446
TECHM,Mar 2022,Group E,eps_cagr_5yr,-1.98,0.034031413612565446
TECHM,Mar 2023,Group E,eps_cagr_5yr,-1.98,0.034031413612565446
TECHM,Mar 2024,Group E,eps_cagr_5yr,-1.98,0.034031413612565446
TITAN,Mar 2013,Group E,eps_cagr_5yr,16.83,0.5314136125654451
TITAN,Mar 2014,Group E,eps_cagr_5yr,16.83,0.5314136125654451
TITAN,Mar 2015,Group E,eps_cagr_5yr,16.83,0.5314136125654451
TITAN,Mar 2016,Group E,eps_cagr_5yr,16.83,0.5314136125654451
TITAN,Mar 2017,Group E,eps_cagr_5yr,16.83,0.5314136125654451
TITAN,Mar 2018,Group E,eps_cagr_5yr,16.83,0.5314136125654451
TITAN,Mar 2019,Group E,eps_cagr_5yr,16.83,0.5314136125654451
TITAN,Mar 2020,Group E,eps_cagr_5yr,16.83,0.5314136125654451
TITAN,Mar 2021,Group E,eps_cagr_5yr,16.83,0.5314136125654451
TITAN,Mar 2022,Group E,eps_cagr_5yr,16.83,0.5314136125654451
TITAN,Mar 2023,Group E,eps_cagr_5yr,16.83,0.5314136125654451
TITAN,Mar 2024,Group E,eps_cagr_5yr,16.83,0.5314136125654451
TORNTPHARM,Mar 2013,Group E,eps_cagr_5yr,12.89,0.40575916230366493
TORNTPHARM,Mar 2014,Group E,eps_cagr_5yr,12.89,0.40575916230366493
TORNTPHARM,Mar 2015,Group E,eps_cagr_5yr,12.89,0.40575916230366493
TORNTPHARM,Mar 2016,Group E,eps_cagr_5yr,12.89,0.40575916230366493
TORNTPHARM,Mar 2017,Group E,eps_cagr_5yr,12.89,0.40575916230366493
TORNTPHARM,Mar 2018,Group E,eps_cagr_5yr,12.89,0.40575916230366493
TORNTPHARM,Mar 2019,Group E,eps_cagr_5yr,12.89,0.40575916230366493
TORNTPHARM,Mar 2020,Group E,eps_cagr_5yr,12.89,0.40575916230366493
TORNTPHARM,Mar 2021,Group E,eps_cagr_5yr,12.89,0.40575916230366493
TORNTPHARM,Mar 2022,Group E,eps_cagr_5yr,12.89,0.40575916230366493
TORNTPHARM,Mar 2023,Group E,eps_cagr_5yr,12.89,0.40575916230366493
TORNTPHARM,Mar 2024,Group E,eps_cagr_5yr,12.89,0.40575916230366493
TRENT,Mar 2013,Group E,eps_cagr_5yr,76.23,0.9712041884816754
TRENT,Mar 2014,Group E,eps_cagr_5yr,76.23,0.9712041884816754
TRENT,Mar 2015,Group E,eps_cagr_5yr,76.23,0.9712041884816754
TRENT,Mar 2016,Group E,eps_cagr_5yr,76.23,0.9712041884816754
TRENT,Mar 2017,Group E,eps_cagr_5yr,76.23,0.9712041884816754
TRENT,Mar 2018,Group E,eps_cagr_5yr,76.23,0.9712041884816754
TRENT,Mar 2019,Group E,eps_cagr_5yr,76.23,0.9712041884816754
TRENT,Mar 2020,Group E,eps_cagr_5yr,76.23,0.9712041884816754
TRENT,Mar 2021,Group E,eps_cagr_5yr,76.23,0.9712041884816754
TRENT,Mar 2022,Group E,eps_cagr_5yr,76.23,0.9712041884816754
TRENT,Mar 2023,Group E,eps_cagr_5yr,76.23,0.9712041884816754
TRENT,Mar 2024,Group E,eps_cagr_5yr,76.23,0.9712041884816754
TVSMOTOR,Mar 2013,Group E,eps_cagr_5yr,26.43,0.9083769633507853
TVSMOTOR,Mar 2014,Group E,eps_cagr_5yr,26.43,0.9083769633507853
TVSMOTOR,Mar 2015,Group E,eps_cagr_5yr,26.43,0.9083769633507853
TVSMOTOR,Mar 2016,Group E,eps_cagr_5yr,26.43,0.9083769633507853
TVSMOTOR,Mar 2017,Group E,eps_cagr_5yr,26.43,0.9083769633507853
TVSMOTOR,Mar 2018,Group E,eps_cagr_5yr,26.43,0.9083769633507853
TVSMOTOR,Mar 2019,Group E,eps_cagr_5yr,26.43,0.9083769633507853
TVSMOTOR,Mar 2020,Group E,eps_cagr_5yr,26.43,0.9083769633507853
TVSMOTOR,Mar 2021,Group E,eps_cagr_5yr,26.43,0.9083769633507853
TVSMOTOR,Mar 2022,Group E,eps_cagr_5yr,26.43,0.9083769633507853
TVSMOTOR,Mar 2023,Group E,eps_cagr_5yr,26.43,0.9083769633507853
TVSMOTOR,Mar 2024,Group E,eps_cagr_5yr,26.43,0.9083769633507853
ULTRACEMCO,Mar 2013,Group E,eps_cagr_5yr,1.65,0.0968586387434555
ULTRACEMCO,Mar 2014,Group E,eps_cagr_5yr,1.65,0.0968586387434555
ULTRACEMCO,Mar 2015,Group E,eps_cagr_5yr,1.65,0.0968586387434555
ULTRACEMCO,Mar 2016,Group E,eps_cagr_5yr,1.65,0.0968586387434555
ULTRACEMCO,Mar 2017,Group E,eps_cagr_5yr,1.65,0.0968586387434555
ULTRACEMCO,Mar 2018,Group E,eps_cagr_5yr,1.65,0.0968586387434555
ULTRACEMCO,Mar 2019,Group E,eps_cagr_5yr,1.65,0.0968586387434555
ULTRACEMCO,Mar 2020,Group E,eps_cagr_5yr,1.65,0.0968586387434555
ULTRACEMCO,Mar 2021,Group E,eps_cagr_5yr,1.65,0.0968586387434555
ULTRACEMCO,Mar 2022,Group E,eps_cagr_5yr,1.65,0.0968586387434555
ULTRACEMCO,Mar 2023,Group E,eps_cagr_5yr,1.65,0.0968586387434555
ULTRACEMCO,Mar 2024,Group E,eps_cagr_5yr,1.65,0.0968586387434555
UNIONBANK,Mar 2013,Group E,eps_cagr_5yr,,
UNIONBANK,Mar 2014,Group E,eps_cagr_5yr,,
UNIONBANK,Mar 2015,Group E,eps_cagr_5yr,,
UNIONBANK,Mar 2016,Group E,eps_cagr_5yr,,
UNIONBANK,Mar 2017,Group E,eps_cagr_5yr,,
UNIONBANK,Mar 2018,Group E,eps_cagr_5yr,,
UNIONBANK,Mar 2019,Group E,eps_cagr_5yr,,
UNIONBANK,Mar 2020,Group E,eps_cagr_5yr,,
UNIONBANK,Mar 2021,Group E,eps_cagr_5yr,,
UNIONBANK,Mar 2022,Group E,eps_cagr_5yr,,
UNIONBANK,Mar 2023,Group E,eps_cagr_5yr,,
UNIONBANK,Mar 2024,Group E,eps_cagr_5yr,,
RELIANCE,Mar 2013,Group E,interest_coverage,11.814034074501876,0.5518867924528302
RELIANCE,Mar 2014,Group E,interest_coverage,11.418143899895725,0.5330188679245284
RELIANCE,Mar 2015,Group E,interest_coverage,13.865199034981906,0.6132075471698113
RELIANCE,Mar 2016,Group E,interest_coverage,14.628285017610404,0.6320754716981132
RELIANCE,Mar 2017,Group E,interest_coverage,14.426864120550793,0.6273584905660378
RELIANCE,Mar 2018,Group E,interest_coverage,9.21311475409836,0.4858490566037736
RELIANCE,Mar 2019,Group E,interest_coverage,5.617217338587451,0.37264150943396224
RELIANCE,Mar 2020,Group E,interest_coverage,4.441639805693013,0.3160377358490566
RELIANCE,Mar 2021,Group E,interest_coverage,4.871489924017179,0.330188679245283
RELIANCE,Mar 2022,Group E,interest_coverage,8.789152495885903,0.4716981132075472
RELIANCE,Mar 2023,Group E,interest_coverage,7.886055899034285,0.42924528301886794
RELIANCE,Mar 2024,Group E,interest_coverage,7.728912535686478,0.419811320754717
SBILIFE,Mar 2013,Group E,interest_coverage,179.75,0.9198113207547169
SBILIFE,Mar 2014,Group E,interest_coverage,171.0,0.9150943396226415
SBILIFE,Mar 2015,Group E,interest_coverage,244.25,0.9622641509433962
SBILIFE,Mar 2016,Group E,interest_coverage,209.8,0.9339622641509434
SBILIFE,Mar 2017,Group E,interest_coverage,241.4,0.9575471698113207
SBILIFE,Mar 2018,Group E,interest_coverage,248.0,0.9669811320754716
SBILIFE,Mar 2019,Group E,interest_coverage,217.5,0.9386792452830188
SBILIFE,Mar 2020,Group E,interest_coverage,,
SBILIFE,Mar 2021,Group E,interest_coverage,,
SBILIFE,Mar 2022,Group E,interest_coverage,,
SBILIFE,Mar 2023,Group E,interest_coverage,198.4,0.9245283018867925
SBILIFE,Mar 2024,Group E,interest_coverage,240.33333333333331,0.9528301886792453
SHREECEM,Jun 2013,Group E,interest_coverage,9.05699481865285,0.47641509433962265
SHREECEM,Jun 2014,Group E,interest_coverage,11.581395348837209,0.5424528301886793
SHREECEM,Jun 2015,Group E,interest_coverage,11.950413223140496,0.5613207547169812
SHREECEM,Mar 2017,Group E,interest_coverage,22.286821705426355,0.7311320754716981
SHREECEM,Mar 2018,Group E,interest_coverage,21.2,0.7216981132075472
SHREECEM,Mar 2019,Group E,interest_coverage,11.556451612903226,0.5377358490566038
SHREECEM,Mar 2020,Group E,interest_coverage,13.86254295532646,0.6084905660377359
SHREECEM,Mar 2021,Group E,interest_coverage,17.99601593625498,0.6933962264150944
SHREECEM,Mar 2022,Group E,interest_coverage,16.174904942965778,0.660377358490566
SHREECEM,Mar 2023,Group E,interest_coverage,13.0,0.5801886792452831
SHREECEM,Mar 2024,Group E,interest_coverage,19.82558139534884,0.6981132075471698
SHRIRAMFIN,Mar 2013,Group E,interest_coverage,0.7069857697283312,0.1179245283018868
SHRIRAMFIN,Mar 2014,Group E,interest_coverage,0.4731868651074887,0.09433962264150944
SHRIRAMFIN,Mar 2015,Group E,interest_coverage,0.3597535061623459,0.07075471698113207
SHRIRAMFIN,Mar 2016,Group E,interest_coverage,0.3590801886792453,0.0660377358490566
SHRIRAMFIN,Mar 2017,Group E,interest_coverage,0.3780417704541099,0.08490566037735849
SHRIRAMFIN,Mar 2018,Group E,interest_coverage,0.6135122484006865,0.10377358490566038
SHRIRAMFIN,Mar 2019,Group E,interest_coverage,0.5051560021152829,0.09905660377358491
SHRIRAMFIN,Mar 2020,Group E,interest_coverage,0.4305304944063515,0.08962264150943396
SHRIRAMFIN,Mar 2021,Group E,interest_coverage,0.3758389261744966,0.07547169811320754
SHRIRAMFIN,Mar 2022,Group E,interest_coverage,0.3769569221324056,0.08018867924528301
SHRIRAMFIN,Mar 2023,Group E,interest_coverage,0.6787556787556788,0.11320754716981132
SHRIRAMFIN,Mar 2024,Group E,interest_coverage,0.6766743648960739,0.10849056603773585
SIEMENS,Sep 2011,Group E,interest_coverage,56.53846153846154,0.839622641509434
SIEMENS,Sep 2014,Group E,interest_coverage,35.61290322580645,0.7830188679245284
SIEMENS,Sep 2015,Group E,interest_coverage,64.7,0.8537735849056604
SIEMENS,Sep 2016,Group E,interest_coverage,379.7272727272728,0.9764150943396226
SIEMENS,Sep 2017,Group E,interest_coverage,234.25,0.9481132075471698
SIEMENS,Sep 2018,Group E,interest_coverage,200.875,0.9292452830188679
SIEMENS,Sep 2019,Group E,interest_coverage,157.33333333333334,0.910377358490566
SIEMENS,Sep 2020,Group E,interest_coverage,43.93333333333333,0.8066037735849056
SIEMENS,Sep 2021,Group E,interest_coverage,73.875,0.8773584905660378
SIEMENS,Sep 2022,Group E,interest_coverage,65.19444444444444,0.8584905660377359
SIEMENS,Sep 2023,Group E,interest_coverage,129.69565217391303,0.9056603773584906
SIEMENS,Sep 2024,Group E,interest_coverage,67.15,0.8632075471698113
SUNPHARMA,Mar 2013,Group E,interest_coverage,109.16279069767442,0.8962264150943396
SUNPHARMA,Mar 2014,Group E,interest_coverage,114.4318181818182,0.9009433962264151
SUNPHARMA,Mar 2015,Group E,interest_coverage,14.122625215889464,0.6226415094339622
SUNPHARMA,Mar 2016,Group E,interest_coverage,15.548757170172085,0.6462264150943396
SUNPHARMA,Mar 2017,Group E,interest_coverage,26.78,0.7594339622641509
SUNPHARMA,Mar 2018,Group E,interest_coverage,10.61003861003861,0.5188679245283019
SUNPHARMA,Mar 2019,Group E,interest_coverage,11.025225225225226,0.5235849056603774
SUNPHARMA,Mar 2020,Group E,interest_coverage,24.306930693069308,0.7452830188679245
SUNPHARMA,Mar 2021,Group E,interest_coverage,35.60992907801418,0.7783018867924528
SUNPHARMA,Mar 2022,Group E,interest_coverage,53.173228346456696,0.8254716981132075
SUNPHARMA,Mar 2023,Group E,interest_coverage,70.40116279069767,0.8679245283018868
SUNPHARMA,Mar 2024,Group E,interest_coverage,58.33193277310925,0.8443396226415094
TATACONSUM,Mar 2013,Group E,interest_coverage,9.833333333333334,0.5047169811320755
TATACONSUM,Mar 2014,Group E,interest_coverage,10.597701149425289,0.5141509433962265
TATACONSUM,Mar 2015,Group E,interest_coverage,8.71951219512195,0.4669811320754717
TATACONSUM,Mar 2016,Group E,interest_coverage,3.452991452991453,0.2783018867924528
TATACONSUM,Mar 2017,Group E,interest_coverage,20.44186046511628,0.7075471698113207
TATACONSUM,Mar 2018,Group E,interest_coverage,17.53846153846154,0.6886792452830188
TATACONSUM,Mar 2019,Group E,interest_coverage,11.666666666666666,0.5471698113207547
TATACONSUM,Mar 2020,Group E,interest_coverage,16.36231884057971,0.6650943396226415
TATACONSUM,Mar 2021,Group E,interest_coverage,22.3972602739726,0.7358490566037735
TATACONSUM,Mar 2022,Group E,interest_coverage,20.770114942528732,0.7169811320754716
TATACONSUM,Mar 2023,Group E,interest_coverage,16.8,0.6745283018867925
TATACONSUM,Mar 2024,Group E,interest_coverage,25.32183908045977,0.75
TATAMOTORS,Mar 2013,Group E,interest_coverage,6.968820224719101,0.3915094339622642
TATAMOTORS,Mar 2014,Group E,interest_coverage,7.305959149294588,0.4009433962264151
TATAMOTORS,Mar 2015,Group E,interest_coverage,8.219090722073647,0.4528301886792453
TATAMOTORS,Mar 2016,Group E,interest_coverage,7.307220290447944,0.4056603773584906
TATAMOTORS,Mar 2017,Group E,interest_coverage,7.422840962718263,0.41037735849056606
TATAMOTORS,Mar 2018,Group E,interest_coverage,7.986117043998291,0.4339622641509434
TATAMOTORS,Mar 2019,Group E,interest_coverage,-0.3511026219829831,0.0047169811320754715
TATAMOTORS,Mar 2020,Group E,interest_coverage,2.4974458097473424,0.21226415094339623
TATAMOTORS,Mar 2021,Group E,interest_coverage,2.6144250957144624,0.22641509433962265
TATAMOTORS,Mar 2022,Group E,interest_coverage,2.9149484536082477,0.24056603773584906
TATAMOTORS,Mar 2023,Group E,interest_coverage,3.763325183374083,0.29245283018867924
TATAMOTORS,Mar 2024,Group E,interest_coverage,6.530242339274985,0.38207547169811323
TATAPOWER,Mar 2013,Group E,interest_coverage,2.259651778955337,0.18396226415094338
TATAPOWER,Mar 2014,Group E,interest_coverage,2.07703488372093,0.1650943396226415
TATAPOWER,Mar 2015,Group E,interest_coverage,1.9889159232224929,0.1509433962264151
TATAPOWER,Mar 2016,Group E,interest_coverage,1.9051297898640296,0.13679245283018868
TATAPOWER,Mar 2017,Group E,interest_coverage,2.011887072808321,0.15566037735849056
TATAPOWER,Mar 2018,Group E,interest_coverage,2.3613400691305504,0.19811320754716982
TATAPOWER,Mar 2019,Group E,interest_coverage,2.4594724220623503,0.2028301886792453
TATAPOWER,Mar 2020,Group E,interest_coverage,2.021584334668447,0.16037735849056603
TATAPOWER,Mar 2021,Group E,interest_coverage,2.1685785536159603,0.17452830188679244
TATAPOWER,Mar 2022,Group E,interest_coverage,2.466182948950505,0.20754716981132076
TATAPOWER,Mar 2023,Group E,interest_coverage,3.034766697163769,0.25
TATAPOWER,Mar 2024,Group E,interest_coverage,3.054392402331103,0.25943396226415094
TATASTEEL,Mar 2013,Group E,interest_coverage,1.3634072580645162,0.12735849056603774
TATASTEEL,Mar 2014,Group E,interest_coverage,3.896702789946968,0.2971698113207547
TATASTEEL,Mar 2015,Group E,interest_coverage,1.939562706270627,0.14622641509433962
TATASTEEL,Mar 2016,Group E,interest_coverage,2.3030087656953326,0.19339622641509435
TATASTEEL,Mar 2017,Group E,interest_coverage,1.8444400630914823,0.1320754716981132
TATASTEEL,Mar 2018,Group E,interest_coverage,5.926856095325389,0.37735849056603776
TATASTEEL,Mar 2019,Group E,interest_coverage,4.026370757180157,0.3018867924528302
TATASTEEL,Mar 2020,Group E,interest_coverage,1.93535112173105,0.14150943396226415
TATASTEEL,Mar 2021,Group E,interest_coverage,4.033653214144866,0.30660377358490565
TATASTEEL,Mar 2022,Group E,interest_coverage,11.861955327718784,0.5566037735849056
TATASTEEL,Mar 2023,Group E,interest_coverage,5.376885219876171,0.3632075471698113
TATASTEEL,Mar 2024,Group E,interest_coverage,2.16342567927544,0.16981132075471697
TCS,Mar 2013,Group E,interest_coverage,400.375,0.9811320754716981
TCS,Mar 2014,Group E,interest_coverage,686.9230769230769,0.9858490566037735
TCS,Mar 2015,Group E,interest_coverage,271.1730769230769,0.9716981132075472
TCS,Mar 2016,Group E,interest_coverage,1023.060606060606,0.9952830188679245
TCS,Mar 2017,Group E,interest_coverage,1141.625,1.0
TCS,Mar 2018,Group E,interest_coverage,695.3461538461538,0.9905660377358491
TCS,Mar 2019,Group E,interest_coverage,221.2979797979798,0.9433962264150944
TCS,Mar 2020,Group E,interest_coverage,50.54220779220779,0.8160377358490566
TCS,Mar 2021,Group E,interest_coverage,76.0784929356358,0.8820754716981132
TCS,Mar 2022,Group E,interest_coverage,72.79974489795919,0.8726415094339622
TCS,Mar 2023,Group E,interest_coverage,80.49807445442876,0.8867924528301887
TCS,Mar 2024,Group E,interest_coverage,87.09511568123393,0.8915094339622641
TECHM,Mar 2013,Group E,interest_coverage,12.436893203883496,0.5707547169811321
TECHM,Mar 2014,Group E,interest_coverage,55.2,0.8301886792452831
TECHM,Mar 2015,Group E,interest_coverage,62.30434782608695,0.8490566037735849
TECHM,Mar 2016,Group E,interest_coverage,48.58762886597938,0.8113207547169812
TECHM,Mar 2017,Group E,interest_coverage,38.44186046511628,0.7924528301886793
TECHM,Mar 2018,Group E,interest_coverage,37.82098765432099,0.7877358490566038
TECHM,Mar 2019,Group E,interest_coverage,51.16541353383459,0.8207547169811321
TECHM,Mar 2020,Group E,interest_coverage,34.869791666666664,0.7735849056603774
TECHM,Mar 2021,Group E,interest_coverage,43.58620689655172,0.8018867924528302
TECHM,Mar 2022,Group E,interest_coverage,56.04294478527607,0.8349056603773585
TECHM,Mar 2023,Group E,interest_coverage,26.773006134969325,0.7547169811320755
TECHM,Mar 2024,Group E,interest_coverage,13.85969387755102,0.6037735849056604
TITAN,Mar 2013,Group E,interest_coverage,21.823529411764707,0.7264150943396226
TITAN,Mar 2014,Group E,interest_coverage,13.379310344827584,0.589622641509434
TITAN,Mar 2015,Group E,interest_coverage,15.061728395061728,0.6415094339622641
TITAN,Mar 2016,Group E,interest_coverage,24.0,0.7405660377358491
TITAN,Mar 2017,Group E,interest_coverage,29.526315789473685,0.7641509433962265
TITAN,Mar 2018,Group E,interest_coverage,32.33962264150944,0.7688679245283019
TITAN,Mar 2019,Group E,interest_coverage,40.9811320754717,0.7971698113207547
TITAN,Mar 2020,Group E,interest_coverage,15.759036144578314,0.6509433962264151
TITAN,Mar 2021,Group E,interest_coverage,9.38423645320197,0.49056603773584906
TITAN,Mar 2022,Group E,interest_coverage,16.15137614678899,0.6556603773584906
TITAN,Mar 2023,Group E,interest_coverage,17.293333333333333,0.6839622641509434
TITAN,Mar 2024,Group E,interest_coverage,9.411954765751211,0.49528301886792453
TORNTPHARM,Mar 2013,Group E,interest_coverage,20.529411764705884,0.7122641509433962
TORNTPHARM,Mar 2014,Group E,interest_coverage,16.76271186440678,0.6698113207547169
TORNTPHARM,Mar 2015,Group E,interest_coverage,7.462857142857143,0.41509433962264153
TORNTPHARM,Mar 2016,Group E,interest_coverage,15.027173913043478,0.6367924528301887
TORNTPHARM,Mar 2017,Group E,interest_coverage,7.766990291262136,0.42452830188679247
TORNTPHARM,Mar 2018,Group E,interest_coverage,5.35064935064935,0.3584905660377358
TORNTPHARM,Mar 2019,Group E,interest_coverage,3.3392857142857144,0.27358490566037735
TORNTPHARM,Mar 2020,Group E,interest_coverage,5.079822616407983,0.33962264150943394
TORNTPHARM,Mar 2021,Group E,interest_coverage,7.186968838526912,0.39622641509433965
TORNTPHARM,Mar 2022,Group E,interest_coverage,8.403921568627451,0.45754716981132076
TORNTPHARM,Mar 2023,Group E,interest_coverage,8.66966966966967,0.46226415094339623
TORNTPHARM,Mar 2024,Group E,interest_coverage,9.926553672316384,0.5094339622641509
TRENT,Mar 2013,Group E,interest_coverage,2.1724137931034484,0.1792452830188679
TRENT,Mar 2014,Group E,interest_coverage,3.1153846153846154,0.2641509433962264
TRENT,Mar 2015,Group E,interest_coverage,13.454545454545457,0.5943396226415094
TRENT,Mar 2016,Group E,interest_coverage,3.6666666666666665,0.28773584905660377
TRENT,Mar 2017,Group E,interest_coverage,4.673913043478261,0.32075471698113206
TRENT,Mar 2018,Group E,interest_coverage,5.340909090909091,0.35377358490566035
TRENT,Mar 2019,Group E,interest_coverage,5.313725490196078,0.3490566037735849
TRENT,Mar 2020,Group E,interest_coverage,2.570342205323194,0.2169811320754717
TRENT,Mar 2021,Group E,interest_coverage,1.1992337164750957,0.12264150943396226
TRENT,Mar 2022,Group E,interest_coverage,2.2984615384615386,0.18867924528301888
TRENT,Mar 2023,Group E,interest_coverage,3.557457212713937,0.2830188679245283
TRENT,Mar 2024,Group E,interest_coverage,8.043478260869565,0.4386792452830189
TVSMOTOR,Mar 2013,Group E,interest_coverage,5.514563106796117,0.36792452830188677
TVSMOTOR,Mar 2014,Group E,interest_coverage,6.7,0.3867924528301887
TVSMOTOR,Mar 2015,Group E,interest_coverage,11.048387096774194,0.5283018867924528
TVSMOTOR,Mar 2016,Group E,interest_coverage,13.028571428571428,0.5849056603773585
TVSMOTOR,Mar 2017,Group E,interest_coverage,17.233333333333334,0.6792452830188679
TVSMOTOR,Mar 2018,Group E,interest_coverage,4.8579881656804735,0.32547169811320753
TVSMOTOR,Mar 2019,Group E,interest_coverage,3.300150829562594,0.2688679245283019
TVSMOTOR,Mar 2020,Group E,interest_coverage,2.6619883040935672,0.23113207547169812
TVSMOTOR,Mar 2021,Group E,interest_coverage,2.5743473325766173,0.22169811320754718
TVSMOTOR,Mar 2022,Group E,interest_coverage,2.925531914893617,0.24528301886792453
TVSMOTOR,Mar 2023,Group E,interest_coverage,3.04312865497076,0.25471698113207547
TVSMOTOR,Mar 2024,Group E,interest_coverage,2.9076763485477177,0.2358490566037736
ULTRACEMCO,Mar 2013,Group E,interest_coverage,20.40873015873016,0.7028301886792453
ULTRACEMCO,Mar 2014,Group E,interest_coverage,12.069252077562329,0.5660377358490566
ULTRACEMCO,Mar 2015,Group E,interest_coverage,8.13458262350937,0.44339622641509435
ULTRACEMCO,Mar 2016,Group E,interest_coverage,9.478798586572438,0.5
ULTRACEMCO,Mar 2017,Group E,interest_coverage,9.15625,0.4811320754716981
ULTRACEMCO,Mar 2018,Group E,interest_coverage,5.159127625201939,0.3443396226415094
ULTRACEMCO,Mar 2019,Group E,interest_coverage,4.329021372328459,0.3113207547169811
ULTRACEMCO,Mar 2020,Group E,interest_coverage,4.968373493975903,0.33490566037735847
ULTRACEMCO,Mar 2021,Group E,interest_coverage,8.20121130551817,0.4481132075471698
ULTRACEMCO,Mar 2022,Group E,interest_coverage,12.892063492063492,0.5754716981132075
ULTRACEMCO,Mar 2023,Group E,interest_coverage,13.520048602673148,0.5990566037735849
ULTRACEMCO,Mar 2024,Group E,interest_coverage,13.983471074380166,0.6179245283018868
UNIONBANK,Mar 2013,Group E,interest_coverage,0.181678520625889,0.04716981132075472
UNIONBANK,Mar 2014,Group E,interest_coverage,0.1042996226766665,0.03773584905660377
UNIONBANK,Mar 2015,Group E,interest_coverage,0.1262267343485617,0.04245283018867924
UNIONBANK,Mar 2016,Group E,interest_coverage,0.0839541307441198,0.0330188679245283
UNIONBANK,Mar 2017,Group E,interest_coverage,0.0252408396785999,0.02358490566037736
UNIONBANK,Mar 2018,Group E,interest_coverage,-0.2657747859060116,0.009433962264150943
UNIONBANK,Mar 2019,Group E,interest_coverage,-0.1489370605959156,0.014150943396226415
UNIONBANK,Mar 2020,Group E,interest_coverage,-0.144521422765801,0.018867924528301886
UNIONBANK,Mar 2021,Group E,interest_coverage,0.0733587232499093,0.02830188679245283
UNIONBANK,Mar 2022,Group E,interest_coverage,0.2317437403554184,0.05188679245283019
UNIONBANK,Mar 2023,Group E,interest_coverage,0.2683779901317843,0.05660377358490566
UNIONBANK,Mar 2024,Group E,interest_coverage,0.35356038128906,0.06132075471698113
RELIANCE,Mar 2013,Group E,asset_turnover,1.0927262340730275,0.8
RELIANCE,Mar 2014,Group E,asset_turnover,1.0109084210305403,0.7534883720930232
RELIANCE,Mar 2015,Group E,asset_turnover,0.7420860043688031,0.5488372093023256
RELIANCE,Mar 2016,Group E,asset_turnover,0.4550657181922447,0.24651162790697675
RELIANCE,Mar 2017,Group E,asset_turnover,0.4300412279535145,0.2186046511627907
RELIANCE,Mar 2018,Group E,asset_turnover,0.4817404252329363,0.26046511627906976
RELIANCE,Mar 2019,Group E,asset_turnover,0.569687158565801,0.3767441860465116
RELIANCE,Mar 2020,Group E,asset_turnover,0.5130449736245878,0.2837209302325581
RELIANCE,Mar 2021,Group E,asset_turnover,0.3532454841238878,0.18604651162790697
RELIANCE,Mar 2022,Group E,asset_turnover,0.4635411731577409,0.25116279069767444
RELIANCE,Mar 2023,Group E,asset_turnover,0.5457412188442239,0.33488372093023255
RELIANCE,Mar 2024,Group E,asset_turnover,0.5122600635424216,0.27906976744186046
SBILIFE,Mar 2013,Group E,asset_turnover,0.276836578917973,0.13023255813953488
SBILIFE,Mar 2014,Group E,asset_turnover,0.2845976253298153,0.13953488372093023
SBILIFE,Mar 2015,Group E,asset_turnover,0.3156865125942715,0.15813953488372093
SBILIFE,Mar 2016,Group E,asset_turnover,0.2316220978316892,0.11627906976744186
SBILIFE,Mar 2017,Group E,asset_turnover,0.2987871674491393,0.14418604651162792
SBILIFE,Mar 2018,Group E,asset_turnover,0.2798882681564246,0.13488372093023257
SBILIFE,Mar 2019,Group E,asset_turnover,0.303978627993512,0.15348837209302327
SBILIFE,Mar 2020,Group E,asset_turnover,0.2645126222973789,0.12558139534883722
SBILIFE,Mar 2021,Group E,asset_turnover,0.3611206630516245,0.19534883720930232
SBILIFE,Mar 2022,Group E,asset_turnover,0.3035922688841979,0.14883720930232558
SBILIFE,Mar 2023,Group E,asset_turnover,0.2563135928594814,0.12093023255813953
SBILIFE,Mar 2024,Group E,asset_turnover,0.3313791900054983,0.17209302325581396
SHREECEM,Jun 2013,Group E,asset_turnover,0.8795454545454545,0.6651162790697674
SHREECEM,Jun 2014,Group E,asset_turnover,0.7797789602947196,0.5674418604651162
SHREECEM,Jun 2015,Group E,asset_turnover,0.7825706426606651,0.5813953488372093
SHREECEM,Mar 2017,Group E,asset_turnover,0.769657890023285,0.5627906976744186
SHREECEM,Mar 2018,Group E,asset_turnover,0.649385814291375,0.4697674418604651
SHREECEM,Mar 2019,Group E,asset_turnover,0.810365971729168,0.5906976744186047
SHREECEM,Mar 2020,Group E,asset_turnover,0.6452065784195748,0.46511627906976744
SHREECEM,Mar 2021,Group E,asset_turnover,0.6303165527820388,0.4418604651162791
SHREECEM,Mar 2022,Group E,asset_turnover,0.6320266116468062,0.44651162790697674
SHREECEM,Mar 2023,Group E,asset_turnover,0.6779068884332042,0.5069767441860465
SHREECEM,Mar 2024,Group E,asset_turnover,0.7348612354521038,0.5395348837209303
SHRIRAMFIN,Mar 2013,Group E,asset_turnover,0.1482633159876465,0.10232558139534884
SHRIRAMFIN,Mar 2014,Group E,asset_turnover,0.1619659099594894,0.11162790697674418
SHRIRAMFIN,Mar 2015,Group E,asset_turnover,0.1476493870064678,0.09767441860465116
SHRIRAMFIN,Mar 2016,Group E,asset_turnover,0.1523091173746195,0.10697674418604651
SHRIRAMFIN,Mar 2017,Group E,asset_turnover,0.1464551486983854,0.08372093023255814
SHRIRAMFIN,Mar 2018,Group E,asset_turnover,0.1386811832374692,0.06976744186046512
SHRIRAMFIN,Mar 2019,Group E,asset_turnover,0.1473738130697502,0.09302325581395349
SHRIRAMFIN,Mar 2020,Group E,asset_turnover,0.1449337510720599,0.07906976744186046
SHRIRAMFIN,Mar 2021,Group E,asset_turnover,0.1341082287737664,0.06046511627906977
SHRIRAMFIN,Mar 2022,Group E,asset_turnover,0.135343155171929,0.06511627906976744
SHRIRAMFIN,Mar 2023,Group E,asset_turnover,0.1448048895157498,0.07441860465116279
SHRIRAMFIN,Mar 2024,Group E,asset_turnover,0.1465685998082701,0.08837209302325581
SIEMENS,Sep 2011,Group E,asset_turnover,1.17690490253987,0.8418604651162791
SIEMENS,Sep 2014,Group E,asset_turnover,1.037706511175899,0.786046511627907
SIEMENS,Sep 2015,Group E,asset_turnover,0.9987708018154312,0.7441860465116279
SIEMENS,Sep 2016,Group E,asset_turnover,0.9041381611880528,0.6883720930232559
SIEMENS,Sep 2017,Group E,asset_turnover,0.8422134267011722,0.6139534883720931
SIEMENS,Sep 2018,Group E,asset_turnover,0.8925083705357143,0.6790697674418604
SIEMENS,Sep 2019,Group E,asset_turnover,0.8519338455528064,0.6325581395348837
SIEMENS,Sep 2020,Group E,asset_turnover,0.6271122320302648,0.4325581395348837
SIEMENS,Sep 2021,Group E,asset_turnover,0.7326117124618373,0.5348837209302325
SIEMENS,Sep 2022,Group E,asset_turnover,0.8025262320354071,0.586046511627907
SIEMENS,Sep 2023,Group E,asset_turnover,0.9033539684006284,0.6837209302325581
SIEMENS,Sep 2024,Group E,asset_turnover,0.8790861298865568,0.6604651162790698
SUNPHARMA,Mar 2013,Group E,asset_turnover,0.5462531285272612,0.3395348837209302
SUNPHARMA,Mar 2014,Group E,asset_turnover,0.5526722804605603,0.34418604651162793
SUNPHARMA,Mar 2015,Group E,asset_turnover,0.5621985509923445,0.3581395348837209
SUNPHARMA,Mar 2016,Group E,asset_turnover,0.5139460200620625,0.28837209302325584
SUNPHARMA,Mar 2017,Group E,asset_turnover,0.5168671740731647,0.2930232558139535
SUNPHARMA,Mar 2018,Group E,asset_turnover,0.4119787859464672,0.20465116279069767
SUNPHARMA,Mar 2019,Group E,asset_turnover,0.4500077411363988,0.2372093023255814
SUNPHARMA,Mar 2020,Group E,asset_turnover,0.4815379652168812,0.2558139534883721
SUNPHARMA,Mar 2021,Group E,asset_turnover,0.4953713288574724,0.26976744186046514
SUNPHARMA,Mar 2022,Group E,asset_turnover,0.5539727126805778,0.3488372093023256
SUNPHARMA,Mar 2023,Group E,asset_turnover,0.5437357518089008,0.32558139534883723
SUNPHARMA,Mar 2024,Group E,asset_turnover,0.5684929901064378,0.3674418604651163
TATACONSUM,Mar 2013,Group E,asset_turnover,0.835910848305663,0.6093023255813953
TATACONSUM,Mar 2014,Group E,asset_turnover,0.7807486631016043,0.5720930232558139
TATACONSUM,Mar 2015,Group E,asset_turnover,0.8451046732924509,0.6186046511627907
TATACONSUM,Mar 2016,Group E,asset_turnover,0.6707427993936331,0.49767441860465117
TATACONSUM,Mar 2017,Group E,asset_turnover,0.7098733116951105,0.5255813953488372
TATACONSUM,Mar 2018,Group E,asset_turnover,0.6514673549373865,0.4790697674418605
TATACONSUM,Mar 2019,Group E,asset_turnover,0.6664828600312471,0.4930232558139535
TATACONSUM,Mar 2020,Group E,asset_turnover,0.5216802901531965,0.3023255813953488
TATACONSUM,Mar 2021,Group E,asset_turnover,0.5738450885349689,0.3813953488372093
TATACONSUM,Mar 2022,Group E,asset_turnover,0.5895610913404508,0.3953488372093023
TATACONSUM,Mar 2023,Group E,asset_turnover,0.6055267551181794,0.413953488372093
TATACONSUM,Mar 2024,Group E,asset_turnover,0.5454284586965099,0.3302325581395349
TATAMOTORS,Mar 2013,Group E,asset_turnover,1.1215647834610587,0.813953488372093
TATAMOTORS,Mar 2014,Group E,asset_turnover,1.0659628432512611,0.7953488372093023
TATAMOTORS,Mar 2015,Group E,asset_turnover,1.10890167077513,0.8046511627906977
TATAMOTORS,Mar 2016,Group E,asset_turnover,1.0374718827892273,0.7813953488372093
TATAMOTORS,Mar 2017,Group E,asset_turnover,0.9894086139848852,0.7395348837209302
TATAMOTORS,Mar 2018,Group E,asset_turnover,0.8910670187535148,0.6744186046511628
TATAMOTORS,Mar 2019,Group E,asset_turnover,0.9876841247877842,0.7302325581395349
TATAMOTORS,Mar 2020,Group E,asset_turnover,0.8153813960315949,0.5953488372093023
TATAMOTORS,Mar 2021,Group E,asset_turnover,0.7313142254881869,0.5302325581395348
TATAMOTORS,Mar 2022,Group E,asset_turnover,0.846207845961691,0.6232558139534884
TATAMOTORS,Mar 2023,Group E,asset_turnover,1.033743284509702,0.772093023255814
TATAMOTORS,Mar 2024,Group E,asset_turnover,1.1851234435931923,0.8511627906976744
TATAPOWER,Mar 2013,Group E,asset_turnover,0.4932869441099067,0.2651162790697674
TATAPOWER,Mar 2014,Group E,asset_turnover,0.5004833083507277,0.2744186046511628
TATAPOWER,Mar 2015,Group E,asset_turnover,0.4468045487796768,0.23255813953488372
TATAPOWER,Mar 2016,Group E,asset_turnover,0.4210000428222732,0.21395348837209302
TATAPOWER,Mar 2017,Group E,asset_turnover,0.3330717502324065,0.1813953488372093
TATAPOWER,Mar 2018,Group E,asset_turnover,0.3277487422458848,0.16744186046511628
TATAPOWER,Mar 2019,Group E,asset_turnover,0.3554173159040358,0.19069767441860466
TATAPOWER,Mar 2020,Group E,asset_turnover,0.3249102303900796,0.16279069767441862
TATAPOWER,Mar 2021,Group E,asset_turnover,0.3314885206020982,0.17674418604651163
TATAPOWER,Mar 2022,Group E,asset_turnover,0.3804175921812527,0.2
TATAPOWER,Mar 2023,Group E,asset_turnover,0.4302164001998501,0.22325581395348837
TATAPOWER,Mar 2024,Group E,asset_turnover,0.4419074604110633,0.22790697674418606
TATASTEEL,Mar 2013,Group E,asset_turnover,0.9171818404640648,0.7023255813953488
TATASTEEL,Mar 2014,Group E,asset_turnover,0.8660287638982774,0.6511627906976745
TATASTEEL,Mar 2015,Group E,asset_turnover,0.8767825830091321,0.6558139534883721
TATASTEEL,Mar 2016,Group E,asset_turnover,0.5764512335768074,0.386046511627907
TATASTEEL,Mar 2017,Group E,asset_turnover,0.6512087771895133,0.4744186046511628
TATASTEEL,Mar 2018,Group E,asset_turnover,0.5904935751861328,0.4
TATASTEEL,Mar 2019,Group E,asset_turnover,0.6773508955076405,0.5023255813953489
TATASTEEL,Mar 2020,Group E,asset_turnover,0.5611782507656061,0.35348837209302325
TATASTEEL,Mar 2021,Group E,asset_turnover,0.6407881627984208,0.4558139534883721
TATASTEEL,Mar 2022,Group E,asset_turnover,0.8638101847589778,0.6465116279069767
TATASTEEL,Mar 2023,Group E,asset_turnover,0.8526853915261602,0.6372093023255814
TATASTEEL,Mar 2024,Group E,asset_turnover,0.8509498277091255,0.627906976744186
TCS,Mar 2013,Group E,asset_turnover,1.2129130401294,0.8697674418604651
TCS,Mar 2014,Group E,asset_turnover,1.224154184560595,0.8744186046511628
TCS,Mar 2015,Group E,asset_turnover,1.2909244660247143,0.8976744186046511
TCS,Mar 2016,Group E,asset_turnover,1.23054444960415,0.8790697674418605
TCS,Mar 2017,Group E,asset_turnover,1.152765969921726,0.8232558139534883
TCS,Mar 2018,Group E,asset_turnover,1.1710138310218214,0.8325581395348837
TCS,Mar 2019,Group E,asset_turnover,1.2858798430215714,0.8930232558139535
TCS,Mar 2020,Group E,asset_turnover,1.3065255937466185,0.9023255813953488
TCS,Mar 2021,Group E,asset_turnover,1.2629777217059512,0.8883720930232558
TCS,Mar 2022,Group E,asset_turnover,1.3606908688371038,0.9162790697674419
TCS,Mar 2023,Group E,asset_turnover,1.5781854835887132,0.9348837209302325
TCS,Mar 2024,Group E,asset_turnover,1.6559406621205457,0.9441860465116279
TECHM,Mar 2013,Group E,asset_turnover,0.765026714158504,0.5581395348837209
TECHM,Mar 2014,Group E,asset_turnover,1.1795483061480552,0.8465116279069768
TECHM,Mar 2015,Group E,asset_turnover,1.1397118097541314,0.8186046511627907
TECHM,Mar 2016,Group E,asset_turnover,1.176204217536071,0.8372093023255814
TECHM,Mar 2017,Group E,asset_turnover,1.1183559120389914,0.8093023255813954
TECHM,Mar 2018,Group E,asset_turnover,1.0112385396470704,0.7581395348837209
TECHM,Mar 2019,Group E,asset_turnover,1.0387490282843987,0.7906976744186046
TECHM,Mar 2020,Group E,asset_turnover,0.987941475963342,0.7348837209302326
TECHM,Mar 2021,Group E,asset_turnover,0.9558860663602848,0.7162790697674418
TECHM,Mar 2022,Group E,asset_turnover,1.0051783141210375,0.7488372093023256
TECHM,Mar 2023,Group E,asset_turnover,1.162851594038449,0.827906976744186
TECHM,Mar 2024,Group E,asset_turnover,1.2050337203643189,0.8558139534883721
TITAN,Mar 2013,Group E,asset_turnover,1.720428280081577,0.958139534883721
TITAN,Mar 2014,Group E,asset_turnover,1.788087056128293,0.9720930232558139
TITAN,Mar 2015,Group E,asset_turnover,2.030163599182004,0.9767441860465116
TITAN,Mar 2016,Group E,asset_turnover,1.7779880163986124,0.9674418604651163
TITAN,Mar 2017,Group E,asset_turnover,1.5771883920076115,0.9302325581395349
TITAN,Mar 2018,Group E,asset_turnover,1.6930994643419808,0.9534883720930233
TITAN,Mar 2019,Group E,asset_turnover,1.689069171648164,0.9488372093023256
TITAN,Mar 2020,Group E,asset_turnover,1.554341405788541,0.9255813953488372
TITAN,Mar 2021,Group E,asset_turnover,1.316224762831428,0.9069767441860465
TITAN,Mar 2022,Group E,asset_turnover,1.3592127619407213,0.9116279069767442
TITAN,Mar 2023,Group E,asset_turnover,1.5016654330125834,0.9209302325581395
TITAN,Mar 2024,Group E,asset_turnover,1.619298190002219,0.9395348837209302
TORNTPHARM,Mar 2013,Group E,asset_turnover,0.8534505728750333,0.641860465116279
TORNTPHARM,Mar 2014,Group E,asset_turnover,0.8307447232178415,0.6046511627906976
TORNTPHARM,Mar 2015,Group E,asset_turnover,0.5928388746803069,0.4046511627906977
TORNTPHARM,Mar 2016,Group E,asset_turnover,0.7525320729237002,0.5534883720930233
TORNTPHARM,Mar 2017,Group E,asset_turnover,0.6057702322674722,0.4186046511627907
TORNTPHARM,Mar 2018,Group E,asset_turnover,0.4177490697184582,0.20930232558139536
TORNTPHARM,Mar 2019,Group E,asset_turnover,0.5436831290299724,0.3209302325581395
TORNTPHARM,Mar 2020,Group E,asset_turnover,0.5666666666666667,0.3627906976744186
TORNTPHARM,Mar 2021,Group E,asset_turnover,0.5687388987566607,0.37209302325581395
TORNTPHARM,Mar 2022,Group E,asset_turnover,0.6592282659228266,0.4883720930232558
TORNTPHARM,Mar 2023,Group E,asset_turnover,0.6584531143052703,0.48372093023255813
TORNTPHARM,Mar 2024,Group E,asset_turnover,0.7396070320579111,0.5441860465116279
TRENT,Mar 2013,Group E,asset_turnover,0.965142598460842,0.7209302325581395
TRENT,Mar 2014,Group E,asset_turnover,1.2050619834710743,0.8604651162790697
TRENT,Mar 2015,Group E,asset_turnover,1.0348889895786135,0.7767441860465116
TRENT,Mar 2016,Group E,asset_turnover,0.7816411682892906,0.5767441860465117
TRENT,Mar 2017,Group E,asset_turnover,0.8154815481548154,0.6
TRENT,Mar 2018,Group E,asset_turnover,0.9233732876712328,0.7069767441860465
TRENT,Mar 2019,Group E,asset_turnover,1.0277452129738178,0.7674418604651163
TRENT,Mar 2020,Group E,asset_turnover,0.633012529507899,0.4511627906976744
TRENT,Mar 2021,Group E,asset_turnover,0.453004891684137,0.24186046511627907
TRENT,Mar 2022,Group E,asset_turnover,0.582190007765985,0.39069767441860465
TRENT,Mar 2023,Group E,asset_turnover,1.01979707993071,0.7627906976744186
TRENT,Mar 2024,Group E,asset_turnover,1.727869310248534,0.9627906976744186
TVSMOTOR,Mar 2013,Group E,asset_turnover,2.2212363206152026,0.9906976744186047
TVSMOTOR,Mar 2014,Group E,asset_turnover,2.308370044052864,1.0
TVSMOTOR,Mar 2015,Group E,asset_turnover,2.2442013129102847,0.9953488372093023
TVSMOTOR,Mar 2016,Group E,asset_turnover,2.210843373493976,0.986046511627907
TVSMOTOR,Mar 2017,Group E,asset_turnover,2.033779373368146,0.9813953488372092
TVSMOTOR,Mar 2018,Group E,asset_turnover,1.238817285822593,0.8837209302325582
TVSMOTOR,Mar 2019,Group E,asset_turnover,1.2074748442740777,0.8651162790697674
TVSMOTOR,Mar 2020,Group E,asset_turnover,0.9780510585305106,0.7255813953488373
TVSMOTOR,Mar 2021,Group E,asset_turnover,0.8882231877429683,0.6697674418604651
TVSMOTOR,Mar 2022,Group E,asset_turnover,0.9047512909097664,0.6930232558139535
TVSMOTOR,Mar 2023,Group E,asset_turnover,0.9128907922912206,0.6976744186046512
TVSMOTOR,Mar 2024,Group E,asset_turnover,0.931491528650295,0.7116279069767442
ULTRACEMCO,Mar 2013,Group E,asset_turnover,0.6934622405516868,0.5162790697674419
ULTRACEMCO,Mar 2014,Group E,asset_turnover,0.6440888612707784,0.4604651162790698
ULTRACEMCO,Mar 2015,Group E,asset_turnover,0.6124615667621476,0.42790697674418604
ULTRACEMCO,Mar 2016,Group E,asset_turnover,0.6106134537421407,0.4232558139534884
ULTRACEMCO,Mar 2017,Group E,asset_turnover,0.6011751048354617,0.40930232558139534
ULTRACEMCO,Mar 2018,Group E,asset_turnover,0.542150119878896,0.31627906976744186
ULTRACEMCO,Mar 2019,Group E,asset_turnover,0.5418098660568441,0.3116279069767442
ULTRACEMCO,Mar 2020,Group E,asset_turnover,0.5356376398111445,0.30697674418604654
ULTRACEMCO,Mar 2021,Group E,asset_turnover,0.5190076123282584,0.29767441860465116
ULTRACEMCO,Mar 2022,Group E,asset_turnover,0.6275906503919533,0.4372093023255814
ULTRACEMCO,Mar 2023,Group E,asset_turnover,0.6920551543007223,0.5116279069767442
ULTRACEMCO,Mar 2024,Group E,asset_turnover,0.7034733176582636,0.5209302325581395
UNIONBANK,Mar 2013,Group E,asset_turnover,0.0804347548192463,0.046511627906976744
UNIONBANK,Mar 2014,Group E,asset_turnover,0.082796967998355,0.05116279069767442
UNIONBANK,Mar 2015,Group E,asset_turnover,0.083855190501765,0.05581395348837209
UNIONBANK,Mar 2016,Group E,asset_turnover,0.0793293483730806,0.04186046511627907
UNIONBANK,Mar 2017,Group E,asset_turnover,0.0720174859166829,0.037209302325581395
UNIONBANK,Mar 2018,Group E,asset_turnover,0.0670956181788565,0.018604651162790697
UNIONBANK,Mar 2019,Group E,asset_turnover,0.0688233205838168,0.027906976744186046
UNIONBANK,Mar 2020,Group E,asset_turnover,0.0674678538061489,0.023255813953488372
UNIONBANK,Mar 2021,Group E,asset_turnover,0.0640359135495303,0.013953488372093023
UNIONBANK,Mar 2022,Group E,asset_turnover,0.0571552548824476,0.004651162790697674
UNIONBANK,Mar 2023,Group E,asset_turnover,0.0629972903473183,0.009302325581395349
UNIONBANK,Mar 2024,Group E,asset_turnover,0.0715950687448466,0.03255813953488372
